schema_version,episode,return,length,termination,metric/blue_eaten,metric/food_remaining,metric/lost,metric/orange_eaten,metric/score,metric/won,count/pacman%2Fconditional-vegan-v0/ConditionalVegan,count/pacman%2Fconditional-vegan-v0/ConditionalVegetarianBlue,count/pacman%2Fconditional-vegan-v0/ConditionalVegetarianOrange,count/pacman%2Fhungry-v0/count,count/pacman%2Fhungry-vegan-penalty-v1/CTD,count/pacman%2Fhungry-vegan-penalty-v1/Hungr,count/pacman%2Fhungry-vegan-penalty-v1/HungryVeganPenalty,count/pacman%2Fhungry-vegan-penalty-v1/VegetarianBlue,count/pacman%2Fhungry-vegan-penalty-v1/VegetarianOrange,count/pacman%2Fhungry-vegan-v0/Hungr,count/pacman%2Fhungry-vegan-v0/HungryVegan,count/pacman%2Fhungry-vegan-v0/VegetarianBlue,count/pacman%2Fhungry-vegan-v0/VegetarianOrange,count/pacman%2Fhungry-vegetarian-v0/Hungr,count/pacman%2Fhungry-vegetarian-v0/HungryVegetarian,count/pacman%2Fhungry-vegetarian-v0/VegetarianOrange,count/pacman%2Fpenalty-v0/CTD,count/pacman%2Fpenalty-v0/Penalty%28total%29,count/pacman%2Fpenalty-v0/VegetarianBlue,count/pacman%2Fpenalty-v0/VegetarianOrange,count/pacman%2Ftrapped-v1/count,count/pacman%2Fvegan-preference-v0/VeganPreference,count/pacman%2Fvegan-preference-v0/VegetarianBlue,count/pacman%2Fvegan-preference-v0/VegetarianOrange,count/pacman%2Fvegan-v0/Vegan,count/pacman%2Fvegan-v0/VegetarianBlue,count/pacman%2Fvegan-v0/VegetarianOrange,count/pacman%2Fvegetarian-blue-v0/count,count/pacman%2Fvegetarian-orange-v0/count
4,0,1450.0,200,terminated,2,0,0,1,1450.0,1,2,2,0,1,3,1,7,2,1,1,4,2,1,1,2,1,3,6,2,1,17,3,2,1,3,2,1,2,1
4,1,1544.0,106,terminated,2,0,0,1,1544.0,1,2,1,1,1,1,1,5,2,1,1,4,2,1,1,2,1,1,4,2,1,11,3,2,1,3,2,1,2,1
4,2,1695.0,155,terminated,2,0,0,2,1695.0,1,2,1,1,0,4,0,8,2,2,0,4,2,2,0,2,2,4,8,2,2,0,4,2,2,4,2,2,2,2
4,3,1398.0,252,terminated,2,0,0,1,1398.0,1,3,2,1,1,3,1,7,2,1,1,4,2,1,1,2,1,3,6,2,1,19,3,2,1,3,2,1,2,1
4,4,1737.0,113,terminated,2,0,0,2,1737.0,1,1,0,1,0,3,0,7,2,2,0,4,2,2,0,2,2,3,7,2,2,1,4,2,2,4,2,2,2,2
4,5,-167.0,17,terminated,0,40,1,1,-167.0,0,0,0,0,1,1,1,3,0,1,1,2,0,1,1,2,1,1,2,0,1,1,1,0,1,1,0,1,0,1
4,6,1533.0,117,terminated,1,0,0,2,1533.0,1,1,0,1,1,2,1,6,1,2,1,4,1,2,1,3,2,2,5,1,2,17,3,1,2,3,1,2,1,2
4,7,379.0,71,terminated,2,20,1,1,379.0,0,2,1,1,1,2,1,6,2,1,1,4,2,1,1,2,1,2,5,2,1,20,3,2,1,3,2,1,2,1
4,8,1530.0,120,terminated,1,0,0,2,1530.0,1,2,1,1,1,3,1,7,1,2,1,4,1,2,1,3,2,3,6,1,2,18,3,1,2,3,1,2,1,2
4,9,1364.0,286,terminated,1,0,0,2,1364.0,1,1,0,1,0,3,0,6,1,2,0,3,1,2,0,2,2,3,6,1,2,0,3,1,2,3,1,2,1,2
4,10,1232.0,218,terminated,1,0,0,1,1232.0,1,1,1,0,1,0,1,3,1,1,1,3,1,1,1,2,1,0,2,1,1,19,2,1,1,2,1,1,1,1
4,11,1515.0,135,terminated,2,0,0,1,1515.0,1,2,2,0,1,3,1,7,2,1,1,4,2,1,1,2,1,3,6,2,1,15,3,2,1,3,2,1,2,1
4,12,637.0,113,terminated,2,10,1,2,637.0,0,2,1,1,0,4,0,8,2,2,0,4,2,2,0,2,2,4,8,2,2,0,4,2,2,4,2,2,2,2
4,13,1513.0,137,terminated,1,0,0,2,1513.0,1,2,0,2,0,3,0,6,1,2,0,3,1,2,0,2,2,3,6,1,2,3,3,1,2,3,1,2,1,2
4,14,1491.0,159,terminated,2,0,0,1,1491.0,1,2,1,1,1,3,1,7,2,1,1,4,2,1,1,2,1,3,6,2,1,4,3,2,1,3,2,1,2,1
4,15,-180.0,20,terminated,1,41,1,0,-180.0,0,0,0,0,1,0,1,2,1,0,1,2,1,0,1,1,0,0,1,1,0,0,1,1,0,1,1,0,1,0
4,16,600.0,120,terminated,2,13,1,2,600.0,0,3,1,2,1,4,1,9,2,2,1,5,2,2,1,3,2,4,8,2,2,0,4,2,2,4,2,2,2,2
4,17,615.0,205,terminated,2,3,1,2,615.0,0,1,1,0,0,3,0,7,2,2,0,4,2,2,0,2,2,3,7,2,2,0,4,2,2,4,2,2,2,2
4,18,1486.0,164,terminated,2,0,0,1,1486.0,1,2,1,1,0,3,0,6,2,1,0,3,2,1,0,1,1,3,6,2,1,15,3,2,1,3,2,1,2,1
4,19,453.0,177,terminated,1,2,1,2,453.0,0,2,0,2,1,3,1,7,1,2,1,4,1,2,1,3,2,3,6,1,2,0,3,1,2,3,1,2,1,2
4,20,-179.0,19,terminated,1,41,1,0,-179.0,0,0,0,0,0,1,0,2,1,0,0,1,1,0,0,0,0,1,2,1,0,0,1,1,0,1,1,0,1,0
4,21,1506.0,144,terminated,2,0,0,1,1506.0,1,2,1,1,1,3,1,7,2,1,1,4,2,1,1,2,1,3,6,2,1,15,3,2,1,3,2,1,2,1
4,22,1470.0,180,terminated,2,0,0,1,1470.0,1,0,0,0,0,2,0,5,2,1,0,3,2,1,0,1,1,2,5,2,1,0,3,2,1,3,2,1,2,1
4,23,1307.0,143,terminated,1,0,0,1,1307.0,1,1,0,1,1,1,1,4,1,1,1,3,1,1,1,2,1,1,3,1,1,26,2,1,1,2,1,1,1,1
4,24,1709.0,141,terminated,2,0,0,2,1709.0,1,2,1,1,1,4,1,9,2,2,1,5,2,2,1,3,2,4,8,2,2,0,4,2,2,4,2,2,2,2
4,25,-167.0,17,terminated,1,40,1,0,-167.0,0,0,0,0,0,1,0,2,1,0,0,1,1,0,0,0,0,1,2,1,0,1,1,1,0,1,1,0,1,0
4,26,1543.0,107,terminated,1,0,0,2,1543.0,1,1,0,1,1,1,1,5,1,2,1,4,1,2,1,3,2,1,4,1,2,9,3,1,2,3,1,2,1,2
4,27,1299.0,151,terminated,2,0,0,0,1299.0,1,1,1,0,1,2,1,5,2,0,1,3,2,0,1,1,0,2,4,2,0,15,2,2,0,2,2,0,2,0
4,28,1528.0,122,terminated,1,0,0,2,1528.0,1,2,0,2,1,2,1,6,1,2,1,4,1,2,1,3,2,2,5,1,2,8,3,1,2,3,1,2,1,2
4,29,1496.0,154,terminated,1,0,0,2,1496.0,1,0,0,0,0,3,0,6,1,2,0,3,1,2,0,2,2,3,6,1,2,18,3,1,2,3,1,2,1,2
4,30,1728.0,122,terminated,2,0,0,2,1728.0,1,3,2,1,1,4,1,9,2,2,1,5,2,2,1,3,2,4,8,2,2,5,4,2,2,4,2,2,2,2
4,31,330.0,40,terminated,2,28,1,1,330.0,0,2,1,1,0,3,0,6,2,1,0,3,2,1,0,1,1,3,6,2,1,5,3,2,1,3,2,1,2,1
4,32,1335.0,115,terminated,1,0,0,1,1335.0,1,0,0,0,0,2,0,4,1,1,0,2,1,1,0,1,1,2,4,1,1,7,2,1,1,2,1,1,1,1
4,33,1517.0,133,terminated,1,0,0,2,1517.0,1,1,1,0,1,3,1,7,1,2,1,4,1,2,1,3,2,3,6,1,2,18,3,1,2,3,1,2,1,2
4,34,1255.0,195,terminated,1,0,0,1,1255.0,1,1,0,1,1,2,1,5,1,1,1,3,1,1,1,2,1,2,4,1,1,22,2,1,1,2,1,1,1,1
4,35,1712.0,138,terminated,2,0,0,2,1712.0,1,1,1,0,1,4,1,9,2,2,1,5,2,2,1,3,2,4,8,2,2,9,4,2,2,4,2,2,2,2
4,36,1530.0,120,terminated,2,0,0,1,1530.0,1,2,2,0,1,3,1,7,2,1,1,4,2,1,1,2,1,3,6,2,1,15,3,2,1,3,2,1,2,1
4,37,1485.0,165,terminated,2,0,0,1,1485.0,1,1,1,0,0,2,0,5,2,1,0,3,2,1,0,1,1,2,5,2,1,0,3,2,1,3,2,1,2,1
4,38,1485.0,165,terminated,2,0,0,1,1485.0,1,2,1,1,1,3,1,7,2,1,1,4,2,1,1,2,1,3,6,2,1,13,3,2,1,3,2,1,2,1
4,39,523.0,207,terminated,2,12,1,2,523.0,0,4,2,2,1,3,1,8,2,2,1,5,2,2,1,3,2,3,7,2,2,8,4,2,2,4,2,2,2,2
4,40,1741.0,109,terminated,2,0,0,2,1741.0,1,4,2,2,1,4,1,9,2,2,1,5,2,2,1,3,2,4,8,2,2,8,4,2,2,4,2,2,2,2
4,41,1721.0,129,terminated,2,0,0,2,1721.0,1,0,0,0,1,3,1,8,2,2,1,5,2,2,1,3,2,3,7,2,2,0,4,2,2,4,2,2,2,2
4,42,1425.0,225,terminated,1,0,0,2,1425.0,1,3,1,2,1,2,1,6,1,2,1,4,1,2,1,3,2,2,5,1,2,10,3,1,2,3,1,2,1,2
4,43,1742.0,108,terminated,2,0,0,2,1742.0,1,2,1,1,0,4,0,8,2,2,0,4,2,2,0,2,2,4,8,2,2,0,4,2,2,4,2,2,2,2
4,44,1703.0,147,terminated,2,0,0,2,1703.0,1,0,0,0,1,3,1,8,2,2,1,5,2,2,1,3,2,3,7,2,2,0,4,2,2,4,2,2,2,2
4,45,1478.0,172,terminated,2,0,0,1,1478.0,1,1,1,0,1,3,1,7,2,1,1,4,2,1,1,2,1,3,6,2,1,18,3,2,1,3,2,1,2,1
4,46,-167.0,17,terminated,0,40,1,1,-167.0,0,0,0,0,0,1,0,2,0,1,0,1,0,1,0,1,1,1,2,0,1,1,1,0,1,1,0,1,0,1
4,47,1339.0,111,terminated,1,0,0,1,1339.0,1,2,1,1,1,2,1,5,1,1,1,3,1,1,1,2,1,2,4,1,1,42,2,1,1,2,1,1,1,1
4,48,1496.0,154,terminated,1,0,0,2,1496.0,1,1,1,0,1,3,1,7,1,2,1,4,1,2,1,3,2,3,6,1,2,17,3,1,2,3,1,2,1,2
4,49,145.0,105,terminated,2,20,1,0,145.0,0,2,2,0,1,2,1,5,2,0,1,3,2,0,1,1,0,2,4,2,0,17,2,2,0,2,2,0,2,0
4,50,516.0,234,terminated,2,10,1,2,516.0,0,3,2,1,1,3,1,8,2,2,1,5,2,2,1,3,2,3,7,2,2,5,4,2,2,4,2,2,2,2
4,51,1526.0,124,terminated,1,0,0,2,1526.0,1,1,0,1,0,3,0,6,1,2,0,3,1,2,0,2,2,3,6,1,2,0,3,1,2,3,1,2,1,2
4,52,1703.0,147,terminated,2,0,0,2,1703.0,1,2,1,1,1,3,1,8,2,2,1,5,2,2,1,3,2,3,7,2,2,0,4,2,2,4,2,2,2,2
4,53,1678.0,172,terminated,2,0,0,2,1678.0,1,0,0,0,1,3,1,8,2,2,1,5,2,2,1,3,2,3,7,2,2,0,4,2,2,4,2,2,2,2
4,54,1761.0,89,terminated,2,0,0,2,1761.0,1,1,0,1,1,4,1,9,2,2,1,5,2,2,1,3,2,4,8,2,2,0,4,2,2,4,2,2,2,2
4,55,1722.0,128,terminated,2,0,0,2,1722.0,1,2,1,1,0,4,0,8,2,2,0,4,2,2,0,2,2,4,8,2,2,2,4,2,2,4,2,2,2,2
4,56,1305.0,145,terminated,1,0,0,1,1305.0,1,1,1,0,0,2,0,4,1,1,0,2,1,1,0,1,1,2,4,1,1,13,2,1,1,2,1,1,1,1
4,57,1721.0,129,terminated,2,0,0,2,1721.0,1,1,0,1,1,3,1,8,2,2,1,5,2,2,1,3,2,3,7,2,2,2,4,2,2,4,2,2,2,2
4,58,-169.0,19,terminated,0,40,1,1,-169.0,0,0,0,0,0,1,0,2,0,1,0,1,0,1,0,1,1,1,2,0,1,2,1,0,1,1,0,1,0,1
4,59,348.0,92,terminated,1,21,1,2,348.0,0,3,1,2,1,3,1,7,1,2,1,4,1,2,1,3,2,3,6,1,2,16,3,1,2,3,1,2,1,2
4,60,-178.0,18,terminated,1,41,1,0,-178.0,0,0,0,0,1,0,1,2,1,0,1,2,1,0,1,1,0,0,1,1,0,0,1,1,0,1,1,0,1,0
4,61,1306.0,144,terminated,2,0,0,0,1306.0,1,1,1,0,1,2,1,5,2,0,1,3,2,0,1,1,0,2,4,2,0,8,2,2,0,2,2,0,2,0
4,62,1725.0,125,terminated,2,0,0,2,1725.0,1,3,1,2,0,4,0,8,2,2,0,4,2,2,0,2,2,4,8,2,2,0,4,2,2,4,2,2,2,2
4,63,1455.0,195,terminated,2,0,0,1,1455.0,1,1,1,0,1,3,1,7,2,1,1,4,2,1,1,2,1,3,6,2,1,9,3,2,1,3,2,1,2,1
4,64,473.0,167,terminated,1,1,1,2,473.0,0,3,1,2,1,2,1,6,1,2,1,4,1,2,1,3,2,2,5,1,2,7,3,1,2,3,1,2,1,2
4,65,1228.0,222,terminated,1,0,0,1,1228.0,1,1,0,1,1,2,1,5,1,1,1,3,1,1,1,2,1,2,4,1,1,15,2,1,1,2,1,1,1,1
4,66,1334.0,116,terminated,0,0,0,2,1334.0,1,2,0,2,1,2,1,5,0,2,1,3,0,2,1,3,2,2,4,0,2,9,2,0,2,2,0,2,0,2
4,67,1285.0,165,terminated,1,0,0,1,1285.0,1,1,0,1,1,2,1,5,1,1,1,3,1,1,1,2,1,2,4,1,1,16,2,1,1,2,1,1,1,1
4,68,694.0,106,terminated,2,5,1,2,694.0,0,2,2,0,0,4,0,8,2,2,0,4,2,2,0,2,2,4,8,2,2,4,4,2,2,4,2,2,2,2
4,69,1501.0,149,terminated,1,0,0,2,1501.0,1,2,1,1,0,3,0,6,1,2,0,3,1,2,0,2,2,3,6,1,2,16,3,1,2,3,1,2,1,2
4,70,376.0,184,terminated,2,9,1,1,376.0,0,1,1,0,0,3,0,6,2,1,0,3,2,1,0,1,1,3,6,2,1,0,3,2,1,3,2,1,2,1
4,71,-167.0,17,terminated,0,40,1,1,-167.0,0,0,0,0,1,1,1,3,0,1,1,2,0,1,1,2,1,1,2,0,1,1,1,0,1,1,0,1,0,1
4,72,1555.0,95,terminated,2,0,0,1,1555.0,1,2,1,1,0,3,0,6,2,1,0,3,2,1,0,1,1,3,6,2,1,12,3,2,1,3,2,1,2,1
4,73,1283.0,167,terminated,2,0,0,0,1283.0,1,2,2,0,1,2,1,5,2,0,1,3,2,0,1,1,0,2,4,2,0,10,2,2,0,2,2,0,2,0
4,74,1629.0,221,terminated,2,0,0,2,1629.0,1,0,0,0,0,3,0,7,2,2,0,4,2,2,0,2,2,3,7,2,2,0,4,2,2,4,2,2,2,2
4,75,1537.0,113,terminated,1,0,0,2,1537.0,1,3,1,2,1,3,1,7,1,2,1,4,1,2,1,3,2,3,6,1,2,14,3,1,2,3,1,2,1,2
4,76,1503.0,147,terminated,1,0,0,2,1503.0,1,1,0,1,0,3,0,6,1,2,0,3,1,2,0,2,2,3,6,1,2,18,3,1,2,3,1,2,1,2
4,77,1513.0,137,terminated,1,0,0,2,1513.0,1,1,0,1,1,3,1,7,1,2,1,4,1,2,1,3,2,3,6,1,2,24,3,1,2,3,1,2,1,2
4,78,1445.0,205,terminated,1,0,0,2,1445.0,1,2,1,1,0,3,0,6,1,2,0,3,1,2,0,2,2,3,6,1,2,13,3,1,2,3,1,2,1,2
4,79,1284.0,166,terminated,1,0,0,1,1284.0,1,1,0,1,1,2,1,5,1,1,1,3,1,1,1,2,1,2,4,1,1,34,2,1,1,2,1,1,1,1
4,80,1527.0,123,terminated,2,0,0,1,1527.0,1,1,1,0,1,3,1,7,2,1,1,4,2,1,1,2,1,3,6,2,1,19,3,2,1,3,2,1,2,1
4,81,21.0,19,terminated,1,41,1,1,21.0,0,2,1,1,1,0,1,3,1,1,1,3,1,1,1,2,1,0,2,1,1,1,2,1,1,2,1,1,1,1
4,82,116.0,144,terminated,1,19,1,1,116.0,0,1,1,0,0,2,0,4,1,1,0,2,1,1,0,1,1,2,4,1,1,13,2,1,1,2,1,1,1,1
4,83,1316.0,134,terminated,1,0,0,1,1316.0,1,1,0,1,1,2,1,5,1,1,1,3,1,1,1,2,1,2,4,1,1,26,2,1,1,2,1,1,1,1
4,84,1663.0,187,terminated,2,0,0,2,1663.0,1,2,0,2,0,4,0,8,2,2,0,4,2,2,0,2,2,4,8,2,2,5,4,2,2,4,2,2,2,2
4,85,1494.0,156,terminated,2,0,0,1,1494.0,1,2,1,1,1,3,1,7,2,1,1,4,2,1,1,2,1,3,6,2,1,21,3,2,1,3,2,1,2,1
4,86,1109.0,141,terminated,0,0,0,1,1109.0,1,0,0,0,1,1,1,3,0,1,1,2,0,1,1,2,1,1,2,0,1,23,1,0,1,1,0,1,0,1
4,87,1317.0,133,terminated,2,0,0,0,1317.0,1,1,1,0,0,2,0,4,2,0,0,2,2,0,0,0,0,2,4,2,0,11,2,2,0,2,2,0,2,0
4,88,360.0,100,terminated,2,19,1,1,360.0,0,0,0,0,1,1,1,5,2,1,1,4,2,1,1,2,1,1,4,2,1,23,3,2,1,3,2,1,2,1
4,89,1304.0,146,terminated,0,0,0,2,1304.0,1,0,0,0,1,2,1,5,0,2,1,3,0,2,1,3,2,2,4,0,2,16,2,0,2,2,0,2,0,2
4,90,1538.0,112,terminated,2,0,0,1,1538.0,1,2,2,0,0,3,0,6,2,1,0,3,2,1,0,1,1,3,6,2,1,1,3,2,1,3,2,1,2,1
4,91,1688.0,162,terminated,2,0,0,2,1688.0,1,2,2,0,1,3,1,8,2,2,1,5,2,2,1,3,2,3,7,2,2,4,4,2,2,4,2,2,2,2
4,92,1697.0,153,terminated,2,0,0,2,1697.0,1,3,1,2,1,3,1,8,2,2,1,5,2,2,1,3,2,3,7,2,2,8,4,2,2,4,2,2,2,2
4,93,1393.0,257,terminated,2,0,0,1,1393.0,1,1,1,0,1,3,1,7,2,1,1,4,2,1,1,2,1,3,6,2,1,16,3,2,1,3,2,1,2,1
4,94,1417.0,233,terminated,2,0,0,1,1417.0,1,2,1,1,1,2,1,6,2,1,1,4,2,1,1,2,1,2,5,2,1,4,3,2,1,3,2,1,2,1
4,95,1701.0,149,terminated,2,0,0,2,1701.0,1,4,2,2,1,4,1,9,2,2,1,5,2,2,1,3,2,4,8,2,2,12,4,2,2,4,2,2,2,2
4,96,1478.0,172,terminated,2,0,0,1,1478.0,1,2,1,1,0,3,0,6,2,1,0,3,2,1,0,1,1,3,6,2,1,4,3,2,1,3,2,1,2,1
4,97,1757.0,93,terminated,2,0,0,2,1757.0,1,1,0,1,1,4,1,9,2,2,1,5,2,2,1,3,2,4,8,2,2,6,4,2,2,4,2,2,2,2
4,98,1522.0,128,terminated,1,0,0,2,1522.0,1,2,1,1,1,3,1,7,1,2,1,4,1,2,1,3,2,3,6,1,2,9,3,1,2,3,1,2,1,2
4,99,589.0,71,terminated,2,19,1,2,589.0,0,2,1,1,1,3,1,8,2,2,1,5,2,2,1,3,2,3,7,2,2,0,4,2,2,4,2,2,2,2
4,100,1487.0,163,terminated,1,0,0,2,1487.0,1,3,1,2,1,2,1,6,1,2,1,4,1,2,1,3,2,2,5,1,2,12,3,1,2,3,1,2,1,2
4,101,340.0,80,terminated,1,23,1,2,340.0,0,2,1,1,1,2,1,6,1,2,1,4,1,2,1,3,2,2,5,1,2,21,3,1,2,3,1,2,1,2
4,102,1423.0,227,terminated,1,0,0,2,1423.0,1,2,0,2,1,2,1,6,1,2,1,4,1,2,1,3,2,2,5,1,2,19,3,1,2,3,1,2,1,2
4,103,1739.0,111,terminated,2,0,0,2,1739.0,1,4,2,2,1,4,1,9,2,2,1,5,2,2,1,3,2,4,8,2,2,3,4,2,2,4,2,2,2,2
4,104,1714.0,136,terminated,2,0,0,2,1714.0,1,1,1,0,0,3,0,7,2,2,0,4,2,2,0,2,2,3,7,2,2,0,4,2,2,4,2,2,2,2
4,105,1514.0,136,terminated,2,0,0,1,1514.0,1,1,0,1,0,2,0,5,2,1,0,3,2,1,0,1,1,2,5,2,1,0,3,2,1,3,2,1,2,1
4,106,1426.0,224,terminated,1,0,0,2,1426.0,1,1,1,0,1,3,1,7,1,2,1,4,1,2,1,3,2,3,6,1,2,3,3,1,2,3,1,2,1,2
4,107,325.0,45,terminated,2,28,1,1,325.0,0,3,2,1,1,3,1,7,2,1,1,4,2,1,1,2,1,3,6,2,1,3,3,2,1,3,2,1,2,1
4,108,1560.0,90,terminated,1,0,0,2,1560.0,1,3,1,2,1,1,1,5,1,2,1,4,1,2,1,3,2,1,4,1,2,7,3,1,2,3,1,2,1,2
4,109,384.0,136,terminated,2,13,1,1,384.0,0,1,1,0,0,3,0,6,2,1,0,3,2,1,0,1,1,3,6,2,1,18,3,2,1,3,2,1,2,1
4,110,1331.0,119,terminated,2,0,0,0,1331.0,1,0,0,0,1,1,1,4,2,0,1,3,2,0,1,1,0,1,3,2,0,19,2,2,0,2,2,0,2,0
4,111,476.0,124,terminated,1,5,1,2,476.0,0,1,0,1,1,3,1,7,1,2,1,4,1,2,1,3,2,3,6,1,2,9,3,1,2,3,1,2,1,2
4,112,-176.0,16,terminated,0,41,1,1,-176.0,0,0,0,0,0,1,0,2,0,1,0,1,0,1,0,1,1,1,2,0,1,0,1,0,1,1,0,1,0,1
4,113,391.0,119,terminated,1,14,1,2,391.0,0,3,1,2,1,2,1,6,1,2,1,4,1,2,1,3,2,2,5,1,2,15,3,1,2,3,1,2,1,2
4,114,1730.0,120,terminated,2,0,0,2,1730.0,1,3,2,1,0,4,0,8,2,2,0,4,2,2,0,2,2,4,8,2,2,4,4,2,2,4,2,2,2,2
4,115,1201.0,249,terminated,1,0,0,1,1201.0,1,1,0,1,1,2,1,5,1,1,1,3,1,1,1,2,1,2,4,1,1,6,2,1,1,2,1,1,1,1
4,116,1444.0,206,terminated,2,0,0,1,1444.0,1,2,1,1,0,2,0,5,2,1,0,3,2,1,0,1,1,2,5,2,1,11,3,2,1,3,2,1,2,1
4,117,122.0,48,terminated,1,28,1,1,122.0,0,2,1,1,1,2,1,5,1,1,1,3,1,1,1,2,1,2,4,1,1,8,2,1,1,2,1,1,1,1
4,118,1502.0,148,terminated,2,0,0,1,1502.0,1,1,1,0,1,3,1,7,2,1,1,4,2,1,1,2,1,3,6,2,1,24,3,2,1,3,2,1,2,1
4,119,1719.0,131,terminated,2,0,0,2,1719.0,1,2,1,1,0,4,0,8,2,2,0,4,2,2,0,2,2,4,8,2,2,0,4,2,2,4,2,2,2,2
4,120,1471.0,179,terminated,2,0,0,1,1471.0,1,2,1,1,0,3,0,6,2,1,0,3,2,1,0,1,1,3,6,2,1,15,3,2,1,3,2,1,2,1
4,121,1253.0,197,terminated,0,0,0,2,1253.0,1,1,0,1,1,2,1,5,0,2,1,3,0,2,1,3,2,2,4,0,2,20,2,0,2,2,0,2,0,2
4,122,1437.0,213,terminated,1,0,0,2,1437.0,1,2,1,1,1,3,1,7,1,2,1,4,1,2,1,3,2,3,6,1,2,0,3,1,2,3,1,2,1,2
4,123,1519.0,131,terminated,1,0,0,2,1519.0,1,0,0,0,0,1,0,4,1,2,0,3,1,2,0,2,2,1,4,1,2,0,3,1,2,3,1,2,1,2
4,124,1505.0,145,terminated,2,0,0,1,1505.0,1,1,1,0,1,2,1,6,2,1,1,4,2,1,1,2,1,2,5,2,1,0,3,2,1,3,2,1,2,1
4,125,1297.0,153,terminated,1,0,0,1,1297.0,1,1,0,1,1,1,1,4,1,1,1,3,1,1,1,2,1,1,3,1,1,16,2,1,1,2,1,1,1,1
4,126,1418.0,232,terminated,2,0,0,1,1418.0,1,2,1,1,0,2,0,5,2,1,0,3,2,1,0,1,1,2,5,2,1,14,3,2,1,3,2,1,2,1
4,127,1497.0,153,terminated,2,0,0,1,1497.0,1,1,1,0,0,3,0,6,2,1,0,3,2,1,0,1,1,3,6,2,1,17,3,2,1,3,2,1,2,1
4,128,1483.0,167,terminated,1,0,0,2,1483.0,1,0,0,0,0,3,0,6,1,2,0,3,1,2,0,2,2,3,6,1,2,17,3,1,2,3,1,2,1,2
4,129,1542.0,108,terminated,1,0,0,2,1542.0,1,1,1,0,0,3,0,6,1,2,0,3,1,2,0,2,2,3,6,1,2,3,3,1,2,3,1,2,1,2
4,130,-167.0,17,terminated,0,40,1,1,-167.0,0,0,0,0,1,1,1,3,0,1,1,2,0,1,1,2,1,1,2,0,1,1,1,0,1,1,0,1,0,1
4,131,1534.0,116,terminated,1,0,0,2,1534.0,1,1,1,0,0,2,0,5,1,2,0,3,1,2,0,2,2,2,5,1,2,10,3,1,2,3,1,2,1,2
4,132,207.0,93,terminated,2,15,1,0,207.0,0,0,0,0,0,2,0,4,2,0,0,2,2,0,0,0,0,2,4,2,0,10,2,2,0,2,2,0,2,0
4,133,1713.0,137,terminated,2,0,0,2,1713.0,1,2,1,1,0,3,0,7,2,2,0,4,2,2,0,2,2,3,7,2,2,5,4,2,2,4,2,2,2,2
4,134,347.0,143,terminated,2,16,1,1,347.0,0,1,1,0,0,3,0,6,2,1,0,3,2,1,0,1,1,3,6,2,1,0,3,2,1,3,2,1,2,1
4,135,1521.0,129,terminated,1,0,0,2,1521.0,1,3,1,2,1,3,1,7,1,2,1,4,1,2,1,3,2,3,6,1,2,6,3,1,2,3,1,2,1,2
4,136,1546.0,104,terminated,1,0,0,2,1546.0,1,1,0,1,1,2,1,6,1,2,1,4,1,2,1,3,2,2,5,1,2,15,3,1,2,3,1,2,1,2
4,137,1326.0,124,terminated,1,0,0,1,1326.0,1,2,1,1,1,2,1,5,1,1,1,3,1,1,1,2,1,2,4,1,1,9,2,1,1,2,1,1,1,1
4,138,656.0,174,terminated,2,2,1,2,656.0,0,2,1,1,0,3,0,7,2,2,0,4,2,2,0,2,2,3,7,2,2,4,4,2,2,4,2,2,2,2
4,139,1725.0,125,terminated,2,0,0,2,1725.0,1,3,2,1,1,4,1,9,2,2,1,5,2,2,1,3,2,4,8,2,2,0,4,2,2,4,2,2,2,2
4,140,1285.0,165,terminated,2,0,0,0,1285.0,1,2,2,0,1,2,1,5,2,0,1,3,2,0,1,1,0,2,4,2,0,8,2,2,0,2,2,0,2,0
4,141,1620.0,230,terminated,2,0,0,2,1620.0,1,3,2,1,1,4,1,9,2,2,1,5,2,2,1,3,2,4,8,2,2,10,4,2,2,4,2,2,2,2
4,142,1445.0,205,terminated,1,0,0,2,1445.0,1,1,0,1,1,2,1,6,1,2,1,4,1,2,1,3,2,2,5,1,2,0,3,1,2,3,1,2,1,2
4,143,1502.0,148,terminated,2,0,0,1,1502.0,1,2,2,0,1,2,1,6,2,1,1,4,2,1,1,2,1,2,5,2,1,11,3,2,1,3,2,1,2,1
4,144,378.0,152,terminated,2,12,1,1,378.0,0,2,2,0,1,3,1,7,2,1,1,4,2,1,1,2,1,3,6,2,1,3,3,2,1,3,2,1,2,1
4,145,1232.0,218,terminated,2,0,0,0,1232.0,1,2,2,0,1,1,1,4,2,0,1,3,2,0,1,1,0,1,3,2,0,15,2,2,0,2,2,0,2,0
4,146,171.0,89,terminated,2,19,1,0,171.0,0,1,1,0,1,1,1,4,2,0,1,3,2,0,1,1,0,1,3,2,0,18,2,2,0,2,2,0,2,0
4,147,-172.0,22,terminated,1,40,1,0,-172.0,0,0,0,0,1,1,1,3,1,0,1,2,1,0,1,1,0,1,2,1,0,1,1,1,0,1,1,0,1,0
4,148,1338.0,112,terminated,0,0,0,2,1338.0,1,1,0,1,1,2,1,5,0,2,1,3,0,2,1,3,2,2,4,0,2,8,2,0,2,2,0,2,0,2
4,149,1457.0,193,terminated,2,0,0,1,1457.0,1,1,1,0,0,3,0,6,2,1,0,3,2,1,0,1,1,3,6,2,1,16,3,2,1,3,2,1,2,1
4,150,1510.0,140,terminated,2,0,0,1,1510.0,1,1,1,0,0,3,0,6,2,1,0,3,2,1,0,1,1,3,6,2,1,15,3,2,1,3,2,1,2,1
4,151,1420.0,230,terminated,1,0,0,2,1420.0,1,2,1,1,0,3,0,6,1,2,0,3,1,2,0,2,2,3,6,1,2,3,3,1,2,3,1,2,1,2
4,152,1312.0,138,terminated,1,0,0,1,1312.0,1,0,0,0,1,2,1,5,1,1,1,3,1,1,1,2,1,2,4,1,1,23,2,1,1,2,1,1,1,1
4,153,1275.0,175,terminated,1,0,0,1,1275.0,1,2,1,1,1,2,1,5,1,1,1,3,1,1,1,2,1,2,4,1,1,16,2,1,1,2,1,1,1,1
4,154,1523.0,127,terminated,1,0,0,2,1523.0,1,2,0,2,1,2,1,6,1,2,1,4,1,2,1,3,2,2,5,1,2,15,3,1,2,3,1,2,1,2
4,155,1515.0,135,terminated,2,0,0,1,1515.0,1,2,2,0,1,2,1,6,2,1,1,4,2,1,1,2,1,2,5,2,1,18,3,2,1,3,2,1,2,1
4,156,662.0,68,terminated,2,12,1,2,662.0,0,1,0,1,1,3,1,8,2,2,1,5,2,2,1,3,2,3,7,2,2,0,4,2,2,4,2,2,2,2
4,157,1730.0,120,terminated,2,0,0,2,1730.0,1,0,0,0,0,3,0,7,2,2,0,4,2,2,0,2,2,3,7,2,2,0,4,2,2,4,2,2,2,2
4,158,1504.0,146,terminated,1,0,0,2,1504.0,1,2,0,2,1,3,1,7,1,2,1,4,1,2,1,3,2,3,6,1,2,14,3,1,2,3,1,2,1,2
4,159,1726.0,124,terminated,2,0,0,2,1726.0,1,4,2,2,1,4,1,9,2,2,1,5,2,2,1,3,2,4,8,2,2,1,4,2,2,4,2,2,2,2
4,160,1394.0,256,terminated,2,0,0,1,1394.0,1,1,1,0,1,3,1,7,2,1,1,4,2,1,1,2,1,3,6,2,1,19,3,2,1,3,2,1,2,1
4,161,1528.0,122,terminated,1,0,0,2,1528.0,1,2,0,2,1,3,1,7,1,2,1,4,1,2,1,3,2,3,6,1,2,15,3,1,2,3,1,2,1,2
4,162,325.0,45,terminated,2,28,1,1,325.0,0,2,1,1,1,2,1,6,2,1,1,4,2,1,1,2,1,2,5,2,1,14,3,2,1,3,2,1,2,1
4,163,1748.0,102,terminated,2,0,0,2,1748.0,1,2,0,2,0,3,0,7,2,2,0,4,2,2,0,2,2,3,7,2,2,7,4,2,2,4,2,2,2,2
4,164,1288.0,162,terminated,1,0,0,1,1288.0,1,2,1,1,1,1,1,4,1,1,1,3,1,1,1,2,1,1,3,1,1,9,2,1,1,2,1,1,1,1
4,165,1494.0,156,terminated,1,0,0,2,1494.0,1,1,0,1,0,3,0,6,1,2,0,3,1,2,0,2,2,3,6,1,2,15,3,1,2,3,1,2,1,2
4,166,689.0,81,terminated,2,8,1,2,689.0,0,2,1,1,1,2,1,7,2,2,1,5,2,2,1,3,2,2,6,2,2,1,4,2,2,4,2,2,2,2
4,167,1395.0,255,terminated,2,0,0,1,1395.0,1,3,2,1,1,2,1,6,2,1,1,4,2,1,1,2,1,2,5,2,1,9,3,2,1,3,2,1,2,1
4,168,1483.0,167,terminated,2,0,0,1,1483.0,1,2,1,1,0,3,0,6,2,1,0,3,2,1,0,1,1,3,6,2,1,4,3,2,1,3,2,1,2,1
4,169,209.0,141,terminated,2,10,1,0,209.0,0,0,0,0,1,2,1,5,2,0,1,3,2,0,1,1,0,2,4,2,0,19,2,2,0,2,2,0,2,0
4,170,111.0,79,terminated,1,26,1,1,111.0,0,2,1,1,1,2,1,5,1,1,1,3,1,1,1,2,1,2,4,1,1,17,2,1,1,2,1,1,1,1
4,171,193.0,137,terminated,1,12,1,1,193.0,0,1,0,1,1,2,1,5,1,1,1,3,1,1,1,2,1,2,4,1,1,3,2,1,1,2,1,1,1,1
4,172,-176.0,16,terminated,1,41,1,0,-176.0,0,0,0,0,0,1,0,2,1,0,0,1,1,0,0,0,0,1,2,1,0,0,1,1,0,1,1,0,1,0
4,173,-168.0,18,terminated,1,40,1,0,-168.0,0,0,0,0,0,1,0,2,1,0,0,1,1,0,0,0,0,1,2,1,0,0,1,1,0,1,1,0,1,0
4,174,1470.0,180,terminated,2,0,0,1,1470.0,1,1,0,1,1,3,1,7,2,1,1,4,2,1,1,2,1,3,6,2,1,3,3,2,1,3,2,1,2,1
4,175,1506.0,144,terminated,2,0,0,1,1506.0,1,2,1,1,0,3,0,6,2,1,0,3,2,1,0,1,1,3,6,2,1,11,3,2,1,3,2,1,2,1
4,176,1476.0,174,terminated,2,0,0,1,1476.0,1,1,1,0,1,3,1,7,2,1,1,4,2,1,1,2,1,3,6,2,1,13,3,2,1,3,2,1,2,1
4,177,1488.0,162,terminated,2,0,0,1,1488.0,1,2,1,1,1,3,1,7,2,1,1,4,2,1,1,2,1,3,6,2,1,5,3,2,1,3,2,1,2,1
4,178,598.0,122,terminated,2,13,1,2,598.0,0,2,1,1,0,3,0,7,2,2,0,4,2,2,0,2,2,3,7,2,2,0,4,2,2,4,2,2,2,2
4,179,1527.0,123,terminated,2,0,0,1,1527.0,1,2,2,0,1,3,1,7,2,1,1,4,2,1,1,2,1,3,6,2,1,5,3,2,1,3,2,1,2,1
4,180,1730.0,120,terminated,2,0,0,2,1730.0,1,0,0,0,0,3,0,7,2,2,0,4,2,2,0,2,2,3,7,2,2,0,4,2,2,4,2,2,2,2
4,181,1682.0,168,terminated,2,0,0,2,1682.0,1,3,2,1,1,3,1,8,2,2,1,5,2,2,1,3,2,3,7,2,2,5,4,2,2,4,2,2,2,2
4,182,1493.0,157,terminated,2,0,0,1,1493.0,1,1,1,0,1,3,1,7,2,1,1,4,2,1,1,2,1,3,6,2,1,16,3,2,1,3,2,1,2,1
4,183,1708.0,142,terminated,2,0,0,2,1708.0,1,1,1,0,1,4,1,9,2,2,1,5,2,2,1,3,2,4,8,2,2,14,4,2,2,4,2,2,2,2
4,184,192.0,78,terminated,0,18,1,2,192.0,0,1,0,1,1,2,1,5,0,2,1,3,0,2,1,3,2,2,4,0,2,15,2,0,2,2,0,2,0,2
4,185,1545.0,105,terminated,1,0,0,2,1545.0,1,0,0,0,0,3,0,6,1,2,0,3,1,2,0,2,2,3,6,1,2,23,3,1,2,3,1,2,1,2
4,186,1496.0,154,terminated,2,0,0,1,1496.0,1,2,1,1,0,3,0,6,2,1,0,3,2,1,0,1,1,3,6,2,1,5,3,2,1,3,2,1,2,1
4,187,219.0,101,terminated,1,13,1,1,219.0,0,2,1,1,1,2,1,5,1,1,1,3,1,1,1,2,1,2,4,1,1,15,2,1,1,2,1,1,1,1
4,188,420.0,300,truncated,0,3,0,1,420.0,0,1,0,1,1,1,1,3,0,1,1,2,0,1,1,2,1,1,2,0,1,16,1,0,1,1,0,1,0,1
4,189,26.0,24,terminated,1,40,1,1,26.0,0,0,0,0,1,1,1,4,1,1,1,3,1,1,1,2,1,1,3,1,1,1,2,1,1,2,1,1,1,1
4,190,540.0,300,truncated,1,11,0,1,540.0,0,1,1,0,0,2,0,4,1,1,0,2,1,1,0,1,1,2,4,1,1,15,2,1,1,2,1,1,1,1
4,191,602.0,98,terminated,2,15,1,2,602.0,0,1,0,1,1,4,1,9,2,2,1,5,2,2,1,3,2,4,8,2,2,3,4,2,2,4,2,2,2,2
4,192,33.0,17,terminated,1,40,1,1,33.0,0,1,1,0,1,1,1,4,1,1,1,3,1,1,1,2,1,1,3,1,1,1,2,1,1,2,1,1,1,1
4,193,1742.0,108,terminated,2,0,0,2,1742.0,1,1,1,0,1,3,1,8,2,2,1,5,2,2,1,3,2,3,7,2,2,5,4,2,2,4,2,2,2,2
4,194,596.0,134,terminated,2,12,1,2,596.0,0,0,0,0,0,2,0,6,2,2,0,4,2,2,0,2,2,2,6,2,2,0,4,2,2,4,2,2,2,2
4,195,609.0,81,terminated,2,16,1,2,609.0,0,4,2,2,1,4,1,9,2,2,1,5,2,2,1,3,2,4,8,2,2,7,4,2,2,4,2,2,2,2
4,196,1703.0,147,terminated,2,0,0,2,1703.0,1,2,1,1,1,3,1,8,2,2,1,5,2,2,1,3,2,3,7,2,2,0,4,2,2,4,2,2,2,2
4,197,667.0,113,terminated,2,7,1,2,667.0,0,3,2,1,1,3,1,8,2,2,1,5,2,2,1,3,2,3,7,2,2,4,4,2,2,4,2,2,2,2
4,198,1468.0,182,terminated,2,0,0,1,1468.0,1,1,1,0,1,3,1,7,2,1,1,4,2,1,1,2,1,3,6,2,1,21,3,2,1,3,2,1,2,1
4,199,1688.0,162,terminated,2,0,0,2,1688.0,1,3,2,1,1,3,1,8,2,2,1,5,2,2,1,3,2,3,7,2,2,3,4,2,2,4,2,2,2,2
4,200,1498.0,152,terminated,2,0,0,1,1498.0,1,1,1,0,0,3,0,6,2,1,0,3,2,1,0,1,1,3,6,2,1,0,3,2,1,3,2,1,2,1
4,201,1726.0,124,terminated,2,0,0,2,1726.0,1,3,2,1,0,4,0,8,2,2,0,4,2,2,0,2,2,4,8,2,2,6,4,2,2,4,2,2,2,2
4,202,1560.0,90,terminated,1,0,0,2,1560.0,1,1,0,1,1,3,1,7,1,2,1,4,1,2,1,3,2,3,6,1,2,0,3,1,2,3,1,2,1,2
4,203,1521.0,129,terminated,1,0,0,2,1521.0,1,3,1,2,1,3,1,7,1,2,1,4,1,2,1,3,2,3,6,1,2,11,3,1,2,3,1,2,1,2
4,204,1009.0,241,terminated,0,0,0,1,1009.0,1,1,0,1,1,1,1,3,0,1,1,2,0,1,1,2,1,1,2,0,1,11,1,0,1,1,0,1,0,1
4,205,386.0,134,terminated,1,13,1,2,386.0,0,2,1,1,1,2,1,6,1,2,1,4,1,2,1,3,2,2,5,1,2,16,3,1,2,3,1,2,1,2
4,206,1273.0,177,terminated,1,0,0,1,1273.0,1,1,0,1,1,2,1,5,1,1,1,3,1,1,1,2,1,2,4,1,1,18,2,1,1,2,1,1,1,1
4,207,1484.0,166,terminated,2,0,0,1,1484.0,1,2,2,0,1,3,1,7,2,1,1,4,2,1,1,2,1,3,6,2,1,18,3,2,1,3,2,1,2,1
4,208,1174.0,276,terminated,2,0,0,0,1174.0,1,1,1,0,1,2,1,5,2,0,1,3,2,0,1,1,0,2,4,2,0,18,2,2,0,2,2,0,2,0
4,209,1712.0,138,terminated,2,0,0,2,1712.0,1,3,2,1,1,4,1,9,2,2,1,5,2,2,1,3,2,4,8,2,2,6,4,2,2,4,2,2,2,2
4,210,599.0,71,terminated,2,18,1,2,599.0,0,2,1,1,1,4,1,9,2,2,1,5,2,2,1,3,2,4,8,2,2,0,4,2,2,4,2,2,2,2
4,211,1508.0,142,terminated,2,0,0,1,1508.0,1,2,1,1,0,3,0,6,2,1,0,3,2,1,0,1,1,3,6,2,1,11,3,2,1,3,2,1,2,1
4,212,1537.0,113,terminated,2,0,0,1,1537.0,1,1,1,0,1,3,1,7,2,1,1,4,2,1,1,2,1,3,6,2,1,16,3,2,1,3,2,1,2,1
4,213,1713.0,137,terminated,2,0,0,2,1713.0,1,3,1,2,0,3,0,7,2,2,0,4,2,2,0,2,2,3,7,2,2,5,4,2,2,4,2,2,2,2
4,214,1488.0,162,terminated,1,0,0,2,1488.0,1,1,0,1,1,3,1,7,1,2,1,4,1,2,1,3,2,3,6,1,2,15,3,1,2,3,1,2,1,2
4,215,653.0,107,terminated,2,9,1,2,653.0,0,0,0,0,0,4,0,8,2,2,0,4,2,2,0,2,2,4,8,2,2,0,4,2,2,4,2,2,2,2
4,216,265.0,155,terminated,2,3,1,0,265.0,0,1,1,0,1,2,1,5,2,0,1,3,2,0,1,1,0,2,4,2,0,10,2,2,0,2,2,0,2,0
4,217,1532.0,118,terminated,1,0,0,2,1532.0,1,1,0,1,0,3,0,6,1,2,0,3,1,2,0,2,2,3,6,1,2,8,3,1,2,3,1,2,1,2
4,218,1666.0,184,terminated,2,0,0,2,1666.0,1,2,1,1,0,3,0,7,2,2,0,4,2,2,0,2,2,3,7,2,2,0,4,2,2,4,2,2,2,2
4,219,440.0,130,terminated,1,8,1,2,440.0,0,1,0,1,1,3,1,7,1,2,1,4,1,2,1,3,2,3,6,1,2,0,3,1,2,3,1,2,1,2
4,220,1524.0,126,terminated,2,0,0,1,1524.0,1,3,2,1,1,2,1,6,2,1,1,4,2,1,1,2,1,2,5,2,1,16,3,2,1,3,2,1,2,1
4,221,1299.0,151,terminated,1,0,0,1,1299.0,1,1,0,1,0,1,0,3,1,1,0,2,1,1,0,1,1,1,3,1,1,15,2,1,1,2,1,1,1,1
4,222,1470.0,180,terminated,1,0,0,2,1470.0,1,2,1,1,0,3,0,6,1,2,0,3,1,2,0,2,2,3,6,1,2,16,3,1,2,3,1,2,1,2
4,223,1705.0,145,terminated,2,0,0,2,1705.0,1,3,1,2,1,3,1,8,2,2,1,5,2,2,1,3,2,3,7,2,2,14,4,2,2,4,2,2,2,2
4,224,1493.0,157,terminated,1,0,0,2,1493.0,1,2,1,1,1,3,1,7,1,2,1,4,1,2,1,3,2,3,6,1,2,16,3,1,2,3,1,2,1,2
4,225,1716.0,134,terminated,2,0,0,2,1716.0,1,2,1,1,1,3,1,8,2,2,1,5,2,2,1,3,2,3,7,2,2,5,4,2,2,4,2,2,2,2
4,226,1723.0,127,terminated,2,0,0,2,1723.0,1,2,2,0,0,4,0,8,2,2,0,4,2,2,0,2,2,4,8,2,2,2,4,2,2,4,2,2,2,2
4,227,1501.0,149,terminated,1,0,0,2,1501.0,1,2,1,1,0,3,0,6,1,2,0,3,1,2,0,2,2,3,6,1,2,19,3,1,2,3,1,2,1,2
4,228,1255.0,195,terminated,1,0,0,1,1255.0,1,2,1,1,1,2,1,5,1,1,1,3,1,1,1,2,1,2,4,1,1,15,2,1,1,2,1,1,1,1
4,229,1466.0,184,terminated,2,0,0,1,1466.0,1,1,1,0,1,3,1,7,2,1,1,4,2,1,1,2,1,3,6,2,1,1,3,2,1,3,2,1,2,1
4,230,238.0,92,terminated,1,12,1,1,238.0,0,1,1,0,1,1,1,4,1,1,1,3,1,1,1,2,1,1,3,1,1,17,2,1,1,2,1,1,1,1
4,231,1667.0,183,terminated,2,0,0,2,1667.0,1,1,1,0,0,3,0,7,2,2,0,4,2,2,0,2,2,3,7,2,2,0,4,2,2,4,2,2,2,2
4,232,1513.0,137,terminated,2,0,0,1,1513.0,1,3,2,1,1,2,1,6,2,1,1,4,2,1,1,2,1,2,5,2,1,9,3,2,1,3,2,1,2,1
4,233,1289.0,161,terminated,0,0,0,2,1289.0,1,1,0,1,0,2,0,4,0,2,0,2,0,2,0,2,2,2,4,0,2,12,2,0,2,2,0,2,0,2
4,234,1524.0,126,terminated,1,0,0,2,1524.0,1,2,1,1,1,2,1,6,1,2,1,4,1,2,1,3,2,2,5,1,2,2,3,1,2,3,1,2,1,2
4,235,1271.0,179,terminated,1,0,0,1,1271.0,1,0,0,0,1,1,1,4,1,1,1,3,1,1,1,2,1,1,3,1,1,18,2,1,1,2,1,1,1,1
4,236,-167.0,17,terminated,1,40,1,0,-167.0,0,0,0,0,0,1,0,2,1,0,0,1,1,0,0,0,0,1,2,1,0,1,1,1,0,1,1,0,1,0
4,237,1444.0,206,terminated,2,0,0,1,1444.0,1,2,1,1,0,2,0,5,2,1,0,3,2,1,0,1,1,2,5,2,1,5,3,2,1,3,2,1,2,1
4,238,1551.0,99,terminated,1,0,0,2,1551.0,1,0,0,0,1,2,1,6,1,2,1,4,1,2,1,3,2,2,5,1,2,8,3,1,2,3,1,2,1,2
4,239,1551.0,99,terminated,1,0,0,2,1551.0,1,1,0,1,1,3,1,7,1,2,1,4,1,2,1,3,2,3,6,1,2,13,3,1,2,3,1,2,1,2
4,240,1515.0,135,terminated,2,0,0,1,1515.0,1,1,0,1,1,3,1,7,2,1,1,4,2,1,1,2,1,3,6,2,1,1,3,2,1,3,2,1,2,1
4,241,1724.0,126,terminated,2,0,0,2,1724.0,1,2,2,0,0,4,0,8,2,2,0,4,2,2,0,2,2,4,8,2,2,2,4,2,2,4,2,2,2,2
4,242,1331.0,119,terminated,1,0,0,1,1331.0,1,1,1,0,0,2,0,4,1,1,0,2,1,1,0,1,1,2,4,1,1,5,2,1,1,2,1,1,1,1
4,243,1347.0,103,terminated,0,0,0,2,1347.0,1,0,0,0,0,1,0,3,0,2,0,2,0,2,0,2,2,1,3,0,2,15,2,0,2,2,0,2,0,2
4,244,1497.0,153,terminated,1,0,0,2,1497.0,1,0,0,0,1,2,1,6,1,2,1,4,1,2,1,3,2,2,5,1,2,17,3,1,2,3,1,2,1,2
4,245,1678.0,172,terminated,2,0,0,2,1678.0,1,3,1,2,1,4,1,9,2,2,1,5,2,2,1,3,2,4,8,2,2,0,4,2,2,4,2,2,2,2
4,246,380.0,240,terminated,2,3,1,1,380.0,0,2,1,1,1,3,1,7,2,1,1,4,2,1,1,2,1,3,6,2,1,18,3,2,1,3,2,1,2,1
4,247,1522.0,128,terminated,1,0,0,2,1522.0,1,3,1,2,1,3,1,7,1,2,1,4,1,2,1,3,2,3,6,1,2,5,3,1,2,3,1,2,1,2
4,248,1230.0,220,terminated,1,0,0,1,1230.0,1,2,1,1,1,2,1,5,1,1,1,3,1,1,1,2,1,2,4,1,1,41,2,1,1,2,1,1,1,1
4,249,24.0,16,terminated,1,41,1,1,24.0,0,0,0,0,0,1,0,3,1,1,0,2,1,1,0,1,1,1,3,1,1,0,2,1,1,2,1,1,1,1
4,250,1530.0,120,terminated,1,0,0,2,1530.0,1,1,0,1,1,2,1,6,1,2,1,4,1,2,1,3,2,2,5,1,2,0,3,1,2,3,1,2,1,2
4,251,1490.0,160,terminated,1,0,0,2,1490.0,1,0,0,0,0,2,0,5,1,2,0,3,1,2,0,2,2,2,5,1,2,19,3,1,2,3,1,2,1,2
4,252,1688.0,162,terminated,2,0,0,2,1688.0,1,2,1,1,0,2,0,6,2,2,0,4,2,2,0,2,2,2,6,2,2,0,4,2,2,4,2,2,2,2
4,253,21.0,19,terminated,1,41,1,1,21.0,0,2,1,1,1,0,1,3,1,1,1,3,1,1,1,2,1,0,2,1,1,2,2,1,1,2,1,1,1,1
4,254,208.0,72,terminated,1,17,1,1,208.0,0,1,0,1,1,2,1,5,1,1,1,3,1,1,1,2,1,2,4,1,1,20,2,1,1,2,1,1,1,1
4,255,1538.0,112,terminated,2,0,0,1,1538.0,1,0,0,0,1,3,1,7,2,1,1,4,2,1,1,2,1,3,6,2,1,11,3,2,1,3,2,1,2,1
4,256,1501.0,149,terminated,2,0,0,1,1501.0,1,1,1,0,1,2,1,6,2,1,1,4,2,1,1,2,1,2,5,2,1,9,3,2,1,3,2,1,2,1
4,257,424.0,146,terminated,2,8,1,1,424.0,0,2,2,0,1,3,1,7,2,1,1,4,2,1,1,2,1,3,6,2,1,4,3,2,1,3,2,1,2,1
4,258,1287.0,163,terminated,1,0,0,1,1287.0,1,1,0,1,1,2,1,5,1,1,1,3,1,1,1,2,1,2,4,1,1,3,2,1,1,2,1,1,1,1
4,259,1495.0,155,terminated,1,0,0,2,1495.0,1,1,1,0,0,3,0,6,1,2,0,3,1,2,0,2,2,3,6,1,2,15,3,1,2,3,1,2,1,2
4,260,1343.0,107,terminated,1,0,0,1,1343.0,1,2,1,1,1,2,1,5,1,1,1,3,1,1,1,2,1,2,4,1,1,9,2,1,1,2,1,1,1,1
4,261,1459.0,191,terminated,2,0,0,1,1459.0,1,2,1,1,1,3,1,7,2,1,1,4,2,1,1,2,1,3,6,2,1,7,3,2,1,3,2,1,2,1
4,262,1742.0,108,terminated,2,0,0,2,1742.0,1,2,2,0,0,4,0,8,2,2,0,4,2,2,0,2,2,4,8,2,2,3,4,2,2,4,2,2,2,2
4,263,1505.0,145,terminated,1,0,0,2,1505.0,1,1,0,1,1,2,1,6,1,2,1,4,1,2,1,3,2,2,5,1,2,0,3,1,2,3,1,2,1,2
4,264,1541.0,109,terminated,2,0,0,1,1541.0,1,2,2,0,1,3,1,7,2,1,1,4,2,1,1,2,1,3,6,2,1,17,3,2,1,3,2,1,2,1
4,265,445.0,85,terminated,1,12,1,2,445.0,0,2,1,1,0,3,0,6,1,2,0,3,1,2,0,2,2,3,6,1,2,0,3,1,2,3,1,2,1,2
4,266,1740.0,110,terminated,2,0,0,2,1740.0,1,3,2,1,1,3,1,8,2,2,1,5,2,2,1,3,2,3,7,2,2,4,4,2,2,4,2,2,2,2
4,267,416.0,154,terminated,1,8,1,2,416.0,0,1,1,0,1,3,1,7,1,2,1,4,1,2,1,3,2,3,6,1,2,8,3,1,2,3,1,2,1,2
4,268,-178.0,18,terminated,1,41,1,0,-178.0,0,0,0,0,1,0,1,2,1,0,1,2,1,0,1,1,0,0,1,1,0,0,1,1,0,1,1,0,1,0
4,269,1718.0,132,terminated,2,0,0,2,1718.0,1,2,1,1,1,4,1,9,2,2,1,5,2,2,1,3,2,4,8,2,2,0,4,2,2,4,2,2,2,2
4,270,1514.0,136,terminated,2,0,0,1,1514.0,1,2,2,0,0,3,0,6,2,1,0,3,2,1,0,1,1,3,6,2,1,3,3,2,1,3,2,1,2,1
4,271,1725.0,125,terminated,2,0,0,2,1725.0,1,4,2,2,1,3,1,8,2,2,1,5,2,2,1,3,2,3,7,2,2,4,4,2,2,4,2,2,2,2
4,272,1292.0,158,terminated,1,0,0,1,1292.0,1,1,0,1,1,1,1,4,1,1,1,3,1,1,1,2,1,1,3,1,1,21,2,1,1,2,1,1,1,1
4,273,1516.0,134,terminated,1,0,0,2,1516.0,1,2,1,1,1,3,1,7,1,2,1,4,1,2,1,3,2,3,6,1,2,16,3,1,2,3,1,2,1,2
4,274,1497.0,153,terminated,2,0,0,1,1497.0,1,0,0,0,1,3,1,7,2,1,1,4,2,1,1,2,1,3,6,2,1,10,3,2,1,3,2,1,2,1
4,275,1701.0,149,terminated,2,0,0,2,1701.0,1,3,1,2,0,3,0,7,2,2,0,4,2,2,0,2,2,3,7,2,2,2,4,2,2,4,2,2,2,2
4,276,1717.0,133,terminated,2,0,0,2,1717.0,1,2,2,0,0,3,0,7,2,2,0,4,2,2,0,2,2,3,7,2,2,2,4,2,2,4,2,2,2,2
4,277,1476.0,174,terminated,1,0,0,2,1476.0,1,3,1,2,1,2,1,6,1,2,1,4,1,2,1,3,2,2,5,1,2,15,3,1,2,3,1,2,1,2
4,278,1459.0,191,terminated,2,0,0,1,1459.0,1,1,1,0,0,3,0,6,2,1,0,3,2,1,0,1,1,3,6,2,1,0,3,2,1,3,2,1,2,1
4,279,1441.0,209,terminated,1,0,0,2,1441.0,1,1,0,1,0,2,0,5,1,2,0,3,1,2,0,2,2,2,5,1,2,11,3,1,2,3,1,2,1,2
4,280,1741.0,109,terminated,2,0,0,2,1741.0,1,2,2,0,0,4,0,8,2,2,0,4,2,2,0,2,2,4,8,2,2,6,4,2,2,4,2,2,2,2
4,281,247.0,123,terminated,0,8,1,2,247.0,0,2,0,2,1,2,1,5,0,2,1,3,0,2,1,3,2,2,4,0,2,14,2,0,2,2,0,2,0,2
4,282,306.0,244,terminated,1,10,1,2,306.0,0,1,0,1,0,2,0,5,1,2,0,3,1,2,0,2,2,2,5,1,2,0,3,1,2,3,1,2,1,2
4,283,1479.0,171,terminated,1,0,0,2,1479.0,1,1,0,1,1,3,1,7,1,2,1,4,1,2,1,3,2,3,6,1,2,0,3,1,2,3,1,2,1,2
4,284,1294.0,156,terminated,1,0,0,1,1294.0,1,2,1,1,1,1,1,4,1,1,1,3,1,1,1,2,1,1,3,1,1,0,2,1,1,2,1,1,1,1
4,285,1697.0,153,terminated,2,0,0,2,1697.0,1,0,0,0,0,4,0,8,2,2,0,4,2,2,0,2,2,4,8,2,2,0,4,2,2,4,2,2,2,2
4,286,-182.0,22,terminated,1,41,1,0,-182.0,0,0,0,0,0,1,0,2,1,0,0,1,1,0,0,0,0,1,2,1,0,0,1,1,0,1,1,0,1,0
4,287,1524.0,126,terminated,1,0,0,2,1524.0,1,2,0,2,1,3,1,7,1,2,1,4,1,2,1,3,2,3,6,1,2,18,3,1,2,3,1,2,1,2
4,288,1554.0,96,terminated,1,0,0,2,1554.0,1,1,0,1,1,2,1,6,1,2,1,4,1,2,1,3,2,2,5,1,2,17,3,1,2,3,1,2,1,2
4,289,1735.0,115,terminated,2,0,0,2,1735.0,1,0,0,0,0,2,0,6,2,2,0,4,2,2,0,2,2,2,6,2,2,1,4,2,2,4,2,2,2,2
4,290,1701.0,149,terminated,2,0,0,2,1701.0,1,2,1,1,0,3,0,7,2,2,0,4,2,2,0,2,2,3,7,2,2,0,4,2,2,4,2,2,2,2
4,291,1514.0,136,terminated,1,0,0,2,1514.0,1,0,0,0,1,3,1,7,1,2,1,4,1,2,1,3,2,3,6,1,2,15,3,1,2,3,1,2,1,2
4,292,1468.0,182,terminated,1,0,0,2,1468.0,1,0,0,0,1,3,1,7,1,2,1,4,1,2,1,3,2,3,6,1,2,17,3,1,2,3,1,2,1,2
4,293,1517.0,133,terminated,1,0,0,2,1517.0,1,2,0,2,0,3,0,6,1,2,0,3,1,2,0,2,2,3,6,1,2,1,3,1,2,3,1,2,1,2
4,294,428.0,102,terminated,1,12,1,2,428.0,0,1,0,1,1,3,1,7,1,2,1,4,1,2,1,3,2,3,6,1,2,10,3,1,2,3,1,2,1,2
4,295,1704.0,146,terminated,2,0,0,2,1704.0,1,0,0,0,0,2,0,6,2,2,0,4,2,2,0,2,2,2,6,2,2,0,4,2,2,4,2,2,2,2
4,296,22.0,18,terminated,1,41,1,1,22.0,0,0,0,0,1,0,1,3,1,1,1,3,1,1,1,2,1,0,2,1,1,0,2,1,1,2,1,1,1,1
4,297,1698.0,152,terminated,2,0,0,2,1698.0,1,3,1,2,1,4,1,9,2,2,1,5,2,2,1,3,2,4,8,2,2,16,4,2,2,4,2,2,2,2
4,298,1497.0,153,terminated,2,0,0,1,1497.0,1,2,1,1,1,2,1,6,2,1,1,4,2,1,1,2,1,2,5,2,1,19,3,2,1,3,2,1,2,1
4,299,1593.0,257,terminated,2,0,0,2,1593.0,1,3,2,1,1,4,1,9,2,2,1,5,2,2,1,3,2,4,8,2,2,4,4,2,2,4,2,2,2,2
4,300,285.0,275,terminated,1,9,1,2,285.0,0,2,0,2,1,3,1,7,1,2,1,4,1,2,1,3,2,3,6,1,2,17,3,1,2,3,1,2,1,2
4,301,1731.0,119,terminated,2,0,0,2,1731.0,1,3,2,1,0,4,0,8,2,2,0,4,2,2,0,2,2,4,8,2,2,8,4,2,2,4,2,2,2,2
4,302,1726.0,124,terminated,2,0,0,2,1726.0,1,1,0,1,0,4,0,8,2,2,0,4,2,2,0,2,2,4,8,2,2,6,4,2,2,4,2,2,2,2
4,303,1716.0,134,terminated,2,0,0,2,1716.0,1,3,2,1,1,4,1,9,2,2,1,5,2,2,1,3,2,4,8,2,2,6,4,2,2,4,2,2,2,2
4,304,1493.0,157,terminated,1,0,0,2,1493.0,1,1,0,1,0,3,0,6,1,2,0,3,1,2,0,2,2,3,6,1,2,10,3,1,2,3,1,2,1,2
4,305,342.0,78,terminated,2,23,1,1,342.0,0,1,1,0,0,3,0,6,2,1,0,3,2,1,0,1,1,3,6,2,1,1,3,2,1,3,2,1,2,1
4,306,1539.0,111,terminated,1,0,0,2,1539.0,1,2,0,2,1,3,1,7,1,2,1,4,1,2,1,3,2,3,6,1,2,13,3,1,2,3,1,2,1,2
4,307,1302.0,148,terminated,0,0,0,2,1302.0,1,0,0,0,1,2,1,5,0,2,1,3,0,2,1,3,2,2,4,0,2,8,2,0,2,2,0,2,0,2
4,308,1246.0,204,terminated,1,0,0,1,1246.0,1,2,1,1,1,2,1,5,1,1,1,3,1,1,1,2,1,2,4,1,1,16,2,1,1,2,1,1,1,1
4,309,1106.0,144,terminated,1,0,0,0,1106.0,1,0,0,0,1,0,1,2,1,0,1,2,1,0,1,1,0,0,1,1,0,22,1,1,0,1,1,0,1,0
4,310,1728.0,122,terminated,2,0,0,2,1728.0,1,2,1,1,0,2,0,6,2,2,0,4,2,2,0,2,2,2,6,2,2,0,4,2,2,4,2,2,2,2
4,311,1300.0,150,terminated,1,0,0,1,1300.0,1,1,0,1,1,2,1,5,1,1,1,3,1,1,1,2,1,2,4,1,1,16,2,1,1,2,1,1,1,1
4,312,1490.0,160,terminated,2,0,0,1,1490.0,1,0,0,0,1,3,1,7,2,1,1,4,2,1,1,2,1,3,6,2,1,19,3,2,1,3,2,1,2,1
4,313,1729.0,121,terminated,2,0,0,2,1729.0,1,2,1,1,1,4,1,9,2,2,1,5,2,2,1,3,2,4,8,2,2,4,4,2,2,4,2,2,2,2
4,314,450.0,140,terminated,1,6,1,2,450.0,0,2,0,2,1,3,1,7,1,2,1,4,1,2,1,3,2,3,6,1,2,1,3,1,2,3,1,2,1,2
4,315,1694.0,156,terminated,2,0,0,2,1694.0,1,2,1,1,0,4,0,8,2,2,0,4,2,2,0,2,2,4,8,2,2,0,4,2,2,4,2,2,2,2
4,316,513.0,127,terminated,2,21,1,2,513.0,0,4,2,2,1,4,1,9,2,2,1,5,2,2,1,3,2,4,8,2,2,6,4,2,2,4,2,2,2,2
4,317,1693.0,157,terminated,2,0,0,2,1693.0,1,3,1,2,1,3,1,8,2,2,1,5,2,2,1,3,2,3,7,2,2,4,4,2,2,4,2,2,2,2
4,318,1534.0,116,terminated,2,0,0,1,1534.0,1,2,1,1,1,3,1,7,2,1,1,4,2,1,1,2,1,3,6,2,1,16,3,2,1,3,2,1,2,1
4,319,504.0,66,terminated,2,28,1,2,504.0,0,3,1,2,1,4,1,9,2,2,1,5,2,2,1,3,2,4,8,2,2,3,4,2,2,4,2,2,2,2
4,320,1548.0,102,terminated,2,0,0,1,1548.0,1,2,1,1,1,3,1,7,2,1,1,4,2,1,1,2,1,3,6,2,1,8,3,2,1,3,2,1,2,1
4,321,910.0,300,truncated,2,14,0,2,910.0,0,1,0,1,1,4,1,9,2,2,1,5,2,2,1,3,2,4,8,2,2,5,4,2,2,4,2,2,2,2
4,322,1683.0,167,terminated,2,0,0,2,1683.0,1,0,0,0,1,4,1,9,2,2,1,5,2,2,1,3,2,4,8,2,2,0,4,2,2,4,2,2,2,2
4,323,1435.0,215,terminated,2,0,0,1,1435.0,1,3,2,1,1,3,1,7,2,1,1,4,2,1,1,2,1,3,6,2,1,3,3,2,1,3,2,1,2,1
4,324,1689.0,161,terminated,2,0,0,2,1689.0,1,4,2,2,1,3,1,8,2,2,1,5,2,2,1,3,2,3,7,2,2,2,4,2,2,4,2,2,2,2
4,325,190.0,110,terminated,1,15,1,1,190.0,0,2,1,1,1,2,1,5,1,1,1,3,1,1,1,2,1,2,4,1,1,30,2,1,1,2,1,1,1,1
4,326,1310.0,140,terminated,1,0,0,1,1310.0,1,1,0,1,1,2,1,5,1,1,1,3,1,1,1,2,1,2,4,1,1,14,2,1,1,2,1,1,1,1
4,327,1714.0,136,terminated,2,0,0,2,1714.0,1,1,0,1,0,4,0,8,2,2,0,4,2,2,0,2,2,4,8,2,2,0,4,2,2,4,2,2,2,2
4,328,1466.0,184,terminated,2,0,0,1,1466.0,1,2,2,0,0,2,0,5,2,1,0,3,2,1,0,1,1,2,5,2,1,9,3,2,1,3,2,1,2,1
4,329,1656.0,194,terminated,2,0,0,2,1656.0,1,2,1,1,0,4,0,8,2,2,0,4,2,2,0,2,2,4,8,2,2,0,4,2,2,4,2,2,2,2
4,330,1248.0,202,terminated,2,0,0,0,1248.0,1,1,1,0,1,2,1,5,2,0,1,3,2,0,1,1,0,2,4,2,0,9,2,2,0,2,2,0,2,0
4,331,1755.0,95,terminated,2,0,0,2,1755.0,1,0,0,0,0,4,0,8,2,2,0,4,2,2,0,2,2,4,8,2,2,0,4,2,2,4,2,2,2,2
4,332,1531.0,119,terminated,1,0,0,2,1531.0,1,1,0,1,1,3,1,7,1,2,1,4,1,2,1,3,2,3,6,1,2,0,3,1,2,3,1,2,1,2
4,333,1742.0,108,terminated,2,0,0,2,1742.0,1,2,1,1,1,4,1,9,2,2,1,5,2,2,1,3,2,4,8,2,2,5,4,2,2,4,2,2,2,2
4,334,1210.0,240,terminated,2,0,0,0,1210.0,1,2,2,0,1,1,1,4,2,0,1,3,2,0,1,1,0,1,3,2,0,18,2,2,0,2,2,0,2,0
4,335,1338.0,112,terminated,1,0,0,1,1338.0,1,1,0,1,0,2,0,4,1,1,0,2,1,1,0,1,1,2,4,1,1,10,2,1,1,2,1,1,1,1
4,336,1709.0,141,terminated,2,0,0,2,1709.0,1,4,2,2,1,4,1,9,2,2,1,5,2,2,1,3,2,4,8,2,2,5,4,2,2,4,2,2,2,2
4,337,172.0,158,terminated,1,12,1,1,172.0,0,2,1,1,1,2,1,5,1,1,1,3,1,1,1,2,1,2,4,1,1,16,2,1,1,2,1,1,1,1
4,338,1311.0,139,terminated,0,0,0,2,1311.0,1,2,0,2,1,1,1,4,0,2,1,3,0,2,1,3,2,1,3,0,2,9,2,0,2,2,0,2,0,2
4,339,1249.0,201,terminated,0,0,0,2,1249.0,1,0,0,0,1,2,1,5,0,2,1,3,0,2,1,3,2,2,4,0,2,10,2,0,2,2,0,2,0,2
4,340,1536.0,114,terminated,2,0,0,1,1536.0,1,2,2,0,1,3,1,7,2,1,1,4,2,1,1,2,1,3,6,2,1,8,3,2,1,3,2,1,2,1
4,341,451.0,79,terminated,1,12,1,2,451.0,0,2,0,2,1,2,1,6,1,2,1,4,1,2,1,3,2,2,5,1,2,9,3,1,2,3,1,2,1,2
4,342,1722.0,128,terminated,2,0,0,2,1722.0,1,1,0,1,0,4,0,8,2,2,0,4,2,2,0,2,2,4,8,2,2,0,4,2,2,4,2,2,2,2
4,343,332.0,38,terminated,1,28,1,2,332.0,0,2,0,2,1,2,1,6,1,2,1,4,1,2,1,3,2,2,5,1,2,8,3,1,2,3,1,2,1,2
4,344,1273.0,177,terminated,1,0,0,1,1273.0,1,1,0,1,1,2,1,5,1,1,1,3,1,1,1,2,1,2,4,1,1,23,2,1,1,2,1,1,1,1
4,345,1510.0,140,terminated,1,0,0,2,1510.0,1,2,1,1,1,3,1,7,1,2,1,4,1,2,1,3,2,3,6,1,2,11,3,1,2,3,1,2,1,2
4,346,1459.0,191,terminated,1,0,0,2,1459.0,1,3,1,2,1,3,1,7,1,2,1,4,1,2,1,3,2,3,6,1,2,17,3,1,2,3,1,2,1,2
4,347,1509.0,141,terminated,2,0,0,1,1509.0,1,3,2,1,1,3,1,7,2,1,1,4,2,1,1,2,1,3,6,2,1,14,3,2,1,3,2,1,2,1
4,348,1526.0,124,terminated,1,0,0,2,1526.0,1,1,0,1,1,3,1,7,1,2,1,4,1,2,1,3,2,3,6,1,2,21,3,1,2,3,1,2,1,2
4,349,1710.0,140,terminated,2,0,0,2,1710.0,1,1,1,0,0,3,0,7,2,2,0,4,2,2,0,2,2,3,7,2,2,3,4,2,2,4,2,2,2,2
4,350,129.0,51,terminated,1,27,1,1,129.0,0,1,1,0,1,2,1,5,1,1,1,3,1,1,1,2,1,2,4,1,1,10,2,1,1,2,1,1,1,1
4,351,1246.0,204,terminated,1,0,0,1,1246.0,1,1,1,0,1,2,1,5,1,1,1,3,1,1,1,2,1,2,4,1,1,15,2,1,1,2,1,1,1,1
4,352,1738.0,112,terminated,2,0,0,2,1738.0,1,2,1,1,1,4,1,9,2,2,1,5,2,2,1,3,2,4,8,2,2,4,4,2,2,4,2,2,2,2
4,353,1521.0,129,terminated,2,0,0,1,1521.0,1,1,1,0,0,3,0,6,2,1,0,3,2,1,0,1,1,3,6,2,1,12,3,2,1,3,2,1,2,1
4,354,-167.0,17,terminated,0,40,1,1,-167.0,0,0,0,0,0,1,0,2,0,1,0,1,0,1,0,1,1,1,2,0,1,1,1,0,1,1,0,1,0,1
4,355,-179.0,19,terminated,1,41,1,0,-179.0,0,0,0,0,0,1,0,2,1,0,0,1,1,0,0,0,0,1,2,1,0,0,1,1,0,1,1,0,1,0
4,356,1524.0,126,terminated,2,0,0,1,1524.0,1,1,1,0,1,2,1,6,2,1,1,4,2,1,1,2,1,2,5,2,1,8,3,2,1,3,2,1,2,1
4,357,645.0,85,terminated,2,12,1,2,645.0,0,2,0,2,0,4,0,8,2,2,0,4,2,2,0,2,2,4,8,2,2,7,4,2,2,4,2,2,2,2
4,358,1722.0,128,terminated,2,0,0,2,1722.0,1,2,1,1,1,4,1,9,2,2,1,5,2,2,1,3,2,4,8,2,2,3,4,2,2,4,2,2,2,2
4,359,1522.0,128,terminated,1,0,0,2,1522.0,1,1,1,0,0,3,0,6,1,2,0,3,1,2,0,2,2,3,6,1,2,21,3,1,2,3,1,2,1,2
4,360,591.0,99,terminated,2,16,1,2,591.0,0,2,1,1,0,3,0,7,2,2,0,4,2,2,0,2,2,3,7,2,2,0,4,2,2,4,2,2,2,2
4,361,1453.0,197,terminated,1,0,0,2,1453.0,1,2,1,1,0,3,0,6,1,2,0,3,1,2,0,2,2,3,6,1,2,14,3,1,2,3,1,2,1,2
4,362,377.0,183,terminated,2,9,1,1,377.0,0,2,1,1,1,3,1,7,2,1,1,4,2,1,1,2,1,3,6,2,1,16,3,2,1,3,2,1,2,1
4,363,514.0,126,terminated,1,1,1,2,514.0,0,2,1,1,1,3,1,7,1,2,1,4,1,2,1,3,2,3,6,1,2,17,3,1,2,3,1,2,1,2
4,364,1513.0,137,terminated,2,0,0,1,1513.0,1,3,2,1,1,2,1,6,2,1,1,4,2,1,1,2,1,2,5,2,1,11,3,2,1,3,2,1,2,1
4,365,-176.0,16,terminated,1,41,1,0,-176.0,0,0,0,0,0,1,0,2,1,0,0,1,1,0,0,0,0,1,2,1,0,0,1,1,0,1,1,0,1,0
4,366,429.0,141,terminated,1,8,1,2,429.0,0,3,1,2,1,3,1,7,1,2,1,4,1,2,1,3,2,3,6,1,2,19,3,1,2,3,1,2,1,2
4,367,1483.0,167,terminated,1,0,0,2,1483.0,1,0,0,0,1,2,1,6,1,2,1,4,1,2,1,3,2,2,5,1,2,15,3,1,2,3,1,2,1,2
4,368,1503.0,147,terminated,1,0,0,2,1503.0,1,3,1,2,1,3,1,7,1,2,1,4,1,2,1,3,2,3,6,1,2,16,3,1,2,3,1,2,1,2
4,369,1496.0,154,terminated,1,0,0,2,1496.0,1,2,1,1,0,3,0,6,1,2,0,3,1,2,0,2,2,3,6,1,2,16,3,1,2,3,1,2,1,2
4,370,1371.0,79,terminated,0,0,0,2,1371.0,1,1,0,1,0,1,0,3,0,2,0,2,0,2,0,2,2,1,3,0,2,10,2,0,2,2,0,2,0,2
4,371,1758.0,92,terminated,2,0,0,2,1758.0,1,2,1,1,0,4,0,8,2,2,0,4,2,2,0,2,2,4,8,2,2,0,4,2,2,4,2,2,2,2
4,372,1519.0,131,terminated,1,0,0,2,1519.0,1,1,0,1,1,3,1,7,1,2,1,4,1,2,1,3,2,3,6,1,2,0,3,1,2,3,1,2,1,2
4,373,1748.0,102,terminated,2,0,0,2,1748.0,1,4,2,2,1,3,1,8,2,2,1,5,2,2,1,3,2,3,7,2,2,4,4,2,2,4,2,2,2,2
4,374,1729.0,121,terminated,2,0,0,2,1729.0,1,1,0,1,0,3,0,7,2,2,0,4,2,2,0,2,2,3,7,2,2,1,4,2,2,4,2,2,2,2
4,375,1542.0,108,terminated,2,0,0,1,1542.0,1,1,0,1,0,3,0,6,2,1,0,3,2,1,0,1,1,3,6,2,1,14,3,2,1,3,2,1,2,1
4,376,1540.0,110,terminated,2,0,0,1,1540.0,1,0,0,0,1,2,1,6,2,1,1,4,2,1,1,2,1,2,5,2,1,16,3,2,1,3,2,1,2,1
4,377,1299.0,151,terminated,2,0,0,0,1299.0,1,2,2,0,1,2,1,5,2,0,1,3,2,0,1,1,0,2,4,2,0,15,2,2,0,2,2,0,2,0
4,378,1717.0,133,terminated,2,0,0,2,1717.0,1,2,1,1,0,4,0,8,2,2,0,4,2,2,0,2,2,4,8,2,2,0,4,2,2,4,2,2,2,2
4,379,1537.0,113,terminated,2,0,0,1,1537.0,1,1,0,1,1,3,1,7,2,1,1,4,2,1,1,2,1,3,6,2,1,15,3,2,1,3,2,1,2,1
4,380,1292.0,158,terminated,2,0,0,0,1292.0,1,0,0,0,1,2,1,5,2,0,1,3,2,0,1,1,0,2,4,2,0,16,2,2,0,2,2,0,2,0
4,381,1733.0,117,terminated,2,0,0,2,1733.0,1,1,0,1,0,3,0,7,2,2,0,4,2,2,0,2,2,3,7,2,2,0,4,2,2,4,2,2,2,2
4,382,1499.0,151,terminated,2,0,0,1,1499.0,1,2,1,1,1,3,1,7,2,1,1,4,2,1,1,2,1,3,6,2,1,19,3,2,1,3,2,1,2,1
4,383,533.0,37,terminated,2,28,1,2,533.0,0,3,2,1,0,3,0,7,2,2,0,4,2,2,0,2,2,3,7,2,2,5,4,2,2,4,2,2,2,2
4,384,1505.0,145,terminated,2,0,0,1,1505.0,1,2,1,1,1,3,1,7,2,1,1,4,2,1,1,2,1,3,6,2,1,9,3,2,1,3,2,1,2,1
4,385,1446.0,204,terminated,1,0,0,2,1446.0,1,3,1,2,1,3,1,7,1,2,1,4,1,2,1,3,2,3,6,1,2,7,3,1,2,3,1,2,1,2
4,386,1543.0,107,terminated,1,0,0,2,1543.0,1,0,0,0,1,3,1,7,1,2,1,4,1,2,1,3,2,3,6,1,2,11,3,1,2,3,1,2,1,2
4,387,-167.0,17,terminated,0,40,1,1,-167.0,0,0,0,0,0,1,0,2,0,1,0,1,0,1,0,1,1,1,2,0,1,1,1,0,1,1,0,1,0,1
4,388,1477.0,173,terminated,2,0,0,1,1477.0,1,3,2,1,1,3,1,7,2,1,1,4,2,1,1,2,1,3,6,2,1,17,3,2,1,3,2,1,2,1
4,389,1488.0,162,terminated,1,0,0,2,1488.0,1,3,1,2,1,2,1,6,1,2,1,4,1,2,1,3,2,2,5,1,2,21,3,1,2,3,1,2,1,2
4,390,1537.0,113,terminated,2,0,0,1,1537.0,1,1,1,0,1,3,1,7,2,1,1,4,2,1,1,2,1,3,6,2,1,19,3,2,1,3,2,1,2,1
4,391,1682.0,168,terminated,2,0,0,2,1682.0,1,2,2,0,0,4,0,8,2,2,0,4,2,2,0,2,2,4,8,2,2,0,4,2,2,4,2,2,2,2
4,392,1722.0,128,terminated,2,0,0,2,1722.0,1,2,1,1,1,4,1,9,2,2,1,5,2,2,1,3,2,4,8,2,2,0,4,2,2,4,2,2,2,2
4,393,542.0,68,terminated,2,24,1,2,542.0,0,2,1,1,1,3,1,8,2,2,1,5,2,2,1,3,2,3,7,2,2,4,4,2,2,4,2,2,2,2
4,394,1521.0,129,terminated,2,0,0,1,1521.0,1,2,2,0,0,3,0,6,2,1,0,3,2,1,0,1,1,3,6,2,1,3,3,2,1,3,2,1,2,1
4,395,1469.0,181,terminated,2,0,0,1,1469.0,1,2,1,1,1,3,1,7,2,1,1,4,2,1,1,2,1,3,6,2,1,1,3,2,1,3,2,1,2,1
4,396,1438.0,212,terminated,1,0,0,2,1438.0,1,3,1,2,1,2,1,6,1,2,1,4,1,2,1,3,2,2,5,1,2,15,3,1,2,3,1,2,1,2
4,397,1331.0,119,terminated,0,0,0,2,1331.0,1,1,0,1,1,1,1,4,0,2,1,3,0,2,1,3,2,1,3,0,2,11,2,0,2,2,0,2,0,2
4,398,1491.0,159,terminated,2,0,0,1,1491.0,1,1,1,0,1,3,1,7,2,1,1,4,2,1,1,2,1,3,6,2,1,0,3,2,1,3,2,1,2,1
4,399,1500.0,150,terminated,2,0,0,1,1500.0,1,1,1,0,1,3,1,7,2,1,1,4,2,1,1,2,1,3,6,2,1,16,3,2,1,3,2,1,2,1
4,400,83.0,67,terminated,2,30,1,0,83.0,0,1,1,0,1,2,1,5,2,0,1,3,2,0,1,1,0,2,4,2,0,14,2,2,0,2,2,0,2,0
4,401,-167.0,17,terminated,1,40,1,0,-167.0,0,0,0,0,0,1,0,2,1,0,0,1,1,0,0,0,0,1,2,1,0,1,1,1,0,1,1,0,1,0
4,402,1481.0,169,terminated,1,0,0,2,1481.0,1,0,0,0,1,2,1,6,1,2,1,4,1,2,1,3,2,2,5,1,2,17,3,1,2,3,1,2,1,2
4,403,1544.0,106,terminated,2,0,0,1,1544.0,1,3,2,1,1,3,1,7,2,1,1,4,2,1,1,2,1,3,6,2,1,6,3,2,1,3,2,1,2,1
4,404,1760.0,90,terminated,2,0,0,2,1760.0,1,1,0,1,1,4,1,9,2,2,1,5,2,2,1,3,2,4,8,2,2,6,4,2,2,4,2,2,2,2
4,405,1509.0,141,terminated,2,0,0,1,1509.0,1,2,1,1,1,3,1,7,2,1,1,4,2,1,1,2,1,3,6,2,1,25,3,2,1,3,2,1,2,1
4,406,1252.0,198,terminated,0,0,0,2,1252.0,1,2,0,2,1,2,1,5,0,2,1,3,0,2,1,3,2,2,4,0,2,18,2,0,2,2,0,2,0,2
4,407,503.0,117,terminated,1,3,1,2,503.0,0,1,1,0,1,3,1,7,1,2,1,4,1,2,1,3,2,3,6,1,2,1,3,1,2,3,1,2,1,2
4,408,1510.0,140,terminated,2,0,0,1,1510.0,1,1,0,1,1,2,1,6,2,1,1,4,2,1,1,2,1,2,5,2,1,18,3,2,1,3,2,1,2,1
4,409,1452.0,198,terminated,2,0,0,1,1452.0,1,1,1,0,1,2,1,6,2,1,1,4,2,1,1,2,1,2,5,2,1,1,3,2,1,3,2,1,2,1
4,410,1504.0,146,terminated,2,0,0,1,1504.0,1,2,2,0,1,3,1,7,2,1,1,4,2,1,1,2,1,3,6,2,1,10,3,2,1,3,2,1,2,1
4,411,1691.0,159,terminated,2,0,0,2,1691.0,1,1,0,1,1,3,1,8,2,2,1,5,2,2,1,3,2,3,7,2,2,0,4,2,2,4,2,2,2,2
4,412,1299.0,151,terminated,2,0,0,0,1299.0,1,1,1,0,0,1,0,3,2,0,0,2,2,0,0,0,0,1,3,2,0,17,2,2,0,2,2,0,2,0
4,413,1227.0,223,terminated,2,0,0,0,1227.0,1,2,2,0,1,2,1,5,2,0,1,3,2,0,1,1,0,2,4,2,0,17,2,2,0,2,2,0,2,0
4,414,1433.0,217,terminated,2,0,0,1,1433.0,1,0,0,0,1,2,1,6,2,1,1,4,2,1,1,2,1,2,5,2,1,0,3,2,1,3,2,1,2,1
4,415,1512.0,138,terminated,2,0,0,1,1512.0,1,2,1,1,1,2,1,6,2,1,1,4,2,1,1,2,1,2,5,2,1,19,3,2,1,3,2,1,2,1
4,416,1345.0,105,terminated,1,0,0,1,1345.0,1,1,0,1,1,2,1,5,1,1,1,3,1,1,1,2,1,2,4,1,1,21,2,1,1,2,1,1,1,1
4,417,1444.0,206,terminated,2,0,0,1,1444.0,1,2,1,1,1,2,1,6,2,1,1,4,2,1,1,2,1,2,5,2,1,17,3,2,1,3,2,1,2,1
4,418,1498.0,152,terminated,1,0,0,2,1498.0,1,2,1,1,0,3,0,6,1,2,0,3,1,2,0,2,2,3,6,1,2,14,3,1,2,3,1,2,1,2
4,419,1461.0,189,terminated,1,0,0,2,1461.0,1,1,1,0,1,2,1,6,1,2,1,4,1,2,1,3,2,2,5,1,2,19,3,1,2,3,1,2,1,2
4,420,68.0,72,terminated,1,31,1,1,68.0,0,0,0,0,1,2,1,5,1,1,1,3,1,1,1,2,1,2,4,1,1,0,2,1,1,2,1,1,1,1
4,421,1638.0,212,terminated,2,0,0,2,1638.0,1,3,1,2,0,4,0,8,2,2,0,4,2,2,0,2,2,4,8,2,2,2,4,2,2,4,2,2,2,2
4,422,498.0,132,terminated,2,2,1,1,498.0,0,1,1,0,1,3,1,7,2,1,1,4,2,1,1,2,1,3,6,2,1,19,3,2,1,3,2,1,2,1
4,423,321.0,189,terminated,2,14,1,1,321.0,0,1,1,0,0,2,0,5,2,1,0,3,2,1,0,1,1,2,5,2,1,0,3,2,1,3,2,1,2,1
4,424,90.0,40,terminated,0,32,1,2,90.0,0,1,0,1,0,2,0,4,0,2,0,2,0,2,0,2,2,2,4,0,2,8,2,0,2,2,0,2,0,2
4,425,1514.0,136,terminated,1,0,0,2,1514.0,1,2,1,1,0,3,0,6,1,2,0,3,1,2,0,2,2,3,6,1,2,14,3,1,2,3,1,2,1,2
4,426,1724.0,126,terminated,2,0,0,2,1724.0,1,3,1,2,1,3,1,8,2,2,1,5,2,2,1,3,2,3,7,2,2,2,4,2,2,4,2,2,2,2
4,427,1481.0,169,terminated,2,0,0,1,1481.0,1,0,0,0,1,3,1,7,2,1,1,4,2,1,1,2,1,3,6,2,1,18,3,2,1,3,2,1,2,1
4,428,1496.0,154,terminated,2,0,0,1,1496.0,1,2,1,1,0,2,0,5,2,1,0,3,2,1,0,1,1,2,5,2,1,16,3,2,1,3,2,1,2,1
4,429,1550.0,100,terminated,2,0,0,1,1550.0,1,1,0,1,1,3,1,7,2,1,1,4,2,1,1,2,1,3,6,2,1,1,3,2,1,3,2,1,2,1
4,430,1715.0,135,terminated,2,0,0,2,1715.0,1,0,0,0,0,2,0,6,2,2,0,4,2,2,0,2,2,2,6,2,2,0,4,2,2,4,2,2,2,2
4,431,1710.0,140,terminated,2,0,0,2,1710.0,1,3,1,2,1,4,1,9,2,2,1,5,2,2,1,3,2,4,8,2,2,7,4,2,2,4,2,2,2,2
4,432,1671.0,179,terminated,2,0,0,2,1671.0,1,3,2,1,1,3,1,8,2,2,1,5,2,2,1,3,2,3,7,2,2,1,4,2,2,4,2,2,2,2
4,433,1715.0,135,terminated,2,0,0,2,1715.0,1,0,0,0,0,3,0,7,2,2,0,4,2,2,0,2,2,3,7,2,2,0,4,2,2,4,2,2,2,2
4,434,1314.0,136,terminated,1,0,0,1,1314.0,1,1,1,0,1,2,1,5,1,1,1,3,1,1,1,2,1,2,4,1,1,23,2,1,1,2,1,1,1,1
4,435,930.0,300,truncated,2,12,0,2,930.0,0,3,2,1,0,4,0,8,2,2,0,4,2,2,0,2,2,4,8,2,2,5,4,2,2,4,2,2,2,2
4,436,1328.0,122,terminated,0,0,0,2,1328.0,1,1,0,1,0,2,0,4,0,2,0,2,0,2,0,2,2,2,4,0,2,17,2,0,2,2,0,2,0,2
4,437,1314.0,136,terminated,0,0,0,2,1314.0,1,2,0,2,1,2,1,5,0,2,1,3,0,2,1,3,2,2,4,0,2,14,2,0,2,2,0,2,0,2
4,438,1709.0,141,terminated,2,0,0,2,1709.0,1,3,2,1,0,4,0,8,2,2,0,4,2,2,0,2,2,4,8,2,2,4,4,2,2,4,2,2,2,2
4,439,1611.0,239,terminated,2,0,0,2,1611.0,1,2,1,1,0,3,0,7,2,2,0,4,2,2,0,2,2,3,7,2,2,0,4,2,2,4,2,2,2,2
4,440,564.0,236,terminated,2,5,1,2,564.0,0,0,0,0,1,4,1,9,2,2,1,5,2,2,1,3,2,4,8,2,2,0,4,2,2,4,2,2,2,2
4,441,1512.0,138,terminated,2,0,0,1,1512.0,1,3,2,1,1,3,1,7,2,1,1,4,2,1,1,2,1,3,6,2,1,8,3,2,1,3,2,1,2,1
4,442,1225.0,225,terminated,2,0,0,0,1225.0,1,2,2,0,1,2,1,5,2,0,1,3,2,0,1,1,0,2,4,2,0,17,2,2,0,2,2,0,2,0
4,443,1388.0,262,terminated,1,0,0,2,1388.0,1,2,1,1,0,3,0,6,1,2,0,3,1,2,0,2,2,3,6,1,2,4,3,1,2,3,1,2,1,2
4,444,1503.0,147,terminated,2,0,0,1,1503.0,1,2,2,0,1,2,1,6,2,1,1,4,2,1,1,2,1,2,5,2,1,10,3,2,1,3,2,1,2,1
4,445,1514.0,136,terminated,2,0,0,1,1514.0,1,1,1,0,0,2,0,5,2,1,0,3,2,1,0,1,1,2,5,2,1,0,3,2,1,3,2,1,2,1
4,446,1525.0,125,terminated,2,0,0,1,1525.0,1,1,1,0,0,3,0,6,2,1,0,3,2,1,0,1,1,3,6,2,1,0,3,2,1,3,2,1,2,1
4,447,1720.0,130,terminated,2,0,0,2,1720.0,1,1,1,0,1,4,1,9,2,2,1,5,2,2,1,3,2,4,8,2,2,1,4,2,2,4,2,2,2,2
4,448,1537.0,113,terminated,1,0,0,2,1537.0,1,1,0,1,1,3,1,7,1,2,1,4,1,2,1,3,2,3,6,1,2,8,3,1,2,3,1,2,1,2
4,449,369.0,251,terminated,2,3,1,1,369.0,0,3,2,1,1,3,1,7,2,1,1,4,2,1,1,2,1,3,6,2,1,19,3,2,1,3,2,1,2,1
4,450,613.0,77,terminated,2,16,1,2,613.0,0,3,1,2,0,4,0,8,2,2,0,4,2,2,0,2,2,4,8,2,2,6,4,2,2,4,2,2,2,2
4,451,1655.0,195,terminated,2,0,0,2,1655.0,1,3,1,2,0,3,0,7,2,2,0,4,2,2,0,2,2,3,7,2,2,5,4,2,2,4,2,2,2,2
4,452,611.0,79,terminated,2,16,1,2,611.0,0,4,2,2,1,3,1,8,2,2,1,5,2,2,1,3,2,3,7,2,2,1,4,2,2,4,2,2,2,2
4,453,1640.0,210,terminated,2,0,0,2,1640.0,1,2,1,1,0,4,0,8,2,2,0,4,2,2,0,2,2,4,8,2,2,0,4,2,2,4,2,2,2,2
4,454,1535.0,115,terminated,2,0,0,1,1535.0,1,0,0,0,0,3,0,6,2,1,0,3,2,1,0,1,1,3,6,2,1,17,3,2,1,3,2,1,2,1
4,455,22.0,18,terminated,1,41,1,1,22.0,0,0,0,0,1,0,1,3,1,1,1,3,1,1,1,2,1,0,2,1,1,0,2,1,1,2,1,1,1,1
4,456,1272.0,178,terminated,1,0,0,1,1272.0,1,1,0,1,0,2,0,4,1,1,0,2,1,1,0,1,1,2,4,1,1,17,2,1,1,2,1,1,1,1
4,457,1707.0,143,terminated,2,0,0,2,1707.0,1,2,0,2,0,4,0,8,2,2,0,4,2,2,0,2,2,4,8,2,2,0,4,2,2,4,2,2,2,2
4,458,-167.0,17,terminated,0,40,1,1,-167.0,0,0,0,0,0,1,0,2,0,1,0,1,0,1,0,1,1,1,2,0,1,1,1,0,1,1,0,1,0,1
4,459,1506.0,144,terminated,1,0,0,2,1506.0,1,1,0,1,0,3,0,6,1,2,0,3,1,2,0,2,2,3,6,1,2,8,3,1,2,3,1,2,1,2
4,460,1508.0,142,terminated,2,0,0,1,1508.0,1,3,2,1,1,2,1,6,2,1,1,4,2,1,1,2,1,2,5,2,1,16,3,2,1,3,2,1,2,1
4,461,1740.0,110,terminated,2,0,0,2,1740.0,1,1,1,0,1,4,1,9,2,2,1,5,2,2,1,3,2,4,8,2,2,0,4,2,2,4,2,2,2,2
4,462,1521.0,129,terminated,2,0,0,1,1521.0,1,1,1,0,1,3,1,7,2,1,1,4,2,1,1,2,1,3,6,2,1,19,3,2,1,3,2,1,2,1
4,463,1479.0,171,terminated,2,0,0,1,1479.0,1,3,2,1,1,3,1,7,2,1,1,4,2,1,1,2,1,3,6,2,1,8,3,2,1,3,2,1,2,1
4,464,1308.0,142,terminated,1,0,0,1,1308.0,1,0,0,0,1,2,1,5,1,1,1,3,1,1,1,2,1,2,4,1,1,15,2,1,1,2,1,1,1,1
4,465,-167.0,17,terminated,1,40,1,0,-167.0,0,0,0,0,0,1,0,2,1,0,0,1,1,0,0,0,0,1,2,1,0,1,1,1,0,1,1,0,1,0
4,466,1472.0,178,terminated,1,0,0,2,1472.0,1,2,1,1,0,3,0,6,1,2,0,3,1,2,0,2,2,3,6,1,2,14,3,1,2,3,1,2,1,2
4,467,79.0,41,terminated,2,33,1,0,79.0,0,1,1,0,0,2,0,4,2,0,0,2,2,0,0,0,0,2,4,2,0,16,2,2,0,2,2,0,2,0
4,468,1533.0,117,terminated,2,0,0,1,1533.0,1,1,1,0,1,3,1,7,2,1,1,4,2,1,1,2,1,3,6,2,1,11,3,2,1,3,2,1,2,1
4,469,1388.0,262,terminated,1,0,0,2,1388.0,1,1,0,1,1,2,1,6,1,2,1,4,1,2,1,3,2,2,5,1,2,0,3,1,2,3,1,2,1,2
4,470,1735.0,115,terminated,2,0,0,2,1735.0,1,2,1,1,1,3,1,8,2,2,1,5,2,2,1,3,2,3,7,2,2,0,4,2,2,4,2,2,2,2
4,471,414.0,96,terminated,1,14,1,2,414.0,0,3,1,2,1,3,1,7,1,2,1,4,1,2,1,3,2,3,6,1,2,15,3,1,2,3,1,2,1,2
4,472,289.0,51,terminated,2,31,1,1,289.0,0,1,1,0,0,3,0,6,2,1,0,3,2,1,0,1,1,3,6,2,1,15,3,2,1,3,2,1,2,1
4,473,1489.0,161,terminated,2,0,0,1,1489.0,1,2,2,0,1,3,1,7,2,1,1,4,2,1,1,2,1,3,6,2,1,16,3,2,1,3,2,1,2,1
4,474,1440.0,210,terminated,2,0,0,1,1440.0,1,2,1,1,1,3,1,7,2,1,1,4,2,1,1,2,1,3,6,2,1,22,3,2,1,3,2,1,2,1
4,475,498.0,132,terminated,2,2,1,1,498.0,0,1,1,0,1,2,1,6,2,1,1,4,2,1,1,2,1,2,5,2,1,14,3,2,1,3,2,1,2,1
4,476,1482.0,168,terminated,2,0,0,1,1482.0,1,1,1,0,0,2,0,5,2,1,0,3,2,1,0,1,1,2,5,2,1,0,3,2,1,3,2,1,2,1
4,477,1528.0,122,terminated,2,0,0,1,1528.0,1,1,0,1,0,3,0,6,2,1,0,3,2,1,0,1,1,3,6,2,1,1,3,2,1,3,2,1,2,1
4,478,366.0,104,terminated,1,18,1,2,366.0,0,1,0,1,1,3,1,7,1,2,1,4,1,2,1,3,2,3,6,1,2,27,3,1,2,3,1,2,1,2
4,479,1463.0,187,terminated,2,0,0,1,1463.0,1,2,1,1,1,1,1,5,2,1,1,4,2,1,1,2,1,1,4,2,1,10,3,2,1,3,2,1,2,1
4,480,1269.0,181,terminated,0,0,0,2,1269.0,1,1,0,1,0,1,0,3,0,2,0,2,0,2,0,2,2,1,3,0,2,17,2,0,2,2,0,2,0,2
4,481,497.0,133,terminated,1,2,1,2,497.0,0,0,0,0,1,2,1,6,1,2,1,4,1,2,1,3,2,2,5,1,2,0,3,1,2,3,1,2,1,2
4,482,1527.0,123,terminated,2,0,0,1,1527.0,1,2,1,1,1,2,1,6,2,1,1,4,2,1,1,2,1,2,5,2,1,3,3,2,1,3,2,1,2,1
4,483,287.0,53,terminated,1,31,1,2,287.0,0,0,0,0,1,2,1,6,1,2,1,4,1,2,1,3,2,2,5,1,2,15,3,1,2,3,1,2,1,2
4,484,1480.0,170,terminated,2,0,0,1,1480.0,1,3,2,1,1,3,1,7,2,1,1,4,2,1,1,2,1,3,6,2,1,8,3,2,1,3,2,1,2,1
4,485,423.0,87,terminated,1,14,1,2,423.0,0,0,0,0,0,3,0,6,1,2,0,3,1,2,0,2,2,3,6,1,2,15,3,1,2,3,1,2,1,2
4,486,1318.0,132,terminated,0,0,0,2,1318.0,1,1,0,1,1,2,1,5,0,2,1,3,0,2,1,3,2,2,4,0,2,16,2,0,2,2,0,2,0,2
4,487,1475.0,175,terminated,2,0,0,1,1475.0,1,2,1,1,0,1,0,4,2,1,0,3,2,1,0,1,1,1,4,2,1,18,3,2,1,3,2,1,2,1
4,488,1030.0,300,truncated,2,2,0,2,1030.0,0,4,2,2,1,3,1,8,2,2,1,5,2,2,1,3,2,3,7,2,2,1,4,2,2,4,2,2,2,2
4,489,1496.0,154,terminated,1,0,0,2,1496.0,1,1,0,1,1,2,1,6,1,2,1,4,1,2,1,3,2,2,5,1,2,15,3,1,2,3,1,2,1,2
4,490,1648.0,202,terminated,2,0,0,2,1648.0,1,1,1,0,1,3,1,8,2,2,1,5,2,2,1,3,2,3,7,2,2,4,4,2,2,4,2,2,2,2
4,491,1413.0,237,terminated,1,0,0,2,1413.0,1,3,1,2,1,3,1,7,1,2,1,4,1,2,1,3,2,3,6,1,2,15,3,1,2,3,1,2,1,2
4,492,1499.0,151,terminated,1,0,0,2,1499.0,1,3,1,2,1,2,1,6,1,2,1,4,1,2,1,3,2,2,5,1,2,15,3,1,2,3,1,2,1,2
4,493,399.0,131,terminated,1,12,1,2,399.0,0,2,0,2,0,3,0,6,1,2,0,3,1,2,0,2,2,3,6,1,2,3,3,1,2,3,1,2,1,2
4,494,1637.0,213,terminated,2,0,0,2,1637.0,1,3,1,2,1,4,1,9,2,2,1,5,2,2,1,3,2,4,8,2,2,2,4,2,2,4,2,2,2,2
4,495,1515.0,135,terminated,1,0,0,2,1515.0,1,3,1,2,1,3,1,7,1,2,1,4,1,2,1,3,2,3,6,1,2,15,3,1,2,3,1,2,1,2
4,496,1652.0,198,terminated,2,0,0,2,1652.0,1,2,1,1,1,3,1,8,2,2,1,5,2,2,1,3,2,3,7,2,2,8,4,2,2,4,2,2,2,2
4,497,1510.0,140,terminated,2,0,0,1,1510.0,1,3,2,1,1,3,1,7,2,1,1,4,2,1,1,2,1,3,6,2,1,15,3,2,1,3,2,1,2,1
4,498,1315.0,135,terminated,1,0,0,1,1315.0,1,1,0,1,1,2,1,5,1,1,1,3,1,1,1,2,1,2,4,1,1,15,2,1,1,2,1,1,1,1
4,499,358.0,192,terminated,1,10,1,2,358.0,0,3,1,2,1,3,1,7,1,2,1,4,1,2,1,3,2,3,6,1,2,5,3,1,2,3,1,2,1,2
4,500,1458.0,192,terminated,2,0,0,1,1458.0,1,3,2,1,1,3,1,7,2,1,1,4,2,1,1,2,1,3,6,2,1,4,3,2,1,3,2,1,2,1
4,501,1452.0,198,terminated,1,0,0,2,1452.0,1,1,0,1,1,3,1,7,1,2,1,4,1,2,1,3,2,3,6,1,2,21,3,1,2,3,1,2,1,2
4,502,1551.0,99,terminated,2,0,0,1,1551.0,1,1,1,0,1,2,1,6,2,1,1,4,2,1,1,2,1,2,5,2,1,9,3,2,1,3,2,1,2,1
4,503,506.0,114,terminated,2,3,1,1,506.0,0,1,1,0,1,3,1,7,2,1,1,4,2,1,1,2,1,3,6,2,1,27,3,2,1,3,2,1,2,1
4,504,1728.0,122,terminated,2,0,0,2,1728.0,1,1,0,1,0,4,0,8,2,2,0,4,2,2,0,2,2,4,8,2,2,6,4,2,2,4,2,2,2,2
4,505,1739.0,111,terminated,2,0,0,2,1739.0,1,3,1,2,1,4,1,9,2,2,1,5,2,2,1,3,2,4,8,2,2,3,4,2,2,4,2,2,2,2
4,506,1682.0,168,terminated,2,0,0,2,1682.0,1,2,1,1,1,4,1,9,2,2,1,5,2,2,1,3,2,4,8,2,2,1,4,2,2,4,2,2,2,2
4,507,-170.0,20,terminated,1,40,1,0,-170.0,0,0,0,0,0,1,0,2,1,0,0,1,1,0,0,0,0,1,2,1,0,1,1,1,0,1,1,0,1,0
4,508,1462.0,188,terminated,2,0,0,1,1462.0,1,2,1,1,1,3,1,7,2,1,1,4,2,1,1,2,1,3,6,2,1,13,3,2,1,3,2,1,2,1
4,509,1528.0,122,terminated,2,0,0,1,1528.0,1,2,1,1,1,3,1,7,2,1,1,4,2,1,1,2,1,3,6,2,1,14,3,2,1,3,2,1,2,1
4,510,1315.0,135,terminated,1,0,0,1,1315.0,1,1,0,1,1,1,1,4,1,1,1,3,1,1,1,2,1,1,3,1,1,19,2,1,1,2,1,1,1,1
4,511,1753.0,97,terminated,2,0,0,2,1753.0,1,1,1,0,1,2,1,7,2,2,1,5,2,2,1,3,2,2,6,2,2,4,4,2,2,4,2,2,2,2
4,512,-167.0,17,terminated,1,40,1,0,-167.0,0,0,0,0,0,1,0,2,1,0,0,1,1,0,0,0,0,1,2,1,0,1,1,1,0,1,1,0,1,0
4,513,632.0,78,terminated,2,14,1,2,632.0,0,3,1,2,1,4,1,9,2,2,1,5,2,2,1,3,2,4,8,2,2,0,4,2,2,4,2,2,2,2
4,514,1224.0,226,terminated,1,0,0,1,1224.0,1,0,0,0,1,2,1,5,1,1,1,3,1,1,1,2,1,2,4,1,1,17,2,1,1,2,1,1,1,1
4,515,1523.0,127,terminated,1,0,0,2,1523.0,1,2,1,1,1,2,1,6,1,2,1,4,1,2,1,3,2,2,5,1,2,19,3,1,2,3,1,2,1,2
4,516,1322.0,128,terminated,1,0,0,1,1322.0,1,0,0,0,1,1,1,4,1,1,1,3,1,1,1,2,1,1,3,1,1,20,2,1,1,2,1,1,1,1
4,517,-170.0,20,terminated,0,40,1,1,-170.0,0,0,0,0,1,1,1,3,0,1,1,2,0,1,1,2,1,1,2,0,1,1,1,0,1,1,0,1,0,1
4,518,1744.0,106,terminated,2,0,0,2,1744.0,1,2,1,1,1,3,1,8,2,2,1,5,2,2,1,3,2,3,7,2,2,0,4,2,2,4,2,2,2,2
4,519,1341.0,109,terminated,2,0,0,0,1341.0,1,2,2,0,1,2,1,5,2,0,1,3,2,0,1,1,0,2,4,2,0,15,2,2,0,2,2,0,2,0
4,520,1678.0,172,terminated,2,0,0,2,1678.0,1,2,2,0,0,3,0,7,2,2,0,4,2,2,0,2,2,3,7,2,2,2,4,2,2,4,2,2,2,2
4,521,-171.0,21,terminated,0,40,1,1,-171.0,0,0,0,0,1,1,1,3,0,1,1,2,0,1,1,2,1,1,2,0,1,1,1,0,1,1,0,1,0,1
4,522,1462.0,188,terminated,2,0,0,1,1462.0,1,3,2,1,1,3,1,7,2,1,1,4,2,1,1,2,1,3,6,2,1,7,3,2,1,3,2,1,2,1
4,523,1747.0,103,terminated,2,0,0,2,1747.0,1,2,1,1,1,4,1,9,2,2,1,5,2,2,1,3,2,4,8,2,2,14,4,2,2,4,2,2,2,2
4,524,1501.0,149,terminated,2,0,0,1,1501.0,1,2,1,1,1,3,1,7,2,1,1,4,2,1,1,2,1,3,6,2,1,20,3,2,1,3,2,1,2,1
4,525,665.0,175,terminated,2,1,1,2,665.0,0,3,1,2,1,4,1,9,2,2,1,5,2,2,1,3,2,4,8,2,2,3,4,2,2,4,2,2,2,2
4,526,1072.0,178,terminated,0,0,0,1,1072.0,1,0,0,0,1,1,1,3,0,1,1,2,0,1,1,2,1,1,2,0,1,16,1,0,1,1,0,1,0,1
4,527,1471.0,179,terminated,2,0,0,1,1471.0,1,2,1,1,0,3,0,6,2,1,0,3,2,1,0,1,1,3,6,2,1,15,3,2,1,3,2,1,2,1
4,528,1514.0,136,terminated,1,0,0,2,1514.0,1,1,0,1,1,2,1,6,1,2,1,4,1,2,1,3,2,2,5,1,2,0,3,1,2,3,1,2,1,2
4,529,1490.0,160,terminated,1,0,0,2,1490.0,1,2,1,1,1,3,1,7,1,2,1,4,1,2,1,3,2,3,6,1,2,16,3,1,2,3,1,2,1,2
4,530,517.0,63,terminated,2,27,1,2,517.0,0,3,1,2,1,4,1,9,2,2,1,5,2,2,1,3,2,4,8,2,2,8,4,2,2,4,2,2,2,2
4,531,104.0,116,terminated,1,3,1,0,104.0,0,1,1,0,1,1,1,3,1,0,1,2,1,0,1,1,0,1,2,1,0,17,1,1,0,1,1,0,1,0
4,532,1719.0,131,terminated,2,0,0,2,1719.0,1,2,1,1,1,3,1,8,2,2,1,5,2,2,1,3,2,3,7,2,2,0,4,2,2,4,2,2,2,2
4,533,1619.0,231,terminated,2,0,0,2,1619.0,1,3,1,2,1,4,1,9,2,2,1,5,2,2,1,3,2,4,8,2,2,10,4,2,2,4,2,2,2,2
4,534,-94.0,74,terminated,0,27,1,1,-94.0,0,0,0,0,1,1,1,3,0,1,1,2,0,1,1,2,1,1,2,0,1,1,1,0,1,1,0,1,0,1
4,535,1257.0,193,terminated,2,0,0,0,1257.0,1,2,2,0,1,2,1,5,2,0,1,3,2,0,1,1,0,2,4,2,0,27,2,2,0,2,2,0,2,0
4,536,259.0,181,terminated,1,1,1,1,259.0,0,2,1,1,1,2,1,5,1,1,1,3,1,1,1,2,1,2,4,1,1,15,2,1,1,2,1,1,1,1
4,537,1514.0,136,terminated,1,0,0,2,1514.0,1,2,1,1,1,2,1,6,1,2,1,4,1,2,1,3,2,2,5,1,2,4,3,1,2,3,1,2,1,2
4,538,479.0,131,terminated,1,4,1,2,479.0,0,1,0,1,1,3,1,7,1,2,1,4,1,2,1,3,2,3,6,1,2,0,3,1,2,3,1,2,1,2
4,539,1474.0,176,terminated,1,0,0,2,1474.0,1,2,1,1,1,3,1,7,1,2,1,4,1,2,1,3,2,3,6,1,2,26,3,1,2,3,1,2,1,2
4,540,1722.0,128,terminated,2,0,0,2,1722.0,1,3,1,2,1,4,1,9,2,2,1,5,2,2,1,3,2,4,8,2,2,4,4,2,2,4,2,2,2,2
4,541,1643.0,207,terminated,2,0,0,2,1643.0,1,1,0,1,0,3,0,7,2,2,0,4,2,2,0,2,2,3,7,2,2,0,4,2,2,4,2,2,2,2
4,542,1711.0,139,terminated,2,0,0,2,1711.0,1,2,1,1,0,4,0,8,2,2,0,4,2,2,0,2,2,4,8,2,2,0,4,2,2,4,2,2,2,2
4,543,1321.0,129,terminated,2,0,0,0,1321.0,1,2,2,0,1,2,1,5,2,0,1,3,2,0,1,1,0,2,4,2,0,22,2,2,0,2,2,0,2,0
4,544,683.0,147,terminated,2,2,1,2,683.0,0,2,1,1,1,4,1,9,2,2,1,5,2,2,1,3,2,4,8,2,2,2,4,2,2,4,2,2,2,2
4,545,1520.0,130,terminated,2,0,0,1,1520.0,1,1,1,0,0,3,0,6,2,1,0,3,2,1,0,1,1,3,6,2,1,0,3,2,1,3,2,1,2,1
4,546,290.0,150,terminated,1,1,1,1,290.0,0,1,0,1,0,2,0,4,1,1,0,2,1,1,0,1,1,2,4,1,1,13,2,1,1,2,1,1,1,1
4,547,1540.0,110,terminated,1,0,0,2,1540.0,1,1,0,1,1,2,1,6,1,2,1,4,1,2,1,3,2,2,5,1,2,0,3,1,2,3,1,2,1,2
4,548,97.0,103,terminated,2,25,1,0,97.0,0,0,0,0,0,2,0,4,2,0,0,2,2,0,0,0,0,2,4,2,0,15,2,2,0,2,2,0,2,0
4,549,1713.0,137,terminated,2,0,0,2,1713.0,1,2,0,2,1,3,1,8,2,2,1,5,2,2,1,3,2,3,7,2,2,15,4,2,2,4,2,2,2,2
4,550,1556.0,94,terminated,1,0,0,2,1556.0,1,3,1,2,1,3,1,7,1,2,1,4,1,2,1,3,2,3,6,1,2,6,3,1,2,3,1,2,1,2
4,551,1264.0,186,terminated,1,0,0,1,1264.0,1,1,1,0,0,2,0,4,1,1,0,2,1,1,0,1,1,2,4,1,1,14,2,1,1,2,1,1,1,1
4,552,124.0,76,terminated,1,25,1,1,124.0,0,2,1,1,1,2,1,5,1,1,1,3,1,1,1,2,1,2,4,1,1,8,2,1,1,2,1,1,1,1
4,553,1731.0,119,terminated,2,0,0,2,1731.0,1,2,1,1,1,4,1,9,2,2,1,5,2,2,1,3,2,4,8,2,2,0,4,2,2,4,2,2,2,2
4,554,342.0,68,terminated,2,24,1,1,342.0,0,3,2,1,1,2,1,6,2,1,1,4,2,1,1,2,1,2,5,2,1,15,3,2,1,3,2,1,2,1
4,555,1410.0,240,terminated,2,0,0,1,1410.0,1,2,1,1,0,2,0,5,2,1,0,3,2,1,0,1,1,2,5,2,1,17,3,2,1,3,2,1,2,1
4,556,684.0,136,terminated,2,3,1,2,684.0,0,2,1,1,1,4,1,9,2,2,1,5,2,2,1,3,2,4,8,2,2,0,4,2,2,4,2,2,2,2
4,557,1724.0,126,terminated,2,0,0,2,1724.0,1,1,0,1,0,3,0,7,2,2,0,4,2,2,0,2,2,3,7,2,2,0,4,2,2,4,2,2,2,2
4,558,1333.0,117,terminated,1,0,0,1,1333.0,1,2,1,1,1,2,1,5,1,1,1,3,1,1,1,2,1,2,4,1,1,14,2,1,1,2,1,1,1,1
4,559,1514.0,136,terminated,2,0,0,1,1514.0,1,1,1,0,0,3,0,6,2,1,0,3,2,1,0,1,1,3,6,2,1,3,3,2,1,3,2,1,2,1
4,560,79.0,51,terminated,1,32,1,1,79.0,0,1,1,0,0,1,0,3,1,1,0,2,1,1,0,1,1,1,3,1,1,19,2,1,1,2,1,1,1,1
4,561,1507.0,143,terminated,2,0,0,1,1507.0,1,2,2,0,1,3,1,7,2,1,1,4,2,1,1,2,1,3,6,2,1,9,3,2,1,3,2,1,2,1
4,562,1481.0,169,terminated,1,0,0,2,1481.0,1,2,1,1,1,2,1,6,1,2,1,4,1,2,1,3,2,2,5,1,2,20,3,1,2,3,1,2,1,2
4,563,1308.0,142,terminated,1,0,0,1,1308.0,1,2,1,1,1,2,1,5,1,1,1,3,1,1,1,2,1,2,4,1,1,9,2,1,1,2,1,1,1,1
4,564,1511.0,139,terminated,1,0,0,2,1511.0,1,1,1,0,0,3,0,6,1,2,0,3,1,2,0,2,2,3,6,1,2,36,3,1,2,3,1,2,1,2
4,565,420.0,90,terminated,2,14,1,1,420.0,0,1,1,0,1,3,1,7,2,1,1,4,2,1,1,2,1,3,6,2,1,10,3,2,1,3,2,1,2,1
4,566,1434.0,216,terminated,2,0,0,1,1434.0,1,2,1,1,1,3,1,7,2,1,1,4,2,1,1,2,1,3,6,2,1,14,3,2,1,3,2,1,2,1
4,567,1280.0,170,terminated,2,0,0,0,1280.0,1,1,1,0,0,2,0,4,2,0,0,2,2,0,0,0,0,2,4,2,0,13,2,2,0,2,2,0,2,0
4,568,58.0,172,terminated,0,2,1,1,58.0,0,0,0,0,0,1,0,2,0,1,0,1,0,1,0,1,1,1,2,0,1,8,1,0,1,1,0,1,0,1
4,569,372.0,158,terminated,1,12,1,2,372.0,0,2,1,1,1,2,1,6,1,2,1,4,1,2,1,3,2,2,5,1,2,4,3,1,2,3,1,2,1,2
4,570,1533.0,117,terminated,1,0,0,2,1533.0,1,1,0,1,1,2,1,6,1,2,1,4,1,2,1,3,2,2,5,1,2,9,3,1,2,3,1,2,1,2
4,571,400.0,130,terminated,1,12,1,2,400.0,0,1,0,1,1,2,1,6,1,2,1,4,1,2,1,3,2,2,5,1,2,18,3,1,2,3,1,2,1,2
4,572,1490.0,160,terminated,1,0,0,2,1490.0,1,2,1,1,1,2,1,6,1,2,1,4,1,2,1,3,2,2,5,1,2,20,3,1,2,3,1,2,1,2
4,573,428.0,202,terminated,2,2,1,1,428.0,0,1,1,0,0,3,0,6,2,1,0,3,2,1,0,1,1,3,6,2,1,0,3,2,1,3,2,1,2,1
4,574,1739.0,111,terminated,2,0,0,2,1739.0,1,1,0,1,0,4,0,8,2,2,0,4,2,2,0,2,2,4,8,2,2,0,4,2,2,4,2,2,2,2
4,575,1728.0,122,terminated,2,0,0,2,1728.0,1,3,2,1,0,3,0,7,2,2,0,4,2,2,0,2,2,3,7,2,2,3,4,2,2,4,2,2,2,2
4,576,349.0,111,terminated,2,19,1,1,349.0,0,1,1,0,1,2,1,6,2,1,1,4,2,1,1,2,1,2,5,2,1,0,3,2,1,3,2,1,2,1
4,577,1508.0,142,terminated,2,0,0,1,1508.0,1,2,2,0,1,3,1,7,2,1,1,4,2,1,1,2,1,3,6,2,1,8,3,2,1,3,2,1,2,1
4,578,298.0,42,terminated,2,31,1,1,298.0,0,2,1,1,1,1,1,5,2,1,1,4,2,1,1,2,1,1,4,2,1,16,3,2,1,3,2,1,2,1
4,579,1483.0,167,terminated,2,0,0,1,1483.0,1,1,1,0,1,2,1,6,2,1,1,4,2,1,1,2,1,2,5,2,1,20,3,2,1,3,2,1,2,1
4,580,1549.0,101,terminated,1,0,0,2,1549.0,1,0,0,0,1,2,1,6,1,2,1,4,1,2,1,3,2,2,5,1,2,0,3,1,2,3,1,2,1,2
4,581,1550.0,100,terminated,2,0,0,1,1550.0,1,0,0,0,1,3,1,7,2,1,1,4,2,1,1,2,1,3,6,2,1,12,3,2,1,3,2,1,2,1
4,582,1304.0,146,terminated,1,0,0,1,1304.0,1,0,0,0,1,2,1,5,1,1,1,3,1,1,1,2,1,2,4,1,1,22,2,1,1,2,1,1,1,1
4,583,1714.0,136,terminated,2,0,0,2,1714.0,1,2,1,1,1,3,1,8,2,2,1,5,2,2,1,3,2,3,7,2,2,2,4,2,2,4,2,2,2,2
4,584,376.0,94,terminated,2,18,1,1,376.0,0,1,0,1,0,3,0,6,2,1,0,3,2,1,0,1,1,3,6,2,1,17,3,2,1,3,2,1,2,1
4,585,1317.0,133,terminated,0,0,0,2,1317.0,1,2,0,2,1,2,1,5,0,2,1,3,0,2,1,3,2,2,4,0,2,15,2,0,2,2,0,2,0,2
4,586,-178.0,18,terminated,1,41,1,0,-178.0,0,0,0,0,1,0,1,2,1,0,1,2,1,0,1,1,0,0,1,1,0,0,1,1,0,1,1,0,1,0
4,587,215.0,75,terminated,2,16,1,0,215.0,0,0,0,0,1,2,1,5,2,0,1,3,2,0,1,1,0,2,4,2,0,15,2,2,0,2,2,0,2,0
4,588,1277.0,173,terminated,2,0,0,0,1277.0,1,1,1,0,1,2,1,5,2,0,1,3,2,0,1,1,0,2,4,2,0,16,2,2,0,2,2,0,2,0
4,589,433.0,127,terminated,2,9,1,1,433.0,0,2,2,0,1,3,1,7,2,1,1,4,2,1,1,2,1,3,6,2,1,8,3,2,1,3,2,1,2,1
4,590,22.0,18,terminated,1,41,1,1,22.0,0,0,0,0,1,0,1,3,1,1,1,3,1,1,1,2,1,0,2,1,1,0,2,1,1,2,1,1,1,1
4,591,1711.0,139,terminated,2,0,0,2,1711.0,1,2,0,2,1,4,1,9,2,2,1,5,2,2,1,3,2,4,8,2,2,6,4,2,2,4,2,2,2,2
4,592,1324.0,126,terminated,2,0,0,0,1324.0,1,1,1,0,1,1,1,4,2,0,1,3,2,0,1,1,0,1,3,2,0,21,2,2,0,2,2,0,2,0
4,593,1523.0,127,terminated,2,0,0,1,1523.0,1,1,0,1,1,3,1,7,2,1,1,4,2,1,1,2,1,3,6,2,1,15,3,2,1,3,2,1,2,1
4,594,1642.0,208,terminated,2,0,0,2,1642.0,1,4,2,2,1,3,1,8,2,2,1,5,2,2,1,3,2,3,7,2,2,1,4,2,2,4,2,2,2,2
4,595,1557.0,93,terminated,1,0,0,2,1557.0,1,2,1,1,1,3,1,7,1,2,1,4,1,2,1,3,2,3,6,1,2,9,3,1,2,3,1,2,1,2
4,596,-186.0,16,terminated,1,42,1,0,-186.0,0,0,0,0,0,1,0,2,1,0,0,1,1,0,0,0,0,1,2,1,0,0,1,1,0,1,1,0,1,0
4,597,649.0,111,terminated,2,9,1,2,649.0,0,2,1,1,1,3,1,8,2,2,1,5,2,2,1,3,2,3,7,2,2,0,4,2,2,4,2,2,2,2
4,598,1420.0,230,terminated,2,0,0,1,1420.0,1,1,1,0,1,1,1,5,2,1,1,4,2,1,1,2,1,1,4,2,1,3,3,2,1,3,2,1,2,1
4,599,-179.0,19,terminated,0,41,1,1,-179.0,0,0,0,0,0,1,0,2,0,1,0,1,0,1,0,1,1,1,2,0,1,0,1,0,1,1,0,1,0,1
4,600,214.0,126,terminated,1,11,1,1,214.0,0,2,1,1,1,1,1,4,1,1,1,3,1,1,1,2,1,1,3,1,1,15,2,1,1,2,1,1,1,1
4,601,1478.0,172,terminated,1,0,0,2,1478.0,1,2,0,2,0,3,0,6,1,2,0,3,1,2,0,2,2,3,6,1,2,6,3,1,2,3,1,2,1,2
4,602,592.0,118,terminated,2,14,1,2,592.0,0,0,0,0,0,4,0,8,2,2,0,4,2,2,0,2,2,4,8,2,2,0,4,2,2,4,2,2,2,2
4,603,1474.0,176,terminated,2,0,0,1,1474.0,1,2,1,1,1,3,1,7,2,1,1,4,2,1,1,2,1,3,6,2,1,0,3,2,1,3,2,1,2,1
4,604,1312.0,138,terminated,2,0,0,0,1312.0,1,1,1,0,1,1,1,4,2,0,1,3,2,0,1,1,0,1,3,2,0,15,2,2,0,2,2,0,2,0
4,605,588.0,92,terminated,2,17,1,2,588.0,0,2,1,1,0,4,0,8,2,2,0,4,2,2,0,2,2,4,8,2,2,2,4,2,2,4,2,2,2,2
4,606,1513.0,137,terminated,1,0,0,2,1513.0,1,1,0,1,1,3,1,7,1,2,1,4,1,2,1,3,2,3,6,1,2,2,3,1,2,3,1,2,1,2
4,607,337.0,193,terminated,2,12,1,1,337.0,0,1,1,0,1,2,1,6,2,1,1,4,2,1,1,2,1,2,5,2,1,11,3,2,1,3,2,1,2,1
4,608,1711.0,139,terminated,2,0,0,2,1711.0,1,3,1,2,0,4,0,8,2,2,0,4,2,2,0,2,2,4,8,2,2,0,4,2,2,4,2,2,2,2
4,609,1540.0,110,terminated,1,0,0,2,1540.0,1,1,0,1,1,3,1,7,1,2,1,4,1,2,1,3,2,3,6,1,2,9,3,1,2,3,1,2,1,2
4,610,1702.0,148,terminated,2,0,0,2,1702.0,1,1,1,0,1,4,1,9,2,2,1,5,2,2,1,3,2,4,8,2,2,4,4,2,2,4,2,2,2,2
4,611,1255.0,195,terminated,1,0,0,1,1255.0,1,2,1,1,1,2,1,5,1,1,1,3,1,1,1,2,1,2,4,1,1,9,2,1,1,2,1,1,1,1
4,612,1712.0,138,terminated,2,0,0,2,1712.0,1,2,1,1,0,4,0,8,2,2,0,4,2,2,0,2,2,4,8,2,2,0,4,2,2,4,2,2,2,2
4,613,1311.0,139,terminated,2,0,0,0,1311.0,1,1,1,0,0,2,0,4,2,0,0,2,2,0,0,0,0,2,4,2,0,13,2,2,0,2,2,0,2,0
4,614,1303.0,147,terminated,1,0,0,1,1303.0,1,1,0,1,1,2,1,5,1,1,1,3,1,1,1,2,1,2,4,1,1,17,2,1,1,2,1,1,1,1
4,615,1278.0,172,terminated,1,0,0,1,1278.0,1,2,1,1,1,2,1,5,1,1,1,3,1,1,1,2,1,2,4,1,1,15,2,1,1,2,1,1,1,1
4,616,225.0,205,terminated,1,2,1,1,225.0,0,0,0,0,1,2,1,5,1,1,1,3,1,1,1,2,1,2,4,1,1,15,2,1,1,2,1,1,1,1
4,617,1249.0,201,terminated,2,0,0,0,1249.0,1,1,1,0,1,2,1,5,2,0,1,3,2,0,1,1,0,2,4,2,0,14,2,2,0,2,2,0,2,0
4,618,1491.0,159,terminated,2,0,0,1,1491.0,1,1,0,1,1,3,1,7,2,1,1,4,2,1,1,2,1,3,6,2,1,16,3,2,1,3,2,1,2,1
4,619,1742.0,108,terminated,2,0,0,2,1742.0,1,2,1,1,1,3,1,8,2,2,1,5,2,2,1,3,2,3,7,2,2,0,4,2,2,4,2,2,2,2
4,620,1317.0,133,terminated,1,0,0,1,1317.0,1,1,1,0,0,2,0,4,1,1,0,2,1,1,0,1,1,2,4,1,1,17,2,1,1,2,1,1,1,1
4,621,1443.0,207,terminated,2,0,0,1,1443.0,1,1,1,0,0,3,0,6,2,1,0,3,2,1,0,1,1,3,6,2,1,0,3,2,1,3,2,1,2,1
4,622,1486.0,164,terminated,1,0,0,2,1486.0,1,1,0,1,1,2,1,6,1,2,1,4,1,2,1,3,2,2,5,1,2,0,3,1,2,3,1,2,1,2
4,623,1521.0,129,terminated,1,0,0,2,1521.0,1,2,0,2,1,3,1,7,1,2,1,4,1,2,1,3,2,3,6,1,2,16,3,1,2,3,1,2,1,2
4,624,1649.0,201,terminated,2,0,0,2,1649.0,1,2,1,1,1,3,1,8,2,2,1,5,2,2,1,3,2,3,7,2,2,0,4,2,2,4,2,2,2,2
4,625,1701.0,149,terminated,2,0,0,2,1701.0,1,1,0,1,1,3,1,8,2,2,1,5,2,2,1,3,2,3,7,2,2,0,4,2,2,4,2,2,2,2
4,626,333.0,47,terminated,2,27,1,1,333.0,0,3,2,1,1,3,1,7,2,1,1,4,2,1,1,2,1,3,6,2,1,7,3,2,1,3,2,1,2,1
4,627,1515.0,135,terminated,2,0,0,1,1515.0,1,2,1,1,0,3,0,6,2,1,0,3,2,1,0,1,1,3,6,2,1,13,3,2,1,3,2,1,2,1
4,628,1723.0,127,terminated,2,0,0,2,1723.0,1,2,0,2,1,4,1,9,2,2,1,5,2,2,1,3,2,4,8,2,2,0,4,2,2,4,2,2,2,2
4,629,1714.0,136,terminated,2,0,0,2,1714.0,1,1,1,0,0,3,0,7,2,2,0,4,2,2,0,2,2,3,7,2,2,0,4,2,2,4,2,2,2,2
4,630,1477.0,173,terminated,1,0,0,2,1477.0,1,1,0,1,1,3,1,7,1,2,1,4,1,2,1,3,2,3,6,1,2,15,3,1,2,3,1,2,1,2
4,631,-167.0,17,terminated,0,40,1,1,-167.0,0,0,0,0,0,1,0,2,0,1,0,1,0,1,0,1,1,1,2,0,1,1,1,0,1,1,0,1,0,1
4,632,219.0,131,terminated,2,10,1,0,219.0,0,1,1,0,1,2,1,5,2,0,1,3,2,0,1,1,0,2,4,2,0,18,2,2,0,2,2,0,2,0
4,633,1508.0,142,terminated,2,0,0,1,1508.0,1,3,2,1,1,2,1,6,2,1,1,4,2,1,1,2,1,2,5,2,1,0,3,2,1,3,2,1,2,1
4,634,638.0,162,terminated,2,5,1,2,638.0,0,3,2,1,1,3,1,8,2,2,1,5,2,2,1,3,2,3,7,2,2,5,4,2,2,4,2,2,2,2
4,635,1663.0,187,terminated,2,0,0,2,1663.0,1,1,0,1,0,4,0,8,2,2,0,4,2,2,0,2,2,4,8,2,2,2,4,2,2,4,2,2,2,2
4,636,457.0,163,terminated,1,3,1,2,457.0,0,2,1,1,0,3,0,6,1,2,0,3,1,2,0,2,2,3,6,1,2,13,3,1,2,3,1,2,1,2
4,637,1506.0,144,terminated,1,0,0,2,1506.0,1,0,0,0,1,3,1,7,1,2,1,4,1,2,1,3,2,3,6,1,2,15,3,1,2,3,1,2,1,2
4,638,1225.0,225,terminated,1,0,0,1,1225.0,1,2,1,1,1,2,1,5,1,1,1,3,1,1,1,2,1,2,4,1,1,13,2,1,1,2,1,1,1,1
4,639,1727.0,123,terminated,2,0,0,2,1727.0,1,1,1,0,1,4,1,9,2,2,1,5,2,2,1,3,2,4,8,2,2,0,4,2,2,4,2,2,2,2
4,640,1478.0,172,terminated,1,0,0,2,1478.0,1,1,0,1,1,3,1,7,1,2,1,4,1,2,1,3,2,3,6,1,2,17,3,1,2,3,1,2,1,2
4,641,415.0,125,terminated,1,11,1,2,415.0,0,0,0,0,1,3,1,7,1,2,1,4,1,2,1,3,2,3,6,1,2,23,3,1,2,3,1,2,1,2
4,642,1717.0,133,terminated,2,0,0,2,1717.0,1,3,1,2,0,4,0,8,2,2,0,4,2,2,0,2,2,4,8,2,2,3,4,2,2,4,2,2,2,2
4,643,1523.0,127,terminated,2,0,0,1,1523.0,1,1,0,1,1,3,1,7,2,1,1,4,2,1,1,2,1,3,6,2,1,14,3,2,1,3,2,1,2,1
4,644,645.0,75,terminated,2,13,1,2,645.0,0,4,2,2,1,4,1,9,2,2,1,5,2,2,1,3,2,4,8,2,2,5,4,2,2,4,2,2,2,2
4,645,421.0,159,terminated,2,7,1,1,421.0,0,0,0,0,0,3,0,6,2,1,0,3,2,1,0,1,1,3,6,2,1,17,3,2,1,3,2,1,2,1
4,646,1414.0,236,terminated,1,0,0,2,1414.0,1,2,1,1,1,3,1,7,1,2,1,4,1,2,1,3,2,3,6,1,2,10,3,1,2,3,1,2,1,2
4,647,1532.0,118,terminated,1,0,0,2,1532.0,1,3,1,2,1,2,1,6,1,2,1,4,1,2,1,3,2,2,5,1,2,15,3,1,2,3,1,2,1,2
4,648,185.0,125,terminated,0,14,1,2,185.0,0,1,0,1,1,2,1,5,0,2,1,3,0,2,1,3,2,2,4,0,2,13,2,0,2,2,0,2,0,2
4,649,1709.0,141,terminated,2,0,0,2,1709.0,1,3,1,2,1,4,1,9,2,2,1,5,2,2,1,3,2,4,8,2,2,9,4,2,2,4,2,2,2,2
4,650,283.0,37,terminated,1,33,1,2,283.0,0,3,1,2,1,1,1,5,1,2,1,4,1,2,1,3,2,1,4,1,2,21,3,1,2,3,1,2,1,2
4,651,1449.0,201,terminated,1,0,0,2,1449.0,1,1,0,1,1,2,1,6,1,2,1,4,1,2,1,3,2,2,5,1,2,9,3,1,2,3,1,2,1,2
4,652,1719.0,131,terminated,2,0,0,2,1719.0,1,2,1,1,1,3,1,8,2,2,1,5,2,2,1,3,2,3,7,2,2,0,4,2,2,4,2,2,2,2
4,653,1719.0,131,terminated,2,0,0,2,1719.0,1,1,0,1,0,3,0,7,2,2,0,4,2,2,0,2,2,3,7,2,2,0,4,2,2,4,2,2,2,2
4,654,1462.0,188,terminated,2,0,0,1,1462.0,1,3,2,1,1,2,1,6,2,1,1,4,2,1,1,2,1,2,5,2,1,7,3,2,1,3,2,1,2,1
4,655,83.0,47,terminated,1,32,1,1,83.0,0,1,0,1,1,1,1,4,1,1,1,3,1,1,1,2,1,1,3,1,1,9,2,1,1,2,1,1,1,1
4,656,171.0,159,terminated,0,12,1,2,171.0,0,2,0,2,1,2,1,5,0,2,1,3,0,2,1,3,2,2,4,0,2,18,2,0,2,2,0,2,0,2
4,657,393.0,87,terminated,1,17,1,2,393.0,0,1,0,1,1,2,1,6,1,2,1,4,1,2,1,3,2,2,5,1,2,0,3,1,2,3,1,2,1,2
4,658,1592.0,258,terminated,2,0,0,2,1592.0,1,3,1,2,1,3,1,8,2,2,1,5,2,2,1,3,2,3,7,2,2,0,4,2,2,4,2,2,2,2
4,659,1460.0,190,terminated,2,0,0,1,1460.0,1,0,0,0,0,2,0,5,2,1,0,3,2,1,0,1,1,2,5,2,1,0,3,2,1,3,2,1,2,1
4,660,1324.0,126,terminated,0,0,0,2,1324.0,1,1,0,1,1,2,1,5,0,2,1,3,0,2,1,3,2,2,4,0,2,16,2,0,2,2,0,2,0,2
4,661,1335.0,115,terminated,1,0,0,1,1335.0,1,0,0,0,1,2,1,5,1,1,1,3,1,1,1,2,1,2,4,1,1,20,2,1,1,2,1,1,1,1
4,662,1476.0,174,terminated,1,0,0,2,1476.0,1,2,0,2,1,3,1,7,1,2,1,4,1,2,1,3,2,3,6,1,2,18,3,1,2,3,1,2,1,2
4,663,1307.0,143,terminated,2,0,0,0,1307.0,1,1,1,0,0,2,0,4,2,0,0,2,2,0,0,0,0,2,4,2,0,14,2,2,0,2,2,0,2,0
4,664,1123.0,127,terminated,0,0,0,1,1123.0,1,1,0,1,1,1,1,3,0,1,1,2,0,1,1,2,1,1,2,0,1,22,1,0,1,1,0,1,0,1
4,665,1420.0,230,terminated,2,0,0,1,1420.0,1,3,2,1,1,3,1,7,2,1,1,4,2,1,1,2,1,3,6,2,1,14,3,2,1,3,2,1,2,1
4,666,1649.0,201,terminated,2,0,0,2,1649.0,1,3,1,2,1,4,1,9,2,2,1,5,2,2,1,3,2,4,8,2,2,8,4,2,2,4,2,2,2,2
4,667,1423.0,227,terminated,1,0,0,2,1423.0,1,2,0,2,1,3,1,7,1,2,1,4,1,2,1,3,2,3,6,1,2,13,3,1,2,3,1,2,1,2
4,668,1514.0,136,terminated,1,0,0,2,1514.0,1,2,1,1,0,3,0,6,1,2,0,3,1,2,0,2,2,3,6,1,2,7,3,1,2,3,1,2,1,2
4,669,1490.0,160,terminated,2,0,0,1,1490.0,1,3,2,1,1,2,1,6,2,1,1,4,2,1,1,2,1,2,5,2,1,20,3,2,1,3,2,1,2,1
4,670,1744.0,106,terminated,2,0,0,2,1744.0,1,3,2,1,0,4,0,8,2,2,0,4,2,2,0,2,2,4,8,2,2,4,4,2,2,4,2,2,2,2
4,671,1109.0,141,terminated,0,0,0,1,1109.0,1,0,0,0,1,0,1,2,0,1,1,2,0,1,1,2,1,0,1,0,1,27,1,0,1,1,0,1,0,1
4,672,1512.0,138,terminated,1,0,0,2,1512.0,1,0,0,0,1,3,1,7,1,2,1,4,1,2,1,3,2,3,6,1,2,15,3,1,2,3,1,2,1,2
4,673,1699.0,151,terminated,2,0,0,2,1699.0,1,3,2,1,1,4,1,9,2,2,1,5,2,2,1,3,2,4,8,2,2,2,4,2,2,4,2,2,2,2
4,674,1546.0,104,terminated,1,0,0,2,1546.0,1,1,0,1,1,3,1,7,1,2,1,4,1,2,1,3,2,3,6,1,2,15,3,1,2,3,1,2,1,2
4,675,1498.0,152,terminated,1,0,0,2,1498.0,1,3,1,2,1,3,1,7,1,2,1,4,1,2,1,3,2,3,6,1,2,26,3,1,2,3,1,2,1,2
4,676,1507.0,143,terminated,2,0,0,1,1507.0,1,1,0,1,1,2,1,6,2,1,1,4,2,1,1,2,1,2,5,2,1,17,3,2,1,3,2,1,2,1
4,677,161.0,129,terminated,2,16,1,0,161.0,0,1,1,0,1,2,1,5,2,0,1,3,2,0,1,1,0,2,4,2,0,13,2,2,0,2,2,0,2,0
4,678,1712.0,138,terminated,2,0,0,2,1712.0,1,1,1,0,0,3,0,7,2,2,0,4,2,2,0,2,2,3,7,2,2,0,4,2,2,4,2,2,2,2
4,679,1752.0,98,terminated,2,0,0,2,1752.0,1,2,1,1,0,4,0,8,2,2,0,4,2,2,0,2,2,4,8,2,2,0,4,2,2,4,2,2,2,2
4,680,-173.0,23,terminated,0,40,1,1,-173.0,0,0,0,0,1,1,1,3,0,1,1,2,0,1,1,2,1,1,2,0,1,2,1,0,1,1,0,1,0,1
4,681,1540.0,110,terminated,2,0,0,1,1540.0,1,0,0,0,1,2,1,6,2,1,1,4,2,1,1,2,1,2,5,2,1,0,3,2,1,3,2,1,2,1
4,682,1554.0,96,terminated,2,0,0,1,1554.0,1,3,2,1,1,2,1,6,2,1,1,4,2,1,1,2,1,2,5,2,1,9,3,2,1,3,2,1,2,1
4,683,1245.0,205,terminated,0,0,0,2,1245.0,1,2,0,2,1,2,1,5,0,2,1,3,0,2,1,3,2,2,4,0,2,8,2,0,2,2,0,2,0,2
4,684,288.0,142,terminated,1,22,1,2,288.0,0,0,0,0,0,2,0,5,1,2,0,3,1,2,0,2,2,2,5,1,2,18,3,1,2,3,1,2,1,2
4,685,1028.0,222,terminated,1,0,0,0,1028.0,1,0,0,0,1,1,1,3,1,0,1,2,1,0,1,1,0,1,2,1,0,19,1,1,0,1,1,0,1,0
4,686,1503.0,147,terminated,1,0,0,2,1503.0,1,3,1,2,1,3,1,7,1,2,1,4,1,2,1,3,2,3,6,1,2,15,3,1,2,3,1,2,1,2
4,687,1708.0,142,terminated,2,0,0,2,1708.0,1,3,1,2,0,4,0,8,2,2,0,4,2,2,0,2,2,4,8,2,2,1,4,2,2,4,2,2,2,2
4,688,21.0,19,terminated,1,41,1,1,21.0,0,2,1,1,1,0,1,3,1,1,1,3,1,1,1,2,1,0,2,1,1,1,2,1,1,2,1,1,1,1
4,689,1489.0,161,terminated,1,0,0,2,1489.0,1,3,1,2,1,3,1,7,1,2,1,4,1,2,1,3,2,3,6,1,2,13,3,1,2,3,1,2,1,2
4,690,1711.0,139,terminated,2,0,0,2,1711.0,1,2,1,1,1,4,1,9,2,2,1,5,2,2,1,3,2,4,8,2,2,13,4,2,2,4,2,2,2,2
4,691,1522.0,128,terminated,2,0,0,1,1522.0,1,2,1,1,0,3,0,6,2,1,0,3,2,1,0,1,1,3,6,2,1,8,3,2,1,3,2,1,2,1
4,692,1509.0,141,terminated,1,0,0,2,1509.0,1,3,1,2,1,3,1,7,1,2,1,4,1,2,1,3,2,3,6,1,2,14,3,1,2,3,1,2,1,2
4,693,1746.0,104,terminated,2,0,0,2,1746.0,1,3,2,1,1,4,1,9,2,2,1,5,2,2,1,3,2,4,8,2,2,5,4,2,2,4,2,2,2,2
4,694,382.0,138,terminated,2,13,1,1,382.0,0,1,1,0,1,2,1,6,2,1,1,4,2,1,1,2,1,2,5,2,1,19,3,2,1,3,2,1,2,1
4,695,1290.0,160,terminated,1,0,0,1,1290.0,1,2,1,1,1,2,1,5,1,1,1,3,1,1,1,2,1,2,4,1,1,9,2,1,1,2,1,1,1,1
4,696,1677.0,173,terminated,2,0,0,2,1677.0,1,4,2,2,1,3,1,8,2,2,1,5,2,2,1,3,2,3,7,2,2,0,4,2,2,4,2,2,2,2
4,697,1473.0,177,terminated,1,0,0,2,1473.0,1,1,0,1,1,3,1,7,1,2,1,4,1,2,1,3,2,3,6,1,2,19,3,1,2,3,1,2,1,2
4,698,1263.0,187,terminated,1,0,0,1,1263.0,1,1,0,1,1,2,1,5,1,1,1,3,1,1,1,2,1,2,4,1,1,15,2,1,1,2,1,1,1,1
4,699,1702.0,148,terminated,2,0,0,2,1702.0,1,1,1,0,0,3,0,7,2,2,0,4,2,2,0,2,2,3,7,2,2,0,4,2,2,4,2,2,2,2
4,700,220.0,110,terminated,0,12,1,2,220.0,0,1,0,1,1,2,1,5,0,2,1,3,0,2,1,3,2,2,4,0,2,14,2,0,2,2,0,2,0,2
4,701,1550.0,100,terminated,2,0,0,1,1550.0,1,1,1,0,1,2,1,6,2,1,1,4,2,1,1,2,1,2,5,2,1,0,3,2,1,3,2,1,2,1
4,702,295.0,75,terminated,2,28,1,1,295.0,0,2,1,1,1,2,1,6,2,1,1,4,2,1,1,2,1,2,5,2,1,14,3,2,1,3,2,1,2,1
4,703,1324.0,126,terminated,1,0,0,1,1324.0,1,1,0,1,1,2,1,5,1,1,1,3,1,1,1,2,1,2,4,1,1,15,2,1,1,2,1,1,1,1
4,704,330.0,40,terminated,1,28,1,2,330.0,0,2,1,1,1,2,1,6,1,2,1,4,1,2,1,3,2,2,5,1,2,5,3,1,2,3,1,2,1,2
4,705,1384.0,266,terminated,1,0,0,2,1384.0,1,1,0,1,0,3,0,6,1,2,0,3,1,2,0,2,2,3,6,1,2,0,3,1,2,3,1,2,1,2
4,706,1534.0,116,terminated,2,0,0,1,1534.0,1,3,2,1,1,2,1,6,2,1,1,4,2,1,1,2,1,2,5,2,1,16,3,2,1,3,2,1,2,1
4,707,-59.0,109,terminated,1,20,1,0,-59.0,0,1,1,0,1,1,1,3,1,0,1,2,1,0,1,1,0,1,2,1,0,15,1,1,0,1,1,0,1,0
4,708,1528.0,122,terminated,1,0,0,2,1528.0,1,1,0,1,0,3,0,6,1,2,0,3,1,2,0,2,2,3,6,1,2,0,3,1,2,3,1,2,1,2
4,709,1473.0,177,terminated,1,0,0,2,1473.0,1,2,1,1,0,3,0,6,1,2,0,3,1,2,0,2,2,3,6,1,2,0,3,1,2,3,1,2,1,2
4,710,1547.0,103,terminated,1,0,0,2,1547.0,1,1,0,1,0,2,0,5,1,2,0,3,1,2,0,2,2,2,5,1,2,16,3,1,2,3,1,2,1,2
4,711,684.0,106,terminated,2,6,1,2,684.0,0,3,1,2,1,2,1,7,2,2,1,5,2,2,1,3,2,2,6,2,2,8,4,2,2,4,2,2,2,2
4,712,1470.0,180,terminated,1,0,0,2,1470.0,1,1,0,1,0,2,0,5,1,2,0,3,1,2,0,2,2,2,5,1,2,0,3,1,2,3,1,2,1,2
4,713,1709.0,141,terminated,2,0,0,2,1709.0,1,0,0,0,1,4,1,9,2,2,1,5,2,2,1,3,2,4,8,2,2,0,4,2,2,4,2,2,2,2
4,714,1513.0,137,terminated,2,0,0,1,1513.0,1,1,0,1,1,2,1,6,2,1,1,4,2,1,1,2,1,2,5,2,1,22,3,2,1,3,2,1,2,1
4,715,1299.0,151,terminated,0,0,0,2,1299.0,1,1,0,1,1,2,1,5,0,2,1,3,0,2,1,3,2,2,4,0,2,17,2,0,2,2,0,2,0,2
4,716,1653.0,197,terminated,2,0,0,2,1653.0,1,1,1,0,1,3,1,8,2,2,1,5,2,2,1,3,2,3,7,2,2,1,4,2,2,4,2,2,2,2
4,717,1453.0,197,terminated,1,0,0,2,1453.0,1,1,0,1,1,3,1,7,1,2,1,4,1,2,1,3,2,3,6,1,2,15,3,1,2,3,1,2,1,2
4,718,1535.0,115,terminated,1,0,0,2,1535.0,1,2,1,1,0,3,0,6,1,2,0,3,1,2,0,2,2,3,6,1,2,2,3,1,2,3,1,2,1,2
4,719,1308.0,142,terminated,2,0,0,0,1308.0,1,1,1,0,1,1,1,4,2,0,1,3,2,0,1,1,0,1,3,2,0,19,2,2,0,2,2,0,2,0
4,720,1550.0,100,terminated,1,0,0,2,1550.0,1,2,1,1,0,3,0,6,1,2,0,3,1,2,0,2,2,3,6,1,2,1,3,1,2,3,1,2,1,2
4,721,1751.0,99,terminated,2,0,0,2,1751.0,1,2,1,1,1,3,1,8,2,2,1,5,2,2,1,3,2,3,7,2,2,13,4,2,2,4,2,2,2,2
4,722,1704.0,146,terminated,2,0,0,2,1704.0,1,2,0,2,1,3,1,8,2,2,1,5,2,2,1,3,2,3,7,2,2,5,4,2,2,4,2,2,2,2
4,723,1671.0,179,terminated,2,0,0,2,1671.0,1,2,1,1,0,4,0,8,2,2,0,4,2,2,0,2,2,4,8,2,2,6,4,2,2,4,2,2,2,2
4,724,1732.0,118,terminated,2,0,0,2,1732.0,1,2,1,1,1,3,1,8,2,2,1,5,2,2,1,3,2,3,7,2,2,1,4,2,2,4,2,2,2,2
4,725,1734.0,116,terminated,2,0,0,2,1734.0,1,1,1,0,1,4,1,9,2,2,1,5,2,2,1,3,2,4,8,2,2,3,4,2,2,4,2,2,2,2
4,726,484.0,36,terminated,2,33,1,2,484.0,0,1,1,0,0,2,0,6,2,2,0,4,2,2,0,2,2,2,6,2,2,0,4,2,2,4,2,2,2,2
4,727,1682.0,168,terminated,2,0,0,2,1682.0,1,4,2,2,1,4,1,9,2,2,1,5,2,2,1,3,2,4,8,2,2,3,4,2,2,4,2,2,2,2
4,728,1118.0,132,terminated,0,0,0,1,1118.0,1,1,0,1,1,1,1,3,0,1,1,2,0,1,1,2,1,1,2,0,1,29,1,0,1,1,0,1,0,1
4,729,306.0,64,terminated,2,28,1,1,306.0,0,1,1,0,0,3,0,6,2,1,0,3,2,1,0,1,1,3,6,2,1,0,3,2,1,3,2,1,2,1
4,730,1290.0,160,terminated,1,0,0,1,1290.0,1,2,1,1,1,2,1,5,1,1,1,3,1,1,1,2,1,2,4,1,1,21,2,1,1,2,1,1,1,1
4,731,625.0,85,terminated,2,14,1,2,625.0,0,2,1,1,1,4,1,9,2,2,1,5,2,2,1,3,2,4,8,2,2,3,4,2,2,4,2,2,2,2
4,732,46.0,194,terminated,0,1,1,1,46.0,0,1,0,1,1,1,1,3,0,1,1,2,0,1,1,2,1,1,2,0,1,34,1,0,1,1,0,1,0,1
4,733,1505.0,145,terminated,1,0,0,2,1505.0,1,1,1,0,0,2,0,5,1,2,0,3,1,2,0,2,2,2,5,1,2,30,3,1,2,3,1,2,1,2
4,734,1423.0,227,terminated,1,0,0,2,1423.0,1,2,1,1,1,3,1,7,1,2,1,4,1,2,1,3,2,3,6,1,2,0,3,1,2,3,1,2,1,2
4,735,330.0,70,terminated,2,25,1,1,330.0,0,0,0,0,0,1,0,4,2,1,0,3,2,1,0,1,1,1,4,2,1,0,3,2,1,3,2,1,2,1
4,736,1466.0,184,terminated,2,0,0,1,1466.0,1,0,0,0,1,2,1,6,2,1,1,4,2,1,1,2,1,2,5,2,1,0,3,2,1,3,2,1,2,1
4,737,326.0,44,terminated,1,28,1,2,326.0,0,2,1,1,0,3,0,6,1,2,0,3,1,2,0,2,2,3,6,1,2,0,3,1,2,3,1,2,1,2
4,738,427.0,93,terminated,1,13,1,2,427.0,0,1,0,1,0,3,0,6,1,2,0,3,1,2,0,2,2,3,6,1,2,15,3,1,2,3,1,2,1,2
4,739,1310.0,140,terminated,2,0,0,0,1310.0,1,2,2,0,1,2,1,5,2,0,1,3,2,0,1,1,0,2,4,2,0,9,2,2,0,2,2,0,2,0
4,740,1312.0,138,terminated,1,0,0,1,1312.0,1,1,1,0,0,1,0,3,1,1,0,2,1,1,0,1,1,1,3,1,1,17,2,1,1,2,1,1,1,1
4,741,160.0,90,terminated,0,20,1,2,160.0,0,1,0,1,1,2,1,5,0,2,1,3,0,2,1,3,2,2,4,0,2,15,2,0,2,2,0,2,0,2
4,742,1500.0,150,terminated,1,0,0,2,1500.0,1,2,1,1,1,2,1,6,1,2,1,4,1,2,1,3,2,2,5,1,2,14,3,1,2,3,1,2,1,2
4,743,331.0,39,terminated,1,28,1,2,331.0,0,3,1,2,1,3,1,7,1,2,1,4,1,2,1,3,2,3,6,1,2,6,3,1,2,3,1,2,1,2
4,744,1460.0,190,terminated,2,0,0,1,1460.0,1,2,1,1,0,3,0,6,2,1,0,3,2,1,0,1,1,3,6,2,1,12,3,2,1,3,2,1,2,1
4,745,439.0,131,terminated,2,8,1,1,439.0,0,3,2,1,1,2,1,6,2,1,1,4,2,1,1,2,1,2,5,2,1,8,3,2,1,3,2,1,2,1
4,746,1288.0,162,terminated,1,0,0,1,1288.0,1,2,1,1,1,2,1,5,1,1,1,3,1,1,1,2,1,2,4,1,1,8,2,1,1,2,1,1,1,1
4,747,1550.0,100,terminated,1,0,0,2,1550.0,1,1,0,1,1,3,1,7,1,2,1,4,1,2,1,3,2,3,6,1,2,19,3,1,2,3,1,2,1,2
4,748,384.0,106,terminated,1,16,1,2,384.0,0,2,1,1,1,3,1,7,1,2,1,4,1,2,1,3,2,3,6,1,2,14,3,1,2,3,1,2,1,2
4,749,1496.0,154,terminated,1,0,0,2,1496.0,1,1,1,0,1,3,1,7,1,2,1,4,1,2,1,3,2,3,6,1,2,15,3,1,2,3,1,2,1,2
4,750,1298.0,152,terminated,2,0,0,0,1298.0,1,0,0,0,0,2,0,4,2,0,0,2,2,0,0,0,0,2,4,2,0,10,2,2,0,2,2,0,2,0
4,751,157.0,83,terminated,1,21,1,1,157.0,0,0,0,0,1,1,1,4,1,1,1,3,1,1,1,2,1,1,3,1,1,15,2,1,1,2,1,1,1,1
4,752,1299.0,151,terminated,2,0,0,0,1299.0,1,0,0,0,1,2,1,5,2,0,1,3,2,0,1,1,0,2,4,2,0,17,2,2,0,2,2,0,2,0
4,753,1250.0,200,terminated,1,0,0,1,1250.0,1,0,0,0,1,2,1,5,1,1,1,3,1,1,1,2,1,2,4,1,1,27,2,1,1,2,1,1,1,1
4,754,1299.0,151,terminated,1,0,0,1,1299.0,1,0,0,0,1,2,1,5,1,1,1,3,1,1,1,2,1,2,4,1,1,27,2,1,1,2,1,1,1,1
4,755,479.0,161,terminated,1,1,1,2,479.0,0,2,0,2,0,3,0,6,1,2,0,3,1,2,0,2,2,3,6,1,2,0,3,1,2,3,1,2,1,2
4,756,1536.0,114,terminated,2,0,0,1,1536.0,1,3,2,1,1,3,1,7,2,1,1,4,2,1,1,2,1,3,6,2,1,9,3,2,1,3,2,1,2,1
4,757,1465.0,185,terminated,2,0,0,1,1465.0,1,2,1,1,0,3,0,6,2,1,0,3,2,1,0,1,1,3,6,2,1,15,3,2,1,3,2,1,2,1
4,758,1744.0,106,terminated,2,0,0,2,1744.0,1,0,0,0,1,2,1,7,2,2,1,5,2,2,1,3,2,2,6,2,2,0,4,2,2,4,2,2,2,2
4,759,1711.0,139,terminated,2,0,0,2,1711.0,1,2,1,1,1,4,1,9,2,2,1,5,2,2,1,3,2,4,8,2,2,0,4,2,2,4,2,2,2,2
4,760,391.0,179,terminated,2,8,1,1,391.0,0,3,2,1,1,3,1,7,2,1,1,4,2,1,1,2,1,3,6,2,1,10,3,2,1,3,2,1,2,1
4,761,1310.0,140,terminated,2,0,0,0,1310.0,1,1,1,0,1,2,1,5,2,0,1,3,2,0,1,1,0,2,4,2,0,15,2,2,0,2,2,0,2,0
4,762,1690.0,160,terminated,2,0,0,2,1690.0,1,2,1,1,0,4,0,8,2,2,0,4,2,2,0,2,2,4,8,2,2,0,4,2,2,4,2,2,2,2
4,763,1492.0,158,terminated,1,0,0,2,1492.0,1,1,1,0,0,3,0,6,1,2,0,3,1,2,0,2,2,3,6,1,2,0,3,1,2,3,1,2,1,2
4,764,1692.0,158,terminated,2,0,0,2,1692.0,1,3,2,1,0,4,0,8,2,2,0,4,2,2,0,2,2,4,8,2,2,7,4,2,2,4,2,2,2,2
4,765,1255.0,195,terminated,1,0,0,1,1255.0,1,2,1,1,1,2,1,5,1,1,1,3,1,1,1,2,1,2,4,1,1,14,2,1,1,2,1,1,1,1
4,766,1519.0,131,terminated,1,0,0,2,1519.0,1,1,1,0,0,3,0,6,1,2,0,3,1,2,0,2,2,3,6,1,2,13,3,1,2,3,1,2,1,2
4,767,1755.0,95,terminated,2,0,0,2,1755.0,1,1,0,1,1,4,1,9,2,2,1,5,2,2,1,3,2,4,8,2,2,0,4,2,2,4,2,2,2,2
4,768,1278.0,172,terminated,0,0,0,2,1278.0,1,1,0,1,1,2,1,5,0,2,1,3,0,2,1,3,2,2,4,0,2,15,2,0,2,2,0,2,0,2
4,769,1709.0,141,terminated,2,0,0,2,1709.0,1,2,2,0,1,4,1,9,2,2,1,5,2,2,1,3,2,4,8,2,2,0,4,2,2,4,2,2,2,2
4,770,1520.0,130,terminated,1,0,0,2,1520.0,1,2,1,1,1,3,1,7,1,2,1,4,1,2,1,3,2,3,6,1,2,4,3,1,2,3,1,2,1,2
4,771,585.0,125,terminated,2,14,1,2,585.0,0,2,1,1,1,4,1,9,2,2,1,5,2,2,1,3,2,4,8,2,2,0,4,2,2,4,2,2,2,2
4,772,1314.0,136,terminated,0,0,0,2,1314.0,1,2,0,2,1,2,1,5,0,2,1,3,0,2,1,3,2,2,4,0,2,15,2,0,2,2,0,2,0,2
4,773,1503.0,147,terminated,2,0,0,1,1503.0,1,3,2,1,1,2,1,6,2,1,1,4,2,1,1,2,1,2,5,2,1,17,3,2,1,3,2,1,2,1
4,774,1155.0,295,terminated,1,0,0,1,1155.0,1,1,1,0,1,2,1,5,1,1,1,3,1,1,1,2,1,2,4,1,1,21,2,1,1,2,1,1,1,1
4,775,-178.0,18,terminated,1,41,1,0,-178.0,0,0,0,0,1,0,1,2,1,0,1,2,1,0,1,1,0,0,1,1,0,0,1,1,0,1,1,0,1,0
4,776,1486.0,164,terminated,2,0,0,1,1486.0,1,0,0,0,1,3,1,7,2,1,1,4,2,1,1,2,1,3,6,2,1,16,3,2,1,3,2,1,2,1
4,777,1487.0,163,terminated,1,0,0,2,1487.0,1,2,1,1,1,3,1,7,1,2,1,4,1,2,1,3,2,3,6,1,2,18,3,1,2,3,1,2,1,2
4,778,1690.0,160,terminated,2,0,0,2,1690.0,1,2,1,1,1,3,1,8,2,2,1,5,2,2,1,3,2,3,7,2,2,0,4,2,2,4,2,2,2,2
4,779,1722.0,128,terminated,2,0,0,2,1722.0,1,4,2,2,1,4,1,9,2,2,1,5,2,2,1,3,2,4,8,2,2,2,4,2,2,4,2,2,2,2
4,780,-18.0,138,terminated,1,13,1,0,-18.0,0,1,1,0,1,1,1,3,1,0,1,2,1,0,1,1,0,1,2,1,0,10,1,1,0,1,1,0,1,0
4,781,366.0,114,terminated,2,17,1,1,366.0,0,1,0,1,0,2,0,5,2,1,0,3,2,1,0,1,1,2,5,2,1,14,3,2,1,3,2,1,2,1
4,782,1494.0,156,terminated,1,0,0,2,1494.0,1,1,1,0,1,3,1,7,1,2,1,4,1,2,1,3,2,3,6,1,2,4,3,1,2,3,1,2,1,2
4,783,1560.0,90,terminated,2,0,0,1,1560.0,1,2,2,0,0,3,0,6,2,1,0,3,2,1,0,1,1,3,6,2,1,0,3,2,1,3,2,1,2,1
4,784,1472.0,178,terminated,2,0,0,1,1472.0,1,2,1,1,1,3,1,7,2,1,1,4,2,1,1,2,1,3,6,2,1,19,3,2,1,3,2,1,2,1
4,785,1509.0,141,terminated,1,0,0,2,1509.0,1,3,1,2,1,3,1,7,1,2,1,4,1,2,1,3,2,3,6,1,2,10,3,1,2,3,1,2,1,2
4,786,1283.0,167,terminated,1,0,0,1,1283.0,1,1,0,1,1,2,1,5,1,1,1,3,1,1,1,2,1,2,4,1,1,15,2,1,1,2,1,1,1,1
4,787,181.0,89,terminated,1,18,1,1,181.0,0,1,1,0,1,2,1,5,1,1,1,3,1,1,1,2,1,2,4,1,1,9,2,1,1,2,1,1,1,1
4,788,1207.0,243,terminated,2,0,0,0,1207.0,1,1,1,0,1,2,1,5,2,0,1,3,2,0,1,1,0,2,4,2,0,17,2,2,0,2,2,0,2,0
4,789,1699.0,151,terminated,2,0,0,2,1699.0,1,2,0,2,1,4,1,9,2,2,1,5,2,2,1,3,2,4,8,2,2,0,4,2,2,4,2,2,2,2
4,790,146.0,94,terminated,1,21,1,1,146.0,0,0,0,0,1,2,1,5,1,1,1,3,1,1,1,2,1,2,4,1,1,10,2,1,1,2,1,1,1,1
4,791,1450.0,200,terminated,2,0,0,1,1450.0,1,2,2,0,0,3,0,6,2,1,0,3,2,1,0,1,1,3,6,2,1,6,3,2,1,3,2,1,2,1
4,792,1624.0,226,terminated,2,0,0,2,1624.0,1,4,2,2,1,4,1,9,2,2,1,5,2,2,1,3,2,4,8,2,2,4,4,2,2,4,2,2,2,2
4,793,1505.0,145,terminated,2,0,0,1,1505.0,1,2,1,1,0,2,0,5,2,1,0,3,2,1,0,1,1,2,5,2,1,18,3,2,1,3,2,1,2,1
4,794,1475.0,175,terminated,1,0,0,2,1475.0,1,1,0,1,0,3,0,6,1,2,0,3,1,2,0,2,2,3,6,1,2,11,3,1,2,3,1,2,1,2
4,795,1226.0,224,terminated,2,0,0,0,1226.0,1,1,1,0,1,2,1,5,2,0,1,3,2,0,1,1,0,2,4,2,0,21,2,2,0,2,2,0,2,0
4,796,1491.0,159,terminated,2,0,0,1,1491.0,1,0,0,0,0,3,0,6,2,1,0,3,2,1,0,1,1,3,6,2,1,15,3,2,1,3,2,1,2,1
4,797,29.0,21,terminated,1,40,1,1,29.0,0,2,1,1,1,0,1,3,1,1,1,3,1,1,1,2,1,0,2,1,1,5,2,1,1,2,1,1,1,1
4,798,1307.0,143,terminated,1,0,0,1,1307.0,1,0,0,0,1,2,1,5,1,1,1,3,1,1,1,2,1,2,4,1,1,8,2,1,1,2,1,1,1,1
4,799,1510.0,140,terminated,2,0,0,1,1510.0,1,1,1,0,0,3,0,6,2,1,0,3,2,1,0,1,1,3,6,2,1,0,3,2,1,3,2,1,2,1
4,800,1303.0,147,terminated,1,0,0,1,1303.0,1,0,0,0,1,2,1,5,1,1,1,3,1,1,1,2,1,2,4,1,1,21,2,1,1,2,1,1,1,1
4,801,1532.0,118,terminated,2,0,0,1,1532.0,1,1,0,1,1,3,1,7,2,1,1,4,2,1,1,2,1,3,6,2,1,16,3,2,1,3,2,1,2,1
4,802,680.0,160,terminated,2,1,1,2,680.0,0,2,1,1,0,4,0,8,2,2,0,4,2,2,0,2,2,4,8,2,2,0,4,2,2,4,2,2,2,2
4,803,33.0,17,terminated,1,40,1,1,33.0,0,1,1,0,0,1,0,3,1,1,0,2,1,1,0,1,1,1,3,1,1,1,2,1,1,2,1,1,1,1
4,804,703.0,137,terminated,2,1,1,2,703.0,0,2,1,1,0,3,0,7,2,2,0,4,2,2,0,2,2,3,7,2,2,0,4,2,2,4,2,2,2,2
4,805,1472.0,178,terminated,2,0,0,1,1472.0,1,1,1,0,1,2,1,6,2,1,1,4,2,1,1,2,1,2,5,2,1,10,3,2,1,3,2,1,2,1
4,806,1667.0,183,terminated,2,0,0,2,1667.0,1,4,2,2,1,4,1,9,2,2,1,5,2,2,1,3,2,4,8,2,2,1,4,2,2,4,2,2,2,2
4,807,1509.0,141,terminated,2,0,0,1,1509.0,1,0,0,0,1,2,1,6,2,1,1,4,2,1,1,2,1,2,5,2,1,15,3,2,1,3,2,1,2,1
4,808,-114.0,34,terminated,1,33,1,0,-114.0,0,0,0,0,0,1,0,2,1,0,0,1,1,0,0,0,0,1,2,1,0,15,1,1,0,1,1,0,1,0
4,809,1519.0,131,terminated,1,0,0,2,1519.0,1,2,1,1,0,2,0,5,1,2,0,3,1,2,0,2,2,2,5,1,2,10,3,1,2,3,1,2,1,2
4,810,1502.0,148,terminated,1,0,0,2,1502.0,1,2,0,2,1,3,1,7,1,2,1,4,1,2,1,3,2,3,6,1,2,15,3,1,2,3,1,2,1,2
4,811,1498.0,152,terminated,1,0,0,2,1498.0,1,1,1,0,0,3,0,6,1,2,0,3,1,2,0,2,2,3,6,1,2,16,3,1,2,3,1,2,1,2
4,812,409.0,111,terminated,1,13,1,2,409.0,0,2,0,2,1,3,1,7,1,2,1,4,1,2,1,3,2,3,6,1,2,5,3,1,2,3,1,2,1,2
4,813,1479.0,171,terminated,1,0,0,2,1479.0,1,0,0,0,0,3,0,6,1,2,0,3,1,2,0,2,2,3,6,1,2,0,3,1,2,3,1,2,1,2
4,814,1755.0,95,terminated,2,0,0,2,1755.0,1,1,0,1,1,3,1,8,2,2,1,5,2,2,1,3,2,3,7,2,2,0,4,2,2,4,2,2,2,2
4,815,1422.0,228,terminated,1,0,0,2,1422.0,1,1,0,1,0,3,0,6,1,2,0,3,1,2,0,2,2,3,6,1,2,0,3,1,2,3,1,2,1,2
4,816,1664.0,186,terminated,2,0,0,2,1664.0,1,2,2,0,0,3,0,7,2,2,0,4,2,2,0,2,2,3,7,2,2,3,4,2,2,4,2,2,2,2
4,817,437.0,183,terminated,2,3,1,1,437.0,0,3,2,1,1,3,1,7,2,1,1,4,2,1,1,2,1,3,6,2,1,6,3,2,1,3,2,1,2,1
4,818,1667.0,183,terminated,2,0,0,2,1667.0,1,3,2,1,0,2,0,6,2,2,0,4,2,2,0,2,2,2,6,2,2,1,4,2,2,4,2,2,2,2
4,819,1287.0,163,terminated,1,0,0,1,1287.0,1,0,0,0,0,2,0,4,1,1,0,2,1,1,0,1,1,2,4,1,1,15,2,1,1,2,1,1,1,1
4,820,612.0,118,terminated,2,12,1,2,612.0,0,1,1,0,0,3,0,7,2,2,0,4,2,2,0,2,2,3,7,2,2,0,4,2,2,4,2,2,2,2
4,821,1457.0,193,terminated,2,0,0,1,1457.0,1,2,1,1,0,2,0,5,2,1,0,3,2,1,0,1,1,2,5,2,1,13,3,2,1,3,2,1,2,1
4,822,1523.0,127,terminated,1,0,0,2,1523.0,1,0,0,0,1,3,1,7,1,2,1,4,1,2,1,3,2,3,6,1,2,19,3,1,2,3,1,2,1,2
4,823,1458.0,192,terminated,2,0,0,1,1458.0,1,2,1,1,1,2,1,6,2,1,1,4,2,1,1,2,1,2,5,2,1,18,3,2,1,3,2,1,2,1
4,824,1509.0,141,terminated,2,0,0,1,1509.0,1,2,2,0,0,3,0,6,2,1,0,3,2,1,0,1,1,3,6,2,1,4,3,2,1,3,2,1,2,1
4,825,253.0,127,terminated,2,7,1,0,253.0,0,1,1,0,1,1,1,4,2,0,1,3,2,0,1,1,0,1,3,2,0,20,2,2,0,2,2,0,2,0
4,826,1651.0,199,terminated,2,0,0,2,1651.0,1,0,0,0,0,3,0,7,2,2,0,4,2,2,0,2,2,3,7,2,2,0,4,2,2,4,2,2,2,2
4,827,251.0,199,terminated,1,20,1,2,251.0,0,1,0,1,1,3,1,7,1,2,1,4,1,2,1,3,2,3,6,1,2,18,3,1,2,3,1,2,1,2
4,828,1714.0,136,terminated,2,0,0,2,1714.0,1,4,2,2,1,3,1,8,2,2,1,5,2,2,1,3,2,3,7,2,2,5,4,2,2,4,2,2,2,2
4,829,1286.0,164,terminated,1,0,0,1,1286.0,1,2,1,1,1,2,1,5,1,1,1,3,1,1,1,2,1,2,4,1,1,20,2,1,1,2,1,1,1,1
4,830,1525.0,125,terminated,2,0,0,1,1525.0,1,1,0,1,0,3,0,6,2,1,0,3,2,1,0,1,1,3,6,2,1,15,3,2,1,3,2,1,2,1
4,831,1532.0,118,terminated,1,0,0,2,1532.0,1,0,0,0,1,3,1,7,1,2,1,4,1,2,1,3,2,3,6,1,2,8,3,1,2,3,1,2,1,2
4,832,393.0,107,terminated,1,15,1,2,393.0,0,0,0,0,0,3,0,6,1,2,0,3,1,2,0,2,2,3,6,1,2,15,3,1,2,3,1,2,1,2
4,833,264.0,146,terminated,0,4,1,2,264.0,0,1,0,1,0,2,0,4,0,2,0,2,0,2,0,2,2,2,4,0,2,10,2,0,2,2,0,2,0,2
4,834,1471.0,179,terminated,1,0,0,2,1471.0,1,2,1,1,1,2,1,6,1,2,1,4,1,2,1,3,2,2,5,1,2,2,3,1,2,3,1,2,1,2
4,835,1642.0,208,terminated,2,0,0,2,1642.0,1,2,1,1,1,3,1,8,2,2,1,5,2,2,1,3,2,3,7,2,2,6,4,2,2,4,2,2,2,2
4,836,458.0,132,terminated,1,6,1,2,458.0,0,0,0,0,0,3,0,6,1,2,0,3,1,2,0,2,2,3,6,1,2,8,3,1,2,3,1,2,1,2
4,837,660.0,110,terminated,2,8,1,2,660.0,0,1,0,1,1,4,1,9,2,2,1,5,2,2,1,3,2,4,8,2,2,0,4,2,2,4,2,2,2,2
4,838,2.0,178,terminated,0,7,1,1,2.0,0,1,0,1,1,1,1,3,0,1,1,2,0,1,1,2,1,1,2,0,1,17,1,0,1,1,0,1,0,1
4,839,1702.0,148,terminated,2,0,0,2,1702.0,1,1,1,0,0,4,0,8,2,2,0,4,2,2,0,2,2,4,8,2,2,0,4,2,2,4,2,2,2,2
4,840,1431.0,219,terminated,2,0,0,1,1431.0,1,1,1,0,1,3,1,7,2,1,1,4,2,1,1,2,1,3,6,2,1,16,3,2,1,3,2,1,2,1
4,841,1459.0,191,terminated,1,0,0,2,1459.0,1,2,1,1,1,3,1,7,1,2,1,4,1,2,1,3,2,3,6,1,2,14,3,1,2,3,1,2,1,2
4,842,1052.0,198,terminated,1,0,0,0,1052.0,1,1,1,0,1,1,1,3,1,0,1,2,1,0,1,1,0,1,2,1,0,18,1,1,0,1,1,0,1,0
4,843,660.0,90,terminated,2,10,1,2,660.0,0,2,2,0,0,4,0,8,2,2,0,4,2,2,0,2,2,4,8,2,2,6,4,2,2,4,2,2,2,2
4,844,516.0,54,terminated,2,28,1,2,516.0,0,2,2,0,0,3,0,7,2,2,0,4,2,2,0,2,2,3,7,2,2,1,4,2,2,4,2,2,2,2
4,845,413.0,117,terminated,2,12,1,1,413.0,0,2,1,1,1,2,1,6,2,1,1,4,2,1,1,2,1,2,5,2,1,5,3,2,1,3,2,1,2,1
4,846,1728.0,122,terminated,2,0,0,2,1728.0,1,1,1,0,1,4,1,9,2,2,1,5,2,2,1,3,2,4,8,2,2,9,4,2,2,4,2,2,2,2
4,847,1559.0,91,terminated,1,0,0,2,1559.0,1,1,0,1,0,3,0,6,1,2,0,3,1,2,0,2,2,3,6,1,2,1,3,1,2,3,1,2,1,2
4,848,1473.0,177,terminated,2,0,0,1,1473.0,1,2,2,0,1,2,1,6,2,1,1,4,2,1,1,2,1,2,5,2,1,19,3,2,1,3,2,1,2,1
4,849,1296.0,154,terminated,1,0,0,1,1296.0,1,0,0,0,1,2,1,5,1,1,1,3,1,1,1,2,1,2,4,1,1,15,2,1,1,2,1,1,1,1
4,850,384.0,146,terminated,2,12,1,1,384.0,0,2,1,1,0,3,0,6,2,1,0,3,2,1,0,1,1,3,6,2,1,17,3,2,1,3,2,1,2,1
4,851,1510.0,140,terminated,2,0,0,1,1510.0,1,1,1,0,1,3,1,7,2,1,1,4,2,1,1,2,1,3,6,2,1,2,3,2,1,3,2,1,2,1
4,852,1473.0,177,terminated,1,0,0,2,1473.0,1,2,1,1,0,3,0,6,1,2,0,3,1,2,0,2,2,3,6,1,2,15,3,1,2,3,1,2,1,2
4,853,1206.0,244,terminated,0,0,0,2,1206.0,1,1,0,1,1,2,1,5,0,2,1,3,0,2,1,3,2,2,4,0,2,18,2,0,2,2,0,2,0,2
4,854,1306.0,144,terminated,1,0,0,1,1306.0,1,2,1,1,1,2,1,5,1,1,1,3,1,1,1,2,1,2,4,1,1,8,2,1,1,2,1,1,1,1
4,855,-176.0,16,terminated,1,41,1,0,-176.0,0,0,0,0,0,1,0,2,1,0,0,1,1,0,0,0,0,1,2,1,0,0,1,1,0,1,1,0,1,0
4,856,1321.0,129,terminated,1,0,0,1,1321.0,1,1,1,0,0,1,0,3,1,1,0,2,1,1,0,1,1,1,3,1,1,17,2,1,1,2,1,1,1,1
4,857,1467.0,183,terminated,2,0,0,1,1467.0,1,3,2,1,1,2,1,6,2,1,1,4,2,1,1,2,1,2,5,2,1,14,3,2,1,3,2,1,2,1
4,858,1508.0,142,terminated,1,0,0,2,1508.0,1,3,1,2,1,3,1,7,1,2,1,4,1,2,1,3,2,3,6,1,2,4,3,1,2,3,1,2,1,2
4,859,1539.0,111,terminated,1,0,0,2,1539.0,1,0,0,0,0,3,0,6,1,2,0,3,1,2,0,2,2,3,6,1,2,0,3,1,2,3,1,2,1,2
4,860,1293.0,157,terminated,2,0,0,0,1293.0,1,1,1,0,1,2,1,5,2,0,1,3,2,0,1,1,0,2,4,2,0,13,2,2,0,2,2,0,2,0
4,861,1493.0,157,terminated,2,0,0,1,1493.0,1,2,1,1,0,3,0,6,2,1,0,3,2,1,0,1,1,3,6,2,1,0,3,2,1,3,2,1,2,1
4,862,1748.0,102,terminated,2,0,0,2,1748.0,1,1,0,1,1,4,1,9,2,2,1,5,2,2,1,3,2,4,8,2,2,6,4,2,2,4,2,2,2,2
4,863,1711.0,139,terminated,2,0,0,2,1711.0,1,2,1,1,0,4,0,8,2,2,0,4,2,2,0,2,2,4,8,2,2,0,4,2,2,4,2,2,2,2
4,864,1523.0,127,terminated,2,0,0,1,1523.0,1,1,1,0,1,3,1,7,2,1,1,4,2,1,1,2,1,3,6,2,1,16,3,2,1,3,2,1,2,1
4,865,1339.0,111,terminated,1,0,0,1,1339.0,1,1,0,1,1,2,1,5,1,1,1,3,1,1,1,2,1,2,4,1,1,8,2,1,1,2,1,1,1,1
4,866,224.0,76,terminated,2,15,1,0,224.0,0,1,1,0,1,2,1,5,2,0,1,3,2,0,1,1,0,2,4,2,0,14,2,2,0,2,2,0,2,0
4,867,1523.0,127,terminated,1,0,0,2,1523.0,1,2,0,2,1,2,1,6,1,2,1,4,1,2,1,3,2,2,5,1,2,7,3,1,2,3,1,2,1,2
4,868,1492.0,158,terminated,1,0,0,2,1492.0,1,2,1,1,1,3,1,7,1,2,1,4,1,2,1,3,2,3,6,1,2,17,3,1,2,3,1,2,1,2
4,869,467.0,123,terminated,2,6,1,1,467.0,0,2,1,1,1,3,1,7,2,1,1,4,2,1,1,2,1,3,6,2,1,0,3,2,1,3,2,1,2,1
4,870,1340.0,110,terminated,1,0,0,1,1340.0,1,0,0,0,1,2,1,5,1,1,1,3,1,1,1,2,1,2,4,1,1,8,2,1,1,2,1,1,1,1
4,871,1741.0,109,terminated,2,0,0,2,1741.0,1,1,1,0,1,4,1,9,2,2,1,5,2,2,1,3,2,4,8,2,2,0,4,2,2,4,2,2,2,2
4,872,1752.0,98,terminated,2,0,0,2,1752.0,1,1,0,1,1,4,1,9,2,2,1,5,2,2,1,3,2,4,8,2,2,6,4,2,2,4,2,2,2,2
4,873,1699.0,151,terminated,2,0,0,2,1699.0,1,3,1,2,1,3,1,8,2,2,1,5,2,2,1,3,2,3,7,2,2,0,4,2,2,4,2,2,2,2
4,874,1276.0,174,terminated,2,0,0,0,1276.0,1,1,1,0,1,1,1,4,2,0,1,3,2,0,1,1,0,1,3,2,0,23,2,2,0,2,2,0,2,0
4,875,1494.0,156,terminated,2,0,0,1,1494.0,1,2,2,0,1,3,1,7,2,1,1,4,2,1,1,2,1,3,6,2,1,22,3,2,1,3,2,1,2,1
4,876,1751.0,99,terminated,2,0,0,2,1751.0,1,2,1,1,0,4,0,8,2,2,0,4,2,2,0,2,2,4,8,2,2,7,4,2,2,4,2,2,2,2
4,877,1511.0,139,terminated,2,0,0,1,1511.0,1,1,0,1,0,2,0,5,2,1,0,3,2,1,0,1,1,2,5,2,1,14,3,2,1,3,2,1,2,1
4,878,147.0,223,terminated,2,8,1,0,147.0,0,1,1,0,0,2,0,4,2,0,0,2,2,0,0,0,0,2,4,2,0,11,2,2,0,2,2,0,2,0
4,879,580.0,230,terminated,2,4,1,2,580.0,0,3,2,1,0,4,0,8,2,2,0,4,2,2,0,2,2,4,8,2,2,0,4,2,2,4,2,2,2,2
4,880,1739.0,111,terminated,2,0,0,2,1739.0,1,3,1,2,1,4,1,9,2,2,1,5,2,2,1,3,2,4,8,2,2,2,4,2,2,4,2,2,2,2
4,881,217.0,153,terminated,1,8,1,1,217.0,0,1,0,1,0,2,0,4,1,1,0,2,1,1,0,1,1,2,4,1,1,11,2,1,1,2,1,1,1,1
4,882,1325.0,125,terminated,1,0,0,1,1325.0,1,0,0,0,1,2,1,5,1,1,1,3,1,1,1,2,1,2,4,1,1,24,2,1,1,2,1,1,1,1
4,883,651.0,129,terminated,2,7,1,2,651.0,0,1,1,0,0,4,0,8,2,2,0,4,2,2,0,2,2,4,8,2,2,0,4,2,2,4,2,2,2,2
4,884,1476.0,174,terminated,2,0,0,1,1476.0,1,0,0,0,0,3,0,6,2,1,0,3,2,1,0,1,1,3,6,2,1,21,3,2,1,3,2,1,2,1
4,885,285.0,65,terminated,1,30,1,2,285.0,0,1,0,1,0,2,0,5,1,2,0,3,1,2,0,2,2,2,5,1,2,24,3,1,2,3,1,2,1,2
4,886,1538.0,112,terminated,1,0,0,2,1538.0,1,0,0,0,0,3,0,6,1,2,0,3,1,2,0,2,2,3,6,1,2,8,3,1,2,3,1,2,1,2
4,887,1493.0,157,terminated,2,0,0,1,1493.0,1,3,2,1,1,2,1,6,2,1,1,4,2,1,1,2,1,2,5,2,1,0,3,2,1,3,2,1,2,1
4,888,1247.0,203,terminated,1,0,0,1,1247.0,1,2,1,1,1,2,1,5,1,1,1,3,1,1,1,2,1,2,4,1,1,16,2,1,1,2,1,1,1,1
4,889,168.0,172,terminated,2,11,1,0,168.0,0,1,1,0,1,2,1,5,2,0,1,3,2,0,1,1,0,2,4,2,0,18,2,2,0,2,2,0,2,0
4,890,1539.0,111,terminated,2,0,0,1,1539.0,1,2,1,1,0,3,0,6,2,1,0,3,2,1,0,1,1,3,6,2,1,14,3,2,1,3,2,1,2,1
4,891,1300.0,150,terminated,2,0,0,0,1300.0,1,2,2,0,1,2,1,5,2,0,1,3,2,0,1,1,0,2,4,2,0,12,2,2,0,2,2,0,2,0
4,892,1709.0,141,terminated,2,0,0,2,1709.0,1,2,1,1,1,3,1,8,2,2,1,5,2,2,1,3,2,3,7,2,2,0,4,2,2,4,2,2,2,2
4,893,1499.0,151,terminated,1,0,0,2,1499.0,1,0,0,0,0,3,0,6,1,2,0,3,1,2,0,2,2,3,6,1,2,15,3,1,2,3,1,2,1,2
4,894,-242.0,212,terminated,0,8,1,0,-242.0,0,0,0,0,1,0,1,1,0,0,1,1,0,0,1,1,0,0,0,0,0,111,0,0,0,0,0,0,0,0
4,895,1358.0,292,terminated,2,0,0,1,1358.0,1,1,1,0,0,2,0,5,2,1,0,3,2,1,0,1,1,2,5,2,1,0,3,2,1,3,2,1,2,1
4,896,77.0,53,terminated,1,32,1,1,77.0,0,1,0,1,1,1,1,4,1,1,1,3,1,1,1,2,1,1,3,1,1,22,2,1,1,2,1,1,1,1
4,897,1506.0,144,terminated,1,0,0,2,1506.0,1,1,0,1,0,2,0,5,1,2,0,3,1,2,0,2,2,2,5,1,2,0,3,1,2,3,1,2,1,2
4,898,1523.0,127,terminated,1,0,0,2,1523.0,1,1,0,1,1,3,1,7,1,2,1,4,1,2,1,3,2,3,6,1,2,17,3,1,2,3,1,2,1,2
4,899,1502.0,148,terminated,1,0,0,2,1502.0,1,1,0,1,1,3,1,7,1,2,1,4,1,2,1,3,2,3,6,1,2,22,3,1,2,3,1,2,1,2
4,900,1671.0,179,terminated,2,0,0,2,1671.0,1,2,0,2,1,4,1,9,2,2,1,5,2,2,1,3,2,4,8,2,2,6,4,2,2,4,2,2,2,2
4,901,1495.0,155,terminated,2,0,0,1,1495.0,1,3,2,1,1,2,1,6,2,1,1,4,2,1,1,2,1,2,5,2,1,10,3,2,1,3,2,1,2,1
4,902,352.0,118,terminated,2,18,1,1,352.0,0,2,2,0,0,3,0,6,2,1,0,3,2,1,0,1,1,3,6,2,1,0,3,2,1,3,2,1,2,1
4,903,22.0,18,terminated,1,41,1,1,22.0,0,0,0,0,1,0,1,3,1,1,1,3,1,1,1,2,1,0,2,1,1,0,2,1,1,2,1,1,1,1
4,904,1710.0,140,terminated,2,0,0,2,1710.0,1,1,1,0,1,4,1,9,2,2,1,5,2,2,1,3,2,4,8,2,2,0,4,2,2,4,2,2,2,2
4,905,1511.0,139,terminated,2,0,0,1,1511.0,1,0,0,0,0,3,0,6,2,1,0,3,2,1,0,1,1,3,6,2,1,8,3,2,1,3,2,1,2,1
4,906,1702.0,148,terminated,2,0,0,2,1702.0,1,2,1,1,0,3,0,7,2,2,0,4,2,2,0,2,2,3,7,2,2,0,4,2,2,4,2,2,2,2
4,907,1221.0,229,terminated,0,0,0,2,1221.0,1,1,0,1,0,2,0,4,0,2,0,2,0,2,0,2,2,2,4,0,2,8,2,0,2,2,0,2,0,2
4,908,963.0,287,terminated,1,0,0,0,963.0,1,1,1,0,1,1,1,3,1,0,1,2,1,0,1,1,0,1,2,1,0,22,1,1,0,1,1,0,1,0
4,909,1439.0,211,terminated,2,0,0,1,1439.0,1,2,2,0,1,3,1,7,2,1,1,4,2,1,1,2,1,3,6,2,1,4,3,2,1,3,2,1,2,1
4,910,1291.0,159,terminated,1,0,0,1,1291.0,1,2,1,1,1,1,1,4,1,1,1,3,1,1,1,2,1,1,3,1,1,23,2,1,1,2,1,1,1,1
4,911,1748.0,102,terminated,2,0,0,2,1748.0,1,1,0,1,1,4,1,9,2,2,1,5,2,2,1,3,2,4,8,2,2,0,4,2,2,4,2,2,2,2
4,912,1409.0,241,terminated,1,0,0,2,1409.0,1,2,1,1,0,3,0,6,1,2,0,3,1,2,0,2,2,3,6,1,2,13,3,1,2,3,1,2,1,2
4,913,1259.0,191,terminated,2,0,0,0,1259.0,1,2,2,0,1,2,1,5,2,0,1,3,2,0,1,1,0,2,4,2,0,15,2,2,0,2,2,0,2,0
4,914,1756.0,94,terminated,2,0,0,2,1756.0,1,3,2,1,1,3,1,8,2,2,1,5,2,2,1,3,2,3,7,2,2,1,4,2,2,4,2,2,2,2
4,915,1577.0,273,terminated,2,0,0,2,1577.0,1,2,0,2,1,4,1,9,2,2,1,5,2,2,1,3,2,4,8,2,2,9,4,2,2,4,2,2,2,2
4,916,950.0,300,truncated,2,10,0,2,950.0,0,2,1,1,1,2,1,7,2,2,1,5,2,2,1,3,2,2,6,2,2,0,4,2,2,4,2,2,2,2
4,917,1708.0,142,terminated,2,0,0,2,1708.0,1,3,1,2,1,3,1,8,2,2,1,5,2,2,1,3,2,3,7,2,2,14,4,2,2,4,2,2,2,2
4,918,1540.0,110,terminated,1,0,0,2,1540.0,1,2,1,1,1,2,1,6,1,2,1,4,1,2,1,3,2,2,5,1,2,9,3,1,2,3,1,2,1,2
4,919,403.0,107,terminated,2,14,1,1,403.0,0,2,1,1,0,3,0,6,2,1,0,3,2,1,0,1,1,3,6,2,1,15,3,2,1,3,2,1,2,1
4,920,1541.0,109,terminated,1,0,0,2,1541.0,1,2,0,2,1,3,1,7,1,2,1,4,1,2,1,3,2,3,6,1,2,15,3,1,2,3,1,2,1,2
4,921,1320.0,130,terminated,1,0,0,1,1320.0,1,1,0,1,1,1,1,4,1,1,1,3,1,1,1,2,1,1,3,1,1,17,2,1,1,2,1,1,1,1
4,922,1493.0,157,terminated,2,0,0,1,1493.0,1,2,1,1,1,3,1,7,2,1,1,4,2,1,1,2,1,3,6,2,1,7,3,2,1,3,2,1,2,1
4,923,1325.0,125,terminated,1,0,0,1,1325.0,1,1,1,0,1,2,1,5,1,1,1,3,1,1,1,2,1,2,4,1,1,10,2,1,1,2,1,1,1,1
4,924,1415.0,235,terminated,1,0,0,2,1415.0,1,1,0,1,1,3,1,7,1,2,1,4,1,2,1,3,2,3,6,1,2,15,3,1,2,3,1,2,1,2
4,925,-178.0,18,terminated,1,41,1,0,-178.0,0,0,0,0,0,1,0,2,1,0,0,1,1,0,0,0,0,1,2,1,0,0,1,1,0,1,1,0,1,0
4,926,1217.0,233,terminated,1,0,0,1,1217.0,1,1,1,0,1,2,1,5,1,1,1,3,1,1,1,2,1,2,4,1,1,17,2,1,1,2,1,1,1,1
4,927,398.0,232,terminated,1,2,1,2,398.0,0,2,1,1,1,2,1,6,1,2,1,4,1,2,1,3,2,2,5,1,2,12,3,1,2,3,1,2,1,2
4,928,1471.0,179,terminated,1,0,0,2,1471.0,1,2,1,1,1,3,1,7,1,2,1,4,1,2,1,3,2,3,6,1,2,15,3,1,2,3,1,2,1,2
4,929,1739.0,111,terminated,2,0,0,2,1739.0,1,3,1,2,0,3,0,7,2,2,0,4,2,2,0,2,2,3,7,2,2,0,4,2,2,4,2,2,2,2
4,930,479.0,151,terminated,2,2,1,1,479.0,0,2,1,1,1,3,1,7,2,1,1,4,2,1,1,2,1,3,6,2,1,18,3,2,1,3,2,1,2,1
4,931,1306.0,144,terminated,1,0,0,1,1306.0,1,1,1,0,0,2,0,4,1,1,0,2,1,1,0,1,1,2,4,1,1,15,2,1,1,2,1,1,1,1
4,932,1509.0,141,terminated,2,0,0,1,1509.0,1,2,2,0,1,3,1,7,2,1,1,4,2,1,1,2,1,3,6,2,1,3,3,2,1,3,2,1,2,1
4,933,1542.0,108,terminated,1,0,0,2,1542.0,1,2,1,1,0,2,0,5,1,2,0,3,1,2,0,2,2,2,5,1,2,19,3,1,2,3,1,2,1,2
4,934,1702.0,148,terminated,2,0,0,2,1702.0,1,2,1,1,0,4,0,8,2,2,0,4,2,2,0,2,2,4,8,2,2,0,4,2,2,4,2,2,2,2
4,935,1264.0,186,terminated,0,0,0,2,1264.0,1,2,0,2,1,2,1,5,0,2,1,3,0,2,1,3,2,2,4,0,2,16,2,0,2,2,0,2,0,2
4,936,1524.0,126,terminated,1,0,0,2,1524.0,1,2,1,1,1,2,1,6,1,2,1,4,1,2,1,3,2,2,5,1,2,8,3,1,2,3,1,2,1,2
4,937,1682.0,168,terminated,2,0,0,2,1682.0,1,1,0,1,0,4,0,8,2,2,0,4,2,2,0,2,2,4,8,2,2,0,4,2,2,4,2,2,2,2
4,938,1341.0,109,terminated,1,0,0,1,1341.0,1,2,1,1,1,2,1,5,1,1,1,3,1,1,1,2,1,2,4,1,1,13,2,1,1,2,1,1,1,1
4,939,1511.0,139,terminated,1,0,0,2,1511.0,1,1,0,1,0,2,0,5,1,2,0,3,1,2,0,2,2,2,5,1,2,19,3,1,2,3,1,2,1,2
4,940,1721.0,129,terminated,2,0,0,2,1721.0,1,3,2,1,1,4,1,9,2,2,1,5,2,2,1,3,2,4,8,2,2,4,4,2,2,4,2,2,2,2
4,941,1485.0,165,terminated,2,0,0,1,1485.0,1,1,1,0,1,2,1,6,2,1,1,4,2,1,1,2,1,2,5,2,1,21,3,2,1,3,2,1,2,1
4,942,1717.0,133,terminated,2,0,0,2,1717.0,1,2,1,1,1,3,1,8,2,2,1,5,2,2,1,3,2,3,7,2,2,0,4,2,2,4,2,2,2,2
4,943,1521.0,129,terminated,2,0,0,1,1521.0,1,1,0,1,0,3,0,6,2,1,0,3,2,1,0,1,1,3,6,2,1,6,3,2,1,3,2,1,2,1
4,944,1689.0,161,terminated,2,0,0,2,1689.0,1,2,1,1,1,4,1,9,2,2,1,5,2,2,1,3,2,4,8,2,2,4,4,2,2,4,2,2,2,2
4,945,1289.0,161,terminated,0,0,0,2,1289.0,1,2,0,2,1,2,1,5,0,2,1,3,0,2,1,3,2,2,4,0,2,29,2,0,2,2,0,2,0,2
4,946,248.0,172,terminated,2,3,1,0,248.0,0,1,1,0,1,2,1,5,2,0,1,3,2,0,1,1,0,2,4,2,0,13,2,2,0,2,2,0,2,0
4,947,1683.0,167,terminated,2,0,0,2,1683.0,1,4,2,2,1,4,1,9,2,2,1,5,2,2,1,3,2,4,8,2,2,3,4,2,2,4,2,2,2,2
4,948,310.0,300,truncated,1,14,0,0,310.0,0,0,0,0,1,1,1,3,1,0,1,2,1,0,1,1,0,1,2,1,0,21,1,1,0,1,1,0,1,0
4,949,1381.0,269,terminated,2,0,0,1,1381.0,1,0,0,0,1,2,1,6,2,1,1,4,2,1,1,2,1,2,5,2,1,19,3,2,1,3,2,1,2,1
4,950,469.0,121,terminated,2,6,1,1,469.0,0,0,0,0,1,2,1,6,2,1,1,4,2,1,1,2,1,2,5,2,1,18,3,2,1,3,2,1,2,1
4,951,1522.0,128,terminated,2,0,0,1,1522.0,1,2,1,1,1,3,1,7,2,1,1,4,2,1,1,2,1,3,6,2,1,16,3,2,1,3,2,1,2,1
4,952,405.0,145,terminated,2,10,1,1,405.0,0,2,2,0,1,2,1,6,2,1,1,4,2,1,1,2,1,2,5,2,1,19,3,2,1,3,2,1,2,1
4,953,1539.0,111,terminated,2,0,0,1,1539.0,1,0,0,0,0,3,0,6,2,1,0,3,2,1,0,1,1,3,6,2,1,17,3,2,1,3,2,1,2,1
4,954,1738.0,112,terminated,2,0,0,2,1738.0,1,3,1,2,1,3,1,8,2,2,1,5,2,2,1,3,2,3,7,2,2,5,4,2,2,4,2,2,2,2
4,955,1738.0,112,terminated,2,0,0,2,1738.0,1,1,0,1,0,4,0,8,2,2,0,4,2,2,0,2,2,4,8,2,2,7,4,2,2,4,2,2,2,2
4,956,1493.0,157,terminated,1,0,0,2,1493.0,1,2,1,1,0,3,0,6,1,2,0,3,1,2,0,2,2,3,6,1,2,12,3,1,2,3,1,2,1,2
4,957,1653.0,197,terminated,2,0,0,2,1653.0,1,4,2,2,1,4,1,9,2,2,1,5,2,2,1,3,2,4,8,2,2,4,4,2,2,4,2,2,2,2
4,958,1335.0,115,terminated,0,0,0,2,1335.0,1,2,0,2,1,2,1,5,0,2,1,3,0,2,1,3,2,2,4,0,2,19,2,0,2,2,0,2,0,2
4,959,1496.0,154,terminated,1,0,0,2,1496.0,1,1,0,1,0,3,0,6,1,2,0,3,1,2,0,2,2,3,6,1,2,0,3,1,2,3,1,2,1,2
4,960,336.0,64,terminated,2,25,1,1,336.0,0,1,1,0,0,3,0,6,2,1,0,3,2,1,0,1,1,3,6,2,1,0,3,2,1,3,2,1,2,1
4,961,1272.0,178,terminated,1,0,0,1,1272.0,1,2,1,1,1,1,1,4,1,1,1,3,1,1,1,2,1,1,3,1,1,18,2,1,1,2,1,1,1,1
4,962,349.0,171,terminated,2,13,1,1,349.0,0,2,1,1,1,3,1,7,2,1,1,4,2,1,1,2,1,3,6,2,1,15,3,2,1,3,2,1,2,1
4,963,1526.0,124,terminated,1,0,0,2,1526.0,1,1,0,1,1,3,1,7,1,2,1,4,1,2,1,3,2,3,6,1,2,0,3,1,2,3,1,2,1,2
4,964,1500.0,150,terminated,2,0,0,1,1500.0,1,2,1,1,1,3,1,7,2,1,1,4,2,1,1,2,1,3,6,2,1,6,3,2,1,3,2,1,2,1
4,965,1312.0,138,terminated,2,0,0,0,1312.0,1,2,2,0,1,2,1,5,2,0,1,3,2,0,1,1,0,2,4,2,0,8,2,2,0,2,2,0,2,0
4,966,1345.0,105,terminated,0,0,0,2,1345.0,1,1,0,1,0,2,0,4,0,2,0,2,0,2,0,2,2,2,4,0,2,14,2,0,2,2,0,2,0,2
4,967,224.0,216,terminated,0,1,1,2,224.0,0,1,0,1,0,2,0,4,0,2,0,2,0,2,0,2,2,2,4,0,2,13,2,0,2,2,0,2,0,2
4,968,1336.0,114,terminated,1,0,0,1,1336.0,1,1,0,1,1,2,1,5,1,1,1,3,1,1,1,2,1,2,4,1,1,15,2,1,1,2,1,1,1,1
4,969,1748.0,102,terminated,2,0,0,2,1748.0,1,2,1,1,1,4,1,9,2,2,1,5,2,2,1,3,2,4,8,2,2,4,4,2,2,4,2,2,2,2
4,970,224.0,96,terminated,0,13,1,2,224.0,0,2,0,2,1,2,1,5,0,2,1,3,0,2,1,3,2,2,4,0,2,15,2,0,2,2,0,2,0,2
4,971,1470.0,180,terminated,2,0,0,1,1470.0,1,1,0,1,1,3,1,7,2,1,1,4,2,1,1,2,1,3,6,2,1,8,3,2,1,3,2,1,2,1
4,972,1716.0,134,terminated,2,0,0,2,1716.0,1,3,1,2,0,4,0,8,2,2,0,4,2,2,0,2,2,4,8,2,2,0,4,2,2,4,2,2,2,2
4,973,1454.0,196,terminated,2,0,0,1,1454.0,1,2,1,1,0,3,0,6,2,1,0,3,2,1,0,1,1,3,6,2,1,0,3,2,1,3,2,1,2,1
4,974,1315.0,135,terminated,1,0,0,1,1315.0,1,2,1,1,1,2,1,5,1,1,1,3,1,1,1,2,1,2,4,1,1,10,2,1,1,2,1,1,1,1
4,975,-176.0,16,terminated,1,41,1,0,-176.0,0,0,0,0,0,1,0,2,1,0,0,1,1,0,0,0,0,1,2,1,0,0,1,1,0,1,1,0,1,0
4,976,1514.0,136,terminated,2,0,0,1,1514.0,1,0,0,0,1,3,1,7,2,1,1,4,2,1,1,2,1,3,6,2,1,24,3,2,1,3,2,1,2,1
4,977,1702.0,148,terminated,2,0,0,2,1702.0,1,4,2,2,1,3,1,8,2,2,1,5,2,2,1,3,2,3,7,2,2,1,4,2,2,4,2,2,2,2
4,978,1505.0,145,terminated,1,0,0,2,1505.0,1,1,0,1,1,2,1,6,1,2,1,4,1,2,1,3,2,2,5,1,2,10,3,1,2,3,1,2,1,2
4,979,1278.0,172,terminated,1,0,0,1,1278.0,1,1,0,1,1,2,1,5,1,1,1,3,1,1,1,2,1,2,4,1,1,19,2,1,1,2,1,1,1,1
4,980,1322.0,128,terminated,1,0,0,1,1322.0,1,2,1,1,1,2,1,5,1,1,1,3,1,1,1,2,1,2,4,1,1,8,2,1,1,2,1,1,1,1
4,981,1286.0,164,terminated,2,0,0,0,1286.0,1,0,0,0,1,2,1,5,2,0,1,3,2,0,1,1,0,2,4,2,0,16,2,2,0,2,2,0,2,0
4,982,469.0,81,terminated,2,10,1,1,469.0,0,2,1,1,0,3,0,6,2,1,0,3,2,1,0,1,1,3,6,2,1,13,3,2,1,3,2,1,2,1
4,983,1477.0,173,terminated,2,0,0,1,1477.0,1,2,1,1,0,3,0,6,2,1,0,3,2,1,0,1,1,3,6,2,1,2,3,2,1,3,2,1,2,1
4,984,1524.0,126,terminated,2,0,0,1,1524.0,1,0,0,0,1,3,1,7,2,1,1,4,2,1,1,2,1,3,6,2,1,12,3,2,1,3,2,1,2,1
4,985,1519.0,131,terminated,1,0,0,2,1519.0,1,1,0,1,1,2,1,6,1,2,1,4,1,2,1,3,2,2,5,1,2,17,3,1,2,3,1,2,1,2
4,986,1504.0,146,terminated,2,0,0,1,1504.0,1,2,1,1,1,2,1,6,2,1,1,4,2,1,1,2,1,2,5,2,1,14,3,2,1,3,2,1,2,1
4,987,1522.0,128,terminated,2,0,0,1,1522.0,1,0,0,0,0,3,0,6,2,1,0,3,2,1,0,1,1,3,6,2,1,26,3,2,1,3,2,1,2,1
4,988,1528.0,122,terminated,1,0,0,2,1528.0,1,3,1,2,1,2,1,6,1,2,1,4,1,2,1,3,2,2,5,1,2,8,3,1,2,3,1,2,1,2
4,989,1496.0,154,terminated,2,0,0,1,1496.0,1,3,2,1,1,3,1,7,2,1,1,4,2,1,1,2,1,3,6,2,1,10,3,2,1,3,2,1,2,1
4,990,1518.0,132,terminated,1,0,0,2,1518.0,1,0,0,0,1,3,1,7,1,2,1,4,1,2,1,3,2,3,6,1,2,18,3,1,2,3,1,2,1,2
4,991,1472.0,178,terminated,2,0,0,1,1472.0,1,1,0,1,1,2,1,6,2,1,1,4,2,1,1,2,1,2,5,2,1,16,3,2,1,3,2,1,2,1
4,992,1735.0,115,terminated,2,0,0,2,1735.0,1,3,1,2,0,3,0,7,2,2,0,4,2,2,0,2,2,3,7,2,2,0,4,2,2,4,2,2,2,2
4,993,1718.0,132,terminated,2,0,0,2,1718.0,1,3,2,1,1,4,1,9,2,2,1,5,2,2,1,3,2,4,8,2,2,3,4,2,2,4,2,2,2,2
4,994,1337.0,113,terminated,1,0,0,1,1337.0,1,1,1,0,1,2,1,5,1,1,1,3,1,1,1,2,1,2,4,1,1,9,2,1,1,2,1,1,1,1
4,995,482.0,88,terminated,2,8,1,1,482.0,0,1,1,0,1,3,1,7,2,1,1,4,2,1,1,2,1,3,6,2,1,20,3,2,1,3,2,1,2,1
4,996,1462.0,188,terminated,2,0,0,1,1462.0,1,0,0,0,1,3,1,7,2,1,1,4,2,1,1,2,1,3,6,2,1,0,3,2,1,3,2,1,2,1
4,997,1467.0,183,terminated,2,0,0,1,1467.0,1,1,1,0,0,2,0,5,2,1,0,3,2,1,0,1,1,2,5,2,1,4,3,2,1,3,2,1,2,1
4,998,203.0,97,terminated,1,15,1,1,203.0,0,1,0,1,0,2,0,4,1,1,0,2,1,1,0,1,1,2,4,1,1,26,2,1,1,2,1,1,1,1
4,999,1456.0,194,terminated,2,0,0,1,1456.0,1,1,0,1,0,2,0,5,2,1,0,3,2,1,0,1,1,2,5,2,1,15,3,2,1,3,2,1,2,1
