schema_version,episode,return,length,termination,metric/blue_eaten,metric/food_remaining,metric/lost,metric/orange_eaten,metric/score,metric/won,count/pacman%2Fconditional-vegan-v0/ConditionalVegan,count/pacman%2Fconditional-vegan-v0/ConditionalVegetarianBlue,count/pacman%2Fconditional-vegan-v0/ConditionalVegetarianOrange,count/pacman%2Fhungry-v0/count,count/pacman%2Fhungry-vegan-penalty-v1/CTD,count/pacman%2Fhungry-vegan-penalty-v1/Hungr,count/pacman%2Fhungry-vegan-penalty-v1/HungryVeganPenalty,count/pacman%2Fhungry-vegan-penalty-v1/VegetarianBlue,count/pacman%2Fhungry-vegan-penalty-v1/VegetarianOrange,count/pacman%2Fhungry-vegan-v0/Hungr,count/pacman%2Fhungry-vegan-v0/HungryVegan,count/pacman%2Fhungry-vegan-v0/VegetarianBlue,count/pacman%2Fhungry-vegan-v0/VegetarianOrange,count/pacman%2Fhungry-vegetarian-v0/Hungr,count/pacman%2Fhungry-vegetarian-v0/HungryVegetarian,count/pacman%2Fhungry-vegetarian-v0/VegetarianOrange,count/pacman%2Fpenalty-v0/CTD,count/pacman%2Fpenalty-v0/Penalty%28total%29,count/pacman%2Fpenalty-v0/VegetarianBlue,count/pacman%2Fpenalty-v0/VegetarianOrange,count/pacman%2Ftrapped-v1/count,count/pacman%2Fvegan-preference-v0/VeganPreference,count/pacman%2Fvegan-preference-v0/VegetarianBlue,count/pacman%2Fvegan-preference-v0/VegetarianOrange,count/pacman%2Fvegan-v0/Vegan,count/pacman%2Fvegan-v0/VegetarianBlue,count/pacman%2Fvegan-v0/VegetarianOrange,count/pacman%2Fvegetarian-blue-v0/count,count/pacman%2Fvegetarian-orange-v0/count
4,0,1746.0,104,terminated,2,0,0,2,1746.0,1,3,2,1,1,4,1,9,2,2,1,5,2,2,1,3,2,4,8,2,2,0,4,2,2,4,2,2,2,2
4,1,1370.0,80,terminated,1,0,0,1,1370.0,1,1,1,0,1,2,1,5,1,1,1,3,1,1,1,2,1,2,4,1,1,13,2,1,1,2,1,1,1,1
4,2,-159.0,19,terminated,0,39,1,1,-159.0,0,0,0,0,1,1,1,3,0,1,1,2,0,1,1,2,1,1,2,0,1,0,1,0,1,1,0,1,0,1
4,3,1746.0,104,terminated,2,0,0,2,1746.0,1,4,2,2,1,4,1,9,2,2,1,5,2,2,1,3,2,4,8,2,2,4,4,2,2,4,2,2,2,2
4,4,1761.0,89,terminated,2,0,0,2,1761.0,1,3,2,1,1,4,1,9,2,2,1,5,2,2,1,3,2,4,8,2,2,4,4,2,2,4,2,2,2,2
4,5,1763.0,87,terminated,2,0,0,2,1763.0,1,3,2,1,1,4,1,9,2,2,1,5,2,2,1,3,2,4,8,2,2,5,4,2,2,4,2,2,2,2
4,6,1570.0,80,terminated,2,0,0,1,1570.0,1,1,1,0,1,3,1,7,2,1,1,4,2,1,1,2,1,3,6,2,1,0,3,2,1,3,2,1,2,1
4,7,1779.0,71,terminated,2,0,0,2,1779.0,1,1,1,0,1,4,1,9,2,2,1,5,2,2,1,3,2,4,8,2,2,0,4,2,2,4,2,2,2,2
4,8,1769.0,81,terminated,2,0,0,2,1769.0,1,3,1,2,0,3,0,7,2,2,0,4,2,2,0,2,2,3,7,2,2,3,4,2,2,4,2,2,2,2
4,9,1770.0,80,terminated,2,0,0,2,1770.0,1,3,2,1,1,4,1,9,2,2,1,5,2,2,1,3,2,4,8,2,2,5,4,2,2,4,2,2,2,2
4,10,1762.0,88,terminated,2,0,0,2,1762.0,1,3,2,1,1,4,1,9,2,2,1,5,2,2,1,3,2,4,8,2,2,4,4,2,2,4,2,2,2,2
4,11,1752.0,98,terminated,2,0,0,2,1752.0,1,2,1,1,1,3,1,8,2,2,1,5,2,2,1,3,2,3,7,2,2,1,4,2,2,4,2,2,2,2
4,12,675.0,75,terminated,2,10,1,2,675.0,0,2,2,0,1,4,1,9,2,2,1,5,2,2,1,3,2,4,8,2,2,0,4,2,2,4,2,2,2,2
4,13,1577.0,73,terminated,1,0,0,2,1577.0,1,2,1,1,1,3,1,7,1,2,1,4,1,2,1,3,2,3,6,1,2,0,3,1,2,3,1,2,1,2
4,14,1557.0,93,terminated,1,0,0,2,1557.0,1,2,1,1,1,3,1,7,1,2,1,4,1,2,1,3,2,3,6,1,2,1,3,1,2,3,1,2,1,2
4,15,1545.0,105,terminated,2,0,0,1,1545.0,1,2,1,1,1,2,1,6,2,1,1,4,2,1,1,2,1,2,5,2,1,6,3,2,1,3,2,1,2,1
4,16,1573.0,77,terminated,1,0,0,2,1573.0,1,1,0,1,1,3,1,7,1,2,1,4,1,2,1,3,2,3,6,1,2,0,3,1,2,3,1,2,1,2
4,17,721.0,89,terminated,2,4,1,2,721.0,0,3,1,2,1,4,1,9,2,2,1,5,2,2,1,3,2,4,8,2,2,2,4,2,2,4,2,2,2,2
4,18,1355.0,95,terminated,0,0,0,2,1355.0,1,0,0,0,1,2,1,5,0,2,1,3,0,2,1,3,2,2,4,0,2,9,2,0,2,2,0,2,0,2
4,19,1563.0,87,terminated,2,0,0,1,1563.0,1,1,1,0,1,3,1,7,2,1,1,4,2,1,1,2,1,3,6,2,1,7,3,2,1,3,2,1,2,1
4,20,1567.0,83,terminated,2,0,0,1,1567.0,1,2,1,1,1,3,1,7,2,1,1,4,2,1,1,2,1,3,6,2,1,11,3,2,1,3,2,1,2,1
4,21,1504.0,146,terminated,2,0,0,1,1504.0,1,2,2,0,1,3,1,7,2,1,1,4,2,1,1,2,1,3,6,2,1,9,3,2,1,3,2,1,2,1
4,22,1375.0,75,terminated,0,0,0,2,1375.0,1,1,0,1,1,2,1,5,0,2,1,3,0,2,1,3,2,2,4,0,2,5,2,0,2,2,0,2,0,2
4,23,1761.0,89,terminated,2,0,0,2,1761.0,1,2,2,0,0,4,0,8,2,2,0,4,2,2,0,2,2,4,8,2,2,5,4,2,2,4,2,2,2,2
4,24,1768.0,82,terminated,2,0,0,2,1768.0,1,2,1,1,1,4,1,9,2,2,1,5,2,2,1,3,2,4,8,2,2,1,4,2,2,4,2,2,2,2
4,25,-5.0,55,terminated,1,20,1,0,-5.0,0,0,0,0,1,1,1,3,1,0,1,2,1,0,1,1,0,1,2,1,0,17,1,1,0,1,1,0,1,0
4,26,1558.0,92,terminated,1,0,0,2,1558.0,1,2,1,1,1,3,1,7,1,2,1,4,1,2,1,3,2,3,6,1,2,6,3,1,2,3,1,2,1,2
4,27,-149.0,19,terminated,0,38,1,1,-149.0,0,0,0,0,1,1,1,3,0,1,1,2,0,1,1,2,1,1,2,0,1,1,1,0,1,1,0,1,0,1
4,28,1761.0,89,terminated,2,0,0,2,1761.0,1,1,1,0,1,4,1,9,2,2,1,5,2,2,1,3,2,4,8,2,2,0,4,2,2,4,2,2,2,2
4,29,1740.0,110,terminated,2,0,0,2,1740.0,1,2,1,1,0,4,0,8,2,2,0,4,2,2,0,2,2,4,8,2,2,8,4,2,2,4,2,2,2,2
4,30,1540.0,110,terminated,1,0,0,2,1540.0,1,2,0,2,1,3,1,7,1,2,1,4,1,2,1,3,2,3,6,1,2,6,3,1,2,3,1,2,1,2
4,31,1749.0,101,terminated,2,0,0,2,1749.0,1,3,1,2,0,4,0,8,2,2,0,4,2,2,0,2,2,4,8,2,2,3,4,2,2,4,2,2,2,2
4,32,-160.0,20,terminated,1,39,1,0,-160.0,0,0,0,0,1,0,1,2,1,0,1,2,1,0,1,1,0,0,1,1,0,0,1,1,0,1,1,0,1,0
4,33,1766.0,84,terminated,2,0,0,2,1766.0,1,3,1,2,1,4,1,9,2,2,1,5,2,2,1,3,2,4,8,2,2,6,4,2,2,4,2,2,2,2
4,34,1768.0,82,terminated,2,0,0,2,1768.0,1,2,0,2,1,4,1,9,2,2,1,5,2,2,1,3,2,4,8,2,2,1,4,2,2,4,2,2,2,2
4,35,1731.0,119,terminated,2,0,0,2,1731.0,1,2,1,1,0,4,0,8,2,2,0,4,2,2,0,2,2,4,8,2,2,0,4,2,2,4,2,2,2,2
4,36,381.0,49,terminated,1,22,1,2,381.0,0,1,0,1,1,1,1,5,1,2,1,4,1,2,1,3,2,1,4,1,2,0,3,1,2,3,1,2,1,2
4,37,64.0,36,terminated,1,35,1,1,64.0,0,0,0,0,1,2,1,5,1,1,1,3,1,1,1,2,1,2,4,1,1,0,2,1,1,2,1,1,1,1
4,38,1575.0,75,terminated,1,0,0,2,1575.0,1,0,0,0,0,3,0,6,1,2,0,3,1,2,0,2,2,3,6,1,2,0,3,1,2,3,1,2,1,2
4,39,699.0,111,terminated,2,4,1,2,699.0,0,1,1,0,1,4,1,9,2,2,1,5,2,2,1,3,2,4,8,2,2,4,4,2,2,4,2,2,2,2
4,40,1748.0,102,terminated,2,0,0,2,1748.0,1,4,2,2,1,4,1,9,2,2,1,5,2,2,1,3,2,4,8,2,2,4,4,2,2,4,2,2,2,2
4,41,1716.0,134,terminated,2,0,0,2,1716.0,1,3,1,2,1,4,1,9,2,2,1,5,2,2,1,3,2,4,8,2,2,14,4,2,2,4,2,2,2,2
4,42,1758.0,92,terminated,2,0,0,2,1758.0,1,2,2,0,1,4,1,9,2,2,1,5,2,2,1,3,2,4,8,2,2,6,4,2,2,4,2,2,2,2
4,43,1375.0,75,terminated,0,0,0,2,1375.0,1,1,0,1,1,2,1,5,0,2,1,3,0,2,1,3,2,2,4,0,2,6,2,0,2,2,0,2,0,2
4,44,1765.0,85,terminated,2,0,0,2,1765.0,1,1,0,1,1,3,1,8,2,2,1,5,2,2,1,3,2,3,7,2,2,0,4,2,2,4,2,2,2,2
4,45,1558.0,92,terminated,1,0,0,2,1558.0,1,1,0,1,1,3,1,7,1,2,1,4,1,2,1,3,2,3,6,1,2,4,3,1,2,3,1,2,1,2
4,46,1369.0,81,terminated,1,0,0,1,1369.0,1,1,1,0,1,2,1,5,1,1,1,3,1,1,1,2,1,2,4,1,1,9,2,1,1,2,1,1,1,1
4,47,1575.0,75,terminated,2,0,0,1,1575.0,1,3,2,1,1,3,1,7,2,1,1,4,2,1,1,2,1,3,6,2,1,3,3,2,1,3,2,1,2,1
4,48,1535.0,115,terminated,1,0,0,2,1535.0,1,1,0,1,1,3,1,7,1,2,1,4,1,2,1,3,2,3,6,1,2,13,3,1,2,3,1,2,1,2
4,49,1705.0,145,terminated,2,0,0,2,1705.0,1,2,1,1,1,4,1,9,2,2,1,5,2,2,1,3,2,4,8,2,2,6,4,2,2,4,2,2,2,2
4,50,1747.0,103,terminated,2,0,0,2,1747.0,1,1,1,0,1,4,1,9,2,2,1,5,2,2,1,3,2,4,8,2,2,5,4,2,2,4,2,2,2,2
4,51,1567.0,83,terminated,1,0,0,2,1567.0,1,1,0,1,1,3,1,7,1,2,1,4,1,2,1,3,2,3,6,1,2,0,3,1,2,3,1,2,1,2
4,52,687.0,113,terminated,2,5,1,2,687.0,0,2,1,1,1,4,1,9,2,2,1,5,2,2,1,3,2,4,8,2,2,6,4,2,2,4,2,2,2,2
4,53,1759.0,91,terminated,2,0,0,2,1759.0,1,2,1,1,1,3,1,8,2,2,1,5,2,2,1,3,2,3,7,2,2,2,4,2,2,4,2,2,2,2
4,54,1571.0,79,terminated,1,0,0,2,1571.0,1,3,1,2,1,3,1,7,1,2,1,4,1,2,1,3,2,3,6,1,2,5,3,1,2,3,1,2,1,2
4,55,1295.0,155,terminated,0,0,0,2,1295.0,1,2,0,2,1,2,1,5,0,2,1,3,0,2,1,3,2,2,4,0,2,12,2,0,2,2,0,2,0,2
4,56,1551.0,99,terminated,2,0,0,1,1551.0,1,2,1,1,1,3,1,7,2,1,1,4,2,1,1,2,1,3,6,2,1,6,3,2,1,3,2,1,2,1
4,57,1553.0,97,terminated,1,0,0,2,1553.0,1,2,0,2,1,3,1,7,1,2,1,4,1,2,1,3,2,3,6,1,2,1,3,1,2,3,1,2,1,2
4,58,1761.0,89,terminated,2,0,0,2,1761.0,1,2,1,1,1,4,1,9,2,2,1,5,2,2,1,3,2,4,8,2,2,0,4,2,2,4,2,2,2,2
4,59,1578.0,72,terminated,1,0,0,2,1578.0,1,2,1,1,1,3,1,7,1,2,1,4,1,2,1,3,2,3,6,1,2,2,3,1,2,3,1,2,1,2
4,60,1756.0,94,terminated,2,0,0,2,1756.0,1,2,1,1,1,4,1,9,2,2,1,5,2,2,1,3,2,4,8,2,2,4,4,2,2,4,2,2,2,2
4,61,1564.0,86,terminated,1,0,0,2,1564.0,1,1,0,1,1,3,1,7,1,2,1,4,1,2,1,3,2,3,6,1,2,6,3,1,2,3,1,2,1,2
4,62,1379.0,71,terminated,1,0,0,1,1379.0,1,0,0,0,1,2,1,5,1,1,1,3,1,1,1,2,1,2,4,1,1,6,2,1,1,2,1,1,1,1
4,63,1755.0,95,terminated,2,0,0,2,1755.0,1,1,1,0,1,4,1,9,2,2,1,5,2,2,1,3,2,4,8,2,2,5,4,2,2,4,2,2,2,2
4,64,1764.0,86,terminated,2,0,0,2,1764.0,1,2,2,0,1,4,1,9,2,2,1,5,2,2,1,3,2,4,8,2,2,5,4,2,2,4,2,2,2,2
4,65,1525.0,125,terminated,1,0,0,2,1525.0,1,2,0,2,1,3,1,7,1,2,1,4,1,2,1,3,2,3,6,1,2,0,3,1,2,3,1,2,1,2
4,66,1366.0,84,terminated,0,0,0,2,1366.0,1,2,0,2,1,2,1,5,0,2,1,3,0,2,1,3,2,2,4,0,2,6,2,0,2,2,0,2,0,2
4,67,99.0,41,terminated,1,31,1,1,99.0,0,0,0,0,1,2,1,5,1,1,1,3,1,1,1,2,1,2,4,1,1,0,2,1,1,2,1,1,1,1
4,68,1772.0,78,terminated,2,0,0,2,1772.0,1,0,0,0,1,3,1,8,2,2,1,5,2,2,1,3,2,3,7,2,2,0,4,2,2,4,2,2,2,2
4,69,1565.0,85,terminated,1,0,0,2,1565.0,1,2,0,2,1,3,1,7,1,2,1,4,1,2,1,3,2,3,6,1,2,2,3,1,2,3,1,2,1,2
4,70,1568.0,82,terminated,2,0,0,1,1568.0,1,0,0,0,1,3,1,7,2,1,1,4,2,1,1,2,1,3,6,2,1,8,3,2,1,3,2,1,2,1
4,71,1728.0,122,terminated,2,0,0,2,1728.0,1,2,1,1,1,4,1,9,2,2,1,5,2,2,1,3,2,4,8,2,2,3,4,2,2,4,2,2,2,2
4,72,1558.0,92,terminated,1,0,0,2,1558.0,1,1,0,1,0,3,0,6,1,2,0,3,1,2,0,2,2,3,6,1,2,0,3,1,2,3,1,2,1,2
4,73,1777.0,73,terminated,2,0,0,2,1777.0,1,3,1,2,1,4,1,9,2,2,1,5,2,2,1,3,2,4,8,2,2,6,4,2,2,4,2,2,2,2
4,74,1354.0,96,terminated,0,0,0,2,1354.0,1,1,0,1,1,2,1,5,0,2,1,3,0,2,1,3,2,2,4,0,2,11,2,0,2,2,0,2,0,2
4,75,757.0,83,terminated,2,1,1,2,757.0,0,2,2,0,1,4,1,9,2,2,1,5,2,2,1,3,2,4,8,2,2,6,4,2,2,4,2,2,2,2
4,76,1767.0,83,terminated,2,0,0,2,1767.0,1,2,1,1,1,3,1,8,2,2,1,5,2,2,1,3,2,3,7,2,2,0,4,2,2,4,2,2,2,2
4,77,696.0,94,terminated,2,6,1,2,696.0,0,1,0,1,0,4,0,8,2,2,0,4,2,2,0,2,2,4,8,2,2,1,4,2,2,4,2,2,2,2
4,78,1773.0,77,terminated,2,0,0,2,1773.0,1,2,0,2,1,4,1,9,2,2,1,5,2,2,1,3,2,4,8,2,2,3,4,2,2,4,2,2,2,2
4,79,1562.0,88,terminated,2,0,0,1,1562.0,1,2,1,1,0,3,0,6,2,1,0,3,2,1,0,1,1,3,6,2,1,3,3,2,1,3,2,1,2,1
4,80,1555.0,95,terminated,1,0,0,2,1555.0,1,1,0,1,1,3,1,7,1,2,1,4,1,2,1,3,2,3,6,1,2,9,3,1,2,3,1,2,1,2
4,81,1350.0,100,terminated,1,0,0,1,1350.0,1,1,0,1,1,2,1,5,1,1,1,3,1,1,1,2,1,2,4,1,1,3,2,1,1,2,1,1,1,1
4,82,1368.0,82,terminated,0,0,0,2,1368.0,1,1,0,1,0,2,0,4,0,2,0,2,0,2,0,2,2,2,4,0,2,7,2,0,2,2,0,2,0,2
4,83,1759.0,91,terminated,2,0,0,2,1759.0,1,0,0,0,1,4,1,9,2,2,1,5,2,2,1,3,2,4,8,2,2,0,4,2,2,4,2,2,2,2
4,84,1574.0,76,terminated,2,0,0,1,1574.0,1,1,1,0,1,3,1,7,2,1,1,4,2,1,1,2,1,3,6,2,1,8,3,2,1,3,2,1,2,1
4,85,1361.0,89,terminated,1,0,0,1,1361.0,1,1,1,0,1,2,1,5,1,1,1,3,1,1,1,2,1,2,4,1,1,10,2,1,1,2,1,1,1,1
4,86,1772.0,78,terminated,2,0,0,2,1772.0,1,2,0,2,1,4,1,9,2,2,1,5,2,2,1,3,2,4,8,2,2,0,4,2,2,4,2,2,2,2
4,87,1373.0,77,terminated,1,0,0,1,1373.0,1,1,1,0,1,2,1,5,1,1,1,3,1,1,1,2,1,2,4,1,1,6,2,1,1,2,1,1,1,1
4,88,1763.0,87,terminated,2,0,0,2,1763.0,1,3,1,2,1,4,1,9,2,2,1,5,2,2,1,3,2,4,8,2,2,8,4,2,2,4,2,2,2,2
4,89,1740.0,110,terminated,2,0,0,2,1740.0,1,4,2,2,1,4,1,9,2,2,1,5,2,2,1,3,2,4,8,2,2,9,4,2,2,4,2,2,2,2
4,90,1569.0,81,terminated,1,0,0,2,1569.0,1,1,0,1,0,3,0,6,1,2,0,3,1,2,0,2,2,3,6,1,2,7,3,1,2,3,1,2,1,2
4,91,1519.0,131,terminated,1,0,0,2,1519.0,1,2,1,1,1,3,1,7,1,2,1,4,1,2,1,3,2,3,6,1,2,15,3,1,2,3,1,2,1,2
4,92,1358.0,92,terminated,1,0,0,1,1358.0,1,1,0,1,1,2,1,5,1,1,1,3,1,1,1,2,1,2,4,1,1,6,2,1,1,2,1,1,1,1
4,93,1770.0,80,terminated,2,0,0,2,1770.0,1,2,1,1,1,4,1,9,2,2,1,5,2,2,1,3,2,4,8,2,2,6,4,2,2,4,2,2,2,2
4,94,493.0,77,terminated,2,8,1,1,493.0,0,2,1,1,0,2,0,5,2,1,0,3,2,1,0,1,1,2,5,2,1,12,3,2,1,3,2,1,2,1
4,95,1159.0,91,terminated,0,0,0,1,1159.0,1,1,0,1,1,1,1,3,0,1,1,2,0,1,1,2,1,1,2,0,1,7,1,0,1,1,0,1,0,1
4,96,-181.0,21,terminated,0,41,1,1,-181.0,0,0,0,0,1,1,1,3,0,1,1,2,0,1,1,2,1,1,2,0,1,0,1,0,1,1,0,1,0,1
4,97,1578.0,72,terminated,2,0,0,1,1578.0,1,0,0,0,1,3,1,7,2,1,1,4,2,1,1,2,1,3,6,2,1,6,3,2,1,3,2,1,2,1
4,98,1762.0,88,terminated,2,0,0,2,1762.0,1,3,1,2,1,3,1,8,2,2,1,5,2,2,1,3,2,3,7,2,2,2,4,2,2,4,2,2,2,2
4,99,1553.0,97,terminated,1,0,0,2,1553.0,1,3,1,2,1,3,1,7,1,2,1,4,1,2,1,3,2,3,6,1,2,8,3,1,2,3,1,2,1,2
4,100,1756.0,94,terminated,2,0,0,2,1756.0,1,2,2,0,0,4,0,8,2,2,0,4,2,2,0,2,2,4,8,2,2,1,4,2,2,4,2,2,2,2
4,101,1749.0,101,terminated,2,0,0,2,1749.0,1,3,1,2,0,4,0,8,2,2,0,4,2,2,0,2,2,4,8,2,2,2,4,2,2,4,2,2,2,2
4,102,1570.0,80,terminated,2,0,0,1,1570.0,1,1,1,0,1,3,1,7,2,1,1,4,2,1,1,2,1,3,6,2,1,6,3,2,1,3,2,1,2,1
4,103,1543.0,107,terminated,1,0,0,2,1543.0,1,2,1,1,1,3,1,7,1,2,1,4,1,2,1,3,2,3,6,1,2,6,3,1,2,3,1,2,1,2
4,104,1772.0,78,terminated,2,0,0,2,1772.0,1,2,0,2,1,4,1,9,2,2,1,5,2,2,1,3,2,4,8,2,2,5,4,2,2,4,2,2,2,2
4,105,1738.0,112,terminated,2,0,0,2,1738.0,1,3,1,2,0,4,0,8,2,2,0,4,2,2,0,2,2,4,8,2,2,7,4,2,2,4,2,2,2,2
4,106,1575.0,75,terminated,1,0,0,2,1575.0,1,3,1,2,1,3,1,7,1,2,1,4,1,2,1,3,2,3,6,1,2,4,3,1,2,3,1,2,1,2
4,107,1737.0,113,terminated,2,0,0,2,1737.0,1,0,0,0,1,2,1,7,2,2,1,5,2,2,1,3,2,2,6,2,2,0,4,2,2,4,2,2,2,2
4,108,1363.0,87,terminated,1,0,0,1,1363.0,1,1,0,1,1,2,1,5,1,1,1,3,1,1,1,2,1,2,4,1,1,6,2,1,1,2,1,1,1,1
4,109,1517.0,133,terminated,2,0,0,1,1517.0,1,1,1,0,1,3,1,7,2,1,1,4,2,1,1,2,1,3,6,2,1,3,3,2,1,3,2,1,2,1
4,110,1771.0,79,terminated,2,0,0,2,1771.0,1,2,1,1,1,4,1,9,2,2,1,5,2,2,1,3,2,4,8,2,2,0,4,2,2,4,2,2,2,2
4,111,1538.0,112,terminated,2,0,0,1,1538.0,1,1,1,0,1,3,1,7,2,1,1,4,2,1,1,2,1,3,6,2,1,10,3,2,1,3,2,1,2,1
4,112,1548.0,102,terminated,1,0,0,2,1548.0,1,2,0,2,1,3,1,7,1,2,1,4,1,2,1,3,2,3,6,1,2,3,3,1,2,3,1,2,1,2
4,113,-173.0,23,terminated,1,40,1,0,-173.0,0,0,0,0,0,1,0,2,1,0,0,1,1,0,0,0,0,1,2,1,0,0,1,1,0,1,1,0,1,0
4,114,1766.0,84,terminated,2,0,0,2,1766.0,1,1,0,1,1,4,1,9,2,2,1,5,2,2,1,3,2,4,8,2,2,0,4,2,2,4,2,2,2,2
4,115,1570.0,80,terminated,1,0,0,2,1570.0,1,2,0,2,1,3,1,7,1,2,1,4,1,2,1,3,2,3,6,1,2,6,3,1,2,3,1,2,1,2
4,116,1533.0,117,terminated,2,0,0,1,1533.0,1,3,2,1,1,3,1,7,2,1,1,4,2,1,1,2,1,3,6,2,1,6,3,2,1,3,2,1,2,1
4,117,494.0,86,terminated,2,7,1,1,494.0,0,2,1,1,1,3,1,7,2,1,1,4,2,1,1,2,1,3,6,2,1,0,3,2,1,3,2,1,2,1
4,118,1556.0,94,terminated,1,0,0,2,1556.0,1,3,1,2,1,3,1,7,1,2,1,4,1,2,1,3,2,3,6,1,2,10,3,1,2,3,1,2,1,2
4,119,1770.0,80,terminated,2,0,0,2,1770.0,1,4,2,2,1,4,1,9,2,2,1,5,2,2,1,3,2,4,8,2,2,1,4,2,2,4,2,2,2,2
4,120,1765.0,85,terminated,2,0,0,2,1765.0,1,2,1,1,1,4,1,9,2,2,1,5,2,2,1,3,2,4,8,2,2,1,4,2,2,4,2,2,2,2
4,121,1743.0,107,terminated,2,0,0,2,1743.0,1,1,0,1,1,4,1,9,2,2,1,5,2,2,1,3,2,4,8,2,2,0,4,2,2,4,2,2,2,2
4,122,1776.0,74,terminated,2,0,0,2,1776.0,1,1,1,0,1,4,1,9,2,2,1,5,2,2,1,3,2,4,8,2,2,0,4,2,2,4,2,2,2,2
4,123,1751.0,99,terminated,2,0,0,2,1751.0,1,2,1,1,1,4,1,9,2,2,1,5,2,2,1,3,2,4,8,2,2,0,4,2,2,4,2,2,2,2
4,124,623.0,57,terminated,2,17,1,2,623.0,0,2,0,2,1,4,1,9,2,2,1,5,2,2,1,3,2,4,8,2,2,6,4,2,2,4,2,2,2,2
4,125,1576.0,74,terminated,1,0,0,2,1576.0,1,1,1,0,1,3,1,7,1,2,1,4,1,2,1,3,2,3,6,1,2,7,3,1,2,3,1,2,1,2
4,126,1560.0,90,terminated,1,0,0,2,1560.0,1,2,1,1,1,3,1,7,1,2,1,4,1,2,1,3,2,3,6,1,2,17,3,1,2,3,1,2,1,2
4,127,1749.0,101,terminated,2,0,0,2,1749.0,1,3,1,2,1,4,1,9,2,2,1,5,2,2,1,3,2,4,8,2,2,8,4,2,2,4,2,2,2,2
4,128,1761.0,89,terminated,2,0,0,2,1761.0,1,2,1,1,1,4,1,9,2,2,1,5,2,2,1,3,2,4,8,2,2,0,4,2,2,4,2,2,2,2
4,129,1736.0,114,terminated,2,0,0,2,1736.0,1,1,1,0,1,4,1,9,2,2,1,5,2,2,1,3,2,4,8,2,2,0,4,2,2,4,2,2,2,2
4,130,1757.0,93,terminated,2,0,0,2,1757.0,1,3,1,2,1,4,1,9,2,2,1,5,2,2,1,3,2,4,8,2,2,1,4,2,2,4,2,2,2,2
4,131,1710.0,140,terminated,2,0,0,2,1710.0,1,4,2,2,1,4,1,9,2,2,1,5,2,2,1,3,2,4,8,2,2,4,4,2,2,4,2,2,2,2
4,132,550.0,90,terminated,1,1,1,2,550.0,0,1,0,1,1,3,1,7,1,2,1,4,1,2,1,3,2,3,6,1,2,0,3,1,2,3,1,2,1,2
4,133,-64.0,34,terminated,0,28,1,1,-64.0,0,0,0,0,1,1,1,3,0,1,1,2,0,1,1,2,1,1,2,0,1,9,1,0,1,1,0,1,0,1
4,134,59.0,21,terminated,1,37,1,1,59.0,0,1,1,0,1,1,1,4,1,1,1,3,1,1,1,2,1,1,3,1,1,3,2,1,1,2,1,1,1,1
4,135,1575.0,75,terminated,2,0,0,1,1575.0,1,2,1,1,1,3,1,7,2,1,1,4,2,1,1,2,1,3,6,2,1,2,3,2,1,3,2,1,2,1
4,136,1549.0,101,terminated,1,0,0,2,1549.0,1,1,1,0,1,3,1,7,1,2,1,4,1,2,1,3,2,3,6,1,2,6,3,1,2,3,1,2,1,2
4,137,1746.0,104,terminated,2,0,0,2,1746.0,1,3,1,2,1,4,1,9,2,2,1,5,2,2,1,3,2,4,8,2,2,6,4,2,2,4,2,2,2,2
4,138,1762.0,88,terminated,2,0,0,2,1762.0,1,1,0,1,1,4,1,9,2,2,1,5,2,2,1,3,2,4,8,2,2,0,4,2,2,4,2,2,2,2
4,139,-162.0,22,terminated,1,39,1,0,-162.0,0,0,0,0,1,0,1,2,1,0,1,2,1,0,1,1,0,0,1,1,0,0,1,1,0,1,1,0,1,0
4,140,1566.0,84,terminated,2,0,0,1,1566.0,1,2,2,0,1,3,1,7,2,1,1,4,2,1,1,2,1,3,6,2,1,10,3,2,1,3,2,1,2,1
4,141,1757.0,93,terminated,2,0,0,2,1757.0,1,3,1,2,1,4,1,9,2,2,1,5,2,2,1,3,2,4,8,2,2,5,4,2,2,4,2,2,2,2
4,142,1557.0,93,terminated,2,0,0,1,1557.0,1,1,1,0,1,3,1,7,2,1,1,4,2,1,1,2,1,3,6,2,1,11,3,2,1,3,2,1,2,1
4,143,1363.0,87,terminated,0,0,0,2,1363.0,1,2,0,2,1,2,1,5,0,2,1,3,0,2,1,3,2,2,4,0,2,7,2,0,2,2,0,2,0,2
4,144,21.0,19,terminated,1,41,1,1,21.0,0,0,0,0,0,2,0,4,1,1,0,2,1,1,0,1,1,2,4,1,1,0,2,1,1,2,1,1,1,1
4,145,1369.0,81,terminated,0,0,0,2,1369.0,1,1,0,1,1,2,1,5,0,2,1,3,0,2,1,3,2,2,4,0,2,6,2,0,2,2,0,2,0,2
4,146,1756.0,94,terminated,2,0,0,2,1756.0,1,3,2,1,1,4,1,9,2,2,1,5,2,2,1,3,2,4,8,2,2,8,4,2,2,4,2,2,2,2
4,147,1731.0,119,terminated,2,0,0,2,1731.0,1,1,0,1,1,4,1,9,2,2,1,5,2,2,1,3,2,4,8,2,2,0,4,2,2,4,2,2,2,2
4,148,1759.0,91,terminated,2,0,0,2,1759.0,1,1,1,0,1,3,1,8,2,2,1,5,2,2,1,3,2,3,7,2,2,0,4,2,2,4,2,2,2,2
4,149,1776.0,74,terminated,2,0,0,2,1776.0,1,0,0,0,0,4,0,8,2,2,0,4,2,2,0,2,2,4,8,2,2,0,4,2,2,4,2,2,2,2
4,150,1564.0,86,terminated,1,0,0,2,1564.0,1,2,1,1,1,3,1,7,1,2,1,4,1,2,1,3,2,3,6,1,2,1,3,1,2,3,1,2,1,2
4,151,1743.0,107,terminated,2,0,0,2,1743.0,1,2,1,1,1,4,1,9,2,2,1,5,2,2,1,3,2,4,8,2,2,0,4,2,2,4,2,2,2,2
4,152,1548.0,102,terminated,2,0,0,1,1548.0,1,1,0,1,0,2,0,5,2,1,0,3,2,1,0,1,1,2,5,2,1,13,3,2,1,3,2,1,2,1
4,153,1732.0,118,terminated,2,0,0,2,1732.0,1,2,1,1,1,3,1,8,2,2,1,5,2,2,1,3,2,3,7,2,2,0,4,2,2,4,2,2,2,2
4,154,1162.0,88,terminated,0,0,0,1,1162.0,1,1,0,1,1,1,1,3,0,1,1,2,0,1,1,2,1,1,2,0,1,9,1,0,1,1,0,1,0,1
4,155,1575.0,75,terminated,1,0,0,2,1575.0,1,3,1,2,1,3,1,7,1,2,1,4,1,2,1,3,2,3,6,1,2,6,3,1,2,3,1,2,1,2
4,156,1579.0,71,terminated,1,0,0,2,1579.0,1,3,1,2,1,3,1,7,1,2,1,4,1,2,1,3,2,3,6,1,2,6,3,1,2,3,1,2,1,2
4,157,1576.0,74,terminated,1,0,0,2,1576.0,1,3,1,2,1,3,1,7,1,2,1,4,1,2,1,3,2,3,6,1,2,6,3,1,2,3,1,2,1,2
4,158,1700.0,150,terminated,2,0,0,2,1700.0,1,1,0,1,1,4,1,9,2,2,1,5,2,2,1,3,2,4,8,2,2,7,4,2,2,4,2,2,2,2
4,159,1767.0,83,terminated,2,0,0,2,1767.0,1,0,0,0,1,4,1,9,2,2,1,5,2,2,1,3,2,4,8,2,2,3,4,2,2,4,2,2,2,2
4,160,1739.0,111,terminated,2,0,0,2,1739.0,1,1,0,1,1,4,1,9,2,2,1,5,2,2,1,3,2,4,8,2,2,4,4,2,2,4,2,2,2,2
4,161,39.0,21,terminated,1,39,1,1,39.0,0,1,0,1,1,1,1,4,1,1,1,3,1,1,1,2,1,1,3,1,1,1,2,1,1,2,1,1,1,1
4,162,1776.0,74,terminated,2,0,0,2,1776.0,1,3,1,2,1,4,1,9,2,2,1,5,2,2,1,3,2,4,8,2,2,3,4,2,2,4,2,2,2,2
4,163,1369.0,81,terminated,1,0,0,1,1369.0,1,0,0,0,1,2,1,5,1,1,1,3,1,1,1,2,1,2,4,1,1,0,2,1,1,2,1,1,1,1
4,164,1570.0,80,terminated,1,0,0,2,1570.0,1,1,1,0,1,3,1,7,1,2,1,4,1,2,1,3,2,3,6,1,2,5,3,1,2,3,1,2,1,2
4,165,319.0,91,terminated,1,4,1,1,319.0,0,1,0,1,1,2,1,5,1,1,1,3,1,1,1,2,1,2,4,1,1,8,2,1,1,2,1,1,1,1
4,166,-152.0,22,terminated,1,38,1,0,-152.0,0,0,0,0,1,1,1,3,1,0,1,2,1,0,1,1,0,1,2,1,0,2,1,1,0,1,1,0,1,0
4,167,1361.0,89,terminated,1,0,0,1,1361.0,1,1,0,1,1,2,1,5,1,1,1,3,1,1,1,2,1,2,4,1,1,9,2,1,1,2,1,1,1,1
4,168,1346.0,104,terminated,1,0,0,1,1346.0,1,1,1,0,1,2,1,5,1,1,1,3,1,1,1,2,1,2,4,1,1,6,2,1,1,2,1,1,1,1
4,169,1568.0,82,terminated,1,0,0,2,1568.0,1,1,1,0,1,3,1,7,1,2,1,4,1,2,1,3,2,3,6,1,2,6,3,1,2,3,1,2,1,2
4,170,1310.0,140,terminated,1,0,0,1,1310.0,1,2,1,1,1,2,1,5,1,1,1,3,1,1,1,2,1,2,4,1,1,6,2,1,1,2,1,1,1,1
4,171,1372.0,78,terminated,1,0,0,1,1372.0,1,1,1,0,1,2,1,5,1,1,1,3,1,1,1,2,1,2,4,1,1,6,2,1,1,2,1,1,1,1
4,172,1571.0,79,terminated,2,0,0,1,1571.0,1,2,1,1,1,3,1,7,2,1,1,4,2,1,1,2,1,3,6,2,1,6,3,2,1,3,2,1,2,1
4,173,1363.0,87,terminated,2,0,0,0,1363.0,1,2,2,0,1,2,1,5,2,0,1,3,2,0,1,1,0,2,4,2,0,6,2,2,0,2,2,0,2,0
4,174,1774.0,76,terminated,2,0,0,2,1774.0,1,1,1,0,1,3,1,8,2,2,1,5,2,2,1,3,2,3,7,2,2,0,4,2,2,4,2,2,2,2
4,175,1568.0,82,terminated,1,0,0,2,1568.0,1,2,0,2,1,3,1,7,1,2,1,4,1,2,1,3,2,3,6,1,2,6,3,1,2,3,1,2,1,2
4,176,1742.0,108,terminated,2,0,0,2,1742.0,1,2,1,1,1,3,1,8,2,2,1,5,2,2,1,3,2,3,7,2,2,6,4,2,2,4,2,2,2,2
4,177,1573.0,77,terminated,2,0,0,1,1573.0,1,2,1,1,1,3,1,7,2,1,1,4,2,1,1,2,1,3,6,2,1,6,3,2,1,3,2,1,2,1
4,178,1332.0,118,terminated,1,0,0,1,1332.0,1,1,0,1,1,2,1,5,1,1,1,3,1,1,1,2,1,2,4,1,1,6,2,1,1,2,1,1,1,1
4,179,1568.0,82,terminated,1,0,0,2,1568.0,1,3,1,2,1,3,1,7,1,2,1,4,1,2,1,3,2,3,6,1,2,2,3,1,2,3,1,2,1,2
4,180,1778.0,72,terminated,2,0,0,2,1778.0,1,2,1,1,1,4,1,9,2,2,1,5,2,2,1,3,2,4,8,2,2,0,4,2,2,4,2,2,2,2
4,181,1766.0,84,terminated,2,0,0,2,1766.0,1,1,1,0,1,3,1,8,2,2,1,5,2,2,1,3,2,3,7,2,2,0,4,2,2,4,2,2,2,2
4,182,1752.0,98,terminated,2,0,0,2,1752.0,1,2,1,1,1,4,1,9,2,2,1,5,2,2,1,3,2,4,8,2,2,7,4,2,2,4,2,2,2,2
4,183,35.0,25,terminated,1,39,1,1,35.0,0,0,0,0,1,1,1,4,1,1,1,3,1,1,1,2,1,1,3,1,1,0,2,1,1,2,1,1,1,1
4,184,1768.0,82,terminated,2,0,0,2,1768.0,1,2,0,2,1,4,1,9,2,2,1,5,2,2,1,3,2,4,8,2,2,0,4,2,2,4,2,2,2,2
4,185,232.0,48,terminated,1,17,1,1,232.0,0,1,1,0,1,2,1,5,1,1,1,3,1,1,1,2,1,2,4,1,1,7,2,1,1,2,1,1,1,1
4,186,1542.0,108,terminated,1,0,0,2,1542.0,1,3,1,2,1,2,1,6,1,2,1,4,1,2,1,3,2,2,5,1,2,0,3,1,2,3,1,2,1,2
4,187,1563.0,87,terminated,1,0,0,2,1563.0,1,1,0,1,1,3,1,7,1,2,1,4,1,2,1,3,2,3,6,1,2,3,3,1,2,3,1,2,1,2
4,188,1571.0,79,terminated,1,0,0,2,1571.0,1,1,0,1,1,3,1,7,1,2,1,4,1,2,1,3,2,3,6,1,2,0,3,1,2,3,1,2,1,2
4,189,1372.0,78,terminated,1,0,0,1,1372.0,1,1,1,0,1,2,1,5,1,1,1,3,1,1,1,2,1,2,4,1,1,9,2,1,1,2,1,1,1,1
4,190,1767.0,83,terminated,2,0,0,2,1767.0,1,4,2,2,1,4,1,9,2,2,1,5,2,2,1,3,2,4,8,2,2,3,4,2,2,4,2,2,2,2
4,191,750.0,90,terminated,2,1,1,2,750.0,0,1,1,0,1,4,1,9,2,2,1,5,2,2,1,3,2,4,8,2,2,6,4,2,2,4,2,2,2,2
4,192,1694.0,156,terminated,2,0,0,2,1694.0,1,1,1,0,1,4,1,9,2,2,1,5,2,2,1,3,2,4,8,2,2,2,4,2,2,4,2,2,2,2
4,193,-162.0,22,terminated,0,39,1,1,-162.0,0,0,0,0,0,1,0,2,0,1,0,1,0,1,0,1,1,1,2,0,1,0,1,0,1,1,0,1,0,1
4,194,1365.0,85,terminated,1,0,0,1,1365.0,1,1,0,1,0,2,0,4,1,1,0,2,1,1,0,1,1,2,4,1,1,10,2,1,1,2,1,1,1,1
4,195,1348.0,102,terminated,2,0,0,0,1348.0,1,1,1,0,1,2,1,5,2,0,1,3,2,0,1,1,0,2,4,2,0,6,2,2,0,2,2,0,2,0
4,196,1568.0,82,terminated,2,0,0,1,1568.0,1,3,2,1,1,3,1,7,2,1,1,4,2,1,1,2,1,3,6,2,1,3,3,2,1,3,2,1,2,1
4,197,1733.0,117,terminated,2,0,0,2,1733.0,1,1,0,1,1,4,1,9,2,2,1,5,2,2,1,3,2,4,8,2,2,0,4,2,2,4,2,2,2,2
4,198,1755.0,95,terminated,2,0,0,2,1755.0,1,2,0,2,1,4,1,9,2,2,1,5,2,2,1,3,2,4,8,2,2,3,4,2,2,4,2,2,2,2
4,199,1762.0,88,terminated,2,0,0,2,1762.0,1,0,0,0,1,4,1,9,2,2,1,5,2,2,1,3,2,4,8,2,2,0,4,2,2,4,2,2,2,2
4,200,1772.0,78,terminated,2,0,0,2,1772.0,1,1,1,0,1,3,1,8,2,2,1,5,2,2,1,3,2,3,7,2,2,0,4,2,2,4,2,2,2,2
4,201,1574.0,76,terminated,1,0,0,2,1574.0,1,2,1,1,1,3,1,7,1,2,1,4,1,2,1,3,2,3,6,1,2,6,3,1,2,3,1,2,1,2
4,202,1779.0,71,terminated,2,0,0,2,1779.0,1,1,0,1,1,4,1,9,2,2,1,5,2,2,1,3,2,4,8,2,2,0,4,2,2,4,2,2,2,2
4,203,1754.0,96,terminated,2,0,0,2,1754.0,1,1,1,0,1,4,1,9,2,2,1,5,2,2,1,3,2,4,8,2,2,0,4,2,2,4,2,2,2,2
4,204,-153.0,23,terminated,0,38,1,1,-153.0,0,1,0,1,1,0,1,2,0,1,1,2,0,1,1,2,1,0,1,0,1,4,1,0,1,1,0,1,0,1
4,205,1145.0,105,terminated,1,0,0,0,1145.0,1,1,1,0,1,1,1,3,1,0,1,2,1,0,1,1,0,1,2,1,0,8,1,1,0,1,1,0,1,0
4,206,1758.0,92,terminated,2,0,0,2,1758.0,1,1,1,0,0,4,0,8,2,2,0,4,2,2,0,2,2,4,8,2,2,0,4,2,2,4,2,2,2,2
4,207,1563.0,87,terminated,1,0,0,2,1563.0,1,1,0,1,1,3,1,7,1,2,1,4,1,2,1,3,2,3,6,1,2,6,3,1,2,3,1,2,1,2
4,208,1570.0,80,terminated,2,0,0,1,1570.0,1,2,1,1,1,3,1,7,2,1,1,4,2,1,1,2,1,3,6,2,1,0,3,2,1,3,2,1,2,1
4,209,1753.0,97,terminated,2,0,0,2,1753.0,1,3,2,1,1,4,1,9,2,2,1,5,2,2,1,3,2,4,8,2,2,0,4,2,2,4,2,2,2,2
4,210,1556.0,94,terminated,1,0,0,2,1556.0,1,1,0,1,0,3,0,6,1,2,0,3,1,2,0,2,2,3,6,1,2,3,3,1,2,3,1,2,1,2
4,211,528.0,82,terminated,2,4,1,1,528.0,0,2,1,1,1,3,1,7,2,1,1,4,2,1,1,2,1,3,6,2,1,1,3,2,1,3,2,1,2,1
4,212,1754.0,96,terminated,2,0,0,2,1754.0,1,1,0,1,0,4,0,8,2,2,0,4,2,2,0,2,2,4,8,2,2,0,4,2,2,4,2,2,2,2
4,213,1372.0,78,terminated,1,0,0,1,1372.0,1,2,1,1,1,2,1,5,1,1,1,3,1,1,1,2,1,2,4,1,1,4,2,1,1,2,1,1,1,1
4,214,1367.0,83,terminated,1,0,0,1,1367.0,1,1,0,1,1,2,1,5,1,1,1,3,1,1,1,2,1,2,4,1,1,6,2,1,1,2,1,1,1,1
4,215,1568.0,82,terminated,2,0,0,1,1568.0,1,2,1,1,1,3,1,7,2,1,1,4,2,1,1,2,1,3,6,2,1,6,3,2,1,3,2,1,2,1
4,216,1551.0,99,terminated,2,0,0,1,1551.0,1,3,2,1,1,3,1,7,2,1,1,4,2,1,1,2,1,3,6,2,1,7,3,2,1,3,2,1,2,1
4,217,1734.0,116,terminated,2,0,0,2,1734.0,1,2,1,1,1,4,1,9,2,2,1,5,2,2,1,3,2,4,8,2,2,0,4,2,2,4,2,2,2,2
4,218,1370.0,80,terminated,2,0,0,0,1370.0,1,1,1,0,1,2,1,5,2,0,1,3,2,0,1,1,0,2,4,2,0,8,2,2,0,2,2,0,2,0
4,219,1722.0,128,terminated,2,0,0,2,1722.0,1,2,1,1,1,4,1,9,2,2,1,5,2,2,1,3,2,4,8,2,2,6,4,2,2,4,2,2,2,2
4,220,1572.0,78,terminated,1,0,0,2,1572.0,1,2,1,1,1,3,1,7,1,2,1,4,1,2,1,3,2,3,6,1,2,2,3,1,2,3,1,2,1,2
4,221,1732.0,118,terminated,2,0,0,2,1732.0,1,1,1,0,1,4,1,9,2,2,1,5,2,2,1,3,2,4,8,2,2,5,4,2,2,4,2,2,2,2
4,222,1554.0,96,terminated,2,0,0,1,1554.0,1,3,2,1,1,3,1,7,2,1,1,4,2,1,1,2,1,3,6,2,1,5,3,2,1,3,2,1,2,1
4,223,1563.0,87,terminated,2,0,0,1,1563.0,1,1,1,0,1,3,1,7,2,1,1,4,2,1,1,2,1,3,6,2,1,7,3,2,1,3,2,1,2,1
4,224,1766.0,84,terminated,2,0,0,2,1766.0,1,3,1,2,1,4,1,9,2,2,1,5,2,2,1,3,2,4,8,2,2,1,4,2,2,4,2,2,2,2
4,225,1576.0,74,terminated,2,0,0,1,1576.0,1,0,0,0,1,3,1,7,2,1,1,4,2,1,1,2,1,3,6,2,1,0,3,2,1,3,2,1,2,1
4,226,1356.0,94,terminated,1,0,0,1,1356.0,1,1,0,1,1,2,1,5,1,1,1,3,1,1,1,2,1,2,4,1,1,6,2,1,1,2,1,1,1,1
4,227,1755.0,95,terminated,2,0,0,2,1755.0,1,2,1,1,1,3,1,8,2,2,1,5,2,2,1,3,2,3,7,2,2,0,4,2,2,4,2,2,2,2
4,228,1359.0,91,terminated,0,0,0,2,1359.0,1,1,0,1,1,2,1,5,0,2,1,3,0,2,1,3,2,2,4,0,2,8,2,0,2,2,0,2,0,2
4,229,1749.0,101,terminated,2,0,0,2,1749.0,1,3,2,1,1,4,1,9,2,2,1,5,2,2,1,3,2,4,8,2,2,0,4,2,2,4,2,2,2,2
4,230,1742.0,108,terminated,2,0,0,2,1742.0,1,2,1,1,1,4,1,9,2,2,1,5,2,2,1,3,2,4,8,2,2,2,4,2,2,4,2,2,2,2
4,231,1570.0,80,terminated,1,0,0,2,1570.0,1,1,0,1,1,3,1,7,1,2,1,4,1,2,1,3,2,3,6,1,2,8,3,1,2,3,1,2,1,2
4,232,1542.0,108,terminated,2,0,0,1,1542.0,1,1,1,0,1,3,1,7,2,1,1,4,2,1,1,2,1,3,6,2,1,3,3,2,1,3,2,1,2,1
4,233,1569.0,81,terminated,2,0,0,1,1569.0,1,0,0,0,1,2,1,6,2,1,1,4,2,1,1,2,1,2,5,2,1,8,3,2,1,3,2,1,2,1
4,234,1565.0,85,terminated,2,0,0,1,1565.0,1,3,2,1,1,3,1,7,2,1,1,4,2,1,1,2,1,3,6,2,1,6,3,2,1,3,2,1,2,1
4,235,1555.0,95,terminated,1,0,0,2,1555.0,1,1,0,1,1,3,1,7,1,2,1,4,1,2,1,3,2,3,6,1,2,0,3,1,2,3,1,2,1,2
4,236,1521.0,129,terminated,1,0,0,2,1521.0,1,2,1,1,1,3,1,7,1,2,1,4,1,2,1,3,2,3,6,1,2,11,3,1,2,3,1,2,1,2
4,237,1543.0,107,terminated,2,0,0,1,1543.0,1,2,1,1,1,3,1,7,2,1,1,4,2,1,1,2,1,3,6,2,1,8,3,2,1,3,2,1,2,1
4,238,1560.0,90,terminated,1,0,0,2,1560.0,1,2,1,1,1,3,1,7,1,2,1,4,1,2,1,3,2,3,6,1,2,0,3,1,2,3,1,2,1,2
4,239,1647.0,203,terminated,2,0,0,2,1647.0,1,3,2,1,1,4,1,9,2,2,1,5,2,2,1,3,2,4,8,2,2,4,4,2,2,4,2,2,2,2
4,240,1716.0,134,terminated,2,0,0,2,1716.0,1,3,2,1,1,4,1,9,2,2,1,5,2,2,1,3,2,4,8,2,2,5,4,2,2,4,2,2,2,2
4,241,1761.0,89,terminated,2,0,0,2,1761.0,1,3,1,2,0,4,0,8,2,2,0,4,2,2,0,2,2,4,8,2,2,5,4,2,2,4,2,2,2,2
4,242,1771.0,79,terminated,2,0,0,2,1771.0,1,2,0,2,1,4,1,9,2,2,1,5,2,2,1,3,2,4,8,2,2,0,4,2,2,4,2,2,2,2
4,243,1739.0,111,terminated,2,0,0,2,1739.0,1,2,0,2,1,4,1,9,2,2,1,5,2,2,1,3,2,4,8,2,2,1,4,2,2,4,2,2,2,2
4,244,-149.0,19,terminated,1,38,1,0,-149.0,0,0,0,0,1,1,1,3,1,0,1,2,1,0,1,1,0,1,2,1,0,1,1,1,0,1,1,0,1,0
4,245,-95.0,35,terminated,1,31,1,0,-95.0,0,0,0,0,1,1,1,3,1,0,1,2,1,0,1,1,0,1,2,1,0,8,1,1,0,1,1,0,1,0
4,246,1144.0,106,terminated,0,0,0,1,1144.0,1,1,0,1,1,1,1,3,0,1,1,2,0,1,1,2,1,1,2,0,1,15,1,0,1,1,0,1,0,1
4,247,1561.0,89,terminated,2,0,0,1,1561.0,1,2,2,0,0,3,0,6,2,1,0,3,2,1,0,1,1,3,6,2,1,0,3,2,1,3,2,1,2,1
4,248,1561.0,89,terminated,1,0,0,2,1561.0,1,1,0,1,1,3,1,7,1,2,1,4,1,2,1,3,2,3,6,1,2,0,3,1,2,3,1,2,1,2
4,249,1761.0,89,terminated,2,0,0,2,1761.0,1,3,1,2,1,4,1,9,2,2,1,5,2,2,1,3,2,4,8,2,2,0,4,2,2,4,2,2,2,2
4,250,1537.0,113,terminated,1,0,0,2,1537.0,1,2,1,1,1,3,1,7,1,2,1,4,1,2,1,3,2,3,6,1,2,0,3,1,2,3,1,2,1,2
4,251,754.0,76,terminated,2,2,1,2,754.0,0,2,1,1,1,4,1,9,2,2,1,5,2,2,1,3,2,4,8,2,2,5,4,2,2,4,2,2,2,2
4,252,515.0,85,terminated,2,5,1,1,515.0,0,2,2,0,1,3,1,7,2,1,1,4,2,1,1,2,1,3,6,2,1,1,3,2,1,3,2,1,2,1
4,253,1776.0,74,terminated,2,0,0,2,1776.0,1,3,1,2,1,4,1,9,2,2,1,5,2,2,1,3,2,4,8,2,2,0,4,2,2,4,2,2,2,2
4,254,1166.0,84,terminated,1,0,0,0,1166.0,1,1,1,0,1,1,1,3,1,0,1,2,1,0,1,1,0,1,2,1,0,10,1,1,0,1,1,0,1,0
4,255,1359.0,91,terminated,0,0,0,2,1359.0,1,1,0,1,1,2,1,5,0,2,1,3,0,2,1,3,2,2,4,0,2,7,2,0,2,2,0,2,0,2
4,256,1765.0,85,terminated,2,0,0,2,1765.0,1,1,1,0,1,3,1,8,2,2,1,5,2,2,1,3,2,3,7,2,2,0,4,2,2,4,2,2,2,2
4,257,1759.0,91,terminated,2,0,0,2,1759.0,1,0,0,0,0,3,0,7,2,2,0,4,2,2,0,2,2,3,7,2,2,0,4,2,2,4,2,2,2,2
4,258,1776.0,74,terminated,2,0,0,2,1776.0,1,3,2,1,1,4,1,9,2,2,1,5,2,2,1,3,2,4,8,2,2,5,4,2,2,4,2,2,2,2
4,259,1769.0,81,terminated,2,0,0,2,1769.0,1,4,2,2,1,4,1,9,2,2,1,5,2,2,1,3,2,4,8,2,2,7,4,2,2,4,2,2,2,2
4,260,1747.0,103,terminated,2,0,0,2,1747.0,1,4,2,2,1,4,1,9,2,2,1,5,2,2,1,3,2,4,8,2,2,3,4,2,2,4,2,2,2,2
4,261,1730.0,120,terminated,2,0,0,2,1730.0,1,3,2,1,1,4,1,9,2,2,1,5,2,2,1,3,2,4,8,2,2,1,4,2,2,4,2,2,2,2
4,262,1761.0,89,terminated,2,0,0,2,1761.0,1,1,0,1,1,3,1,8,2,2,1,5,2,2,1,3,2,3,7,2,2,0,4,2,2,4,2,2,2,2
4,263,1729.0,121,terminated,2,0,0,2,1729.0,1,3,2,1,1,4,1,9,2,2,1,5,2,2,1,3,2,4,8,2,2,4,4,2,2,4,2,2,2,2
4,264,1562.0,88,terminated,1,0,0,2,1562.0,1,0,0,0,0,2,0,5,1,2,0,3,1,2,0,2,2,2,5,1,2,0,3,1,2,3,1,2,1,2
4,265,1570.0,80,terminated,1,0,0,2,1570.0,1,1,1,0,1,3,1,7,1,2,1,4,1,2,1,3,2,3,6,1,2,0,3,1,2,3,1,2,1,2
4,266,1372.0,78,terminated,1,0,0,1,1372.0,1,2,1,1,1,2,1,5,1,1,1,3,1,1,1,2,1,2,4,1,1,7,2,1,1,2,1,1,1,1
4,267,1751.0,99,terminated,2,0,0,2,1751.0,1,4,2,2,1,4,1,9,2,2,1,5,2,2,1,3,2,4,8,2,2,4,4,2,2,4,2,2,2,2
4,268,1564.0,86,terminated,1,0,0,2,1564.0,1,1,1,0,1,3,1,7,1,2,1,4,1,2,1,3,2,3,6,1,2,6,3,1,2,3,1,2,1,2
4,269,1748.0,102,terminated,2,0,0,2,1748.0,1,3,1,2,1,4,1,9,2,2,1,5,2,2,1,3,2,4,8,2,2,3,4,2,2,4,2,2,2,2
4,270,283.0,57,terminated,1,11,1,1,283.0,0,2,1,1,1,2,1,5,1,1,1,3,1,1,1,2,1,2,4,1,1,10,2,1,1,2,1,1,1,1
4,271,1769.0,81,terminated,2,0,0,2,1769.0,1,3,2,1,1,4,1,9,2,2,1,5,2,2,1,3,2,4,8,2,2,0,4,2,2,4,2,2,2,2
4,272,-144.0,24,terminated,1,37,1,0,-144.0,0,1,1,0,1,1,1,3,1,0,1,2,1,0,1,1,0,1,2,1,0,5,1,1,0,1,1,0,1,0
4,273,1730.0,120,terminated,2,0,0,2,1730.0,1,2,1,1,0,4,0,8,2,2,0,4,2,2,0,2,2,4,8,2,2,12,4,2,2,4,2,2,2,2
4,274,1728.0,122,terminated,2,0,0,2,1728.0,1,4,2,2,1,4,1,9,2,2,1,5,2,2,1,3,2,4,8,2,2,6,4,2,2,4,2,2,2,2
4,275,1768.0,82,terminated,2,0,0,2,1768.0,1,2,1,1,1,4,1,9,2,2,1,5,2,2,1,3,2,4,8,2,2,1,4,2,2,4,2,2,2,2
4,276,284.0,56,terminated,2,11,1,0,284.0,0,1,1,0,1,2,1,5,2,0,1,3,2,0,1,1,0,2,4,2,0,6,2,2,0,2,2,0,2,0
4,277,1522.0,128,terminated,1,0,0,2,1522.0,1,3,1,2,1,2,1,6,1,2,1,4,1,2,1,3,2,2,5,1,2,2,3,1,2,3,1,2,1,2
4,278,1573.0,77,terminated,2,0,0,1,1573.0,1,0,0,0,0,3,0,6,2,1,0,3,2,1,0,1,1,3,6,2,1,9,3,2,1,3,2,1,2,1
4,279,1372.0,78,terminated,1,0,0,1,1372.0,1,0,0,0,0,2,0,4,1,1,0,2,1,1,0,1,1,2,4,1,1,6,2,1,1,2,1,1,1,1
4,280,737.0,103,terminated,2,1,1,2,737.0,0,2,1,1,1,4,1,9,2,2,1,5,2,2,1,3,2,4,8,2,2,3,4,2,2,4,2,2,2,2
4,281,1775.0,75,terminated,2,0,0,2,1775.0,1,2,2,0,1,4,1,9,2,2,1,5,2,2,1,3,2,4,8,2,2,2,4,2,2,4,2,2,2,2
4,282,1754.0,96,terminated,2,0,0,2,1754.0,1,2,1,1,1,4,1,9,2,2,1,5,2,2,1,3,2,4,8,2,2,0,4,2,2,4,2,2,2,2
4,283,1566.0,84,terminated,2,0,0,1,1566.0,1,2,1,1,1,3,1,7,2,1,1,4,2,1,1,2,1,3,6,2,1,2,3,2,1,3,2,1,2,1
4,284,1360.0,90,terminated,1,0,0,1,1360.0,1,1,0,1,1,2,1,5,1,1,1,3,1,1,1,2,1,2,4,1,1,14,2,1,1,2,1,1,1,1
4,285,1761.0,89,terminated,2,0,0,2,1761.0,1,1,0,1,0,4,0,8,2,2,0,4,2,2,0,2,2,4,8,2,2,5,4,2,2,4,2,2,2,2
4,286,1769.0,81,terminated,2,0,0,2,1769.0,1,2,1,1,0,4,0,8,2,2,0,4,2,2,0,2,2,4,8,2,2,0,4,2,2,4,2,2,2,2
4,287,1752.0,98,terminated,2,0,0,2,1752.0,1,3,2,1,1,4,1,9,2,2,1,5,2,2,1,3,2,4,8,2,2,4,4,2,2,4,2,2,2,2
4,288,1736.0,114,terminated,2,0,0,2,1736.0,1,1,1,0,1,3,1,8,2,2,1,5,2,2,1,3,2,3,7,2,2,5,4,2,2,4,2,2,2,2
4,289,1513.0,137,terminated,1,0,0,2,1513.0,1,1,0,1,1,3,1,7,1,2,1,4,1,2,1,3,2,3,6,1,2,7,3,1,2,3,1,2,1,2
4,290,1735.0,115,terminated,2,0,0,2,1735.0,1,4,2,2,1,3,1,8,2,2,1,5,2,2,1,3,2,3,7,2,2,8,4,2,2,4,2,2,2,2
4,291,1324.0,126,terminated,1,0,0,1,1324.0,1,2,1,1,1,2,1,5,1,1,1,3,1,1,1,2,1,2,4,1,1,16,2,1,1,2,1,1,1,1
4,292,1775.0,75,terminated,2,0,0,2,1775.0,1,4,2,2,1,4,1,9,2,2,1,5,2,2,1,3,2,4,8,2,2,6,4,2,2,4,2,2,2,2
4,293,482.0,68,terminated,2,10,1,1,482.0,0,3,2,1,1,3,1,7,2,1,1,4,2,1,1,2,1,3,6,2,1,4,3,2,1,3,2,1,2,1
4,294,1763.0,87,terminated,2,0,0,2,1763.0,1,0,0,0,0,4,0,8,2,2,0,4,2,2,0,2,2,4,8,2,2,0,4,2,2,4,2,2,2,2
4,295,1549.0,101,terminated,2,0,0,1,1549.0,1,1,1,0,0,3,0,6,2,1,0,3,2,1,0,1,1,3,6,2,1,0,3,2,1,3,2,1,2,1
4,296,1769.0,81,terminated,2,0,0,2,1769.0,1,2,0,2,1,4,1,9,2,2,1,5,2,2,1,3,2,4,8,2,2,1,4,2,2,4,2,2,2,2
4,297,1755.0,95,terminated,2,0,0,2,1755.0,1,2,1,1,1,4,1,9,2,2,1,5,2,2,1,3,2,4,8,2,2,0,4,2,2,4,2,2,2,2
4,298,46.0,24,terminated,1,38,1,1,46.0,0,0,0,0,0,2,0,4,1,1,0,2,1,1,0,1,1,2,4,1,1,1,2,1,1,2,1,1,1,1
4,299,1573.0,77,terminated,2,0,0,1,1573.0,1,3,2,1,1,3,1,7,2,1,1,4,2,1,1,2,1,3,6,2,1,13,3,2,1,3,2,1,2,1
4,300,1370.0,80,terminated,1,0,0,1,1370.0,1,1,0,1,1,2,1,5,1,1,1,3,1,1,1,2,1,2,4,1,1,5,2,1,1,2,1,1,1,1
4,301,1545.0,105,terminated,2,0,0,1,1545.0,1,2,1,1,0,3,0,6,2,1,0,3,2,1,0,1,1,3,6,2,1,17,3,2,1,3,2,1,2,1
4,302,1567.0,83,terminated,1,0,0,2,1567.0,1,1,0,1,1,3,1,7,1,2,1,4,1,2,1,3,2,3,6,1,2,0,3,1,2,3,1,2,1,2
4,303,1571.0,79,terminated,2,0,0,1,1571.0,1,2,1,1,1,3,1,7,2,1,1,4,2,1,1,2,1,3,6,2,1,1,3,2,1,3,2,1,2,1
4,304,1559.0,91,terminated,2,0,0,1,1559.0,1,2,1,1,1,3,1,7,2,1,1,4,2,1,1,2,1,3,6,2,1,0,3,2,1,3,2,1,2,1
4,305,1760.0,90,terminated,2,0,0,2,1760.0,1,3,2,1,1,4,1,9,2,2,1,5,2,2,1,3,2,4,8,2,2,6,4,2,2,4,2,2,2,2
4,306,1758.0,92,terminated,2,0,0,2,1758.0,1,3,2,1,1,4,1,9,2,2,1,5,2,2,1,3,2,4,8,2,2,6,4,2,2,4,2,2,2,2
4,307,1748.0,102,terminated,2,0,0,2,1748.0,1,2,1,1,1,4,1,9,2,2,1,5,2,2,1,3,2,4,8,2,2,5,4,2,2,4,2,2,2,2
4,308,1360.0,90,terminated,1,0,0,1,1360.0,1,1,1,0,1,2,1,5,1,1,1,3,1,1,1,2,1,2,4,1,1,1,2,1,1,2,1,1,1,1
4,309,1572.0,78,terminated,2,0,0,1,1572.0,1,2,1,1,1,2,1,6,2,1,1,4,2,1,1,2,1,2,5,2,1,8,3,2,1,3,2,1,2,1
4,310,1526.0,124,terminated,2,0,0,1,1526.0,1,1,1,0,1,3,1,7,2,1,1,4,2,1,1,2,1,3,6,2,1,0,3,2,1,3,2,1,2,1
4,311,1719.0,131,terminated,2,0,0,2,1719.0,1,2,1,1,1,3,1,8,2,2,1,5,2,2,1,3,2,3,7,2,2,0,4,2,2,4,2,2,2,2
4,312,1761.0,89,terminated,2,0,0,2,1761.0,1,3,2,1,1,4,1,9,2,2,1,5,2,2,1,3,2,4,8,2,2,8,4,2,2,4,2,2,2,2
4,313,1750.0,100,terminated,2,0,0,2,1750.0,1,2,1,1,1,4,1,9,2,2,1,5,2,2,1,3,2,4,8,2,2,0,4,2,2,4,2,2,2,2
4,314,680.0,90,terminated,2,8,1,2,680.0,0,3,2,1,1,4,1,9,2,2,1,5,2,2,1,3,2,4,8,2,2,1,4,2,2,4,2,2,2,2
4,315,1758.0,92,terminated,2,0,0,2,1758.0,1,2,1,1,1,4,1,9,2,2,1,5,2,2,1,3,2,4,8,2,2,5,4,2,2,4,2,2,2,2
4,316,1372.0,78,terminated,2,0,0,0,1372.0,1,1,1,0,1,2,1,5,2,0,1,3,2,0,1,1,0,2,4,2,0,6,2,2,0,2,2,0,2,0
4,317,1735.0,115,terminated,2,0,0,2,1735.0,1,2,1,1,1,4,1,9,2,2,1,5,2,2,1,3,2,4,8,2,2,10,4,2,2,4,2,2,2,2
4,318,1546.0,104,terminated,2,0,0,1,1546.0,1,3,2,1,1,3,1,7,2,1,1,4,2,1,1,2,1,3,6,2,1,1,3,2,1,3,2,1,2,1
4,319,449.0,91,terminated,2,11,1,1,449.0,0,2,1,1,1,3,1,7,2,1,1,4,2,1,1,2,1,3,6,2,1,5,3,2,1,3,2,1,2,1
4,320,1548.0,102,terminated,1,0,0,2,1548.0,1,2,1,1,1,3,1,7,1,2,1,4,1,2,1,3,2,3,6,1,2,5,3,1,2,3,1,2,1,2
4,321,1756.0,94,terminated,2,0,0,2,1756.0,1,3,1,2,1,4,1,9,2,2,1,5,2,2,1,3,2,4,8,2,2,5,4,2,2,4,2,2,2,2
4,322,1772.0,78,terminated,2,0,0,2,1772.0,1,4,2,2,1,4,1,9,2,2,1,5,2,2,1,3,2,4,8,2,2,4,4,2,2,4,2,2,2,2
4,323,1716.0,134,terminated,2,0,0,2,1716.0,1,4,2,2,1,4,1,9,2,2,1,5,2,2,1,3,2,4,8,2,2,15,4,2,2,4,2,2,2,2
4,324,1717.0,133,terminated,2,0,0,2,1717.0,1,2,0,2,1,4,1,9,2,2,1,5,2,2,1,3,2,4,8,2,2,18,4,2,2,4,2,2,2,2
4,325,1749.0,101,terminated,2,0,0,2,1749.0,1,2,1,1,1,4,1,9,2,2,1,5,2,2,1,3,2,4,8,2,2,0,4,2,2,4,2,2,2,2
4,326,1723.0,127,terminated,2,0,0,2,1723.0,1,4,2,2,1,3,1,8,2,2,1,5,2,2,1,3,2,3,7,2,2,2,4,2,2,4,2,2,2,2
4,327,519.0,91,terminated,1,4,1,2,519.0,0,2,1,1,1,3,1,7,1,2,1,4,1,2,1,3,2,3,6,1,2,14,3,1,2,3,1,2,1,2
4,328,1541.0,109,terminated,1,0,0,2,1541.0,1,2,1,1,0,3,0,6,1,2,0,3,1,2,0,2,2,3,6,1,2,2,3,1,2,3,1,2,1,2
4,329,1745.0,105,terminated,2,0,0,2,1745.0,1,3,2,1,1,4,1,9,2,2,1,5,2,2,1,3,2,4,8,2,2,0,4,2,2,4,2,2,2,2
4,330,271.0,69,terminated,1,11,1,1,271.0,0,2,1,1,1,2,1,5,1,1,1,3,1,1,1,2,1,2,4,1,1,6,2,1,1,2,1,1,1,1
4,331,1727.0,123,terminated,2,0,0,2,1727.0,1,1,0,1,1,4,1,9,2,2,1,5,2,2,1,3,2,4,8,2,2,1,4,2,2,4,2,2,2,2
4,332,1570.0,80,terminated,2,0,0,1,1570.0,1,1,1,0,0,3,0,6,2,1,0,3,2,1,0,1,1,3,6,2,1,0,3,2,1,3,2,1,2,1
4,333,1138.0,112,terminated,0,0,0,1,1138.0,1,0,0,0,1,1,1,3,0,1,1,2,0,1,1,2,1,1,2,0,1,6,1,0,1,1,0,1,0,1
4,334,535.0,85,terminated,2,3,1,1,535.0,0,0,0,0,1,3,1,7,2,1,1,4,2,1,1,2,1,3,6,2,1,0,3,2,1,3,2,1,2,1
4,335,1764.0,86,terminated,2,0,0,2,1764.0,1,3,2,1,1,4,1,9,2,2,1,5,2,2,1,3,2,4,8,2,2,8,4,2,2,4,2,2,2,2
4,336,1749.0,101,terminated,2,0,0,2,1749.0,1,2,1,1,1,4,1,9,2,2,1,5,2,2,1,3,2,4,8,2,2,9,4,2,2,4,2,2,2,2
4,337,1346.0,104,terminated,1,0,0,1,1346.0,1,1,1,0,1,2,1,5,1,1,1,3,1,1,1,2,1,2,4,1,1,12,2,1,1,2,1,1,1,1
4,338,1557.0,93,terminated,1,0,0,2,1557.0,1,2,1,1,1,3,1,7,1,2,1,4,1,2,1,3,2,3,6,1,2,9,3,1,2,3,1,2,1,2
4,339,1766.0,84,terminated,2,0,0,2,1766.0,1,3,2,1,1,4,1,9,2,2,1,5,2,2,1,3,2,4,8,2,2,1,4,2,2,4,2,2,2,2
4,340,1782.0,68,terminated,2,0,0,2,1782.0,1,1,0,1,0,4,0,8,2,2,0,4,2,2,0,2,2,4,8,2,2,7,4,2,2,4,2,2,2,2
4,341,1519.0,131,terminated,2,0,0,1,1519.0,1,2,1,1,1,3,1,7,2,1,1,4,2,1,1,2,1,3,6,2,1,9,3,2,1,3,2,1,2,1
4,342,1568.0,82,terminated,1,0,0,2,1568.0,1,1,1,0,1,3,1,7,1,2,1,4,1,2,1,3,2,3,6,1,2,6,3,1,2,3,1,2,1,2
4,343,1746.0,104,terminated,2,0,0,2,1746.0,1,3,1,2,1,4,1,9,2,2,1,5,2,2,1,3,2,4,8,2,2,7,4,2,2,4,2,2,2,2
4,344,1565.0,85,terminated,2,0,0,1,1565.0,1,0,0,0,1,3,1,7,2,1,1,4,2,1,1,2,1,3,6,2,1,0,3,2,1,3,2,1,2,1
4,345,1715.0,135,terminated,2,0,0,2,1715.0,1,1,0,1,1,4,1,9,2,2,1,5,2,2,1,3,2,4,8,2,2,1,4,2,2,4,2,2,2,2
4,346,1544.0,106,terminated,1,0,0,2,1544.0,1,3,1,2,1,2,1,6,1,2,1,4,1,2,1,3,2,2,5,1,2,9,3,1,2,3,1,2,1,2
4,347,1364.0,86,terminated,1,0,0,1,1364.0,1,1,0,1,1,2,1,5,1,1,1,3,1,1,1,2,1,2,4,1,1,3,2,1,1,2,1,1,1,1
4,348,1757.0,93,terminated,2,0,0,2,1757.0,1,1,1,0,0,4,0,8,2,2,0,4,2,2,0,2,2,4,8,2,2,4,4,2,2,4,2,2,2,2
4,349,1363.0,87,terminated,1,0,0,1,1363.0,1,0,0,0,0,2,0,4,1,1,0,2,1,1,0,1,1,2,4,1,1,0,2,1,1,2,1,1,1,1
4,350,1746.0,104,terminated,2,0,0,2,1746.0,1,0,0,0,1,3,1,8,2,2,1,5,2,2,1,3,2,3,7,2,2,0,4,2,2,4,2,2,2,2
4,351,561.0,79,terminated,2,1,1,1,561.0,0,2,1,1,1,2,1,6,2,1,1,4,2,1,1,2,1,2,5,2,1,8,3,2,1,3,2,1,2,1
4,352,1528.0,122,terminated,2,0,0,1,1528.0,1,1,0,1,1,3,1,7,2,1,1,4,2,1,1,2,1,3,6,2,1,5,3,2,1,3,2,1,2,1
4,353,1744.0,106,terminated,2,0,0,2,1744.0,1,3,1,2,1,4,1,9,2,2,1,5,2,2,1,3,2,4,8,2,2,5,4,2,2,4,2,2,2,2
4,354,-154.0,34,terminated,1,37,1,0,-154.0,0,0,0,0,1,1,1,3,1,0,1,2,1,0,1,1,0,1,2,1,0,13,1,1,0,1,1,0,1,0
4,355,1765.0,85,terminated,2,0,0,2,1765.0,1,1,1,0,1,4,1,9,2,2,1,5,2,2,1,3,2,4,8,2,2,0,4,2,2,4,2,2,2,2
4,356,1566.0,84,terminated,1,0,0,2,1566.0,1,2,1,1,1,3,1,7,1,2,1,4,1,2,1,3,2,3,6,1,2,7,3,1,2,3,1,2,1,2
4,357,1564.0,86,terminated,2,0,0,1,1564.0,1,2,2,0,0,3,0,6,2,1,0,3,2,1,0,1,1,3,6,2,1,2,3,2,1,3,2,1,2,1
4,358,1571.0,79,terminated,1,0,0,2,1571.0,1,1,0,1,1,3,1,7,1,2,1,4,1,2,1,3,2,3,6,1,2,6,3,1,2,3,1,2,1,2
4,359,1546.0,104,terminated,2,0,0,1,1546.0,1,2,2,0,1,3,1,7,2,1,1,4,2,1,1,2,1,3,6,2,1,11,3,2,1,3,2,1,2,1
4,360,1747.0,103,terminated,2,0,0,2,1747.0,1,2,1,1,1,4,1,9,2,2,1,5,2,2,1,3,2,4,8,2,2,0,4,2,2,4,2,2,2,2
4,361,1570.0,80,terminated,1,0,0,2,1570.0,1,1,0,1,1,3,1,7,1,2,1,4,1,2,1,3,2,3,6,1,2,10,3,1,2,3,1,2,1,2
4,362,1556.0,94,terminated,1,0,0,2,1556.0,1,1,0,1,1,3,1,7,1,2,1,4,1,2,1,3,2,3,6,1,2,0,3,1,2,3,1,2,1,2
4,363,1769.0,81,terminated,2,0,0,2,1769.0,1,3,1,2,1,4,1,9,2,2,1,5,2,2,1,3,2,4,8,2,2,1,4,2,2,4,2,2,2,2
4,364,1375.0,75,terminated,2,0,0,0,1375.0,1,1,1,0,1,2,1,5,2,0,1,3,2,0,1,1,0,2,4,2,0,6,2,2,0,2,2,0,2,0
4,365,1369.0,81,terminated,1,0,0,1,1369.0,1,1,0,1,1,2,1,5,1,1,1,3,1,1,1,2,1,2,4,1,1,6,2,1,1,2,1,1,1,1
4,366,566.0,74,terminated,2,1,1,1,566.0,0,1,1,0,1,3,1,7,2,1,1,4,2,1,1,2,1,3,6,2,1,6,3,2,1,3,2,1,2,1
4,367,-160.0,20,terminated,1,39,1,0,-160.0,0,0,0,0,1,0,1,2,1,0,1,2,1,0,1,1,0,0,1,1,0,0,1,1,0,1,1,0,1,0
4,368,1562.0,88,terminated,1,0,0,2,1562.0,1,1,0,1,1,3,1,7,1,2,1,4,1,2,1,3,2,3,6,1,2,9,3,1,2,3,1,2,1,2
4,369,1773.0,77,terminated,2,0,0,2,1773.0,1,4,2,2,1,4,1,9,2,2,1,5,2,2,1,3,2,4,8,2,2,2,4,2,2,4,2,2,2,2
4,370,1566.0,84,terminated,1,0,0,2,1566.0,1,1,0,1,1,3,1,7,1,2,1,4,1,2,1,3,2,3,6,1,2,6,3,1,2,3,1,2,1,2
4,371,1770.0,80,terminated,2,0,0,2,1770.0,1,1,0,1,1,4,1,9,2,2,1,5,2,2,1,3,2,4,8,2,2,4,4,2,2,4,2,2,2,2
4,372,1763.0,87,terminated,2,0,0,2,1763.0,1,2,1,1,1,4,1,9,2,2,1,5,2,2,1,3,2,4,8,2,2,0,4,2,2,4,2,2,2,2
4,373,74.0,26,terminated,1,35,1,1,74.0,0,1,1,0,1,1,1,4,1,1,1,3,1,1,1,2,1,1,3,1,1,6,2,1,1,2,1,1,1,1
4,374,1774.0,76,terminated,2,0,0,2,1774.0,1,3,1,2,1,4,1,9,2,2,1,5,2,2,1,3,2,4,8,2,2,6,4,2,2,4,2,2,2,2
4,375,1550.0,100,terminated,2,0,0,1,1550.0,1,2,2,0,1,3,1,7,2,1,1,4,2,1,1,2,1,3,6,2,1,4,3,2,1,3,2,1,2,1
4,376,1775.0,75,terminated,2,0,0,2,1775.0,1,4,2,2,1,3,1,8,2,2,1,5,2,2,1,3,2,3,7,2,2,1,4,2,2,4,2,2,2,2
4,377,723.0,97,terminated,2,3,1,2,723.0,0,3,2,1,1,4,1,9,2,2,1,5,2,2,1,3,2,4,8,2,2,6,4,2,2,4,2,2,2,2
4,378,1757.0,93,terminated,2,0,0,2,1757.0,1,0,0,0,0,4,0,8,2,2,0,4,2,2,0,2,2,4,8,2,2,0,4,2,2,4,2,2,2,2
4,379,1371.0,79,terminated,0,0,0,2,1371.0,1,1,0,1,1,2,1,5,0,2,1,3,0,2,1,3,2,2,4,0,2,12,2,0,2,2,0,2,0,2
4,380,1379.0,71,terminated,0,0,0,2,1379.0,1,1,0,1,1,2,1,5,0,2,1,3,0,2,1,3,2,2,4,0,2,6,2,0,2,2,0,2,0,2
4,381,627.0,83,terminated,2,14,1,2,627.0,0,2,1,1,1,4,1,9,2,2,1,5,2,2,1,3,2,4,8,2,2,3,4,2,2,4,2,2,2,2
4,382,1760.0,90,terminated,2,0,0,2,1760.0,1,2,0,2,1,4,1,9,2,2,1,5,2,2,1,3,2,4,8,2,2,6,4,2,2,4,2,2,2,2
4,383,1745.0,105,terminated,2,0,0,2,1745.0,1,3,2,1,1,4,1,9,2,2,1,5,2,2,1,3,2,4,8,2,2,0,4,2,2,4,2,2,2,2
4,384,1564.0,86,terminated,1,0,0,2,1564.0,1,1,1,0,1,3,1,7,1,2,1,4,1,2,1,3,2,3,6,1,2,6,3,1,2,3,1,2,1,2
4,385,1737.0,113,terminated,2,0,0,2,1737.0,1,3,1,2,0,4,0,8,2,2,0,4,2,2,0,2,2,4,8,2,2,1,4,2,2,4,2,2,2,2
4,386,722.0,78,terminated,2,5,1,2,722.0,0,3,1,2,1,4,1,9,2,2,1,5,2,2,1,3,2,4,8,2,2,2,4,2,2,4,2,2,2,2
4,387,1366.0,84,terminated,1,0,0,1,1366.0,1,2,1,1,1,2,1,5,1,1,1,3,1,1,1,2,1,2,4,1,1,3,2,1,1,2,1,1,1,1
4,388,1778.0,72,terminated,2,0,0,2,1778.0,1,2,1,1,1,4,1,9,2,2,1,5,2,2,1,3,2,4,8,2,2,2,4,2,2,4,2,2,2,2
4,389,-166.0,26,terminated,0,39,1,1,-166.0,0,0,0,0,1,1,1,3,0,1,1,2,0,1,1,2,1,1,2,0,1,0,1,0,1,1,0,1,0,1
4,390,1575.0,75,terminated,1,0,0,2,1575.0,1,1,0,1,1,3,1,7,1,2,1,4,1,2,1,3,2,3,6,1,2,1,3,1,2,3,1,2,1,2
4,391,1369.0,81,terminated,1,0,0,1,1369.0,1,1,1,0,1,2,1,5,1,1,1,3,1,1,1,2,1,2,4,1,1,4,2,1,1,2,1,1,1,1
4,392,1540.0,110,terminated,2,0,0,1,1540.0,1,3,2,1,1,3,1,7,2,1,1,4,2,1,1,2,1,3,6,2,1,6,3,2,1,3,2,1,2,1
4,393,1568.0,82,terminated,1,0,0,2,1568.0,1,0,0,0,0,3,0,6,1,2,0,3,1,2,0,2,2,3,6,1,2,9,3,1,2,3,1,2,1,2
4,394,1367.0,83,terminated,1,0,0,1,1367.0,1,2,1,1,1,2,1,5,1,1,1,3,1,1,1,2,1,2,4,1,1,4,2,1,1,2,1,1,1,1
4,395,1572.0,78,terminated,1,0,0,2,1572.0,1,2,1,1,1,3,1,7,1,2,1,4,1,2,1,3,2,3,6,1,2,1,3,1,2,3,1,2,1,2
4,396,1558.0,92,terminated,1,0,0,2,1558.0,1,3,1,2,1,2,1,6,1,2,1,4,1,2,1,3,2,2,5,1,2,2,3,1,2,3,1,2,1,2
4,397,1771.0,79,terminated,2,0,0,2,1771.0,1,2,2,0,1,4,1,9,2,2,1,5,2,2,1,3,2,4,8,2,2,0,4,2,2,4,2,2,2,2
4,398,1571.0,79,terminated,2,0,0,1,1571.0,1,1,1,0,1,3,1,7,2,1,1,4,2,1,1,2,1,3,6,2,1,6,3,2,1,3,2,1,2,1
4,399,1530.0,120,terminated,2,0,0,1,1530.0,1,0,0,0,1,3,1,7,2,1,1,4,2,1,1,2,1,3,6,2,1,11,3,2,1,3,2,1,2,1
4,400,1558.0,92,terminated,2,0,0,1,1558.0,1,1,1,0,1,3,1,7,2,1,1,4,2,1,1,2,1,3,6,2,1,6,3,2,1,3,2,1,2,1
4,401,1574.0,76,terminated,1,0,0,2,1574.0,1,2,1,1,1,3,1,7,1,2,1,4,1,2,1,3,2,3,6,1,2,0,3,1,2,3,1,2,1,2
4,402,1778.0,72,terminated,2,0,0,2,1778.0,1,1,1,0,1,4,1,9,2,2,1,5,2,2,1,3,2,4,8,2,2,6,4,2,2,4,2,2,2,2
4,403,1560.0,90,terminated,1,0,0,2,1560.0,1,1,0,1,1,3,1,7,1,2,1,4,1,2,1,3,2,3,6,1,2,6,3,1,2,3,1,2,1,2
4,404,1770.0,80,terminated,2,0,0,2,1770.0,1,3,2,1,1,4,1,9,2,2,1,5,2,2,1,3,2,4,8,2,2,3,4,2,2,4,2,2,2,2
4,405,1565.0,85,terminated,1,0,0,2,1565.0,1,2,0,2,1,3,1,7,1,2,1,4,1,2,1,3,2,3,6,1,2,4,3,1,2,3,1,2,1,2
4,406,1348.0,102,terminated,1,0,0,1,1348.0,1,0,0,0,1,2,1,5,1,1,1,3,1,1,1,2,1,2,4,1,1,0,2,1,1,2,1,1,1,1
4,407,1568.0,82,terminated,2,0,0,1,1568.0,1,2,1,1,1,2,1,6,2,1,1,4,2,1,1,2,1,2,5,2,1,6,3,2,1,3,2,1,2,1
4,408,462.0,88,terminated,2,10,1,1,462.0,0,1,1,0,0,3,0,6,2,1,0,3,2,1,0,1,1,3,6,2,1,0,3,2,1,3,2,1,2,1
4,409,1757.0,93,terminated,2,0,0,2,1757.0,1,2,1,1,1,4,1,9,2,2,1,5,2,2,1,3,2,4,8,2,2,6,4,2,2,4,2,2,2,2
4,410,1758.0,92,terminated,2,0,0,2,1758.0,1,0,0,0,1,4,1,9,2,2,1,5,2,2,1,3,2,4,8,2,2,0,4,2,2,4,2,2,2,2
4,411,1550.0,100,terminated,2,0,0,1,1550.0,1,1,0,1,1,3,1,7,2,1,1,4,2,1,1,2,1,3,6,2,1,6,3,2,1,3,2,1,2,1
4,412,516.0,104,terminated,1,3,1,2,516.0,0,2,1,1,1,3,1,7,1,2,1,4,1,2,1,3,2,3,6,1,2,6,3,1,2,3,1,2,1,2
4,413,1773.0,77,terminated,2,0,0,2,1773.0,1,2,1,1,1,4,1,9,2,2,1,5,2,2,1,3,2,4,8,2,2,4,4,2,2,4,2,2,2,2
4,414,259.0,121,terminated,0,7,1,2,259.0,0,2,0,2,1,2,1,5,0,2,1,3,0,2,1,3,2,2,4,0,2,15,2,0,2,2,0,2,0,2
4,415,480.0,110,terminated,1,6,1,2,480.0,0,1,0,1,0,3,0,6,1,2,0,3,1,2,0,2,2,3,6,1,2,0,3,1,2,3,1,2,1,2
4,416,1576.0,74,terminated,2,0,0,1,1576.0,1,3,2,1,1,2,1,6,2,1,1,4,2,1,1,2,1,2,5,2,1,0,3,2,1,3,2,1,2,1
4,417,1758.0,92,terminated,2,0,0,2,1758.0,1,2,0,2,1,3,1,8,2,2,1,5,2,2,1,3,2,3,7,2,2,5,4,2,2,4,2,2,2,2
4,418,1771.0,79,terminated,2,0,0,2,1771.0,1,4,2,2,1,4,1,9,2,2,1,5,2,2,1,3,2,4,8,2,2,8,4,2,2,4,2,2,2,2
4,419,1545.0,105,terminated,1,0,0,2,1545.0,1,2,1,1,0,3,0,6,1,2,0,3,1,2,0,2,2,3,6,1,2,6,3,1,2,3,1,2,1,2
4,420,1534.0,116,terminated,1,0,0,2,1534.0,1,3,1,2,1,3,1,7,1,2,1,4,1,2,1,3,2,3,6,1,2,8,3,1,2,3,1,2,1,2
4,421,1775.0,75,terminated,2,0,0,2,1775.0,1,2,1,1,1,4,1,9,2,2,1,5,2,2,1,3,2,4,8,2,2,5,4,2,2,4,2,2,2,2
4,422,1564.0,86,terminated,1,0,0,2,1564.0,1,3,1,2,1,3,1,7,1,2,1,4,1,2,1,3,2,3,6,1,2,4,3,1,2,3,1,2,1,2
4,423,1554.0,96,terminated,1,0,0,2,1554.0,1,2,0,2,1,3,1,7,1,2,1,4,1,2,1,3,2,3,6,1,2,10,3,1,2,3,1,2,1,2
4,424,1526.0,124,terminated,2,0,0,1,1526.0,1,2,1,1,1,3,1,7,2,1,1,4,2,1,1,2,1,3,6,2,1,6,3,2,1,3,2,1,2,1
4,425,672.0,68,terminated,2,11,1,2,672.0,0,3,2,1,1,3,1,8,2,2,1,5,2,2,1,3,2,3,7,2,2,3,4,2,2,4,2,2,2,2
4,426,1745.0,105,terminated,2,0,0,2,1745.0,1,3,1,2,1,4,1,9,2,2,1,5,2,2,1,3,2,4,8,2,2,1,4,2,2,4,2,2,2,2
4,427,1542.0,108,terminated,2,0,0,1,1542.0,1,3,2,1,1,3,1,7,2,1,1,4,2,1,1,2,1,3,6,2,1,6,3,2,1,3,2,1,2,1
4,428,1572.0,78,terminated,1,0,0,2,1572.0,1,2,1,1,1,2,1,6,1,2,1,4,1,2,1,3,2,2,5,1,2,2,3,1,2,3,1,2,1,2
4,429,39.0,21,terminated,1,39,1,1,39.0,0,1,0,1,1,1,1,4,1,1,1,3,1,1,1,2,1,1,3,1,1,1,2,1,1,2,1,1,1,1
4,430,667.0,143,terminated,2,4,1,2,667.0,0,4,2,2,1,4,1,9,2,2,1,5,2,2,1,3,2,4,8,2,2,6,4,2,2,4,2,2,2,2
4,431,1563.0,87,terminated,2,0,0,1,1563.0,1,1,1,0,1,3,1,7,2,1,1,4,2,1,1,2,1,3,6,2,1,15,3,2,1,3,2,1,2,1
4,432,1563.0,87,terminated,1,0,0,2,1563.0,1,1,0,1,1,3,1,7,1,2,1,4,1,2,1,3,2,3,6,1,2,0,3,1,2,3,1,2,1,2
4,433,45.0,25,terminated,1,38,1,1,45.0,0,0,0,0,1,0,1,3,1,1,1,3,1,1,1,2,1,0,2,1,1,1,2,1,1,2,1,1,1,1
4,434,1757.0,93,terminated,2,0,0,2,1757.0,1,1,0,1,1,3,1,8,2,2,1,5,2,2,1,3,2,3,7,2,2,5,4,2,2,4,2,2,2,2
4,435,730.0,110,terminated,2,1,1,2,730.0,0,2,0,2,1,4,1,9,2,2,1,5,2,2,1,3,2,4,8,2,2,4,4,2,2,4,2,2,2,2
4,436,51.0,19,terminated,1,38,1,1,51.0,0,1,1,0,1,1,1,4,1,1,1,3,1,1,1,2,1,1,3,1,1,1,2,1,1,2,1,1,1,1
4,437,1534.0,116,terminated,2,0,0,1,1534.0,1,2,1,1,1,3,1,7,2,1,1,4,2,1,1,2,1,3,6,2,1,3,3,2,1,3,2,1,2,1
4,438,1558.0,92,terminated,1,0,0,2,1558.0,1,2,1,1,1,3,1,7,1,2,1,4,1,2,1,3,2,3,6,1,2,8,3,1,2,3,1,2,1,2
4,439,1557.0,93,terminated,1,0,0,2,1557.0,1,1,0,1,0,3,0,6,1,2,0,3,1,2,0,2,2,3,6,1,2,0,3,1,2,3,1,2,1,2
4,440,1539.0,111,terminated,2,0,0,1,1539.0,1,1,1,0,1,3,1,7,2,1,1,4,2,1,1,2,1,3,6,2,1,3,3,2,1,3,2,1,2,1
4,441,1501.0,149,terminated,1,0,0,2,1501.0,1,3,1,2,1,3,1,7,1,2,1,4,1,2,1,3,2,3,6,1,2,6,3,1,2,3,1,2,1,2
4,442,469.0,91,terminated,1,9,1,2,469.0,0,2,1,1,1,3,1,7,1,2,1,4,1,2,1,3,2,3,6,1,2,9,3,1,2,3,1,2,1,2
4,443,438.0,122,terminated,2,9,1,1,438.0,0,2,1,1,1,3,1,7,2,1,1,4,2,1,1,2,1,3,6,2,1,13,3,2,1,3,2,1,2,1
4,444,1317.0,133,terminated,1,0,0,1,1317.0,1,1,1,0,0,2,0,4,1,1,0,2,1,1,0,1,1,2,4,1,1,16,2,1,1,2,1,1,1,1
4,445,1764.0,86,terminated,2,0,0,2,1764.0,1,1,0,1,1,4,1,9,2,2,1,5,2,2,1,3,2,4,8,2,2,7,4,2,2,4,2,2,2,2
4,446,1745.0,105,terminated,2,0,0,2,1745.0,1,2,1,1,1,4,1,9,2,2,1,5,2,2,1,3,2,4,8,2,2,0,4,2,2,4,2,2,2,2
4,447,1269.0,181,terminated,2,0,0,0,1269.0,1,1,1,0,1,2,1,5,2,0,1,3,2,0,1,1,0,2,4,2,0,6,2,2,0,2,2,0,2,0
4,448,1546.0,104,terminated,1,0,0,2,1546.0,1,2,1,1,1,3,1,7,1,2,1,4,1,2,1,3,2,3,6,1,2,0,3,1,2,3,1,2,1,2
4,449,1344.0,106,terminated,1,0,0,1,1344.0,1,0,0,0,1,2,1,5,1,1,1,3,1,1,1,2,1,2,4,1,1,0,2,1,1,2,1,1,1,1
4,450,1735.0,115,terminated,2,0,0,2,1735.0,1,0,0,0,0,4,0,8,2,2,0,4,2,2,0,2,2,4,8,2,2,0,4,2,2,4,2,2,2,2
4,451,1541.0,109,terminated,1,0,0,2,1541.0,1,1,0,1,1,3,1,7,1,2,1,4,1,2,1,3,2,3,6,1,2,7,3,1,2,3,1,2,1,2
4,452,1557.0,93,terminated,1,0,0,2,1557.0,1,2,1,1,1,3,1,7,1,2,1,4,1,2,1,3,2,3,6,1,2,5,3,1,2,3,1,2,1,2
4,453,1578.0,72,terminated,2,0,0,1,1578.0,1,1,1,0,1,3,1,7,2,1,1,4,2,1,1,2,1,3,6,2,1,0,3,2,1,3,2,1,2,1
4,454,1523.0,127,terminated,1,0,0,2,1523.0,1,2,0,2,1,3,1,7,1,2,1,4,1,2,1,3,2,3,6,1,2,6,3,1,2,3,1,2,1,2
4,455,1152.0,98,terminated,1,0,0,0,1152.0,1,0,0,0,1,1,1,3,1,0,1,2,1,0,1,1,0,1,2,1,0,6,1,1,0,1,1,0,1,0
4,456,1572.0,78,terminated,2,0,0,1,1572.0,1,3,2,1,1,3,1,7,2,1,1,4,2,1,1,2,1,3,6,2,1,8,3,2,1,3,2,1,2,1
4,457,1721.0,129,terminated,2,0,0,2,1721.0,1,2,1,1,1,4,1,9,2,2,1,5,2,2,1,3,2,4,8,2,2,2,4,2,2,4,2,2,2,2
4,458,1366.0,84,terminated,1,0,0,1,1366.0,1,1,1,0,1,2,1,5,1,1,1,3,1,1,1,2,1,2,4,1,1,0,2,1,1,2,1,1,1,1
4,459,1574.0,76,terminated,2,0,0,1,1574.0,1,3,2,1,1,3,1,7,2,1,1,4,2,1,1,2,1,3,6,2,1,6,3,2,1,3,2,1,2,1
4,460,1574.0,76,terminated,2,0,0,1,1574.0,1,2,1,1,1,2,1,6,2,1,1,4,2,1,1,2,1,2,5,2,1,1,3,2,1,3,2,1,2,1
4,461,1575.0,75,terminated,2,0,0,1,1575.0,1,3,2,1,1,3,1,7,2,1,1,4,2,1,1,2,1,3,6,2,1,3,3,2,1,3,2,1,2,1
4,462,1559.0,91,terminated,2,0,0,1,1559.0,1,1,0,1,0,3,0,6,2,1,0,3,2,1,0,1,1,3,6,2,1,8,3,2,1,3,2,1,2,1
4,463,1757.0,93,terminated,2,0,0,2,1757.0,1,3,1,2,1,4,1,9,2,2,1,5,2,2,1,3,2,4,8,2,2,7,4,2,2,4,2,2,2,2
4,464,1744.0,106,terminated,2,0,0,2,1744.0,1,3,2,1,1,4,1,9,2,2,1,5,2,2,1,3,2,4,8,2,2,3,4,2,2,4,2,2,2,2
4,465,645.0,65,terminated,2,14,1,2,645.0,0,2,1,1,0,4,0,8,2,2,0,4,2,2,0,2,2,4,8,2,2,0,4,2,2,4,2,2,2,2
4,466,1551.0,99,terminated,2,0,0,1,1551.0,1,2,1,1,1,3,1,7,2,1,1,4,2,1,1,2,1,3,6,2,1,6,3,2,1,3,2,1,2,1
4,467,1558.0,92,terminated,2,0,0,1,1558.0,1,1,1,0,1,2,1,6,2,1,1,4,2,1,1,2,1,2,5,2,1,0,3,2,1,3,2,1,2,1
4,468,1538.0,112,terminated,2,0,0,1,1538.0,1,0,0,0,1,3,1,7,2,1,1,4,2,1,1,2,1,3,6,2,1,0,3,2,1,3,2,1,2,1
4,469,1778.0,72,terminated,2,0,0,2,1778.0,1,2,0,2,1,4,1,9,2,2,1,5,2,2,1,3,2,4,8,2,2,5,4,2,2,4,2,2,2,2
4,470,1764.0,86,terminated,2,0,0,2,1764.0,1,2,1,1,1,4,1,9,2,2,1,5,2,2,1,3,2,4,8,2,2,6,4,2,2,4,2,2,2,2
4,471,1720.0,130,terminated,2,0,0,2,1720.0,1,3,1,2,1,4,1,9,2,2,1,5,2,2,1,3,2,4,8,2,2,6,4,2,2,4,2,2,2,2
4,472,1765.0,85,terminated,2,0,0,2,1765.0,1,2,1,1,1,4,1,9,2,2,1,5,2,2,1,3,2,4,8,2,2,0,4,2,2,4,2,2,2,2
4,473,1336.0,114,terminated,1,0,0,1,1336.0,1,0,0,0,1,2,1,5,1,1,1,3,1,1,1,2,1,2,4,1,1,1,2,1,1,2,1,1,1,1
4,474,1746.0,104,terminated,2,0,0,2,1746.0,1,2,2,0,1,4,1,9,2,2,1,5,2,2,1,3,2,4,8,2,2,6,4,2,2,4,2,2,2,2
4,475,1743.0,107,terminated,2,0,0,2,1743.0,1,3,2,1,1,3,1,8,2,2,1,5,2,2,1,3,2,3,7,2,2,4,4,2,2,4,2,2,2,2
4,476,668.0,72,terminated,2,11,1,2,668.0,0,2,1,1,1,3,1,8,2,2,1,5,2,2,1,3,2,3,7,2,2,0,4,2,2,4,2,2,2,2
4,477,1561.0,89,terminated,1,0,0,2,1561.0,1,2,0,2,1,3,1,7,1,2,1,4,1,2,1,3,2,3,6,1,2,6,3,1,2,3,1,2,1,2
4,478,1781.0,69,terminated,2,0,0,2,1781.0,1,2,2,0,1,4,1,9,2,2,1,5,2,2,1,3,2,4,8,2,2,3,4,2,2,4,2,2,2,2
4,479,1540.0,110,terminated,1,0,0,2,1540.0,1,2,0,2,1,3,1,7,1,2,1,4,1,2,1,3,2,3,6,1,2,6,3,1,2,3,1,2,1,2
4,480,1776.0,74,terminated,2,0,0,2,1776.0,1,2,1,1,1,4,1,9,2,2,1,5,2,2,1,3,2,4,8,2,2,0,4,2,2,4,2,2,2,2
4,481,1527.0,123,terminated,2,0,0,1,1527.0,1,3,2,1,1,3,1,7,2,1,1,4,2,1,1,2,1,3,6,2,1,5,3,2,1,3,2,1,2,1
4,482,1364.0,86,terminated,2,0,0,0,1364.0,1,1,1,0,1,2,1,5,2,0,1,3,2,0,1,1,0,2,4,2,0,6,2,2,0,2,2,0,2,0
4,483,1516.0,134,terminated,1,0,0,2,1516.0,1,2,1,1,1,3,1,7,1,2,1,4,1,2,1,3,2,3,6,1,2,0,3,1,2,3,1,2,1,2
4,484,1756.0,94,terminated,2,0,0,2,1756.0,1,3,1,2,1,4,1,9,2,2,1,5,2,2,1,3,2,4,8,2,2,0,4,2,2,4,2,2,2,2
4,485,1550.0,100,terminated,1,0,0,2,1550.0,1,2,0,2,1,3,1,7,1,2,1,4,1,2,1,3,2,3,6,1,2,0,3,1,2,3,1,2,1,2
4,486,1568.0,82,terminated,2,0,0,1,1568.0,1,1,0,1,1,3,1,7,2,1,1,4,2,1,1,2,1,3,6,2,1,8,3,2,1,3,2,1,2,1
4,487,1774.0,76,terminated,2,0,0,2,1774.0,1,1,0,1,1,4,1,9,2,2,1,5,2,2,1,3,2,4,8,2,2,0,4,2,2,4,2,2,2,2
4,488,1769.0,81,terminated,2,0,0,2,1769.0,1,3,2,1,1,4,1,9,2,2,1,5,2,2,1,3,2,4,8,2,2,5,4,2,2,4,2,2,2,2
4,489,1539.0,111,terminated,1,0,0,2,1539.0,1,1,0,1,1,3,1,7,1,2,1,4,1,2,1,3,2,3,6,1,2,8,3,1,2,3,1,2,1,2
4,490,1571.0,79,terminated,2,0,0,1,1571.0,1,2,2,0,0,3,0,6,2,1,0,3,2,1,0,1,1,3,6,2,1,3,3,2,1,3,2,1,2,1
4,491,1551.0,99,terminated,1,0,0,2,1551.0,1,2,0,2,1,3,1,7,1,2,1,4,1,2,1,3,2,3,6,1,2,5,3,1,2,3,1,2,1,2
4,492,1560.0,90,terminated,1,0,0,2,1560.0,1,2,1,1,1,3,1,7,1,2,1,4,1,2,1,3,2,3,6,1,2,11,3,1,2,3,1,2,1,2
4,493,1548.0,102,terminated,2,0,0,1,1548.0,1,2,1,1,1,3,1,7,2,1,1,4,2,1,1,2,1,3,6,2,1,6,3,2,1,3,2,1,2,1
4,494,1776.0,74,terminated,2,0,0,2,1776.0,1,2,1,1,1,4,1,9,2,2,1,5,2,2,1,3,2,4,8,2,2,1,4,2,2,4,2,2,2,2
4,495,1768.0,82,terminated,2,0,0,2,1768.0,1,2,0,2,1,4,1,9,2,2,1,5,2,2,1,3,2,4,8,2,2,1,4,2,2,4,2,2,2,2
4,496,1525.0,125,terminated,2,0,0,1,1525.0,1,2,2,0,1,3,1,7,2,1,1,4,2,1,1,2,1,3,6,2,1,7,3,2,1,3,2,1,2,1
4,497,1568.0,82,terminated,1,0,0,2,1568.0,1,1,1,0,1,3,1,7,1,2,1,4,1,2,1,3,2,3,6,1,2,4,3,1,2,3,1,2,1,2
4,498,1767.0,83,terminated,2,0,0,2,1767.0,1,3,1,2,1,3,1,8,2,2,1,5,2,2,1,3,2,3,7,2,2,2,4,2,2,4,2,2,2,2
4,499,1573.0,77,terminated,1,0,0,2,1573.0,1,1,1,0,1,3,1,7,1,2,1,4,1,2,1,3,2,3,6,1,2,4,3,1,2,3,1,2,1,2
4,500,1750.0,100,terminated,2,0,0,2,1750.0,1,3,1,2,1,4,1,9,2,2,1,5,2,2,1,3,2,4,8,2,2,7,4,2,2,4,2,2,2,2
4,501,1773.0,77,terminated,2,0,0,2,1773.0,1,3,2,1,1,4,1,9,2,2,1,5,2,2,1,3,2,4,8,2,2,5,4,2,2,4,2,2,2,2
4,502,1526.0,124,terminated,2,0,0,1,1526.0,1,2,1,1,1,3,1,7,2,1,1,4,2,1,1,2,1,3,6,2,1,9,3,2,1,3,2,1,2,1
4,503,215.0,65,terminated,0,17,1,2,215.0,0,2,0,2,1,2,1,5,0,2,1,3,0,2,1,3,2,2,4,0,2,11,2,0,2,2,0,2,0,2
4,504,1548.0,102,terminated,2,0,0,1,1548.0,1,1,1,0,1,3,1,7,2,1,1,4,2,1,1,2,1,3,6,2,1,5,3,2,1,3,2,1,2,1
4,505,1755.0,95,terminated,2,0,0,2,1755.0,1,4,2,2,1,4,1,9,2,2,1,5,2,2,1,3,2,4,8,2,2,8,4,2,2,4,2,2,2,2
4,506,1576.0,74,terminated,1,0,0,2,1576.0,1,1,0,1,1,3,1,7,1,2,1,4,1,2,1,3,2,3,6,1,2,6,3,1,2,3,1,2,1,2
4,507,1780.0,70,terminated,2,0,0,2,1780.0,1,1,0,1,1,3,1,8,2,2,1,5,2,2,1,3,2,3,7,2,2,0,4,2,2,4,2,2,2,2
4,508,1579.0,71,terminated,2,0,0,1,1579.0,1,3,2,1,1,3,1,7,2,1,1,4,2,1,1,2,1,3,6,2,1,6,3,2,1,3,2,1,2,1
4,509,1524.0,126,terminated,2,0,0,1,1524.0,1,2,2,0,1,3,1,7,2,1,1,4,2,1,1,2,1,3,6,2,1,8,3,2,1,3,2,1,2,1
4,510,1561.0,89,terminated,2,0,0,1,1561.0,1,2,1,1,0,3,0,6,2,1,0,3,2,1,0,1,1,3,6,2,1,7,3,2,1,3,2,1,2,1
4,511,1766.0,84,terminated,2,0,0,2,1766.0,1,3,2,1,1,4,1,9,2,2,1,5,2,2,1,3,2,4,8,2,2,0,4,2,2,4,2,2,2,2
4,512,1573.0,77,terminated,1,0,0,2,1573.0,1,0,0,0,0,3,0,6,1,2,0,3,1,2,0,2,2,3,6,1,2,0,3,1,2,3,1,2,1,2
4,513,1569.0,81,terminated,1,0,0,2,1569.0,1,1,1,0,1,3,1,7,1,2,1,4,1,2,1,3,2,3,6,1,2,6,3,1,2,3,1,2,1,2
4,514,1760.0,90,terminated,2,0,0,2,1760.0,1,3,1,2,1,3,1,8,2,2,1,5,2,2,1,3,2,3,7,2,2,0,4,2,2,4,2,2,2,2
4,515,639.0,111,terminated,2,10,1,2,639.0,0,4,2,2,1,4,1,9,2,2,1,5,2,2,1,3,2,4,8,2,2,7,4,2,2,4,2,2,2,2
4,516,1752.0,98,terminated,2,0,0,2,1752.0,1,2,0,2,1,4,1,9,2,2,1,5,2,2,1,3,2,4,8,2,2,7,4,2,2,4,2,2,2,2
4,517,1772.0,78,terminated,2,0,0,2,1772.0,1,2,2,0,1,4,1,9,2,2,1,5,2,2,1,3,2,4,8,2,2,1,4,2,2,4,2,2,2,2
4,518,463.0,57,terminated,1,13,1,2,463.0,0,2,1,1,0,3,0,6,1,2,0,3,1,2,0,2,2,3,6,1,2,3,3,1,2,3,1,2,1,2
4,519,1766.0,84,terminated,2,0,0,2,1766.0,1,3,2,1,1,3,1,8,2,2,1,5,2,2,1,3,2,3,7,2,2,1,4,2,2,4,2,2,2,2
4,520,714.0,96,terminated,2,4,1,2,714.0,0,4,2,2,1,4,1,9,2,2,1,5,2,2,1,3,2,4,8,2,2,6,4,2,2,4,2,2,2,2
4,521,44.0,26,terminated,1,38,1,1,44.0,0,1,0,1,1,2,1,5,1,1,1,3,1,1,1,2,1,2,4,1,1,1,2,1,1,2,1,1,1,1
4,522,1766.0,84,terminated,2,0,0,2,1766.0,1,2,2,0,1,4,1,9,2,2,1,5,2,2,1,3,2,4,8,2,2,4,4,2,2,4,2,2,2,2
4,523,1524.0,126,terminated,1,0,0,2,1524.0,1,1,0,1,1,3,1,7,1,2,1,4,1,2,1,3,2,3,6,1,2,3,3,1,2,3,1,2,1,2
4,524,1764.0,86,terminated,2,0,0,2,1764.0,1,2,1,1,1,3,1,8,2,2,1,5,2,2,1,3,2,3,7,2,2,0,4,2,2,4,2,2,2,2
4,525,1552.0,98,terminated,1,0,0,2,1552.0,1,2,0,2,1,3,1,7,1,2,1,4,1,2,1,3,2,3,6,1,2,8,3,1,2,3,1,2,1,2
4,526,1749.0,101,terminated,2,0,0,2,1749.0,1,2,1,1,1,4,1,9,2,2,1,5,2,2,1,3,2,4,8,2,2,6,4,2,2,4,2,2,2,2
4,527,1547.0,103,terminated,1,0,0,2,1547.0,1,1,0,1,1,3,1,7,1,2,1,4,1,2,1,3,2,3,6,1,2,0,3,1,2,3,1,2,1,2
4,528,1758.0,92,terminated,2,0,0,2,1758.0,1,2,1,1,0,4,0,8,2,2,0,4,2,2,0,2,2,4,8,2,2,0,4,2,2,4,2,2,2,2
4,529,1698.0,152,terminated,2,0,0,2,1698.0,1,2,1,1,1,4,1,9,2,2,1,5,2,2,1,3,2,4,8,2,2,3,4,2,2,4,2,2,2,2
4,530,1552.0,98,terminated,2,0,0,1,1552.0,1,3,2,1,1,2,1,6,2,1,1,4,2,1,1,2,1,2,5,2,1,2,3,2,1,3,2,1,2,1
4,531,629.0,51,terminated,2,17,1,2,629.0,0,3,1,2,1,2,1,7,2,2,1,5,2,2,1,3,2,2,6,2,2,7,4,2,2,4,2,2,2,2
4,532,1123.0,127,terminated,1,0,0,0,1123.0,1,0,0,0,1,1,1,3,1,0,1,2,1,0,1,1,0,1,2,1,0,6,1,1,0,1,1,0,1,0
4,533,1556.0,94,terminated,1,0,0,2,1556.0,1,1,0,1,1,2,1,6,1,2,1,4,1,2,1,3,2,2,5,1,2,0,3,1,2,3,1,2,1,2
4,534,337.0,103,terminated,1,1,1,1,337.0,0,0,0,0,1,2,1,5,1,1,1,3,1,1,1,2,1,2,4,1,1,6,2,1,1,2,1,1,1,1
4,535,1725.0,125,terminated,2,0,0,2,1725.0,1,2,0,2,1,4,1,9,2,2,1,5,2,2,1,3,2,4,8,2,2,6,4,2,2,4,2,2,2,2
4,536,1732.0,118,terminated,2,0,0,2,1732.0,1,4,2,2,1,4,1,9,2,2,1,5,2,2,1,3,2,4,8,2,2,8,4,2,2,4,2,2,2,2
4,537,1547.0,103,terminated,2,0,0,1,1547.0,1,2,2,0,1,3,1,7,2,1,1,4,2,1,1,2,1,3,6,2,1,11,3,2,1,3,2,1,2,1
4,538,1726.0,124,terminated,2,0,0,2,1726.0,1,3,2,1,1,4,1,9,2,2,1,5,2,2,1,3,2,4,8,2,2,3,4,2,2,4,2,2,2,2
4,539,1770.0,80,terminated,2,0,0,2,1770.0,1,1,1,0,1,3,1,8,2,2,1,5,2,2,1,3,2,3,7,2,2,0,4,2,2,4,2,2,2,2
4,540,1739.0,111,terminated,2,0,0,2,1739.0,1,3,2,1,1,4,1,9,2,2,1,5,2,2,1,3,2,4,8,2,2,2,4,2,2,4,2,2,2,2
4,541,1771.0,79,terminated,2,0,0,2,1771.0,1,3,1,2,1,4,1,9,2,2,1,5,2,2,1,3,2,4,8,2,2,5,4,2,2,4,2,2,2,2
4,542,1556.0,94,terminated,2,0,0,1,1556.0,1,2,2,0,1,3,1,7,2,1,1,4,2,1,1,2,1,3,6,2,1,5,3,2,1,3,2,1,2,1
4,543,1564.0,86,terminated,2,0,0,1,1564.0,1,3,2,1,1,3,1,7,2,1,1,4,2,1,1,2,1,3,6,2,1,8,3,2,1,3,2,1,2,1
4,544,1770.0,80,terminated,2,0,0,2,1770.0,1,3,1,2,1,4,1,9,2,2,1,5,2,2,1,3,2,4,8,2,2,5,4,2,2,4,2,2,2,2
4,545,219.0,121,terminated,0,11,1,2,219.0,0,1,0,1,1,2,1,5,0,2,1,3,0,2,1,3,2,2,4,0,2,13,2,0,2,2,0,2,0,2
4,546,25.0,45,terminated,1,38,1,1,25.0,0,0,0,0,1,2,1,5,1,1,1,3,1,1,1,2,1,2,4,1,1,0,2,1,1,2,1,1,1,1
4,547,1366.0,84,terminated,1,0,0,1,1366.0,1,0,0,0,0,2,0,4,1,1,0,2,1,1,0,1,1,2,4,1,1,0,2,1,1,2,1,1,1,1
4,548,139.0,81,terminated,1,3,1,0,139.0,0,0,0,0,1,1,1,3,1,0,1,2,1,0,1,1,0,1,2,1,0,7,1,1,0,1,1,0,1,0
4,549,-160.0,20,terminated,0,39,1,1,-160.0,0,0,0,0,1,1,1,3,0,1,1,2,0,1,1,2,1,1,2,0,1,0,1,0,1,1,0,1,0,1
4,550,1709.0,141,terminated,2,0,0,2,1709.0,1,4,2,2,1,4,1,9,2,2,1,5,2,2,1,3,2,4,8,2,2,10,4,2,2,4,2,2,2,2
4,551,1695.0,155,terminated,2,0,0,2,1695.0,1,2,1,1,0,4,0,8,2,2,0,4,2,2,0,2,2,4,8,2,2,1,4,2,2,4,2,2,2,2
4,552,1474.0,176,terminated,1,0,0,2,1474.0,1,0,0,0,1,3,1,7,1,2,1,4,1,2,1,3,2,3,6,1,2,4,3,1,2,3,1,2,1,2
4,553,1570.0,80,terminated,2,0,0,1,1570.0,1,0,0,0,1,2,1,6,2,1,1,4,2,1,1,2,1,2,5,2,1,5,3,2,1,3,2,1,2,1
4,554,1366.0,84,terminated,2,0,0,0,1366.0,1,1,1,0,1,2,1,5,2,0,1,3,2,0,1,1,0,2,4,2,0,10,2,2,0,2,2,0,2,0
4,555,1515.0,135,terminated,2,0,0,1,1515.0,1,3,2,1,1,3,1,7,2,1,1,4,2,1,1,2,1,3,6,2,1,1,3,2,1,3,2,1,2,1
4,556,1545.0,105,terminated,1,0,0,2,1545.0,1,2,1,1,1,3,1,7,1,2,1,4,1,2,1,3,2,3,6,1,2,2,3,1,2,3,1,2,1,2
4,557,1541.0,109,terminated,2,0,0,1,1541.0,1,2,2,0,0,3,0,6,2,1,0,3,2,1,0,1,1,3,6,2,1,5,3,2,1,3,2,1,2,1
4,558,1766.0,84,terminated,2,0,0,2,1766.0,1,1,1,0,1,4,1,9,2,2,1,5,2,2,1,3,2,4,8,2,2,0,4,2,2,4,2,2,2,2
4,559,1555.0,95,terminated,2,0,0,1,1555.0,1,1,1,0,1,3,1,7,2,1,1,4,2,1,1,2,1,3,6,2,1,0,3,2,1,3,2,1,2,1
4,560,1539.0,111,terminated,2,0,0,1,1539.0,1,3,2,1,1,2,1,6,2,1,1,4,2,1,1,2,1,2,5,2,1,0,3,2,1,3,2,1,2,1
4,561,1553.0,97,terminated,1,0,0,2,1553.0,1,2,1,1,1,3,1,7,1,2,1,4,1,2,1,3,2,3,6,1,2,7,3,1,2,3,1,2,1,2
4,562,1760.0,90,terminated,2,0,0,2,1760.0,1,2,1,1,1,3,1,8,2,2,1,5,2,2,1,3,2,3,7,2,2,0,4,2,2,4,2,2,2,2
4,563,1758.0,92,terminated,2,0,0,2,1758.0,1,4,2,2,1,4,1,9,2,2,1,5,2,2,1,3,2,4,8,2,2,6,4,2,2,4,2,2,2,2
4,564,1570.0,80,terminated,1,0,0,2,1570.0,1,1,1,0,1,3,1,7,1,2,1,4,1,2,1,3,2,3,6,1,2,6,3,1,2,3,1,2,1,2
4,565,1564.0,86,terminated,2,0,0,1,1564.0,1,2,1,1,1,3,1,7,2,1,1,4,2,1,1,2,1,3,6,2,1,1,3,2,1,3,2,1,2,1
4,566,1571.0,79,terminated,2,0,0,1,1571.0,1,1,0,1,1,3,1,7,2,1,1,4,2,1,1,2,1,3,6,2,1,8,3,2,1,3,2,1,2,1
4,567,1529.0,121,terminated,1,0,0,2,1529.0,1,2,1,1,1,3,1,7,1,2,1,4,1,2,1,3,2,3,6,1,2,5,3,1,2,3,1,2,1,2
4,568,1572.0,78,terminated,2,0,0,1,1572.0,1,3,2,1,1,3,1,7,2,1,1,4,2,1,1,2,1,3,6,2,1,5,3,2,1,3,2,1,2,1
4,569,651.0,79,terminated,2,12,1,2,651.0,0,2,2,0,0,4,0,8,2,2,0,4,2,2,0,2,2,4,8,2,2,4,4,2,2,4,2,2,2,2
4,570,1777.0,73,terminated,2,0,0,2,1777.0,1,2,2,0,1,4,1,9,2,2,1,5,2,2,1,3,2,4,8,2,2,1,4,2,2,4,2,2,2,2
4,571,1566.0,84,terminated,1,0,0,2,1566.0,1,1,1,0,1,3,1,7,1,2,1,4,1,2,1,3,2,3,6,1,2,6,3,1,2,3,1,2,1,2
4,572,1564.0,86,terminated,2,0,0,1,1564.0,1,2,1,1,1,3,1,7,2,1,1,4,2,1,1,2,1,3,6,2,1,14,3,2,1,3,2,1,2,1
4,573,1564.0,86,terminated,1,0,0,2,1564.0,1,2,1,1,1,3,1,7,1,2,1,4,1,2,1,3,2,3,6,1,2,6,3,1,2,3,1,2,1,2
4,574,38.0,22,terminated,1,39,1,1,38.0,0,0,0,0,1,2,1,5,1,1,1,3,1,1,1,2,1,2,4,1,1,0,2,1,1,2,1,1,1,1
4,575,1742.0,108,terminated,2,0,0,2,1742.0,1,2,1,1,1,4,1,9,2,2,1,5,2,2,1,3,2,4,8,2,2,0,4,2,2,4,2,2,2,2
4,576,1563.0,87,terminated,2,0,0,1,1563.0,1,2,1,1,1,3,1,7,2,1,1,4,2,1,1,2,1,3,6,2,1,12,3,2,1,3,2,1,2,1
4,577,175.0,45,terminated,1,23,1,1,175.0,0,0,0,0,0,2,0,4,1,1,0,2,1,1,0,1,1,2,4,1,1,0,2,1,1,2,1,1,1,1
4,578,1554.0,96,terminated,2,0,0,1,1554.0,1,1,1,0,1,3,1,7,2,1,1,4,2,1,1,2,1,3,6,2,1,3,3,2,1,3,2,1,2,1
4,579,1562.0,88,terminated,2,0,0,1,1562.0,1,2,1,1,1,3,1,7,2,1,1,4,2,1,1,2,1,3,6,2,1,9,3,2,1,3,2,1,2,1
4,580,1559.0,91,terminated,2,0,0,1,1559.0,1,2,2,0,1,3,1,7,2,1,1,4,2,1,1,2,1,3,6,2,1,6,3,2,1,3,2,1,2,1
4,581,1576.0,74,terminated,2,0,0,1,1576.0,1,1,1,0,1,2,1,6,2,1,1,4,2,1,1,2,1,2,5,2,1,0,3,2,1,3,2,1,2,1
4,582,1538.0,112,terminated,1,0,0,2,1538.0,1,1,1,0,1,3,1,7,1,2,1,4,1,2,1,3,2,3,6,1,2,22,3,1,2,3,1,2,1,2
4,583,1738.0,112,terminated,2,0,0,2,1738.0,1,4,2,2,1,3,1,8,2,2,1,5,2,2,1,3,2,3,7,2,2,4,4,2,2,4,2,2,2,2
4,584,309.0,91,terminated,2,5,1,0,309.0,0,1,1,0,1,2,1,5,2,0,1,3,2,0,1,1,0,2,4,2,0,8,2,2,0,2,2,0,2,0
4,585,1765.0,85,terminated,2,0,0,2,1765.0,1,4,2,2,1,4,1,9,2,2,1,5,2,2,1,3,2,4,8,2,2,6,4,2,2,4,2,2,2,2
4,586,1773.0,77,terminated,2,0,0,2,1773.0,1,1,0,1,1,4,1,9,2,2,1,5,2,2,1,3,2,4,8,2,2,0,4,2,2,4,2,2,2,2
4,587,1573.0,77,terminated,2,0,0,1,1573.0,1,2,1,1,1,3,1,7,2,1,1,4,2,1,1,2,1,3,6,2,1,7,3,2,1,3,2,1,2,1
4,588,1776.0,74,terminated,2,0,0,2,1776.0,1,2,1,1,1,4,1,9,2,2,1,5,2,2,1,3,2,4,8,2,2,0,4,2,2,4,2,2,2,2
4,589,1759.0,91,terminated,2,0,0,2,1759.0,1,0,0,0,1,4,1,9,2,2,1,5,2,2,1,3,2,4,8,2,2,6,4,2,2,4,2,2,2,2
4,590,1770.0,80,terminated,2,0,0,2,1770.0,1,3,2,1,1,4,1,9,2,2,1,5,2,2,1,3,2,4,8,2,2,5,4,2,2,4,2,2,2,2
4,591,1527.0,123,terminated,2,0,0,1,1527.0,1,1,1,0,0,3,0,6,2,1,0,3,2,1,0,1,1,3,6,2,1,0,3,2,1,3,2,1,2,1
4,592,1771.0,79,terminated,2,0,0,2,1771.0,1,3,2,1,1,4,1,9,2,2,1,5,2,2,1,3,2,4,8,2,2,5,4,2,2,4,2,2,2,2
4,593,1542.0,108,terminated,2,0,0,1,1542.0,1,3,2,1,1,3,1,7,2,1,1,4,2,1,1,2,1,3,6,2,1,5,3,2,1,3,2,1,2,1
4,594,1729.0,121,terminated,2,0,0,2,1729.0,1,2,1,1,1,4,1,9,2,2,1,5,2,2,1,3,2,4,8,2,2,0,4,2,2,4,2,2,2,2
4,595,1371.0,79,terminated,1,0,0,1,1371.0,1,0,0,0,1,2,1,5,1,1,1,3,1,1,1,2,1,2,4,1,1,6,2,1,1,2,1,1,1,1
4,596,1776.0,74,terminated,2,0,0,2,1776.0,1,2,2,0,1,3,1,8,2,2,1,5,2,2,1,3,2,3,7,2,2,0,4,2,2,4,2,2,2,2
4,597,544.0,86,terminated,1,2,1,2,544.0,0,0,0,0,1,3,1,7,1,2,1,4,1,2,1,3,2,3,6,1,2,11,3,1,2,3,1,2,1,2
4,598,1551.0,99,terminated,1,0,0,2,1551.0,1,3,1,2,1,3,1,7,1,2,1,4,1,2,1,3,2,3,6,1,2,6,3,1,2,3,1,2,1,2
4,599,1762.0,88,terminated,2,0,0,2,1762.0,1,0,0,0,0,4,0,8,2,2,0,4,2,2,0,2,2,4,8,2,2,0,4,2,2,4,2,2,2,2
4,600,1367.0,83,terminated,1,0,0,1,1367.0,1,1,0,1,0,2,0,4,1,1,0,2,1,1,0,1,1,2,4,1,1,9,2,1,1,2,1,1,1,1
4,601,1562.0,88,terminated,2,0,0,1,1562.0,1,0,0,0,1,3,1,7,2,1,1,4,2,1,1,2,1,3,6,2,1,10,3,2,1,3,2,1,2,1
4,602,54.0,26,terminated,1,37,1,1,54.0,0,2,1,1,1,0,1,3,1,1,1,3,1,1,1,2,1,0,2,1,1,5,2,1,1,2,1,1,1,1
4,603,1748.0,102,terminated,2,0,0,2,1748.0,1,4,2,2,1,4,1,9,2,2,1,5,2,2,1,3,2,4,8,2,2,6,4,2,2,4,2,2,2,2
4,604,1355.0,95,terminated,2,0,0,0,1355.0,1,1,1,0,1,2,1,5,2,0,1,3,2,0,1,1,0,2,4,2,0,13,2,2,0,2,2,0,2,0
4,605,1765.0,85,terminated,2,0,0,2,1765.0,1,1,0,1,1,3,1,8,2,2,1,5,2,2,1,3,2,3,7,2,2,0,4,2,2,4,2,2,2,2
4,606,1770.0,80,terminated,2,0,0,2,1770.0,1,1,1,0,1,4,1,9,2,2,1,5,2,2,1,3,2,4,8,2,2,0,4,2,2,4,2,2,2,2
4,607,1767.0,83,terminated,2,0,0,2,1767.0,1,2,1,1,1,4,1,9,2,2,1,5,2,2,1,3,2,4,8,2,2,9,4,2,2,4,2,2,2,2
4,608,1568.0,82,terminated,2,0,0,1,1568.0,1,2,1,1,1,3,1,7,2,1,1,4,2,1,1,2,1,3,6,2,1,6,3,2,1,3,2,1,2,1
4,609,1768.0,82,terminated,2,0,0,2,1768.0,1,3,2,1,1,4,1,9,2,2,1,5,2,2,1,3,2,4,8,2,2,3,4,2,2,4,2,2,2,2
4,610,1773.0,77,terminated,2,0,0,2,1773.0,1,1,0,1,1,3,1,8,2,2,1,5,2,2,1,3,2,3,7,2,2,0,4,2,2,4,2,2,2,2
4,611,1743.0,107,terminated,2,0,0,2,1743.0,1,3,2,1,0,4,0,8,2,2,0,4,2,2,0,2,2,4,8,2,2,0,4,2,2,4,2,2,2,2
4,612,442.0,118,terminated,2,9,1,1,442.0,0,3,2,1,1,3,1,7,2,1,1,4,2,1,1,2,1,3,6,2,1,14,3,2,1,3,2,1,2,1
4,613,1754.0,96,terminated,2,0,0,2,1754.0,1,3,1,2,1,4,1,9,2,2,1,5,2,2,1,3,2,4,8,2,2,7,4,2,2,4,2,2,2,2
4,614,1752.0,98,terminated,2,0,0,2,1752.0,1,1,1,0,1,3,1,8,2,2,1,5,2,2,1,3,2,3,7,2,2,0,4,2,2,4,2,2,2,2
4,615,1158.0,92,terminated,0,0,0,1,1158.0,1,0,0,0,1,1,1,3,0,1,1,2,0,1,1,2,1,1,2,0,1,6,1,0,1,1,0,1,0,1
4,616,-143.0,23,terminated,0,37,1,1,-143.0,0,0,0,0,1,1,1,3,0,1,1,2,0,1,1,2,1,1,2,0,1,5,1,0,1,1,0,1,0,1
4,617,1534.0,116,terminated,1,0,0,2,1534.0,1,1,1,0,1,3,1,7,1,2,1,4,1,2,1,3,2,3,6,1,2,4,3,1,2,3,1,2,1,2
4,618,1780.0,70,terminated,2,0,0,2,1780.0,1,2,2,0,0,4,0,8,2,2,0,4,2,2,0,2,2,4,8,2,2,6,4,2,2,4,2,2,2,2
4,619,1743.0,107,terminated,2,0,0,2,1743.0,1,3,2,1,1,3,1,8,2,2,1,5,2,2,1,3,2,3,7,2,2,0,4,2,2,4,2,2,2,2
4,620,1767.0,83,terminated,2,0,0,2,1767.0,1,3,2,1,1,4,1,9,2,2,1,5,2,2,1,3,2,4,8,2,2,0,4,2,2,4,2,2,2,2
4,621,1765.0,85,terminated,2,0,0,2,1765.0,1,2,1,1,0,4,0,8,2,2,0,4,2,2,0,2,2,4,8,2,2,0,4,2,2,4,2,2,2,2
4,622,1159.0,91,terminated,1,0,0,0,1159.0,1,0,0,0,1,1,1,3,1,0,1,2,1,0,1,1,0,1,2,1,0,9,1,1,0,1,1,0,1,0
4,623,1560.0,90,terminated,1,0,0,2,1560.0,1,3,1,2,1,3,1,7,1,2,1,4,1,2,1,3,2,3,6,1,2,6,3,1,2,3,1,2,1,2
4,624,1758.0,92,terminated,2,0,0,2,1758.0,1,1,1,0,0,4,0,8,2,2,0,4,2,2,0,2,2,4,8,2,2,0,4,2,2,4,2,2,2,2
4,625,1549.0,101,terminated,2,0,0,1,1549.0,1,3,2,1,1,3,1,7,2,1,1,4,2,1,1,2,1,3,6,2,1,5,3,2,1,3,2,1,2,1
4,626,1560.0,90,terminated,1,0,0,2,1560.0,1,2,0,2,1,3,1,7,1,2,1,4,1,2,1,3,2,3,6,1,2,0,3,1,2,3,1,2,1,2
4,627,1742.0,108,terminated,2,0,0,2,1742.0,1,2,1,1,1,4,1,9,2,2,1,5,2,2,1,3,2,4,8,2,2,0,4,2,2,4,2,2,2,2
4,628,1758.0,92,terminated,2,0,0,2,1758.0,1,4,2,2,1,4,1,9,2,2,1,5,2,2,1,3,2,4,8,2,2,1,4,2,2,4,2,2,2,2
4,629,1573.0,77,terminated,2,0,0,1,1573.0,1,1,1,0,1,3,1,7,2,1,1,4,2,1,1,2,1,3,6,2,1,6,3,2,1,3,2,1,2,1
4,630,1737.0,113,terminated,2,0,0,2,1737.0,1,2,0,2,1,4,1,9,2,2,1,5,2,2,1,3,2,4,8,2,2,5,4,2,2,4,2,2,2,2
4,631,86.0,34,terminated,1,33,1,1,86.0,0,1,1,0,0,1,0,3,1,1,0,2,1,1,0,1,1,1,3,1,1,13,2,1,1,2,1,1,1,1
4,632,1530.0,120,terminated,1,0,0,2,1530.0,1,3,1,2,1,3,1,7,1,2,1,4,1,2,1,3,2,3,6,1,2,6,3,1,2,3,1,2,1,2
4,633,59.0,61,terminated,1,33,1,1,59.0,0,0,0,0,1,2,1,5,1,1,1,3,1,1,1,2,1,2,4,1,1,0,2,1,1,2,1,1,1,1
4,634,1328.0,122,terminated,0,0,0,2,1328.0,1,1,0,1,1,2,1,5,0,2,1,3,0,2,1,3,2,2,4,0,2,6,2,0,2,2,0,2,0,2
4,635,38.0,22,terminated,1,39,1,1,38.0,0,0,0,0,1,0,1,3,1,1,1,3,1,1,1,2,1,0,2,1,1,0,2,1,1,2,1,1,1,1
4,636,1696.0,154,terminated,2,0,0,2,1696.0,1,1,1,0,0,3,0,7,2,2,0,4,2,2,0,2,2,3,7,2,2,0,4,2,2,4,2,2,2,2
4,637,1774.0,76,terminated,2,0,0,2,1774.0,1,2,1,1,1,4,1,9,2,2,1,5,2,2,1,3,2,4,8,2,2,5,4,2,2,4,2,2,2,2
4,638,1777.0,73,terminated,2,0,0,2,1777.0,1,0,0,0,1,4,1,9,2,2,1,5,2,2,1,3,2,4,8,2,2,0,4,2,2,4,2,2,2,2
4,639,1757.0,93,terminated,2,0,0,2,1757.0,1,1,1,0,1,4,1,9,2,2,1,5,2,2,1,3,2,4,8,2,2,10,4,2,2,4,2,2,2,2
4,640,1750.0,100,terminated,2,0,0,2,1750.0,1,4,2,2,1,4,1,9,2,2,1,5,2,2,1,3,2,4,8,2,2,3,4,2,2,4,2,2,2,2
4,641,1751.0,99,terminated,2,0,0,2,1751.0,1,1,1,0,1,3,1,8,2,2,1,5,2,2,1,3,2,3,7,2,2,0,4,2,2,4,2,2,2,2
4,642,-162.0,22,terminated,0,39,1,1,-162.0,0,0,0,0,1,1,1,3,0,1,1,2,0,1,1,2,1,1,2,0,1,0,1,0,1,1,0,1,0,1
4,643,1168.0,82,terminated,0,0,0,1,1168.0,1,0,0,0,1,1,1,3,0,1,1,2,0,1,1,2,1,1,2,0,1,7,1,0,1,1,0,1,0,1
4,644,1780.0,70,terminated,2,0,0,2,1780.0,1,2,0,2,1,4,1,9,2,2,1,5,2,2,1,3,2,4,8,2,2,3,4,2,2,4,2,2,2,2
4,645,1548.0,102,terminated,2,0,0,1,1548.0,1,0,0,0,0,3,0,6,2,1,0,3,2,1,0,1,1,3,6,2,1,13,3,2,1,3,2,1,2,1
4,646,1546.0,104,terminated,1,0,0,2,1546.0,1,2,1,1,1,3,1,7,1,2,1,4,1,2,1,3,2,3,6,1,2,10,3,1,2,3,1,2,1,2
4,647,1748.0,102,terminated,2,0,0,2,1748.0,1,2,1,1,1,3,1,8,2,2,1,5,2,2,1,3,2,3,7,2,2,0,4,2,2,4,2,2,2,2
4,648,1743.0,107,terminated,2,0,0,2,1743.0,1,2,1,1,1,4,1,9,2,2,1,5,2,2,1,3,2,4,8,2,2,0,4,2,2,4,2,2,2,2
4,649,1575.0,75,terminated,2,0,0,1,1575.0,1,2,1,1,1,3,1,7,2,1,1,4,2,1,1,2,1,3,6,2,1,9,3,2,1,3,2,1,2,1
4,650,1767.0,83,terminated,2,0,0,2,1767.0,1,3,1,2,1,4,1,9,2,2,1,5,2,2,1,3,2,4,8,2,2,8,4,2,2,4,2,2,2,2
4,651,723.0,87,terminated,2,4,1,2,723.0,0,1,0,1,1,4,1,9,2,2,1,5,2,2,1,3,2,4,8,2,2,0,4,2,2,4,2,2,2,2
4,652,1570.0,80,terminated,2,0,0,1,1570.0,1,1,0,1,1,3,1,7,2,1,1,4,2,1,1,2,1,3,6,2,1,6,3,2,1,3,2,1,2,1
4,653,1351.0,99,terminated,0,0,0,2,1351.0,1,1,0,1,1,2,1,5,0,2,1,3,0,2,1,3,2,2,4,0,2,9,2,0,2,2,0,2,0,2
4,654,1304.0,146,terminated,1,0,0,1,1304.0,1,2,1,1,1,2,1,5,1,1,1,3,1,1,1,2,1,2,4,1,1,17,2,1,1,2,1,1,1,1
4,655,1768.0,82,terminated,2,0,0,2,1768.0,1,4,2,2,1,4,1,9,2,2,1,5,2,2,1,3,2,4,8,2,2,4,4,2,2,4,2,2,2,2
4,656,1573.0,77,terminated,2,0,0,1,1573.0,1,3,2,1,1,3,1,7,2,1,1,4,2,1,1,2,1,3,6,2,1,8,3,2,1,3,2,1,2,1
4,657,1732.0,118,terminated,2,0,0,2,1732.0,1,4,2,2,1,4,1,9,2,2,1,5,2,2,1,3,2,4,8,2,2,8,4,2,2,4,2,2,2,2
4,658,1725.0,125,terminated,2,0,0,2,1725.0,1,0,0,0,1,3,1,8,2,2,1,5,2,2,1,3,2,3,7,2,2,0,4,2,2,4,2,2,2,2
4,659,1552.0,98,terminated,2,0,0,1,1552.0,1,1,1,0,1,3,1,7,2,1,1,4,2,1,1,2,1,3,6,2,1,11,3,2,1,3,2,1,2,1
4,660,458.0,72,terminated,1,12,1,2,458.0,0,1,1,0,1,3,1,7,1,2,1,4,1,2,1,3,2,3,6,1,2,6,3,1,2,3,1,2,1,2
4,661,1706.0,144,terminated,2,0,0,2,1706.0,1,2,1,1,0,4,0,8,2,2,0,4,2,2,0,2,2,4,8,2,2,3,4,2,2,4,2,2,2,2
4,662,1748.0,102,terminated,2,0,0,2,1748.0,1,3,1,2,1,4,1,9,2,2,1,5,2,2,1,3,2,4,8,2,2,6,4,2,2,4,2,2,2,2
4,663,1565.0,85,terminated,2,0,0,1,1565.0,1,2,2,0,1,3,1,7,2,1,1,4,2,1,1,2,1,3,6,2,1,0,3,2,1,3,2,1,2,1
4,664,41.0,19,terminated,1,39,1,1,41.0,0,0,0,0,1,1,1,4,1,1,1,3,1,1,1,2,1,1,3,1,1,0,2,1,1,2,1,1,1,1
4,665,-161.0,21,terminated,1,39,1,0,-161.0,0,0,0,0,1,0,1,2,1,0,1,2,1,0,1,1,0,0,1,1,0,0,1,1,0,1,1,0,1,0
4,666,252.0,98,terminated,1,10,1,1,252.0,0,1,1,0,1,2,1,5,1,1,1,3,1,1,1,2,1,2,4,1,1,3,2,1,1,2,1,1,1,1
4,667,1773.0,77,terminated,2,0,0,2,1773.0,1,2,0,2,1,4,1,9,2,2,1,5,2,2,1,3,2,4,8,2,2,3,4,2,2,4,2,2,2,2
4,668,1505.0,145,terminated,2,0,0,1,1505.0,1,2,1,1,1,3,1,7,2,1,1,4,2,1,1,2,1,3,6,2,1,4,3,2,1,3,2,1,2,1
4,669,1558.0,92,terminated,1,0,0,2,1558.0,1,3,1,2,1,3,1,7,1,2,1,4,1,2,1,3,2,3,6,1,2,10,3,1,2,3,1,2,1,2
4,670,1147.0,103,terminated,1,0,0,0,1147.0,1,1,1,0,1,1,1,3,1,0,1,2,1,0,1,1,0,1,2,1,0,14,1,1,0,1,1,0,1,0
4,671,1738.0,112,terminated,2,0,0,2,1738.0,1,2,1,1,0,4,0,8,2,2,0,4,2,2,0,2,2,4,8,2,2,8,4,2,2,4,2,2,2,2
4,672,1572.0,78,terminated,2,0,0,1,1572.0,1,1,1,0,1,3,1,7,2,1,1,4,2,1,1,2,1,3,6,2,1,0,3,2,1,3,2,1,2,1
4,673,1747.0,103,terminated,2,0,0,2,1747.0,1,3,1,2,1,4,1,9,2,2,1,5,2,2,1,3,2,4,8,2,2,6,4,2,2,4,2,2,2,2
4,674,1346.0,104,terminated,0,0,0,2,1346.0,1,2,0,2,1,2,1,5,0,2,1,3,0,2,1,3,2,2,4,0,2,16,2,0,2,2,0,2,0,2
4,675,1566.0,84,terminated,1,0,0,2,1566.0,1,1,1,0,1,3,1,7,1,2,1,4,1,2,1,3,2,3,6,1,2,7,3,1,2,3,1,2,1,2
4,676,1766.0,84,terminated,2,0,0,2,1766.0,1,2,1,1,1,4,1,9,2,2,1,5,2,2,1,3,2,4,8,2,2,4,4,2,2,4,2,2,2,2
4,677,1357.0,93,terminated,1,0,0,1,1357.0,1,1,1,0,1,2,1,5,1,1,1,3,1,1,1,2,1,2,4,1,1,5,2,1,1,2,1,1,1,1
4,678,1574.0,76,terminated,1,0,0,2,1574.0,1,2,1,1,1,3,1,7,1,2,1,4,1,2,1,3,2,3,6,1,2,5,3,1,2,3,1,2,1,2
4,679,1349.0,101,terminated,1,0,0,1,1349.0,1,0,0,0,1,1,1,4,1,1,1,3,1,1,1,2,1,1,3,1,1,10,2,1,1,2,1,1,1,1
4,680,1149.0,101,terminated,1,0,0,0,1149.0,1,0,0,0,1,1,1,3,1,0,1,2,1,0,1,1,0,1,2,1,0,12,1,1,0,1,1,0,1,0
4,681,1559.0,91,terminated,1,0,0,2,1559.0,1,2,0,2,1,3,1,7,1,2,1,4,1,2,1,3,2,3,6,1,2,6,3,1,2,3,1,2,1,2
4,682,1577.0,73,terminated,2,0,0,1,1577.0,1,3,2,1,1,3,1,7,2,1,1,4,2,1,1,2,1,3,6,2,1,6,3,2,1,3,2,1,2,1
4,683,1368.0,82,terminated,1,0,0,1,1368.0,1,2,1,1,1,2,1,5,1,1,1,3,1,1,1,2,1,2,4,1,1,10,2,1,1,2,1,1,1,1
4,684,1737.0,113,terminated,2,0,0,2,1737.0,1,3,2,1,1,4,1,9,2,2,1,5,2,2,1,3,2,4,8,2,2,4,4,2,2,4,2,2,2,2
4,685,475.0,75,terminated,2,10,1,1,475.0,0,2,1,1,1,3,1,7,2,1,1,4,2,1,1,2,1,3,6,2,1,6,3,2,1,3,2,1,2,1
4,686,1149.0,101,terminated,1,0,0,0,1149.0,1,0,0,0,1,1,1,3,1,0,1,2,1,0,1,1,0,1,2,1,0,8,1,1,0,1,1,0,1,0
4,687,1761.0,89,terminated,2,0,0,2,1761.0,1,3,1,2,1,3,1,8,2,2,1,5,2,2,1,3,2,3,7,2,2,0,4,2,2,4,2,2,2,2
4,688,1575.0,75,terminated,1,0,0,2,1575.0,1,1,0,1,1,3,1,7,1,2,1,4,1,2,1,3,2,3,6,1,2,0,3,1,2,3,1,2,1,2
4,689,1759.0,91,terminated,2,0,0,2,1759.0,1,3,2,1,1,4,1,9,2,2,1,5,2,2,1,3,2,4,8,2,2,4,4,2,2,4,2,2,2,2
4,690,56.0,24,terminated,1,37,1,1,56.0,0,0,0,0,1,2,1,5,1,1,1,3,1,1,1,2,1,2,4,1,1,3,2,1,1,2,1,1,1,1
4,691,1538.0,112,terminated,2,0,0,1,1538.0,1,1,1,0,0,3,0,6,2,1,0,3,2,1,0,1,1,3,6,2,1,0,3,2,1,3,2,1,2,1
4,692,1379.0,71,terminated,0,0,0,2,1379.0,1,2,0,2,1,2,1,5,0,2,1,3,0,2,1,3,2,2,4,0,2,6,2,0,2,2,0,2,0,2
4,693,1778.0,72,terminated,2,0,0,2,1778.0,1,1,1,0,1,4,1,9,2,2,1,5,2,2,1,3,2,4,8,2,2,3,4,2,2,4,2,2,2,2
4,694,1759.0,91,terminated,2,0,0,2,1759.0,1,2,1,1,1,4,1,9,2,2,1,5,2,2,1,3,2,4,8,2,2,0,4,2,2,4,2,2,2,2
4,695,1375.0,75,terminated,1,0,0,1,1375.0,1,1,0,1,1,2,1,5,1,1,1,3,1,1,1,2,1,2,4,1,1,6,2,1,1,2,1,1,1,1
4,696,1546.0,104,terminated,1,0,0,2,1546.0,1,1,0,1,0,3,0,6,1,2,0,3,1,2,0,2,2,3,6,1,2,5,3,1,2,3,1,2,1,2
4,697,1365.0,85,terminated,1,0,0,1,1365.0,1,0,0,0,1,2,1,5,1,1,1,3,1,1,1,2,1,2,4,1,1,6,2,1,1,2,1,1,1,1
4,698,1762.0,88,terminated,2,0,0,2,1762.0,1,3,1,2,1,4,1,9,2,2,1,5,2,2,1,3,2,4,8,2,2,7,4,2,2,4,2,2,2,2
4,699,1560.0,90,terminated,2,0,0,1,1560.0,1,2,1,1,1,3,1,7,2,1,1,4,2,1,1,2,1,3,6,2,1,8,3,2,1,3,2,1,2,1
4,700,1741.0,109,terminated,2,0,0,2,1741.0,1,3,2,1,1,4,1,9,2,2,1,5,2,2,1,3,2,4,8,2,2,6,4,2,2,4,2,2,2,2
4,701,1565.0,85,terminated,2,0,0,1,1565.0,1,2,1,1,1,3,1,7,2,1,1,4,2,1,1,2,1,3,6,2,1,6,3,2,1,3,2,1,2,1
4,702,1551.0,99,terminated,2,0,0,1,1551.0,1,2,1,1,1,3,1,7,2,1,1,4,2,1,1,2,1,3,6,2,1,6,3,2,1,3,2,1,2,1
4,703,1755.0,95,terminated,2,0,0,2,1755.0,1,1,0,1,1,4,1,9,2,2,1,5,2,2,1,3,2,4,8,2,2,1,4,2,2,4,2,2,2,2
4,704,1764.0,86,terminated,2,0,0,2,1764.0,1,2,1,1,1,3,1,8,2,2,1,5,2,2,1,3,2,3,7,2,2,2,4,2,2,4,2,2,2,2
4,705,1770.0,80,terminated,2,0,0,2,1770.0,1,1,0,1,1,4,1,9,2,2,1,5,2,2,1,3,2,4,8,2,2,8,4,2,2,4,2,2,2,2
4,706,1757.0,93,terminated,2,0,0,2,1757.0,1,0,0,0,1,4,1,9,2,2,1,5,2,2,1,3,2,4,8,2,2,1,4,2,2,4,2,2,2,2
4,707,1307.0,143,terminated,1,0,0,1,1307.0,1,0,0,0,1,2,1,5,1,1,1,3,1,1,1,2,1,2,4,1,1,13,2,1,1,2,1,1,1,1
4,708,1758.0,92,terminated,2,0,0,2,1758.0,1,3,1,2,0,4,0,8,2,2,0,4,2,2,0,2,2,4,8,2,2,6,4,2,2,4,2,2,2,2
4,709,1752.0,98,terminated,2,0,0,2,1752.0,1,1,1,0,1,4,1,9,2,2,1,5,2,2,1,3,2,4,8,2,2,7,4,2,2,4,2,2,2,2
4,710,543.0,97,terminated,1,1,1,2,543.0,0,2,1,1,1,3,1,7,1,2,1,4,1,2,1,3,2,3,6,1,2,8,3,1,2,3,1,2,1,2
4,711,635.0,115,terminated,2,10,1,2,635.0,0,2,1,1,1,4,1,9,2,2,1,5,2,2,1,3,2,4,8,2,2,1,4,2,2,4,2,2,2,2
4,712,-142.0,32,terminated,0,36,1,1,-142.0,0,0,0,0,1,1,1,3,0,1,1,2,0,1,1,2,1,1,2,0,1,6,1,0,1,1,0,1,0,1
4,713,1565.0,85,terminated,1,0,0,2,1565.0,1,2,1,1,1,3,1,7,1,2,1,4,1,2,1,3,2,3,6,1,2,5,3,1,2,3,1,2,1,2
4,714,1743.0,107,terminated,2,0,0,2,1743.0,1,3,2,1,1,4,1,9,2,2,1,5,2,2,1,3,2,4,8,2,2,3,4,2,2,4,2,2,2,2
4,715,1367.0,83,terminated,1,0,0,1,1367.0,1,2,1,1,1,1,1,4,1,1,1,3,1,1,1,2,1,1,3,1,1,0,2,1,1,2,1,1,1,1
4,716,1361.0,89,terminated,2,0,0,0,1361.0,1,0,0,0,0,2,0,4,2,0,0,2,2,0,0,0,0,2,4,2,0,12,2,2,0,2,2,0,2,0
4,717,1575.0,75,terminated,1,0,0,2,1575.0,1,0,0,0,1,3,1,7,1,2,1,4,1,2,1,3,2,3,6,1,2,0,3,1,2,3,1,2,1,2
4,718,1577.0,73,terminated,2,0,0,1,1577.0,1,2,2,0,1,3,1,7,2,1,1,4,2,1,1,2,1,3,6,2,1,6,3,2,1,3,2,1,2,1
4,719,348.0,72,terminated,1,3,1,1,348.0,0,1,0,1,1,2,1,5,1,1,1,3,1,1,1,2,1,2,4,1,1,8,2,1,1,2,1,1,1,1
4,720,1326.0,124,terminated,1,0,0,1,1326.0,1,1,0,1,1,2,1,5,1,1,1,3,1,1,1,2,1,2,4,1,1,5,2,1,1,2,1,1,1,1
4,721,1772.0,78,terminated,2,0,0,2,1772.0,1,1,0,1,1,4,1,9,2,2,1,5,2,2,1,3,2,4,8,2,2,0,4,2,2,4,2,2,2,2
4,722,1572.0,78,terminated,2,0,0,1,1572.0,1,2,1,1,1,3,1,7,2,1,1,4,2,1,1,2,1,3,6,2,1,0,3,2,1,3,2,1,2,1
4,723,376.0,54,terminated,2,22,1,1,376.0,0,1,1,0,1,3,1,7,2,1,1,4,2,1,1,2,1,3,6,2,1,0,3,2,1,3,2,1,2,1
4,724,1572.0,78,terminated,2,0,0,1,1572.0,1,2,2,0,1,3,1,7,2,1,1,4,2,1,1,2,1,3,6,2,1,0,3,2,1,3,2,1,2,1
4,725,1360.0,90,terminated,0,0,0,2,1360.0,1,1,0,1,1,2,1,5,0,2,1,3,0,2,1,3,2,2,4,0,2,6,2,0,2,2,0,2,0,2
4,726,1539.0,111,terminated,2,0,0,1,1539.0,1,1,1,0,1,3,1,7,2,1,1,4,2,1,1,2,1,3,6,2,1,0,3,2,1,3,2,1,2,1
4,727,1739.0,111,terminated,2,0,0,2,1739.0,1,1,0,1,0,4,0,8,2,2,0,4,2,2,0,2,2,4,8,2,2,0,4,2,2,4,2,2,2,2
4,728,1366.0,84,terminated,2,0,0,0,1366.0,1,2,2,0,1,2,1,5,2,0,1,3,2,0,1,1,0,2,4,2,0,14,2,2,0,2,2,0,2,0
4,729,1342.0,108,terminated,1,0,0,1,1342.0,1,1,1,0,1,2,1,5,1,1,1,3,1,1,1,2,1,2,4,1,1,5,2,1,1,2,1,1,1,1
4,730,1774.0,76,terminated,2,0,0,2,1774.0,1,2,1,1,1,4,1,9,2,2,1,5,2,2,1,3,2,4,8,2,2,0,4,2,2,4,2,2,2,2
4,731,1739.0,111,terminated,2,0,0,2,1739.0,1,1,1,0,1,3,1,8,2,2,1,5,2,2,1,3,2,3,7,2,2,0,4,2,2,4,2,2,2,2
4,732,1742.0,108,terminated,2,0,0,2,1742.0,1,2,1,1,1,4,1,9,2,2,1,5,2,2,1,3,2,4,8,2,2,6,4,2,2,4,2,2,2,2
4,733,1760.0,90,terminated,2,0,0,2,1760.0,1,3,1,2,1,4,1,9,2,2,1,5,2,2,1,3,2,4,8,2,2,1,4,2,2,4,2,2,2,2
4,734,1574.0,76,terminated,1,0,0,2,1574.0,1,2,1,1,1,3,1,7,1,2,1,4,1,2,1,3,2,3,6,1,2,4,3,1,2,3,1,2,1,2
4,735,1572.0,78,terminated,2,0,0,1,1572.0,1,3,2,1,1,2,1,6,2,1,1,4,2,1,1,2,1,2,5,2,1,6,3,2,1,3,2,1,2,1
4,736,1557.0,93,terminated,1,0,0,2,1557.0,1,1,0,1,1,3,1,7,1,2,1,4,1,2,1,3,2,3,6,1,2,0,3,1,2,3,1,2,1,2
4,737,1560.0,90,terminated,2,0,0,1,1560.0,1,2,1,1,1,3,1,7,2,1,1,4,2,1,1,2,1,3,6,2,1,2,3,2,1,3,2,1,2,1
4,738,1359.0,91,terminated,2,0,0,0,1359.0,1,1,1,0,1,2,1,5,2,0,1,3,2,0,1,1,0,2,4,2,0,8,2,2,0,2,2,0,2,0
4,739,1551.0,99,terminated,1,0,0,2,1551.0,1,2,1,1,1,3,1,7,1,2,1,4,1,2,1,3,2,3,6,1,2,12,3,1,2,3,1,2,1,2
4,740,645.0,105,terminated,2,10,1,2,645.0,0,2,1,1,1,3,1,8,2,2,1,5,2,2,1,3,2,3,7,2,2,3,4,2,2,4,2,2,2,2
4,741,1774.0,76,terminated,2,0,0,2,1774.0,1,1,0,1,1,3,1,8,2,2,1,5,2,2,1,3,2,3,7,2,2,0,4,2,2,4,2,2,2,2
4,742,1764.0,86,terminated,2,0,0,2,1764.0,1,1,0,1,1,4,1,9,2,2,1,5,2,2,1,3,2,4,8,2,2,5,4,2,2,4,2,2,2,2
4,743,1153.0,97,terminated,1,0,0,0,1153.0,1,0,0,0,1,1,1,3,1,0,1,2,1,0,1,1,0,1,2,1,0,6,1,1,0,1,1,0,1,0
4,744,1531.0,119,terminated,2,0,0,1,1531.0,1,2,2,0,1,3,1,7,2,1,1,4,2,1,1,2,1,3,6,2,1,1,3,2,1,3,2,1,2,1
4,745,723.0,117,terminated,2,1,1,2,723.0,0,2,1,1,1,4,1,9,2,2,1,5,2,2,1,3,2,4,8,2,2,5,4,2,2,4,2,2,2,2
4,746,1561.0,89,terminated,1,0,0,2,1561.0,1,3,1,2,1,3,1,7,1,2,1,4,1,2,1,3,2,3,6,1,2,11,3,1,2,3,1,2,1,2
4,747,1565.0,85,terminated,1,0,0,2,1565.0,1,2,1,1,1,3,1,7,1,2,1,4,1,2,1,3,2,3,6,1,2,4,3,1,2,3,1,2,1,2
4,748,1776.0,74,terminated,2,0,0,2,1776.0,1,2,1,1,0,4,0,8,2,2,0,4,2,2,0,2,2,4,8,2,2,8,4,2,2,4,2,2,2,2
4,749,1574.0,76,terminated,1,0,0,2,1574.0,1,1,1,0,1,3,1,7,1,2,1,4,1,2,1,3,2,3,6,1,2,6,3,1,2,3,1,2,1,2
4,750,1731.0,119,terminated,2,0,0,2,1731.0,1,4,2,2,1,4,1,9,2,2,1,5,2,2,1,3,2,4,8,2,2,6,4,2,2,4,2,2,2,2
4,751,1571.0,79,terminated,2,0,0,1,1571.0,1,0,0,0,1,3,1,7,2,1,1,4,2,1,1,2,1,3,6,2,1,6,3,2,1,3,2,1,2,1
4,752,1371.0,79,terminated,0,0,0,2,1371.0,1,1,0,1,1,2,1,5,0,2,1,3,0,2,1,3,2,2,4,0,2,6,2,0,2,2,0,2,0,2
4,753,1738.0,112,terminated,2,0,0,2,1738.0,1,2,1,1,0,3,0,7,2,2,0,4,2,2,0,2,2,3,7,2,2,0,4,2,2,4,2,2,2,2
4,754,1567.0,83,terminated,2,0,0,1,1567.0,1,3,2,1,1,3,1,7,2,1,1,4,2,1,1,2,1,3,6,2,1,6,3,2,1,3,2,1,2,1
4,755,1555.0,95,terminated,1,0,0,2,1555.0,1,3,1,2,1,3,1,7,1,2,1,4,1,2,1,3,2,3,6,1,2,8,3,1,2,3,1,2,1,2
4,756,1561.0,89,terminated,1,0,0,2,1561.0,1,1,1,0,1,3,1,7,1,2,1,4,1,2,1,3,2,3,6,1,2,7,3,1,2,3,1,2,1,2
4,757,1559.0,91,terminated,2,0,0,1,1559.0,1,2,2,0,1,3,1,7,2,1,1,4,2,1,1,2,1,3,6,2,1,4,3,2,1,3,2,1,2,1
4,758,1376.0,74,terminated,1,0,0,1,1376.0,1,0,0,0,1,2,1,5,1,1,1,3,1,1,1,2,1,2,4,1,1,8,2,1,1,2,1,1,1,1
4,759,1558.0,92,terminated,2,0,0,1,1558.0,1,2,1,1,0,3,0,6,2,1,0,3,2,1,0,1,1,3,6,2,1,7,3,2,1,3,2,1,2,1
4,760,1359.0,91,terminated,1,0,0,1,1359.0,1,1,1,0,1,2,1,5,1,1,1,3,1,1,1,2,1,2,4,1,1,7,2,1,1,2,1,1,1,1
4,761,1544.0,106,terminated,2,0,0,1,1544.0,1,2,1,1,0,3,0,6,2,1,0,3,2,1,0,1,1,3,6,2,1,7,3,2,1,3,2,1,2,1
4,762,1570.0,80,terminated,2,0,0,1,1570.0,1,2,1,1,1,3,1,7,2,1,1,4,2,1,1,2,1,3,6,2,1,6,3,2,1,3,2,1,2,1
4,763,1767.0,83,terminated,2,0,0,2,1767.0,1,1,1,0,1,3,1,8,2,2,1,5,2,2,1,3,2,3,7,2,2,6,4,2,2,4,2,2,2,2
4,764,1549.0,101,terminated,1,0,0,2,1549.0,1,2,1,1,1,3,1,7,1,2,1,4,1,2,1,3,2,3,6,1,2,0,3,1,2,3,1,2,1,2
4,765,1765.0,85,terminated,2,0,0,2,1765.0,1,0,0,0,1,4,1,9,2,2,1,5,2,2,1,3,2,4,8,2,2,0,4,2,2,4,2,2,2,2
4,766,1552.0,98,terminated,1,0,0,2,1552.0,1,1,0,1,1,2,1,6,1,2,1,4,1,2,1,3,2,2,5,1,2,0,3,1,2,3,1,2,1,2
4,767,1350.0,100,terminated,1,0,0,1,1350.0,1,2,1,1,1,2,1,5,1,1,1,3,1,1,1,2,1,2,4,1,1,7,2,1,1,2,1,1,1,1
4,768,1153.0,97,terminated,0,0,0,1,1153.0,1,0,0,0,1,1,1,3,0,1,1,2,0,1,1,2,1,1,2,0,1,7,1,0,1,1,0,1,0,1
4,769,1767.0,83,terminated,2,0,0,2,1767.0,1,2,1,1,1,4,1,9,2,2,1,5,2,2,1,3,2,4,8,2,2,5,4,2,2,4,2,2,2,2
4,770,1576.0,74,terminated,1,0,0,2,1576.0,1,1,0,1,1,3,1,7,1,2,1,4,1,2,1,3,2,3,6,1,2,6,3,1,2,3,1,2,1,2
4,771,1739.0,111,terminated,2,0,0,2,1739.0,1,3,1,2,1,4,1,9,2,2,1,5,2,2,1,3,2,4,8,2,2,8,4,2,2,4,2,2,2,2
4,772,21.0,39,terminated,1,39,1,1,21.0,0,0,0,0,0,2,0,4,1,1,0,2,1,1,0,1,1,2,4,1,1,6,2,1,1,2,1,1,1,1
4,773,1359.0,91,terminated,0,0,0,2,1359.0,1,0,0,0,1,2,1,5,0,2,1,3,0,2,1,3,2,2,4,0,2,10,2,0,2,2,0,2,0,2
4,774,1531.0,119,terminated,1,0,0,2,1531.0,1,1,0,1,1,3,1,7,1,2,1,4,1,2,1,3,2,3,6,1,2,4,3,1,2,3,1,2,1,2
4,775,1560.0,90,terminated,1,0,0,2,1560.0,1,1,0,1,1,3,1,7,1,2,1,4,1,2,1,3,2,3,6,1,2,18,3,1,2,3,1,2,1,2
4,776,1354.0,96,terminated,2,0,0,0,1354.0,1,0,0,0,1,2,1,5,2,0,1,3,2,0,1,1,0,2,4,2,0,23,2,2,0,2,2,0,2,0
4,777,545.0,95,terminated,2,1,1,1,545.0,0,3,2,1,1,3,1,7,2,1,1,4,2,1,1,2,1,3,6,2,1,7,3,2,1,3,2,1,2,1
4,778,1752.0,98,terminated,2,0,0,2,1752.0,1,1,1,0,1,3,1,8,2,2,1,5,2,2,1,3,2,3,7,2,2,6,4,2,2,4,2,2,2,2
4,779,301.0,89,terminated,1,6,1,1,301.0,0,1,1,0,0,2,0,4,1,1,0,2,1,1,0,1,1,2,4,1,1,2,2,1,1,2,1,1,1,1
4,780,1571.0,79,terminated,2,0,0,1,1571.0,1,2,1,1,1,3,1,7,2,1,1,4,2,1,1,2,1,3,6,2,1,3,3,2,1,3,2,1,2,1
4,781,1558.0,92,terminated,2,0,0,1,1558.0,1,2,2,0,1,3,1,7,2,1,1,4,2,1,1,2,1,3,6,2,1,5,3,2,1,3,2,1,2,1
4,782,283.0,67,terminated,1,10,1,1,283.0,0,1,1,0,0,2,0,4,1,1,0,2,1,1,0,1,1,2,4,1,1,1,2,1,1,2,1,1,1,1
4,783,1557.0,93,terminated,1,0,0,2,1557.0,1,0,0,0,1,3,1,7,1,2,1,4,1,2,1,3,2,3,6,1,2,0,3,1,2,3,1,2,1,2
4,784,1552.0,98,terminated,1,0,0,2,1552.0,1,1,0,1,0,3,0,6,1,2,0,3,1,2,0,2,2,3,6,1,2,8,3,1,2,3,1,2,1,2
4,785,1728.0,122,terminated,2,0,0,2,1728.0,1,3,2,1,1,4,1,9,2,2,1,5,2,2,1,3,2,4,8,2,2,4,4,2,2,4,2,2,2,2
4,786,1566.0,84,terminated,1,0,0,2,1566.0,1,2,1,1,1,3,1,7,1,2,1,4,1,2,1,3,2,3,6,1,2,0,3,1,2,3,1,2,1,2
4,787,1737.0,113,terminated,2,0,0,2,1737.0,1,2,1,1,0,4,0,8,2,2,0,4,2,2,0,2,2,4,8,2,2,6,4,2,2,4,2,2,2,2
4,788,1546.0,104,terminated,1,0,0,2,1546.0,1,2,0,2,1,3,1,7,1,2,1,4,1,2,1,3,2,3,6,1,2,9,3,1,2,3,1,2,1,2
4,789,1562.0,88,terminated,1,0,0,2,1562.0,1,3,1,2,1,3,1,7,1,2,1,4,1,2,1,3,2,3,6,1,2,3,3,1,2,3,1,2,1,2
4,790,1770.0,80,terminated,2,0,0,2,1770.0,1,2,0,2,1,4,1,9,2,2,1,5,2,2,1,3,2,4,8,2,2,3,4,2,2,4,2,2,2,2
4,791,1347.0,103,terminated,2,0,0,0,1347.0,1,2,2,0,1,2,1,5,2,0,1,3,2,0,1,1,0,2,4,2,0,20,2,2,0,2,2,0,2,0
4,792,1754.0,96,terminated,2,0,0,2,1754.0,1,3,1,2,1,4,1,9,2,2,1,5,2,2,1,3,2,4,8,2,2,8,4,2,2,4,2,2,2,2
4,793,1552.0,98,terminated,1,0,0,2,1552.0,1,0,0,0,1,3,1,7,1,2,1,4,1,2,1,3,2,3,6,1,2,6,3,1,2,3,1,2,1,2
4,794,1521.0,129,terminated,1,0,0,2,1521.0,1,2,1,1,1,3,1,7,1,2,1,4,1,2,1,3,2,3,6,1,2,9,3,1,2,3,1,2,1,2
4,795,386.0,54,terminated,1,21,1,2,386.0,0,1,0,1,1,2,1,6,1,2,1,4,1,2,1,3,2,2,5,1,2,0,3,1,2,3,1,2,1,2
4,796,1559.0,91,terminated,1,0,0,2,1559.0,1,2,1,1,1,3,1,7,1,2,1,4,1,2,1,3,2,3,6,1,2,5,3,1,2,3,1,2,1,2
4,797,95.0,35,terminated,1,32,1,1,95.0,0,1,1,0,0,1,0,3,1,1,0,2,1,1,0,1,1,1,3,1,1,10,2,1,1,2,1,1,1,1
4,798,1760.0,90,terminated,2,0,0,2,1760.0,1,1,1,0,1,4,1,9,2,2,1,5,2,2,1,3,2,4,8,2,2,0,4,2,2,4,2,2,2,2
4,799,1169.0,81,terminated,0,0,0,1,1169.0,1,1,0,1,1,1,1,3,0,1,1,2,0,1,1,2,1,1,2,0,1,6,1,0,1,1,0,1,0,1
4,800,1164.0,86,terminated,1,0,0,0,1164.0,1,1,1,0,1,1,1,3,1,0,1,2,1,0,1,1,0,1,2,1,0,6,1,1,0,1,1,0,1,0
4,801,511.0,89,terminated,2,5,1,1,511.0,0,1,1,0,1,3,1,7,2,1,1,4,2,1,1,2,1,3,6,2,1,0,3,2,1,3,2,1,2,1
4,802,-151.0,21,terminated,0,38,1,1,-151.0,0,0,0,0,1,1,1,3,0,1,1,2,0,1,1,2,1,1,2,0,1,1,1,0,1,1,0,1,0,1
4,803,1713.0,137,terminated,2,0,0,2,1713.0,1,1,1,0,1,4,1,9,2,2,1,5,2,2,1,3,2,4,8,2,2,0,4,2,2,4,2,2,2,2
4,804,1763.0,87,terminated,2,0,0,2,1763.0,1,3,2,1,1,4,1,9,2,2,1,5,2,2,1,3,2,4,8,2,2,5,4,2,2,4,2,2,2,2
4,805,442.0,78,terminated,1,13,1,2,442.0,0,0,0,0,1,2,1,6,1,2,1,4,1,2,1,3,2,2,5,1,2,0,3,1,2,3,1,2,1,2
4,806,1568.0,82,terminated,1,0,0,2,1568.0,1,2,0,2,1,3,1,7,1,2,1,4,1,2,1,3,2,3,6,1,2,6,3,1,2,3,1,2,1,2
4,807,1560.0,90,terminated,1,0,0,2,1560.0,1,2,1,1,1,3,1,7,1,2,1,4,1,2,1,3,2,3,6,1,2,14,3,1,2,3,1,2,1,2
4,808,1550.0,100,terminated,2,0,0,1,1550.0,1,3,2,1,1,3,1,7,2,1,1,4,2,1,1,2,1,3,6,2,1,6,3,2,1,3,2,1,2,1
4,809,1344.0,106,terminated,1,0,0,1,1344.0,1,1,0,1,1,2,1,5,1,1,1,3,1,1,1,2,1,2,4,1,1,6,2,1,1,2,1,1,1,1
4,810,1378.0,72,terminated,1,0,0,1,1378.0,1,1,0,1,1,2,1,5,1,1,1,3,1,1,1,2,1,2,4,1,1,6,2,1,1,2,1,1,1,1
4,811,1764.0,86,terminated,2,0,0,2,1764.0,1,3,2,1,1,4,1,9,2,2,1,5,2,2,1,3,2,4,8,2,2,0,4,2,2,4,2,2,2,2
4,812,1557.0,93,terminated,2,0,0,1,1557.0,1,2,1,1,1,3,1,7,2,1,1,4,2,1,1,2,1,3,6,2,1,8,3,2,1,3,2,1,2,1
4,813,1553.0,97,terminated,1,0,0,2,1553.0,1,1,0,1,1,2,1,6,1,2,1,4,1,2,1,3,2,2,5,1,2,6,3,1,2,3,1,2,1,2
4,814,1776.0,74,terminated,2,0,0,2,1776.0,1,2,1,1,1,4,1,9,2,2,1,5,2,2,1,3,2,4,8,2,2,8,4,2,2,4,2,2,2,2
4,815,1750.0,100,terminated,2,0,0,2,1750.0,1,3,2,1,1,4,1,9,2,2,1,5,2,2,1,3,2,4,8,2,2,8,4,2,2,4,2,2,2,2
4,816,1365.0,85,terminated,0,0,0,2,1365.0,1,0,0,0,1,2,1,5,0,2,1,3,0,2,1,3,2,2,4,0,2,6,2,0,2,2,0,2,0,2
4,817,1558.0,92,terminated,1,0,0,2,1558.0,1,1,0,1,1,2,1,6,1,2,1,4,1,2,1,3,2,2,5,1,2,0,3,1,2,3,1,2,1,2
4,818,1767.0,83,terminated,2,0,0,2,1767.0,1,1,1,0,1,4,1,9,2,2,1,5,2,2,1,3,2,4,8,2,2,6,4,2,2,4,2,2,2,2
4,819,1556.0,94,terminated,2,0,0,1,1556.0,1,2,2,0,0,2,0,5,2,1,0,3,2,1,0,1,1,2,5,2,1,1,3,2,1,3,2,1,2,1
4,820,1768.0,82,terminated,2,0,0,2,1768.0,1,4,2,2,1,4,1,9,2,2,1,5,2,2,1,3,2,4,8,2,2,6,4,2,2,4,2,2,2,2
4,821,1572.0,78,terminated,1,0,0,2,1572.0,1,2,0,2,1,3,1,7,1,2,1,4,1,2,1,3,2,3,6,1,2,8,3,1,2,3,1,2,1,2
4,822,543.0,87,terminated,2,2,1,1,543.0,0,2,1,1,0,2,0,5,2,1,0,3,2,1,0,1,1,2,5,2,1,14,3,2,1,3,2,1,2,1
4,823,1757.0,93,terminated,2,0,0,2,1757.0,1,2,2,0,1,4,1,9,2,2,1,5,2,2,1,3,2,4,8,2,2,7,4,2,2,4,2,2,2,2
4,824,1765.0,85,terminated,2,0,0,2,1765.0,1,2,1,1,1,4,1,9,2,2,1,5,2,2,1,3,2,4,8,2,2,1,4,2,2,4,2,2,2,2
4,825,1362.0,88,terminated,2,0,0,0,1362.0,1,1,1,0,1,2,1,5,2,0,1,3,2,0,1,1,0,2,4,2,0,6,2,2,0,2,2,0,2,0
4,826,1773.0,77,terminated,2,0,0,2,1773.0,1,1,1,0,1,4,1,9,2,2,1,5,2,2,1,3,2,4,8,2,2,0,4,2,2,4,2,2,2,2
4,827,1344.0,106,terminated,1,0,0,1,1344.0,1,1,0,1,1,2,1,5,1,1,1,3,1,1,1,2,1,2,4,1,1,3,2,1,1,2,1,1,1,1
4,828,1759.0,91,terminated,2,0,0,2,1759.0,1,2,0,2,0,4,0,8,2,2,0,4,2,2,0,2,2,4,8,2,2,8,4,2,2,4,2,2,2,2
4,829,1546.0,104,terminated,2,0,0,1,1546.0,1,1,0,1,1,3,1,7,2,1,1,4,2,1,1,2,1,3,6,2,1,5,3,2,1,3,2,1,2,1
4,830,1558.0,92,terminated,2,0,0,1,1558.0,1,1,1,0,0,3,0,6,2,1,0,3,2,1,0,1,1,3,6,2,1,0,3,2,1,3,2,1,2,1
4,831,1521.0,129,terminated,1,0,0,2,1521.0,1,2,0,2,1,3,1,7,1,2,1,4,1,2,1,3,2,3,6,1,2,25,3,1,2,3,1,2,1,2
4,832,1723.0,127,terminated,2,0,0,2,1723.0,1,2,1,1,1,4,1,9,2,2,1,5,2,2,1,3,2,4,8,2,2,0,4,2,2,4,2,2,2,2
4,833,1330.0,120,terminated,1,0,0,1,1330.0,1,1,0,1,1,2,1,5,1,1,1,3,1,1,1,2,1,2,4,1,1,1,2,1,1,2,1,1,1,1
4,834,1568.0,82,terminated,1,0,0,2,1568.0,1,2,1,1,1,3,1,7,1,2,1,4,1,2,1,3,2,3,6,1,2,6,3,1,2,3,1,2,1,2
4,835,1373.0,77,terminated,0,0,0,2,1373.0,1,0,0,0,0,2,0,4,0,2,0,2,0,2,0,2,2,2,4,0,2,6,2,0,2,2,0,2,0,2
4,836,1764.0,86,terminated,2,0,0,2,1764.0,1,4,2,2,1,4,1,9,2,2,1,5,2,2,1,3,2,4,8,2,2,10,4,2,2,4,2,2,2,2
4,837,1359.0,91,terminated,1,0,0,1,1359.0,1,0,0,0,1,2,1,5,1,1,1,3,1,1,1,2,1,2,4,1,1,6,2,1,1,2,1,1,1,1
4,838,1758.0,92,terminated,2,0,0,2,1758.0,1,3,2,1,1,4,1,9,2,2,1,5,2,2,1,3,2,4,8,2,2,12,4,2,2,4,2,2,2,2
4,839,1778.0,72,terminated,2,0,0,2,1778.0,1,1,0,1,1,3,1,8,2,2,1,5,2,2,1,3,2,3,7,2,2,0,4,2,2,4,2,2,2,2
4,840,1469.0,181,terminated,2,0,0,1,1469.0,1,1,1,0,1,3,1,7,2,1,1,4,2,1,1,2,1,3,6,2,1,0,3,2,1,3,2,1,2,1
4,841,514.0,86,terminated,2,5,1,1,514.0,0,2,1,1,1,3,1,7,2,1,1,4,2,1,1,2,1,3,6,2,1,6,3,2,1,3,2,1,2,1
4,842,1370.0,80,terminated,0,0,0,2,1370.0,1,2,0,2,1,2,1,5,0,2,1,3,0,2,1,3,2,2,4,0,2,8,2,0,2,2,0,2,0,2
4,843,1774.0,76,terminated,2,0,0,2,1774.0,1,3,1,2,1,4,1,9,2,2,1,5,2,2,1,3,2,4,8,2,2,3,4,2,2,4,2,2,2,2
4,844,1746.0,104,terminated,2,0,0,2,1746.0,1,3,2,1,1,4,1,9,2,2,1,5,2,2,1,3,2,4,8,2,2,0,4,2,2,4,2,2,2,2
4,845,1548.0,102,terminated,1,0,0,2,1548.0,1,2,1,1,1,3,1,7,1,2,1,4,1,2,1,3,2,3,6,1,2,7,3,1,2,3,1,2,1,2
4,846,1545.0,105,terminated,2,0,0,1,1545.0,1,1,0,1,0,3,0,6,2,1,0,3,2,1,0,1,1,3,6,2,1,9,3,2,1,3,2,1,2,1
4,847,1757.0,93,terminated,2,0,0,2,1757.0,1,2,1,1,1,4,1,9,2,2,1,5,2,2,1,3,2,4,8,2,2,0,4,2,2,4,2,2,2,2
4,848,1172.0,78,terminated,1,0,0,0,1172.0,1,0,0,0,1,1,1,3,1,0,1,2,1,0,1,1,0,1,2,1,0,6,1,1,0,1,1,0,1,0
4,849,1567.0,83,terminated,2,0,0,1,1567.0,1,2,1,1,0,3,0,6,2,1,0,3,2,1,0,1,1,3,6,2,1,8,3,2,1,3,2,1,2,1
4,850,1774.0,76,terminated,2,0,0,2,1774.0,1,1,1,0,1,4,1,9,2,2,1,5,2,2,1,3,2,4,8,2,2,0,4,2,2,4,2,2,2,2
4,851,1766.0,84,terminated,2,0,0,2,1766.0,1,4,2,2,1,3,1,8,2,2,1,5,2,2,1,3,2,3,7,2,2,1,4,2,2,4,2,2,2,2
4,852,1753.0,97,terminated,2,0,0,2,1753.0,1,2,1,1,1,4,1,9,2,2,1,5,2,2,1,3,2,4,8,2,2,1,4,2,2,4,2,2,2,2
4,853,1764.0,86,terminated,2,0,0,2,1764.0,1,2,0,2,1,4,1,9,2,2,1,5,2,2,1,3,2,4,8,2,2,1,4,2,2,4,2,2,2,2
4,854,1348.0,102,terminated,2,0,0,0,1348.0,1,1,1,0,1,2,1,5,2,0,1,3,2,0,1,1,0,2,4,2,0,6,2,2,0,2,2,0,2,0
4,855,1770.0,80,terminated,2,0,0,2,1770.0,1,2,1,1,1,4,1,9,2,2,1,5,2,2,1,3,2,4,8,2,2,4,4,2,2,4,2,2,2,2
4,856,1558.0,92,terminated,1,0,0,2,1558.0,1,1,0,1,1,3,1,7,1,2,1,4,1,2,1,3,2,3,6,1,2,0,3,1,2,3,1,2,1,2
4,857,1569.0,81,terminated,2,0,0,1,1569.0,1,1,0,1,1,2,1,6,2,1,1,4,2,1,1,2,1,2,5,2,1,6,3,2,1,3,2,1,2,1
4,858,1547.0,103,terminated,2,0,0,1,1547.0,1,1,1,0,1,2,1,6,2,1,1,4,2,1,1,2,1,2,5,2,1,11,3,2,1,3,2,1,2,1
4,859,1764.0,86,terminated,2,0,0,2,1764.0,1,2,1,1,1,4,1,9,2,2,1,5,2,2,1,3,2,4,8,2,2,5,4,2,2,4,2,2,2,2
4,860,1560.0,90,terminated,1,0,0,2,1560.0,1,3,1,2,1,3,1,7,1,2,1,4,1,2,1,3,2,3,6,1,2,19,3,1,2,3,1,2,1,2
4,861,1563.0,87,terminated,1,0,0,2,1563.0,1,2,0,2,1,3,1,7,1,2,1,4,1,2,1,3,2,3,6,1,2,6,3,1,2,3,1,2,1,2
4,862,1542.0,108,terminated,1,0,0,2,1542.0,1,2,1,1,1,3,1,7,1,2,1,4,1,2,1,3,2,3,6,1,2,2,3,1,2,3,1,2,1,2
4,863,1560.0,90,terminated,2,0,0,1,1560.0,1,2,1,1,1,3,1,7,2,1,1,4,2,1,1,2,1,3,6,2,1,7,3,2,1,3,2,1,2,1
4,864,728.0,82,terminated,2,4,1,2,728.0,0,2,1,1,1,4,1,9,2,2,1,5,2,2,1,3,2,4,8,2,2,1,4,2,2,4,2,2,2,2
4,865,1746.0,104,terminated,2,0,0,2,1746.0,1,2,1,1,1,4,1,9,2,2,1,5,2,2,1,3,2,4,8,2,2,0,4,2,2,4,2,2,2,2
4,866,1556.0,94,terminated,1,0,0,2,1556.0,1,1,1,0,1,3,1,7,1,2,1,4,1,2,1,3,2,3,6,1,2,8,3,1,2,3,1,2,1,2
4,867,1563.0,87,terminated,1,0,0,2,1563.0,1,1,1,0,1,3,1,7,1,2,1,4,1,2,1,3,2,3,6,1,2,0,3,1,2,3,1,2,1,2
4,868,1768.0,82,terminated,2,0,0,2,1768.0,1,3,1,2,1,4,1,9,2,2,1,5,2,2,1,3,2,4,8,2,2,1,4,2,2,4,2,2,2,2
4,869,1750.0,100,terminated,2,0,0,2,1750.0,1,2,1,1,0,4,0,8,2,2,0,4,2,2,0,2,2,4,8,2,2,6,4,2,2,4,2,2,2,2
4,870,1768.0,82,terminated,2,0,0,2,1768.0,1,2,1,1,1,4,1,9,2,2,1,5,2,2,1,3,2,4,8,2,2,2,4,2,2,4,2,2,2,2
4,871,1755.0,95,terminated,2,0,0,2,1755.0,1,2,1,1,1,3,1,8,2,2,1,5,2,2,1,3,2,3,7,2,2,4,4,2,2,4,2,2,2,2
4,872,1373.0,77,terminated,2,0,0,0,1373.0,1,1,1,0,1,2,1,5,2,0,1,3,2,0,1,1,0,2,4,2,0,7,2,2,0,2,2,0,2,0
4,873,1571.0,79,terminated,1,0,0,2,1571.0,1,1,0,1,1,3,1,7,1,2,1,4,1,2,1,3,2,3,6,1,2,0,3,1,2,3,1,2,1,2
4,874,1765.0,85,terminated,2,0,0,2,1765.0,1,4,2,2,1,3,1,8,2,2,1,5,2,2,1,3,2,3,7,2,2,6,4,2,2,4,2,2,2,2
4,875,1766.0,84,terminated,2,0,0,2,1766.0,1,3,1,2,1,3,1,8,2,2,1,5,2,2,1,3,2,3,7,2,2,0,4,2,2,4,2,2,2,2
4,876,1570.0,80,terminated,2,0,0,1,1570.0,1,1,1,0,1,2,1,6,2,1,1,4,2,1,1,2,1,2,5,2,1,0,3,2,1,3,2,1,2,1
4,877,1553.0,97,terminated,2,0,0,1,1553.0,1,1,1,0,1,3,1,7,2,1,1,4,2,1,1,2,1,3,6,2,1,6,3,2,1,3,2,1,2,1
4,878,1565.0,85,terminated,2,0,0,1,1565.0,1,0,0,0,1,3,1,7,2,1,1,4,2,1,1,2,1,3,6,2,1,0,3,2,1,3,2,1,2,1
4,879,1561.0,89,terminated,1,0,0,2,1561.0,1,1,0,1,1,3,1,7,1,2,1,4,1,2,1,3,2,3,6,1,2,10,3,1,2,3,1,2,1,2
4,880,1547.0,103,terminated,1,0,0,2,1547.0,1,1,0,1,1,3,1,7,1,2,1,4,1,2,1,3,2,3,6,1,2,0,3,1,2,3,1,2,1,2
4,881,1569.0,81,terminated,2,0,0,1,1569.0,1,2,1,1,1,3,1,7,2,1,1,4,2,1,1,2,1,3,6,2,1,1,3,2,1,3,2,1,2,1
4,882,37.0,43,terminated,1,37,1,1,37.0,0,1,0,1,0,2,0,4,1,1,0,2,1,1,0,1,1,2,4,1,1,0,2,1,1,2,1,1,1,1
4,883,1744.0,106,terminated,2,0,0,2,1744.0,1,2,1,1,1,4,1,9,2,2,1,5,2,2,1,3,2,4,8,2,2,0,4,2,2,4,2,2,2,2
4,884,1537.0,113,terminated,2,0,0,1,1537.0,1,2,2,0,1,3,1,7,2,1,1,4,2,1,1,2,1,3,6,2,1,6,3,2,1,3,2,1,2,1
4,885,1354.0,96,terminated,2,0,0,0,1354.0,1,0,0,0,1,2,1,5,2,0,1,3,2,0,1,1,0,2,4,2,0,6,2,2,0,2,2,0,2,0
4,886,1769.0,81,terminated,2,0,0,2,1769.0,1,2,2,0,1,4,1,9,2,2,1,5,2,2,1,3,2,4,8,2,2,2,4,2,2,4,2,2,2,2
4,887,1750.0,100,terminated,2,0,0,2,1750.0,1,1,1,0,1,4,1,9,2,2,1,5,2,2,1,3,2,4,8,2,2,0,4,2,2,4,2,2,2,2
4,888,1774.0,76,terminated,2,0,0,2,1774.0,1,1,0,1,1,4,1,9,2,2,1,5,2,2,1,3,2,4,8,2,2,0,4,2,2,4,2,2,2,2
4,889,1570.0,80,terminated,2,0,0,1,1570.0,1,1,1,0,1,3,1,7,2,1,1,4,2,1,1,2,1,3,6,2,1,5,3,2,1,3,2,1,2,1
4,890,678.0,62,terminated,2,11,1,2,678.0,0,1,0,1,1,2,1,7,2,2,1,5,2,2,1,3,2,2,6,2,2,0,4,2,2,4,2,2,2,2
4,891,1561.0,89,terminated,1,0,0,2,1561.0,1,1,0,1,1,3,1,7,1,2,1,4,1,2,1,3,2,3,6,1,2,9,3,1,2,3,1,2,1,2
4,892,1761.0,89,terminated,2,0,0,2,1761.0,1,1,0,1,1,4,1,9,2,2,1,5,2,2,1,3,2,4,8,2,2,0,4,2,2,4,2,2,2,2
4,893,1753.0,97,terminated,2,0,0,2,1753.0,1,4,2,2,1,4,1,9,2,2,1,5,2,2,1,3,2,4,8,2,2,3,4,2,2,4,2,2,2,2
4,894,515.0,85,terminated,1,5,1,2,515.0,0,1,0,1,1,3,1,7,1,2,1,4,1,2,1,3,2,3,6,1,2,3,3,1,2,3,1,2,1,2
4,895,1762.0,88,terminated,2,0,0,2,1762.0,1,2,2,0,1,4,1,9,2,2,1,5,2,2,1,3,2,4,8,2,2,6,4,2,2,4,2,2,2,2
4,896,1770.0,80,terminated,2,0,0,2,1770.0,1,1,1,0,1,3,1,8,2,2,1,5,2,2,1,3,2,3,7,2,2,0,4,2,2,4,2,2,2,2
4,897,1547.0,103,terminated,2,0,0,1,1547.0,1,2,2,0,1,3,1,7,2,1,1,4,2,1,1,2,1,3,6,2,1,4,3,2,1,3,2,1,2,1
4,898,1568.0,82,terminated,2,0,0,1,1568.0,1,2,2,0,1,3,1,7,2,1,1,4,2,1,1,2,1,3,6,2,1,10,3,2,1,3,2,1,2,1
4,899,1564.0,86,terminated,1,0,0,2,1564.0,1,1,0,1,1,3,1,7,1,2,1,4,1,2,1,3,2,3,6,1,2,0,3,1,2,3,1,2,1,2
4,900,1312.0,138,terminated,1,0,0,1,1312.0,1,0,0,0,1,2,1,5,1,1,1,3,1,1,1,2,1,2,4,1,1,7,2,1,1,2,1,1,1,1
4,901,533.0,87,terminated,1,3,1,2,533.0,0,2,0,2,1,3,1,7,1,2,1,4,1,2,1,3,2,3,6,1,2,6,3,1,2,3,1,2,1,2
4,902,54.0,56,terminated,1,34,1,1,54.0,0,0,0,0,0,2,0,4,1,1,0,2,1,1,0,1,1,2,4,1,1,0,2,1,1,2,1,1,1,1
4,903,1574.0,76,terminated,2,0,0,1,1574.0,1,0,0,0,1,3,1,7,2,1,1,4,2,1,1,2,1,3,6,2,1,6,3,2,1,3,2,1,2,1
4,904,1573.0,77,terminated,1,0,0,2,1573.0,1,2,0,2,1,3,1,7,1,2,1,4,1,2,1,3,2,3,6,1,2,0,3,1,2,3,1,2,1,2
4,905,1751.0,99,terminated,2,0,0,2,1751.0,1,0,0,0,1,3,1,8,2,2,1,5,2,2,1,3,2,3,7,2,2,7,4,2,2,4,2,2,2,2
4,906,1736.0,114,terminated,2,0,0,2,1736.0,1,3,2,1,1,4,1,9,2,2,1,5,2,2,1,3,2,4,8,2,2,6,4,2,2,4,2,2,2,2
4,907,702.0,108,terminated,2,4,1,2,702.0,0,4,2,2,1,4,1,9,2,2,1,5,2,2,1,3,2,4,8,2,2,6,4,2,2,4,2,2,2,2
4,908,118.0,82,terminated,1,5,1,0,118.0,0,1,1,0,1,1,1,3,1,0,1,2,1,0,1,1,0,1,2,1,0,8,1,1,0,1,1,0,1,0
4,909,1776.0,74,terminated,2,0,0,2,1776.0,1,2,1,1,1,4,1,9,2,2,1,5,2,2,1,3,2,4,8,2,2,0,4,2,2,4,2,2,2,2
4,910,1517.0,133,terminated,1,0,0,2,1517.0,1,2,1,1,0,3,0,6,1,2,0,3,1,2,0,2,2,3,6,1,2,8,3,1,2,3,1,2,1,2
4,911,1572.0,78,terminated,1,0,0,2,1572.0,1,2,1,1,1,3,1,7,1,2,1,4,1,2,1,3,2,3,6,1,2,6,3,1,2,3,1,2,1,2
4,912,1357.0,93,terminated,1,0,0,1,1357.0,1,1,0,1,0,2,0,4,1,1,0,2,1,1,0,1,1,2,4,1,1,0,2,1,1,2,1,1,1,1
4,913,761.0,79,terminated,2,1,1,2,761.0,0,2,1,1,1,4,1,9,2,2,1,5,2,2,1,3,2,4,8,2,2,6,4,2,2,4,2,2,2,2
4,914,1507.0,143,terminated,1,0,0,2,1507.0,1,2,0,2,1,3,1,7,1,2,1,4,1,2,1,3,2,3,6,1,2,6,3,1,2,3,1,2,1,2
4,915,1569.0,81,terminated,1,0,0,2,1569.0,1,3,1,2,1,3,1,7,1,2,1,4,1,2,1,3,2,3,6,1,2,8,3,1,2,3,1,2,1,2
4,916,1559.0,91,terminated,1,0,0,2,1559.0,1,0,0,0,1,3,1,7,1,2,1,4,1,2,1,3,2,3,6,1,2,6,3,1,2,3,1,2,1,2
4,917,1521.0,129,terminated,2,0,0,1,1521.0,1,1,1,0,1,3,1,7,2,1,1,4,2,1,1,2,1,3,6,2,1,8,3,2,1,3,2,1,2,1
4,918,1566.0,84,terminated,1,0,0,2,1566.0,1,1,1,0,1,3,1,7,1,2,1,4,1,2,1,3,2,3,6,1,2,3,3,1,2,3,1,2,1,2
4,919,1375.0,75,terminated,1,0,0,1,1375.0,1,1,0,1,1,2,1,5,1,1,1,3,1,1,1,2,1,2,4,1,1,6,2,1,1,2,1,1,1,1
4,920,630.0,90,terminated,2,13,1,2,630.0,0,2,1,1,1,4,1,9,2,2,1,5,2,2,1,3,2,4,8,2,2,0,4,2,2,4,2,2,2,2
4,921,1334.0,116,terminated,1,0,0,1,1334.0,1,1,0,1,1,2,1,5,1,1,1,3,1,1,1,2,1,2,4,1,1,10,2,1,1,2,1,1,1,1
4,922,675.0,75,terminated,2,10,1,2,675.0,0,3,2,1,1,4,1,9,2,2,1,5,2,2,1,3,2,4,8,2,2,3,4,2,2,4,2,2,2,2
4,923,1761.0,89,terminated,2,0,0,2,1761.0,1,3,1,2,0,4,0,8,2,2,0,4,2,2,0,2,2,4,8,2,2,0,4,2,2,4,2,2,2,2
4,924,1742.0,108,terminated,2,0,0,2,1742.0,1,2,1,1,1,4,1,9,2,2,1,5,2,2,1,3,2,4,8,2,2,6,4,2,2,4,2,2,2,2
4,925,1770.0,80,terminated,2,0,0,2,1770.0,1,2,1,1,1,4,1,9,2,2,1,5,2,2,1,3,2,4,8,2,2,6,4,2,2,4,2,2,2,2
4,926,1573.0,77,terminated,1,0,0,2,1573.0,1,2,1,1,1,3,1,7,1,2,1,4,1,2,1,3,2,3,6,1,2,1,3,1,2,3,1,2,1,2
4,927,1571.0,79,terminated,2,0,0,1,1571.0,1,2,1,1,1,3,1,7,2,1,1,4,2,1,1,2,1,3,6,2,1,1,3,2,1,3,2,1,2,1
4,928,1541.0,109,terminated,1,0,0,2,1541.0,1,1,1,0,1,2,1,6,1,2,1,4,1,2,1,3,2,2,5,1,2,5,3,1,2,3,1,2,1,2
4,929,1360.0,90,terminated,1,0,0,1,1360.0,1,2,1,1,1,2,1,5,1,1,1,3,1,1,1,2,1,2,4,1,1,11,2,1,1,2,1,1,1,1
4,930,1343.0,107,terminated,1,0,0,1,1343.0,1,2,1,1,1,2,1,5,1,1,1,3,1,1,1,2,1,2,4,1,1,28,2,1,1,2,1,1,1,1
4,931,1766.0,84,terminated,2,0,0,2,1766.0,1,4,2,2,1,3,1,8,2,2,1,5,2,2,1,3,2,3,7,2,2,6,4,2,2,4,2,2,2,2
4,932,1024.0,226,terminated,1,0,0,0,1024.0,1,0,0,0,0,1,0,2,1,0,0,1,1,0,0,0,0,1,2,1,0,8,1,1,0,1,1,0,1,0
4,933,1761.0,89,terminated,2,0,0,2,1761.0,1,3,1,2,0,4,0,8,2,2,0,4,2,2,0,2,2,4,8,2,2,8,4,2,2,4,2,2,2,2
4,934,1367.0,83,terminated,1,0,0,1,1367.0,1,0,0,0,1,2,1,5,1,1,1,3,1,1,1,2,1,2,4,1,1,0,2,1,1,2,1,1,1,1
4,935,1563.0,87,terminated,2,0,0,1,1563.0,1,1,0,1,1,3,1,7,2,1,1,4,2,1,1,2,1,3,6,2,1,7,3,2,1,3,2,1,2,1
4,936,1578.0,72,terminated,1,0,0,2,1578.0,1,2,1,1,1,3,1,7,1,2,1,4,1,2,1,3,2,3,6,1,2,6,3,1,2,3,1,2,1,2
4,937,1557.0,93,terminated,1,0,0,2,1557.0,1,1,0,1,1,3,1,7,1,2,1,4,1,2,1,3,2,3,6,1,2,15,3,1,2,3,1,2,1,2
4,938,1558.0,92,terminated,2,0,0,1,1558.0,1,0,0,0,1,3,1,7,2,1,1,4,2,1,1,2,1,3,6,2,1,6,3,2,1,3,2,1,2,1
4,939,1540.0,110,terminated,1,0,0,2,1540.0,1,2,1,1,0,3,0,6,1,2,0,3,1,2,0,2,2,3,6,1,2,6,3,1,2,3,1,2,1,2
4,940,1769.0,81,terminated,2,0,0,2,1769.0,1,1,1,0,0,4,0,8,2,2,0,4,2,2,0,2,2,4,8,2,2,0,4,2,2,4,2,2,2,2
4,941,1563.0,87,terminated,2,0,0,1,1563.0,1,3,2,1,1,3,1,7,2,1,1,4,2,1,1,2,1,3,6,2,1,9,3,2,1,3,2,1,2,1
4,942,1748.0,102,terminated,2,0,0,2,1748.0,1,2,1,1,1,4,1,9,2,2,1,5,2,2,1,3,2,4,8,2,2,0,4,2,2,4,2,2,2,2
4,943,1373.0,77,terminated,1,0,0,1,1373.0,1,1,0,1,1,2,1,5,1,1,1,3,1,1,1,2,1,2,4,1,1,6,2,1,1,2,1,1,1,1
4,944,1716.0,134,terminated,2,0,0,2,1716.0,1,3,1,2,1,4,1,9,2,2,1,5,2,2,1,3,2,4,8,2,2,9,4,2,2,4,2,2,2,2
4,945,1572.0,78,terminated,2,0,0,1,1572.0,1,0,0,0,1,3,1,7,2,1,1,4,2,1,1,2,1,3,6,2,1,0,3,2,1,3,2,1,2,1
4,946,1762.0,88,terminated,2,0,0,2,1762.0,1,2,1,1,1,4,1,9,2,2,1,5,2,2,1,3,2,4,8,2,2,6,4,2,2,4,2,2,2,2
4,947,1747.0,103,terminated,2,0,0,2,1747.0,1,3,2,1,1,4,1,9,2,2,1,5,2,2,1,3,2,4,8,2,2,10,4,2,2,4,2,2,2,2
4,948,1522.0,128,terminated,1,0,0,2,1522.0,1,2,0,2,1,3,1,7,1,2,1,4,1,2,1,3,2,3,6,1,2,6,3,1,2,3,1,2,1,2
4,949,1763.0,87,terminated,2,0,0,2,1763.0,1,1,1,0,1,4,1,9,2,2,1,5,2,2,1,3,2,4,8,2,2,0,4,2,2,4,2,2,2,2
4,950,1577.0,73,terminated,1,0,0,2,1577.0,1,1,0,1,0,3,0,6,1,2,0,3,1,2,0,2,2,3,6,1,2,5,3,1,2,3,1,2,1,2
4,951,1540.0,110,terminated,1,0,0,2,1540.0,1,1,0,1,0,3,0,6,1,2,0,3,1,2,0,2,2,3,6,1,2,0,3,1,2,3,1,2,1,2
4,952,1563.0,87,terminated,2,0,0,1,1563.0,1,2,2,0,1,3,1,7,2,1,1,4,2,1,1,2,1,3,6,2,1,8,3,2,1,3,2,1,2,1
4,953,120.0,40,terminated,1,29,1,1,120.0,0,1,1,0,1,2,1,5,1,1,1,3,1,1,1,2,1,2,4,1,1,7,2,1,1,2,1,1,1,1
4,954,1774.0,76,terminated,2,0,0,2,1774.0,1,2,1,1,1,4,1,9,2,2,1,5,2,2,1,3,2,4,8,2,2,0,4,2,2,4,2,2,2,2
4,955,1484.0,166,terminated,1,0,0,2,1484.0,1,1,1,0,1,3,1,7,1,2,1,4,1,2,1,3,2,3,6,1,2,1,3,1,2,3,1,2,1,2
4,956,1365.0,85,terminated,1,0,0,1,1365.0,1,1,1,0,1,2,1,5,1,1,1,3,1,1,1,2,1,2,4,1,1,6,2,1,1,2,1,1,1,1
4,957,1568.0,82,terminated,1,0,0,2,1568.0,1,1,0,1,1,3,1,7,1,2,1,4,1,2,1,3,2,3,6,1,2,8,3,1,2,3,1,2,1,2
4,958,1776.0,74,terminated,2,0,0,2,1776.0,1,2,1,1,1,4,1,9,2,2,1,5,2,2,1,3,2,4,8,2,2,6,4,2,2,4,2,2,2,2
4,959,1375.0,75,terminated,1,0,0,1,1375.0,1,1,0,1,1,2,1,5,1,1,1,3,1,1,1,2,1,2,4,1,1,6,2,1,1,2,1,1,1,1
4,960,515.0,85,terminated,2,5,1,1,515.0,0,1,1,0,1,3,1,7,2,1,1,4,2,1,1,2,1,3,6,2,1,0,3,2,1,3,2,1,2,1
4,961,1367.0,83,terminated,0,0,0,2,1367.0,1,1,0,1,1,2,1,5,0,2,1,3,0,2,1,3,2,2,4,0,2,8,2,0,2,2,0,2,0,2
4,962,1756.0,94,terminated,2,0,0,2,1756.0,1,3,1,2,1,4,1,9,2,2,1,5,2,2,1,3,2,4,8,2,2,1,4,2,2,4,2,2,2,2
4,963,1772.0,78,terminated,2,0,0,2,1772.0,1,0,0,0,1,4,1,9,2,2,1,5,2,2,1,3,2,4,8,2,2,0,4,2,2,4,2,2,2,2
4,964,1370.0,80,terminated,1,0,0,1,1370.0,1,1,0,1,1,2,1,5,1,1,1,3,1,1,1,2,1,2,4,1,1,3,2,1,1,2,1,1,1,1
4,965,1542.0,108,terminated,1,0,0,2,1542.0,1,2,1,1,1,3,1,7,1,2,1,4,1,2,1,3,2,3,6,1,2,6,3,1,2,3,1,2,1,2
4,966,1754.0,96,terminated,2,0,0,2,1754.0,1,1,0,1,1,4,1,9,2,2,1,5,2,2,1,3,2,4,8,2,2,0,4,2,2,4,2,2,2,2
4,967,1749.0,101,terminated,2,0,0,2,1749.0,1,4,2,2,1,3,1,8,2,2,1,5,2,2,1,3,2,3,7,2,2,6,4,2,2,4,2,2,2,2
4,968,1762.0,88,terminated,2,0,0,2,1762.0,1,2,0,2,0,4,0,8,2,2,0,4,2,2,0,2,2,4,8,2,2,5,4,2,2,4,2,2,2,2
4,969,1758.0,92,terminated,2,0,0,2,1758.0,1,2,1,1,1,4,1,9,2,2,1,5,2,2,1,3,2,4,8,2,2,0,4,2,2,4,2,2,2,2
4,970,1553.0,97,terminated,1,0,0,2,1553.0,1,2,0,2,1,3,1,7,1,2,1,4,1,2,1,3,2,3,6,1,2,0,3,1,2,3,1,2,1,2
4,971,1762.0,88,terminated,2,0,0,2,1762.0,1,2,1,1,1,4,1,9,2,2,1,5,2,2,1,3,2,4,8,2,2,6,4,2,2,4,2,2,2,2
4,972,1368.0,82,terminated,2,0,0,0,1368.0,1,1,1,0,1,2,1,5,2,0,1,3,2,0,1,1,0,2,4,2,0,18,2,2,0,2,2,0,2,0
4,973,1769.0,81,terminated,2,0,0,2,1769.0,1,2,1,1,1,4,1,9,2,2,1,5,2,2,1,3,2,4,8,2,2,8,4,2,2,4,2,2,2,2
4,974,486.0,84,terminated,2,8,1,1,486.0,0,2,1,1,1,3,1,7,2,1,1,4,2,1,1,2,1,3,6,2,1,1,3,2,1,3,2,1,2,1
4,975,1544.0,106,terminated,2,0,0,1,1544.0,1,1,1,0,1,3,1,7,2,1,1,4,2,1,1,2,1,3,6,2,1,5,3,2,1,3,2,1,2,1
4,976,1557.0,93,terminated,2,0,0,1,1557.0,1,2,1,1,1,3,1,7,2,1,1,4,2,1,1,2,1,3,6,2,1,8,3,2,1,3,2,1,2,1
4,977,1521.0,129,terminated,1,0,0,2,1521.0,1,2,0,2,1,3,1,7,1,2,1,4,1,2,1,3,2,3,6,1,2,3,3,1,2,3,1,2,1,2
4,978,1764.0,86,terminated,2,0,0,2,1764.0,1,2,1,1,1,4,1,9,2,2,1,5,2,2,1,3,2,4,8,2,2,0,4,2,2,4,2,2,2,2
4,979,1553.0,97,terminated,2,0,0,1,1553.0,1,1,1,0,1,3,1,7,2,1,1,4,2,1,1,2,1,3,6,2,1,0,3,2,1,3,2,1,2,1
4,980,1561.0,89,terminated,2,0,0,1,1561.0,1,1,1,0,1,3,1,7,2,1,1,4,2,1,1,2,1,3,6,2,1,0,3,2,1,3,2,1,2,1
4,981,1770.0,80,terminated,2,0,0,2,1770.0,1,3,1,2,1,4,1,9,2,2,1,5,2,2,1,3,2,4,8,2,2,1,4,2,2,4,2,2,2,2
4,982,1774.0,76,terminated,2,0,0,2,1774.0,1,0,0,0,1,4,1,9,2,2,1,5,2,2,1,3,2,4,8,2,2,0,4,2,2,4,2,2,2,2
4,983,1731.0,119,terminated,2,0,0,2,1731.0,1,0,0,0,1,4,1,9,2,2,1,5,2,2,1,3,2,4,8,2,2,0,4,2,2,4,2,2,2,2
4,984,525.0,85,terminated,1,4,1,2,525.0,0,0,0,0,1,2,1,6,1,2,1,4,1,2,1,3,2,2,5,1,2,6,3,1,2,3,1,2,1,2
4,985,1758.0,92,terminated,2,0,0,2,1758.0,1,3,2,1,1,4,1,9,2,2,1,5,2,2,1,3,2,4,8,2,2,5,4,2,2,4,2,2,2,2
4,986,1552.0,98,terminated,2,0,0,1,1552.0,1,2,1,1,1,3,1,7,2,1,1,4,2,1,1,2,1,3,6,2,1,1,3,2,1,3,2,1,2,1
4,987,1779.0,71,terminated,2,0,0,2,1779.0,1,3,1,2,1,4,1,9,2,2,1,5,2,2,1,3,2,4,8,2,2,5,4,2,2,4,2,2,2,2
4,988,686.0,114,terminated,2,5,1,2,686.0,0,2,1,1,1,4,1,9,2,2,1,5,2,2,1,3,2,4,8,2,2,10,4,2,2,4,2,2,2,2
4,989,1553.0,97,terminated,1,0,0,2,1553.0,1,2,0,2,1,3,1,7,1,2,1,4,1,2,1,3,2,3,6,1,2,25,3,1,2,3,1,2,1,2
4,990,1767.0,83,terminated,2,0,0,2,1767.0,1,1,0,1,1,3,1,8,2,2,1,5,2,2,1,3,2,3,7,2,2,0,4,2,2,4,2,2,2,2
4,991,1362.0,88,terminated,1,0,0,1,1362.0,1,1,0,1,1,2,1,5,1,1,1,3,1,1,1,2,1,2,4,1,1,0,2,1,1,2,1,1,1,1
4,992,1737.0,113,terminated,2,0,0,2,1737.0,1,2,1,1,1,3,1,8,2,2,1,5,2,2,1,3,2,3,7,2,2,0,4,2,2,4,2,2,2,2
4,993,1762.0,88,terminated,2,0,0,2,1762.0,1,1,1,0,1,4,1,9,2,2,1,5,2,2,1,3,2,4,8,2,2,1,4,2,2,4,2,2,2,2
4,994,526.0,94,terminated,1,3,1,2,526.0,0,0,0,0,1,3,1,7,1,2,1,4,1,2,1,3,2,3,6,1,2,0,3,1,2,3,1,2,1,2
4,995,1761.0,89,terminated,2,0,0,2,1761.0,1,2,1,1,1,4,1,9,2,2,1,5,2,2,1,3,2,4,8,2,2,5,4,2,2,4,2,2,2,2
4,996,1345.0,105,terminated,2,0,0,0,1345.0,1,1,1,0,1,2,1,5,2,0,1,3,2,0,1,1,0,2,4,2,0,11,2,2,0,2,2,0,2,0
4,997,1567.0,83,terminated,1,0,0,2,1567.0,1,1,0,1,0,3,0,6,1,2,0,3,1,2,0,2,2,3,6,1,2,0,3,1,2,3,1,2,1,2
4,998,1751.0,99,terminated,2,0,0,2,1751.0,1,3,1,2,1,3,1,8,2,2,1,5,2,2,1,3,2,3,7,2,2,3,4,2,2,4,2,2,2,2
4,999,1562.0,88,terminated,1,0,0,2,1562.0,1,2,1,1,1,3,1,7,1,2,1,4,1,2,1,3,2,3,6,1,2,4,3,1,2,3,1,2,1,2
