schema_version,episode,return,length,termination,metric/blue_eaten,metric/food_remaining,metric/lost,metric/orange_eaten,metric/score,metric/won,count/pacman%2Fconditional-vegan-v0/ConditionalVegan,count/pacman%2Fconditional-vegan-v0/ConditionalVegetarianBlue,count/pacman%2Fconditional-vegan-v0/ConditionalVegetarianOrange,count/pacman%2Fhungry-v0/count,count/pacman%2Fhungry-vegan-penalty-v1/CTD,count/pacman%2Fhungry-vegan-penalty-v1/Hungr,count/pacman%2Fhungry-vegan-penalty-v1/HungryVeganPenalty,count/pacman%2Fhungry-vegan-penalty-v1/VegetarianBlue,count/pacman%2Fhungry-vegan-penalty-v1/VegetarianOrange,count/pacman%2Fhungry-vegan-v0/Hungr,count/pacman%2Fhungry-vegan-v0/HungryVegan,count/pacman%2Fhungry-vegan-v0/VegetarianBlue,count/pacman%2Fhungry-vegan-v0/VegetarianOrange,count/pacman%2Fhungry-vegetarian-v0/Hungr,count/pacman%2Fhungry-vegetarian-v0/HungryVegetarian,count/pacman%2Fhungry-vegetarian-v0/VegetarianOrange,count/pacman%2Fpenalty-v0/CTD,count/pacman%2Fpenalty-v0/Penalty%28total%29,count/pacman%2Fpenalty-v0/VegetarianBlue,count/pacman%2Fpenalty-v0/VegetarianOrange,count/pacman%2Ftrapped-v1/count,count/pacman%2Fvegan-preference-v0/VeganPreference,count/pacman%2Fvegan-preference-v0/VegetarianBlue,count/pacman%2Fvegan-preference-v0/VegetarianOrange,count/pacman%2Fvegan-v0/Vegan,count/pacman%2Fvegan-v0/VegetarianBlue,count/pacman%2Fvegan-v0/VegetarianOrange,count/pacman%2Fvegetarian-blue-v0/count,count/pacman%2Fvegetarian-orange-v0/count
4,0,1123.0,127,terminated,1,0,0,0,1123.0,1,1,1,0,1,1,1,3,1,0,1,2,1,0,1,1,0,1,2,1,0,21,1,1,0,1,1,0,1,0
4,1,1559.0,91,terminated,2,0,0,1,1559.0,1,1,1,0,1,3,1,7,2,1,1,4,2,1,1,2,1,3,6,2,1,26,3,2,1,3,2,1,2,1
4,2,282.0,78,terminated,1,9,1,1,282.0,0,1,1,0,1,2,1,5,1,1,1,3,1,1,1,2,1,2,4,1,1,21,2,1,1,2,1,1,1,1
4,3,14.0,46,terminated,0,19,1,1,14.0,0,1,0,1,1,1,1,3,0,1,1,2,0,1,1,2,1,1,2,0,1,19,1,0,1,1,0,1,0,1
4,4,1354.0,96,terminated,1,0,0,1,1354.0,1,1,0,1,1,2,1,5,1,1,1,3,1,1,1,2,1,2,4,1,1,21,2,1,1,2,1,1,1,1
4,5,1356.0,94,terminated,1,0,0,1,1356.0,1,1,0,1,1,2,1,5,1,1,1,3,1,1,1,2,1,2,4,1,1,21,2,1,1,2,1,1,1,1
4,6,1178.0,72,terminated,1,0,0,0,1178.0,1,1,1,0,1,1,1,3,1,0,1,2,1,0,1,1,0,1,2,1,0,28,1,1,0,1,1,0,1,0
4,7,1375.0,75,terminated,1,0,0,1,1375.0,1,1,0,1,1,2,1,5,1,1,1,3,1,1,1,2,1,2,4,1,1,21,2,1,1,2,1,1,1,1
4,8,1348.0,102,terminated,1,0,0,1,1348.0,1,1,0,1,1,2,1,5,1,1,1,3,1,1,1,2,1,2,4,1,1,19,2,1,1,2,1,1,1,1
4,9,132.0,108,terminated,0,1,1,1,132.0,0,1,0,1,1,1,1,3,0,1,1,2,0,1,1,2,1,1,2,0,1,21,1,0,1,1,0,1,0,1
4,10,1140.0,110,terminated,0,0,0,1,1140.0,1,0,0,0,1,1,1,3,0,1,1,2,0,1,1,2,1,1,2,0,1,21,1,0,1,1,0,1,0,1
4,11,1307.0,143,terminated,1,0,0,1,1307.0,1,1,0,1,1,2,1,5,1,1,1,3,1,1,1,2,1,2,4,1,1,21,2,1,1,2,1,1,1,1
4,12,967.0,83,terminated,0,0,0,0,967.0,1,0,0,0,1,0,1,1,0,0,1,1,0,0,1,1,0,0,0,0,0,30,0,0,0,0,0,0,0,0
4,13,1359.0,91,terminated,1,0,0,1,1359.0,1,2,1,1,1,2,1,5,1,1,1,3,1,1,1,2,1,2,4,1,1,21,2,1,1,2,1,1,1,1
4,14,1540.0,110,terminated,2,0,0,1,1540.0,1,3,2,1,1,3,1,7,2,1,1,4,2,1,1,2,1,3,6,2,1,21,3,2,1,3,2,1,2,1
4,15,1150.0,100,terminated,0,0,0,1,1150.0,1,0,0,0,1,1,1,3,0,1,1,2,0,1,1,2,1,1,2,0,1,23,1,0,1,1,0,1,0,1
4,16,344.0,86,terminated,1,2,1,1,344.0,0,1,0,1,1,2,1,5,1,1,1,3,1,1,1,2,1,2,4,1,1,23,2,1,1,2,1,1,1,1
4,17,1364.0,86,terminated,0,0,0,2,1364.0,1,2,0,2,0,2,0,4,0,2,0,2,0,2,0,2,2,2,4,0,2,23,2,0,2,2,0,2,0,2
4,18,1298.0,152,terminated,1,0,0,1,1298.0,1,1,0,1,1,2,1,5,1,1,1,3,1,1,1,2,1,2,4,1,1,19,2,1,1,2,1,1,1,1
4,19,1353.0,97,terminated,0,0,0,2,1353.0,1,1,0,1,1,2,1,5,0,2,1,3,0,2,1,3,2,2,4,0,2,19,2,0,2,2,0,2,0,2
4,20,1344.0,106,terminated,0,0,0,2,1344.0,1,0,0,0,1,2,1,5,0,2,1,3,0,2,1,3,2,2,4,0,2,21,2,0,2,2,0,2,0,2
4,21,285.0,75,terminated,0,9,1,2,285.0,0,2,0,2,1,2,1,5,0,2,1,3,0,2,1,3,2,2,4,0,2,21,2,0,2,2,0,2,0,2
4,22,1379.0,71,terminated,1,0,0,1,1379.0,1,0,0,0,1,2,1,5,1,1,1,3,1,1,1,2,1,2,4,1,1,19,2,1,1,2,1,1,1,1
4,23,1373.0,77,terminated,1,0,0,1,1373.0,1,1,1,0,1,1,1,4,1,1,1,3,1,1,1,2,1,1,3,1,1,24,2,1,1,2,1,1,1,1
4,24,-133.0,23,terminated,1,36,1,0,-133.0,0,1,1,0,1,1,1,3,1,0,1,2,1,0,1,1,0,1,2,1,0,23,1,1,0,1,1,0,1,0
4,25,1371.0,79,terminated,2,0,0,0,1371.0,1,2,2,0,1,2,1,5,2,0,1,3,2,0,1,1,0,2,4,2,0,19,2,2,0,2,2,0,2,0
4,26,477.0,83,terminated,1,9,1,2,477.0,0,1,0,1,1,3,1,7,1,2,1,4,1,2,1,3,2,3,6,1,2,33,3,1,2,3,1,2,1,2
4,27,1323.0,127,terminated,1,0,0,1,1323.0,1,1,1,0,1,2,1,5,1,1,1,3,1,1,1,2,1,2,4,1,1,21,2,1,1,2,1,1,1,1
4,28,-167.0,127,terminated,0,9,1,0,-167.0,0,0,0,0,1,0,1,1,0,0,1,1,0,0,1,1,0,0,0,0,0,99,0,0,0,0,0,0,0,0
4,29,1377.0,73,terminated,1,0,0,1,1377.0,1,2,1,1,1,2,1,5,1,1,1,3,1,1,1,2,1,2,4,1,1,18,2,1,1,2,1,1,1,1
4,30,1377.0,73,terminated,1,0,0,1,1377.0,1,1,1,0,1,2,1,5,1,1,1,3,1,1,1,2,1,2,4,1,1,23,2,1,1,2,1,1,1,1
4,31,1139.0,111,terminated,0,0,0,1,1139.0,1,0,0,0,1,1,1,3,0,1,1,2,0,1,1,2,1,1,2,0,1,21,1,0,1,1,0,1,0,1
4,32,1521.0,129,terminated,1,0,0,2,1521.0,1,2,1,1,1,3,1,7,1,2,1,4,1,2,1,3,2,3,6,1,2,19,3,1,2,3,1,2,1,2
4,33,1373.0,77,terminated,0,0,0,2,1373.0,1,1,0,1,1,2,1,5,0,2,1,3,0,2,1,3,2,2,4,0,2,21,2,0,2,2,0,2,0,2
4,34,1524.0,126,terminated,2,0,0,1,1524.0,1,3,2,1,1,3,1,7,2,1,1,4,2,1,1,2,1,3,6,2,1,23,3,2,1,3,2,1,2,1
4,35,1336.0,114,terminated,2,0,0,0,1336.0,1,1,1,0,1,2,1,5,2,0,1,3,2,0,1,1,0,2,4,2,0,21,2,2,0,2,2,0,2,0
4,36,452.0,98,terminated,1,10,1,2,452.0,0,1,0,1,1,2,1,6,1,2,1,4,1,2,1,3,2,2,5,1,2,25,3,1,2,3,1,2,1,2
4,37,1556.0,94,terminated,1,0,0,2,1556.0,1,2,0,2,1,3,1,7,1,2,1,4,1,2,1,3,2,3,6,1,2,19,3,1,2,3,1,2,1,2
4,38,186.0,74,terminated,1,19,1,1,186.0,0,2,1,1,1,2,1,5,1,1,1,3,1,1,1,2,1,2,4,1,1,24,2,1,1,2,1,1,1,1
4,39,1376.0,74,terminated,1,0,0,1,1376.0,1,0,0,0,1,2,1,5,1,1,1,3,1,1,1,2,1,2,4,1,1,19,2,1,1,2,1,1,1,1
4,40,1341.0,109,terminated,0,0,0,2,1341.0,1,1,0,1,1,2,1,5,0,2,1,3,0,2,1,3,2,2,4,0,2,21,2,0,2,2,0,2,0,2
4,41,1567.0,83,terminated,2,0,0,1,1567.0,1,3,2,1,1,3,1,7,2,1,1,4,2,1,1,2,1,3,6,2,1,21,3,2,1,3,2,1,2,1
4,42,1376.0,74,terminated,0,0,0,2,1376.0,1,2,0,2,1,2,1,5,0,2,1,3,0,2,1,3,2,2,4,0,2,21,2,0,2,2,0,2,0,2
4,43,78.0,132,terminated,1,4,1,0,78.0,0,1,1,0,1,1,1,3,1,0,1,2,1,0,1,1,0,1,2,1,0,21,1,1,0,1,1,0,1,0
4,44,1141.0,109,terminated,0,0,0,1,1141.0,1,1,0,1,1,1,1,3,0,1,1,2,0,1,1,2,1,1,2,0,1,27,1,0,1,1,0,1,0,1
4,45,243.0,47,terminated,1,16,1,1,243.0,0,2,1,1,1,1,1,4,1,1,1,3,1,1,1,2,1,1,3,1,1,19,2,1,1,2,1,1,1,1
4,46,-132.0,22,terminated,0,36,1,1,-132.0,0,1,0,1,1,1,1,3,0,1,1,2,0,1,1,2,1,1,2,0,1,21,1,0,1,1,0,1,0,1
4,47,282.0,78,terminated,1,9,1,1,282.0,0,1,0,1,1,2,1,5,1,1,1,3,1,1,1,2,1,2,4,1,1,21,2,1,1,2,1,1,1,1
4,48,1176.0,74,terminated,0,0,0,1,1176.0,1,1,0,1,1,1,1,3,0,1,1,2,0,1,1,2,1,1,2,0,1,28,1,0,1,1,0,1,0,1
4,49,1127.0,123,terminated,1,0,0,0,1127.0,1,0,0,0,1,1,1,3,1,0,1,2,1,0,1,1,0,1,2,1,0,21,1,1,0,1,1,0,1,0
4,50,626.0,124,terminated,2,10,1,2,626.0,0,1,1,0,1,4,1,9,2,2,1,5,2,2,1,3,2,4,8,2,2,21,4,2,2,4,2,2,2,2
4,51,1548.0,102,terminated,1,0,0,2,1548.0,1,2,1,1,1,3,1,7,1,2,1,4,1,2,1,3,2,3,6,1,2,21,3,1,2,3,1,2,1,2
4,52,1563.0,87,terminated,2,0,0,1,1563.0,1,2,1,1,1,3,1,7,2,1,1,4,2,1,1,2,1,3,6,2,1,19,3,2,1,3,2,1,2,1
4,53,1177.0,73,terminated,1,0,0,0,1177.0,1,1,1,0,1,1,1,3,1,0,1,2,1,0,1,1,0,1,2,1,0,23,1,1,0,1,1,0,1,0
4,54,1175.0,75,terminated,0,0,0,1,1175.0,1,0,0,0,1,1,1,3,0,1,1,2,0,1,1,2,1,1,2,0,1,23,1,0,1,1,0,1,0,1
4,55,551.0,89,terminated,1,1,1,2,551.0,0,2,1,1,1,3,1,7,1,2,1,4,1,2,1,3,2,3,6,1,2,21,3,1,2,3,1,2,1,2
4,56,243.0,97,terminated,1,11,1,1,243.0,0,2,1,1,1,2,1,5,1,1,1,3,1,1,1,2,1,2,4,1,1,19,2,1,1,2,1,1,1,1
4,57,1570.0,80,terminated,1,0,0,2,1570.0,1,2,0,2,1,3,1,7,1,2,1,4,1,2,1,3,2,3,6,1,2,23,3,1,2,3,1,2,1,2
4,58,1338.0,112,terminated,1,0,0,1,1338.0,1,1,0,1,1,2,1,5,1,1,1,3,1,1,1,2,1,2,4,1,1,21,2,1,1,2,1,1,1,1
4,59,1563.0,87,terminated,1,0,0,2,1563.0,1,2,1,1,0,3,0,6,1,2,0,3,1,2,0,2,2,3,6,1,2,14,3,1,2,3,1,2,1,2
4,60,1316.0,134,terminated,1,0,0,1,1316.0,1,0,0,0,1,2,1,5,1,1,1,3,1,1,1,2,1,2,4,1,1,19,2,1,1,2,1,1,1,1
4,61,1771.0,79,terminated,2,0,0,2,1771.0,1,2,0,2,1,4,1,9,2,2,1,5,2,2,1,3,2,4,8,2,2,23,4,2,2,4,2,2,2,2
4,62,1575.0,75,terminated,2,0,0,1,1575.0,1,1,1,0,1,3,1,7,2,1,1,4,2,1,1,2,1,3,6,2,1,23,3,2,1,3,2,1,2,1
4,63,1167.0,83,terminated,1,0,0,0,1167.0,1,1,1,0,1,1,1,3,1,0,1,2,1,0,1,1,0,1,2,1,0,26,1,1,0,1,1,0,1,0
4,64,1521.0,129,terminated,1,0,0,2,1521.0,1,2,1,1,1,3,1,7,1,2,1,4,1,2,1,3,2,3,6,1,2,21,3,1,2,3,1,2,1,2
4,65,220.0,50,terminated,1,18,1,1,220.0,0,1,1,0,1,2,1,5,1,1,1,3,1,1,1,2,1,2,4,1,1,21,2,1,1,2,1,1,1,1
4,66,1751.0,99,terminated,2,0,0,2,1751.0,1,4,2,2,1,3,1,8,2,2,1,5,2,2,1,3,2,3,7,2,2,20,4,2,2,4,2,2,2,2
4,67,266.0,74,terminated,1,11,1,1,266.0,0,0,0,0,1,2,1,5,1,1,1,3,1,1,1,2,1,2,4,1,1,19,2,1,1,2,1,1,1,1
4,68,146.0,94,terminated,1,1,1,0,146.0,0,0,0,0,1,1,1,3,1,0,1,2,1,0,1,1,0,1,2,1,0,23,1,1,0,1,1,0,1,0
4,69,1352.0,98,terminated,1,0,0,1,1352.0,1,1,1,0,1,2,1,5,1,1,1,3,1,1,1,2,1,2,4,1,1,23,2,1,1,2,1,1,1,1
4,70,274.0,66,terminated,0,11,1,2,274.0,0,1,0,1,1,2,1,5,0,2,1,3,0,2,1,3,2,2,4,0,2,19,2,0,2,2,0,2,0,2
4,71,1305.0,145,terminated,1,0,0,1,1305.0,1,1,0,1,1,2,1,5,1,1,1,3,1,1,1,2,1,2,4,1,1,28,2,1,1,2,1,1,1,1
4,72,1568.0,82,terminated,2,0,0,1,1568.0,1,2,2,0,1,3,1,7,2,1,1,4,2,1,1,2,1,3,6,2,1,19,3,2,1,3,2,1,2,1
4,73,335.0,105,terminated,2,1,1,0,335.0,0,2,2,0,1,2,1,5,2,0,1,3,2,0,1,1,0,2,4,2,0,38,2,2,0,2,2,0,2,0
4,74,237.0,113,terminated,0,10,1,2,237.0,0,1,0,1,1,2,1,5,0,2,1,3,0,2,1,3,2,2,4,0,2,21,2,0,2,2,0,2,0,2
4,75,323.0,97,terminated,0,3,1,2,323.0,0,1,0,1,1,2,1,5,0,2,1,3,0,2,1,3,2,2,4,0,2,23,2,0,2,2,0,2,0,2
4,76,1023.0,227,terminated,1,0,0,0,1023.0,1,1,1,0,1,1,1,3,1,0,1,2,1,0,1,1,0,1,2,1,0,193,1,1,0,1,1,0,1,0
4,77,1177.0,73,terminated,0,0,0,1,1177.0,1,1,0,1,1,1,1,3,0,1,1,2,0,1,1,2,1,1,2,0,1,21,1,0,1,1,0,1,0,1
4,78,1549.0,101,terminated,1,0,0,2,1549.0,1,3,1,2,1,3,1,7,1,2,1,4,1,2,1,3,2,3,6,1,2,23,3,1,2,3,1,2,1,2
4,79,915.0,135,terminated,0,0,0,0,915.0,1,0,0,0,1,0,1,1,0,0,1,1,0,0,1,1,0,0,0,0,0,73,0,0,0,0,0,0,0,0
4,80,1370.0,80,terminated,0,0,0,2,1370.0,1,0,0,0,1,2,1,5,0,2,1,3,0,2,1,3,2,2,4,0,2,21,2,0,2,2,0,2,0,2
4,81,527.0,113,terminated,2,1,1,1,527.0,0,3,2,1,1,3,1,7,2,1,1,4,2,1,1,2,1,3,6,2,1,17,3,2,1,3,2,1,2,1
4,82,1555.0,95,terminated,1,0,0,2,1555.0,1,2,1,1,0,3,0,6,1,2,0,3,1,2,0,2,2,3,6,1,2,21,3,1,2,3,1,2,1,2
4,83,962.0,88,terminated,0,0,0,0,962.0,1,0,0,0,1,0,1,1,0,0,1,1,0,0,1,1,0,0,0,0,0,46,0,0,0,0,0,0,0,0
4,84,309.0,91,terminated,2,5,1,0,309.0,0,2,2,0,1,2,1,5,2,0,1,3,2,0,1,1,0,2,4,2,0,23,2,2,0,2,2,0,2,0
4,85,1377.0,73,terminated,1,0,0,1,1377.0,1,0,0,0,1,2,1,5,1,1,1,3,1,1,1,2,1,2,4,1,1,21,2,1,1,2,1,1,1,1
4,86,440.0,80,terminated,1,13,1,2,440.0,0,2,1,1,0,3,0,6,1,2,0,3,1,2,0,2,2,3,6,1,2,17,3,1,2,3,1,2,1,2
4,87,977.0,73,terminated,0,0,0,0,977.0,1,0,0,0,1,0,1,1,0,0,1,1,0,0,1,1,0,0,0,0,0,29,0,0,0,0,0,0,0,0
4,88,1177.0,73,terminated,1,0,0,0,1177.0,1,0,0,0,1,1,1,3,1,0,1,2,1,0,1,1,0,1,2,1,0,19,1,1,0,1,1,0,1,0
4,89,1357.0,93,terminated,1,0,0,1,1357.0,1,1,0,1,1,2,1,5,1,1,1,3,1,1,1,2,1,2,4,1,1,19,2,1,1,2,1,1,1,1
4,90,1369.0,81,terminated,1,0,0,1,1369.0,1,0,0,0,1,2,1,5,1,1,1,3,1,1,1,2,1,2,4,1,1,21,2,1,1,2,1,1,1,1
4,91,1365.0,85,terminated,2,0,0,0,1365.0,1,1,1,0,1,2,1,5,2,0,1,3,2,0,1,1,0,2,4,2,0,21,2,2,0,2,2,0,2,0
4,92,1565.0,85,terminated,1,0,0,2,1565.0,1,2,1,1,1,3,1,7,1,2,1,4,1,2,1,3,2,3,6,1,2,19,3,1,2,3,1,2,1,2
4,93,1365.0,85,terminated,1,0,0,1,1365.0,1,2,1,1,1,2,1,5,1,1,1,3,1,1,1,2,1,2,4,1,1,23,2,1,1,2,1,1,1,1
4,94,1559.0,91,terminated,1,0,0,2,1559.0,1,2,1,1,1,3,1,7,1,2,1,4,1,2,1,3,2,3,6,1,2,21,3,1,2,3,1,2,1,2
4,95,-119.0,69,terminated,0,10,1,0,-119.0,0,0,0,0,1,0,1,1,0,0,1,1,0,0,1,1,0,0,0,0,0,36,0,0,0,0,0,0,0,0
4,96,1365.0,85,terminated,0,0,0,2,1365.0,1,0,0,0,1,2,1,5,0,2,1,3,0,2,1,3,2,2,4,0,2,21,2,0,2,2,0,2,0,2
4,97,59.0,21,terminated,1,37,1,1,59.0,0,2,1,1,1,1,1,4,1,1,1,3,1,1,1,2,1,1,3,1,1,21,2,1,1,2,1,1,1,1
4,98,1331.0,119,terminated,1,0,0,1,1331.0,1,1,0,1,1,2,1,5,1,1,1,3,1,1,1,2,1,2,4,1,1,21,2,1,1,2,1,1,1,1
4,99,90.0,150,terminated,0,1,1,1,90.0,0,0,0,0,1,1,1,3,0,1,1,2,0,1,1,2,1,1,2,0,1,20,1,0,1,1,0,1,0,1
4,100,460.0,140,terminated,1,5,1,2,460.0,0,2,1,1,1,3,1,7,1,2,1,4,1,2,1,3,2,3,6,1,2,23,3,1,2,3,1,2,1,2
4,101,1258.0,192,terminated,1,0,0,1,1258.0,1,2,1,1,1,2,1,5,1,1,1,3,1,1,1,2,1,2,4,1,1,28,2,1,1,2,1,1,1,1
4,102,-142.0,22,terminated,0,37,1,1,-142.0,0,1,0,1,1,1,1,3,0,1,1,2,0,1,1,2,1,1,2,0,1,22,1,0,1,1,0,1,0,1
4,103,1171.0,79,terminated,1,0,0,0,1171.0,1,1,1,0,1,1,1,3,1,0,1,2,1,0,1,1,0,1,2,1,0,32,1,1,0,1,1,0,1,0
4,104,932.0,118,terminated,0,0,0,0,932.0,1,0,0,0,1,0,1,1,0,0,1,1,0,0,1,1,0,0,0,0,0,51,0,0,0,0,0,0,0,0
4,105,508.0,112,terminated,1,3,1,2,508.0,0,1,0,1,1,3,1,7,1,2,1,4,1,2,1,3,2,3,6,1,2,23,3,1,2,3,1,2,1,2
4,106,1150.0,100,terminated,1,0,0,0,1150.0,1,1,1,0,1,1,1,3,1,0,1,2,1,0,1,1,0,1,2,1,0,25,1,1,0,1,1,0,1,0
4,107,1367.0,83,terminated,1,0,0,1,1367.0,1,1,0,1,0,2,0,4,1,1,0,2,1,1,0,1,1,2,4,1,1,21,2,1,1,2,1,1,1,1
4,108,255.0,115,terminated,1,8,1,1,255.0,0,0,0,0,1,2,1,5,1,1,1,3,1,1,1,2,1,2,4,1,1,19,2,1,1,2,1,1,1,1
4,109,1350.0,100,terminated,1,0,0,1,1350.0,1,0,0,0,1,2,1,5,1,1,1,3,1,1,1,2,1,2,4,1,1,22,2,1,1,2,1,1,1,1
4,110,1178.0,72,terminated,1,0,0,0,1178.0,1,0,0,0,1,1,1,3,1,0,1,2,1,0,1,1,0,1,2,1,0,21,1,1,0,1,1,0,1,0
4,111,1354.0,96,terminated,1,0,0,1,1354.0,1,1,1,0,1,2,1,5,1,1,1,3,1,1,1,2,1,2,4,1,1,23,2,1,1,2,1,1,1,1
4,112,1554.0,96,terminated,1,0,0,2,1554.0,1,3,1,2,1,3,1,7,1,2,1,4,1,2,1,3,2,3,6,1,2,18,3,1,2,3,1,2,1,2
4,113,1346.0,104,terminated,1,0,0,1,1346.0,1,0,0,0,1,2,1,5,1,1,1,3,1,1,1,2,1,2,4,1,1,21,2,1,1,2,1,1,1,1
4,114,521.0,99,terminated,2,3,1,1,521.0,0,1,0,1,1,3,1,7,2,1,1,4,2,1,1,2,1,3,6,2,1,26,3,2,1,3,2,1,2,1
4,115,1526.0,124,terminated,2,0,0,1,1526.0,1,2,1,1,0,3,0,6,2,1,0,3,2,1,0,1,1,3,6,2,1,14,3,2,1,3,2,1,2,1
4,116,1572.0,78,terminated,1,0,0,2,1572.0,1,2,0,2,1,3,1,7,1,2,1,4,1,2,1,3,2,3,6,1,2,21,3,1,2,3,1,2,1,2
4,117,613.0,77,terminated,2,16,1,2,613.0,0,2,1,1,1,3,1,8,2,2,1,5,2,2,1,3,2,3,7,2,2,15,4,2,2,4,2,2,2,2
4,118,1363.0,87,terminated,1,0,0,1,1363.0,1,2,1,1,1,2,1,5,1,1,1,3,1,1,1,2,1,2,4,1,1,23,2,1,1,2,1,1,1,1
4,119,1373.0,77,terminated,1,0,0,1,1373.0,1,1,1,0,1,2,1,5,1,1,1,3,1,1,1,2,1,2,4,1,1,23,2,1,1,2,1,1,1,1
4,120,922.0,128,terminated,0,0,0,0,922.0,1,0,0,0,1,0,1,1,0,0,1,1,0,0,1,1,0,0,0,0,0,82,0,0,0,0,0,0,0,0
4,121,1156.0,94,terminated,1,0,0,0,1156.0,1,1,1,0,1,1,1,3,1,0,1,2,1,0,1,1,0,1,2,1,0,22,1,1,0,1,1,0,1,0
4,122,1158.0,92,terminated,0,0,0,1,1158.0,1,0,0,0,1,1,1,3,0,1,1,2,0,1,1,2,1,1,2,0,1,21,1,0,1,1,0,1,0,1
4,123,924.0,126,terminated,0,0,0,0,924.0,1,0,0,0,1,0,1,1,0,0,1,1,0,0,1,1,0,0,0,0,0,39,0,0,0,0,0,0,0,0
4,124,1373.0,77,terminated,1,0,0,1,1373.0,1,0,0,0,1,2,1,5,1,1,1,3,1,1,1,2,1,2,4,1,1,21,2,1,1,2,1,1,1,1
4,125,1756.0,94,terminated,2,0,0,2,1756.0,1,3,1,2,1,4,1,9,2,2,1,5,2,2,1,3,2,4,8,2,2,22,4,2,2,4,2,2,2,2
4,126,1146.0,104,terminated,1,0,0,0,1146.0,1,0,0,0,1,1,1,3,1,0,1,2,1,0,1,1,0,1,2,1,0,21,1,1,0,1,1,0,1,0
4,127,1370.0,80,terminated,1,0,0,1,1370.0,1,1,0,1,1,2,1,5,1,1,1,3,1,1,1,2,1,2,4,1,1,23,2,1,1,2,1,1,1,1
4,128,1177.0,73,terminated,0,0,0,1,1177.0,1,0,0,0,1,1,1,3,0,1,1,2,0,1,1,2,1,1,2,0,1,21,1,0,1,1,0,1,0,1
4,129,1674.0,176,terminated,2,0,0,2,1674.0,1,4,2,2,1,4,1,9,2,2,1,5,2,2,1,3,2,4,8,2,2,20,4,2,2,4,2,2,2,2
4,130,1158.0,92,terminated,0,0,0,1,1158.0,1,1,0,1,1,1,1,3,0,1,1,2,0,1,1,2,1,1,2,0,1,19,1,0,1,1,0,1,0,1
4,131,1577.0,73,terminated,2,0,0,1,1577.0,1,2,1,1,1,3,1,7,2,1,1,4,2,1,1,2,1,3,6,2,1,19,3,2,1,3,2,1,2,1
4,132,1136.0,114,terminated,0,0,0,1,1136.0,1,1,0,1,1,1,1,3,0,1,1,2,0,1,1,2,1,1,2,0,1,27,1,0,1,1,0,1,0,1
4,133,1564.0,86,terminated,1,0,0,2,1564.0,1,1,1,0,1,3,1,7,1,2,1,4,1,2,1,3,2,3,6,1,2,21,3,1,2,3,1,2,1,2
4,134,1177.0,73,terminated,1,0,0,0,1177.0,1,1,1,0,1,1,1,3,1,0,1,2,1,0,1,1,0,1,2,1,0,21,1,1,0,1,1,0,1,0
4,135,1549.0,101,terminated,2,0,0,1,1549.0,1,2,1,1,1,3,1,7,2,1,1,4,2,1,1,2,1,3,6,2,1,19,3,2,1,3,2,1,2,1
4,136,-145.0,25,terminated,0,37,1,1,-145.0,0,1,0,1,0,1,0,2,0,1,0,1,0,1,0,1,1,1,2,0,1,25,1,0,1,1,0,1,0,1
4,137,129.0,111,terminated,0,1,1,1,129.0,0,0,0,0,1,1,1,3,0,1,1,2,0,1,1,2,1,1,2,0,1,23,1,0,1,1,0,1,0,1
4,138,1577.0,73,terminated,1,0,0,2,1577.0,1,1,1,0,1,3,1,7,1,2,1,4,1,2,1,3,2,3,6,1,2,21,3,1,2,3,1,2,1,2
4,139,1371.0,79,terminated,1,0,0,1,1371.0,1,0,0,0,1,2,1,5,1,1,1,3,1,1,1,2,1,2,4,1,1,21,2,1,1,2,1,1,1,1
4,140,1351.0,99,terminated,2,0,0,0,1351.0,1,1,1,0,1,2,1,5,2,0,1,3,2,0,1,1,0,2,4,2,0,21,2,2,0,2,2,0,2,0
4,141,129.0,111,terminated,1,1,1,0,129.0,0,0,0,0,1,1,1,3,1,0,1,2,1,0,1,1,0,1,2,1,0,21,1,1,0,1,1,0,1,0
4,142,1513.0,137,terminated,2,0,0,1,1513.0,1,0,0,0,1,3,1,7,2,1,1,4,2,1,1,2,1,3,6,2,1,21,3,2,1,3,2,1,2,1
4,143,1338.0,112,terminated,1,0,0,1,1338.0,1,2,1,1,1,2,1,5,1,1,1,3,1,1,1,2,1,2,4,1,1,21,2,1,1,2,1,1,1,1
4,144,1144.0,106,terminated,1,0,0,0,1144.0,1,0,0,0,1,1,1,3,1,0,1,2,1,0,1,1,0,1,2,1,0,21,1,1,0,1,1,0,1,0
4,145,1343.0,107,terminated,0,0,0,2,1343.0,1,1,0,1,1,2,1,5,0,2,1,3,0,2,1,3,2,2,4,0,2,22,2,0,2,2,0,2,0,2
4,146,145.0,95,terminated,0,1,1,1,145.0,0,0,0,0,1,1,1,3,0,1,1,2,0,1,1,2,1,1,2,0,1,21,1,0,1,1,0,1,0,1
4,147,1315.0,135,terminated,1,0,0,1,1315.0,1,1,0,1,1,2,1,5,1,1,1,3,1,1,1,2,1,2,4,1,1,19,2,1,1,2,1,1,1,1
4,148,1540.0,110,terminated,1,0,0,2,1540.0,1,0,0,0,1,3,1,7,1,2,1,4,1,2,1,3,2,3,6,1,2,19,3,1,2,3,1,2,1,2
4,149,1134.0,116,terminated,1,0,0,0,1134.0,1,0,0,0,1,1,1,3,1,0,1,2,1,0,1,1,0,1,2,1,0,19,1,1,0,1,1,0,1,0
4,150,618.0,82,terminated,2,15,1,2,618.0,0,3,1,2,1,3,1,8,2,2,1,5,2,2,1,3,2,3,7,2,2,14,4,2,2,4,2,2,2,2
4,151,1719.0,131,terminated,2,0,0,2,1719.0,1,1,0,1,1,4,1,9,2,2,1,5,2,2,1,3,2,4,8,2,2,21,4,2,2,4,2,2,2,2
4,152,1313.0,137,terminated,1,0,0,1,1313.0,1,1,1,0,1,2,1,5,1,1,1,3,1,1,1,2,1,2,4,1,1,23,2,1,1,2,1,1,1,1
4,153,1150.0,100,terminated,0,0,0,1,1150.0,1,1,0,1,1,1,1,3,0,1,1,2,0,1,1,2,1,1,2,0,1,21,1,0,1,1,0,1,0,1
4,154,-159.0,29,terminated,0,38,1,1,-159.0,0,1,0,1,0,1,0,2,0,1,0,1,0,1,0,1,1,1,2,0,1,29,1,0,1,1,0,1,0,1
4,155,1732.0,118,terminated,2,0,0,2,1732.0,1,3,1,2,1,4,1,9,2,2,1,5,2,2,1,3,2,4,8,2,2,21,4,2,2,4,2,2,2,2
4,156,324.0,96,terminated,1,3,1,1,324.0,0,2,1,1,1,2,1,5,1,1,1,3,1,1,1,2,1,2,4,1,1,18,2,1,1,2,1,1,1,1
4,157,-147.0,67,terminated,1,33,1,0,-147.0,0,1,1,0,1,1,1,3,1,0,1,2,1,0,1,1,0,1,2,1,0,67,1,1,0,1,1,0,1,0
4,158,471.0,89,terminated,2,9,1,1,471.0,0,2,1,1,1,3,1,7,2,1,1,4,2,1,1,2,1,3,6,2,1,25,3,2,1,3,2,1,2,1
4,159,1364.0,86,terminated,1,0,0,1,1364.0,1,0,0,0,1,2,1,5,1,1,1,3,1,1,1,2,1,2,4,1,1,22,2,1,1,2,1,1,1,1
4,160,-140.0,20,terminated,1,37,1,0,-140.0,0,1,1,0,1,1,1,3,1,0,1,2,1,0,1,1,0,1,2,1,0,19,1,1,0,1,1,0,1,0
4,161,1354.0,96,terminated,0,0,0,2,1354.0,1,1,0,1,1,2,1,5,0,2,1,3,0,2,1,3,2,2,4,0,2,23,2,0,2,2,0,2,0,2
4,162,1355.0,95,terminated,0,0,0,2,1355.0,1,2,0,2,1,2,1,5,0,2,1,3,0,2,1,3,2,2,4,0,2,21,2,0,2,2,0,2,0,2
4,163,322.0,108,terminated,1,2,1,1,322.0,0,2,1,1,1,2,1,5,1,1,1,3,1,1,1,2,1,2,4,1,1,23,2,1,1,2,1,1,1,1
4,164,227.0,43,terminated,1,18,1,1,227.0,0,1,1,0,1,2,1,5,1,1,1,3,1,1,1,2,1,2,4,1,1,19,2,1,1,2,1,1,1,1
4,165,1374.0,76,terminated,1,0,0,1,1374.0,1,2,1,1,1,2,1,5,1,1,1,3,1,1,1,2,1,2,4,1,1,22,2,1,1,2,1,1,1,1
4,166,1562.0,88,terminated,1,0,0,2,1562.0,1,1,0,1,0,3,0,6,1,2,0,3,1,2,0,2,2,3,6,1,2,23,3,1,2,3,1,2,1,2
4,167,1753.0,97,terminated,2,0,0,2,1753.0,1,2,1,1,1,4,1,9,2,2,1,5,2,2,1,3,2,4,8,2,2,21,4,2,2,4,2,2,2,2
4,168,327.0,93,terminated,0,3,1,2,327.0,0,2,0,2,1,2,1,5,0,2,1,3,0,2,1,3,2,2,4,0,2,21,2,0,2,2,0,2,0,2
4,169,417.0,113,terminated,2,12,1,1,417.0,0,1,1,0,1,3,1,7,2,1,1,4,2,1,1,2,1,3,6,2,1,26,3,2,1,3,2,1,2,1
4,170,1712.0,138,terminated,2,0,0,2,1712.0,1,2,1,1,1,4,1,9,2,2,1,5,2,2,1,3,2,4,8,2,2,19,4,2,2,4,2,2,2,2
4,171,1565.0,85,terminated,1,0,0,2,1565.0,1,1,0,1,1,3,1,7,1,2,1,4,1,2,1,3,2,3,6,1,2,23,3,1,2,3,1,2,1,2
4,172,77.0,103,terminated,1,7,1,0,77.0,0,0,0,0,1,1,1,3,1,0,1,2,1,0,1,1,0,1,2,1,0,19,1,1,0,1,1,0,1,0
4,173,571.0,179,terminated,2,10,1,2,571.0,0,1,1,0,1,4,1,9,2,2,1,5,2,2,1,3,2,4,8,2,2,19,4,2,2,4,2,2,2,2
4,174,1544.0,106,terminated,1,0,0,2,1544.0,1,2,1,1,1,3,1,7,1,2,1,4,1,2,1,3,2,3,6,1,2,23,3,1,2,3,1,2,1,2
4,175,1112.0,138,terminated,1,0,0,0,1112.0,1,0,0,0,1,1,1,3,1,0,1,2,1,0,1,1,0,1,2,1,0,19,1,1,0,1,1,0,1,0
4,176,1348.0,102,terminated,2,0,0,0,1348.0,1,2,2,0,1,2,1,5,2,0,1,3,2,0,1,1,0,2,4,2,0,19,2,2,0,2,2,0,2,0
4,177,1365.0,85,terminated,1,0,0,1,1365.0,1,1,0,1,1,2,1,5,1,1,1,3,1,1,1,2,1,2,4,1,1,23,2,1,1,2,1,1,1,1
4,178,1123.0,127,terminated,1,0,0,0,1123.0,1,1,1,0,1,1,1,3,1,0,1,2,1,0,1,1,0,1,2,1,0,30,1,1,0,1,1,0,1,0
4,179,1317.0,133,terminated,1,0,0,1,1317.0,1,0,0,0,1,2,1,5,1,1,1,3,1,1,1,2,1,2,4,1,1,21,2,1,1,2,1,1,1,1
4,180,67.0,83,terminated,0,10,1,1,67.0,0,1,0,1,1,1,1,3,0,1,1,2,0,1,1,2,1,1,2,0,1,24,1,0,1,1,0,1,0,1
4,181,1531.0,119,terminated,2,0,0,1,1531.0,1,1,1,0,1,2,1,6,2,1,1,4,2,1,1,2,1,2,5,2,1,19,3,2,1,3,2,1,2,1
4,182,1158.0,92,terminated,0,0,0,1,1158.0,1,0,0,0,1,1,1,3,0,1,1,2,0,1,1,2,1,1,2,0,1,23,1,0,1,1,0,1,0,1
4,183,205.0,185,terminated,1,6,1,1,205.0,0,0,0,0,1,2,1,5,1,1,1,3,1,1,1,2,1,2,4,1,1,21,2,1,1,2,1,1,1,1
4,184,1156.0,94,terminated,0,0,0,1,1156.0,1,0,0,0,1,1,1,3,0,1,1,2,0,1,1,2,1,1,2,0,1,21,1,0,1,1,0,1,0,1
4,185,912.0,138,terminated,0,0,0,0,912.0,1,0,0,0,1,0,1,1,0,0,1,1,0,0,1,1,0,0,0,0,0,79,0,0,0,0,0,0,0,0
4,186,463.0,67,terminated,1,12,1,2,463.0,0,1,0,1,1,3,1,7,1,2,1,4,1,2,1,3,2,3,6,1,2,19,3,1,2,3,1,2,1,2
4,187,964.0,86,terminated,0,0,0,0,964.0,1,0,0,0,1,0,1,1,0,0,1,1,0,0,1,1,0,0,0,0,0,33,0,0,0,0,0,0,0,0
4,188,332.0,88,terminated,1,3,1,1,332.0,0,1,0,1,1,2,1,5,1,1,1,3,1,1,1,2,1,2,4,1,1,21,2,1,1,2,1,1,1,1
4,189,743.0,87,terminated,2,2,1,2,743.0,0,2,1,1,1,4,1,9,2,2,1,5,2,2,1,3,2,4,8,2,2,21,4,2,2,4,2,2,2,2
4,190,1363.0,87,terminated,2,0,0,0,1363.0,1,1,1,0,1,2,1,5,2,0,1,3,2,0,1,1,0,2,4,2,0,19,2,2,0,2,2,0,2,0
4,191,1347.0,103,terminated,0,0,0,2,1347.0,1,1,0,1,1,2,1,5,0,2,1,3,0,2,1,3,2,2,4,0,2,23,2,0,2,2,0,2,0,2
4,192,1353.0,97,terminated,1,0,0,1,1353.0,1,1,0,1,1,2,1,5,1,1,1,3,1,1,1,2,1,2,4,1,1,21,2,1,1,2,1,1,1,1
4,193,1563.0,87,terminated,2,0,0,1,1563.0,1,1,1,0,1,3,1,7,2,1,1,4,2,1,1,2,1,3,6,2,1,21,3,2,1,3,2,1,2,1
4,194,-79.0,119,terminated,0,1,1,0,-79.0,0,0,0,0,1,0,1,1,0,0,1,1,0,0,1,1,0,0,0,0,0,74,0,0,0,0,0,0,0,0
4,195,1354.0,96,terminated,1,0,0,1,1354.0,1,1,0,1,1,2,1,5,1,1,1,3,1,1,1,2,1,2,4,1,1,21,2,1,1,2,1,1,1,1
4,196,1377.0,73,terminated,0,0,0,2,1377.0,1,2,0,2,1,2,1,5,0,2,1,3,0,2,1,3,2,2,4,0,2,23,2,0,2,2,0,2,0,2
4,197,1545.0,105,terminated,2,0,0,1,1545.0,1,1,1,0,1,3,1,7,2,1,1,4,2,1,1,2,1,3,6,2,1,23,3,2,1,3,2,1,2,1
4,198,1177.0,73,terminated,0,0,0,1,1177.0,1,0,0,0,1,1,1,3,0,1,1,2,0,1,1,2,1,1,2,0,1,21,1,0,1,1,0,1,0,1
4,199,1723.0,127,terminated,2,0,0,2,1723.0,1,1,0,1,1,4,1,9,2,2,1,5,2,2,1,3,2,4,8,2,2,24,4,2,2,4,2,2,2,2
4,200,217.0,63,terminated,1,17,1,1,217.0,0,1,1,0,1,2,1,5,1,1,1,3,1,1,1,2,1,2,4,1,1,19,2,1,1,2,1,1,1,1
4,201,438.0,122,terminated,1,9,1,2,438.0,0,1,0,1,1,3,1,7,1,2,1,4,1,2,1,3,2,3,6,1,2,21,3,1,2,3,1,2,1,2
4,202,1561.0,89,terminated,1,0,0,2,1561.0,1,3,1,2,1,3,1,7,1,2,1,4,1,2,1,3,2,3,6,1,2,19,3,1,2,3,1,2,1,2
4,203,-14.0,44,terminated,0,22,1,1,-14.0,0,1,0,1,1,1,1,3,0,1,1,2,0,1,1,2,1,1,2,0,1,19,1,0,1,1,0,1,0,1
4,204,1346.0,104,terminated,1,0,0,1,1346.0,1,0,0,0,1,2,1,5,1,1,1,3,1,1,1,2,1,2,4,1,1,24,2,1,1,2,1,1,1,1
4,205,205.0,45,terminated,1,20,1,1,205.0,0,1,1,0,1,2,1,5,1,1,1,3,1,1,1,2,1,2,4,1,1,21,2,1,1,2,1,1,1,1
4,206,1154.0,96,terminated,0,0,0,1,1154.0,1,1,0,1,1,1,1,3,0,1,1,2,0,1,1,2,1,1,2,0,1,22,1,0,1,1,0,1,0,1
4,207,1375.0,75,terminated,2,0,0,0,1375.0,1,1,1,0,1,2,1,5,2,0,1,3,2,0,1,1,0,2,4,2,0,23,2,2,0,2,2,0,2,0
4,208,1373.0,77,terminated,1,0,0,1,1373.0,1,1,0,1,1,2,1,5,1,1,1,3,1,1,1,2,1,2,4,1,1,21,2,1,1,2,1,1,1,1
4,209,209.0,41,terminated,1,20,1,1,209.0,0,1,1,0,1,2,1,5,1,1,1,3,1,1,1,2,1,2,4,1,1,23,2,1,1,2,1,1,1,1
4,210,1134.0,116,terminated,1,0,0,0,1134.0,1,0,0,0,1,1,1,3,1,0,1,2,1,0,1,1,0,1,2,1,0,19,1,1,0,1,1,0,1,0
4,211,39.0,131,terminated,1,8,1,0,39.0,0,1,1,0,1,1,1,3,1,0,1,2,1,0,1,1,0,1,2,1,0,21,1,1,0,1,1,0,1,0
4,212,976.0,74,terminated,0,0,0,0,976.0,1,0,0,0,1,0,1,1,0,0,1,1,0,0,1,1,0,0,0,0,0,28,0,0,0,0,0,0,0,0
4,213,1344.0,106,terminated,1,0,0,1,1344.0,1,0,0,0,1,2,1,5,1,1,1,3,1,1,1,2,1,2,4,1,1,21,2,1,1,2,1,1,1,1
4,214,1345.0,105,terminated,0,0,0,2,1345.0,1,0,0,0,1,2,1,5,0,2,1,3,0,2,1,3,2,2,4,0,2,21,2,0,2,2,0,2,0,2
4,215,1361.0,89,terminated,1,0,0,1,1361.0,1,0,0,0,1,2,1,5,1,1,1,3,1,1,1,2,1,2,4,1,1,19,2,1,1,2,1,1,1,1
4,216,1555.0,95,terminated,2,0,0,1,1555.0,1,3,2,1,1,3,1,7,2,1,1,4,2,1,1,2,1,3,6,2,1,21,3,2,1,3,2,1,2,1
4,217,1379.0,71,terminated,1,0,0,1,1379.0,1,1,0,1,1,2,1,5,1,1,1,3,1,1,1,2,1,2,4,1,1,19,2,1,1,2,1,1,1,1
4,218,1162.0,88,terminated,0,0,0,1,1162.0,1,1,0,1,1,1,1,3,0,1,1,2,0,1,1,2,1,1,2,0,1,25,1,0,1,1,0,1,0,1
4,219,46.0,44,terminated,1,16,1,0,46.0,0,1,1,0,1,1,1,3,1,0,1,2,1,0,1,1,0,1,2,1,0,22,1,1,0,1,1,0,1,0
4,220,1521.0,129,terminated,2,0,0,1,1521.0,1,3,2,1,1,3,1,7,2,1,1,4,2,1,1,2,1,3,6,2,1,19,3,2,1,3,2,1,2,1
4,221,235.0,115,terminated,1,10,1,1,235.0,0,2,1,1,1,2,1,5,1,1,1,3,1,1,1,2,1,2,4,1,1,21,2,1,1,2,1,1,1,1
4,222,1358.0,92,terminated,1,0,0,1,1358.0,1,2,1,1,1,2,1,5,1,1,1,3,1,1,1,2,1,2,4,1,1,39,2,1,1,2,1,1,1,1
4,223,1562.0,88,terminated,1,0,0,2,1562.0,1,0,0,0,1,3,1,7,1,2,1,4,1,2,1,3,2,3,6,1,2,21,3,1,2,3,1,2,1,2
4,224,1326.0,124,terminated,1,0,0,1,1326.0,1,1,1,0,1,2,1,5,1,1,1,3,1,1,1,2,1,2,4,1,1,21,2,1,1,2,1,1,1,1
4,225,1177.0,73,terminated,1,0,0,0,1177.0,1,1,1,0,1,0,1,2,1,0,1,2,1,0,1,1,0,0,1,1,0,23,1,1,0,1,1,0,1,0
4,226,284.0,86,terminated,1,8,1,1,284.0,0,0,0,0,1,2,1,5,1,1,1,3,1,1,1,2,1,2,4,1,1,21,2,1,1,2,1,1,1,1
4,227,1560.0,90,terminated,2,0,0,1,1560.0,1,2,1,1,1,3,1,7,2,1,1,4,2,1,1,2,1,3,6,2,1,21,3,2,1,3,2,1,2,1
4,228,1367.0,83,terminated,0,0,0,2,1367.0,1,2,0,2,1,2,1,5,0,2,1,3,0,2,1,3,2,2,4,0,2,21,2,0,2,2,0,2,0,2
4,229,1524.0,126,terminated,1,0,0,2,1524.0,1,2,1,1,1,3,1,7,1,2,1,4,1,2,1,3,2,3,6,1,2,17,3,1,2,3,1,2,1,2
4,230,485.0,85,terminated,1,8,1,2,485.0,0,1,0,1,1,3,1,7,1,2,1,4,1,2,1,3,2,3,6,1,2,21,3,1,2,3,1,2,1,2
4,231,1161.0,89,terminated,0,0,0,1,1161.0,1,1,0,1,1,1,1,3,0,1,1,2,0,1,1,2,1,1,2,0,1,19,1,0,1,1,0,1,0,1
4,232,1543.0,107,terminated,1,0,0,2,1543.0,1,2,1,1,1,3,1,7,1,2,1,4,1,2,1,3,2,3,6,1,2,21,3,1,2,3,1,2,1,2
4,233,1176.0,74,terminated,1,0,0,0,1176.0,1,1,1,0,1,1,1,3,1,0,1,2,1,0,1,1,0,1,2,1,0,22,1,1,0,1,1,0,1,0
4,234,1143.0,107,terminated,0,0,0,1,1143.0,1,0,0,0,1,1,1,3,0,1,1,2,0,1,1,2,1,1,2,0,1,23,1,0,1,1,0,1,0,1
4,235,523.0,117,terminated,2,1,1,1,523.0,0,2,1,1,1,3,1,7,2,1,1,4,2,1,1,2,1,3,6,2,1,23,3,2,1,3,2,1,2,1
4,236,1433.0,217,terminated,2,0,0,1,1433.0,1,3,2,1,0,3,0,6,2,1,0,3,2,1,0,1,1,3,6,2,1,15,3,2,1,3,2,1,2,1
4,237,1732.0,118,terminated,2,0,0,2,1732.0,1,2,1,1,0,4,0,8,2,2,0,4,2,2,0,2,2,4,8,2,2,15,4,2,2,4,2,2,2,2
4,238,286.0,104,terminated,0,6,1,2,286.0,0,2,0,2,1,2,1,5,0,2,1,3,0,2,1,3,2,2,4,0,2,29,2,0,2,2,0,2,0,2
4,239,1533.0,117,terminated,2,0,0,1,1533.0,1,1,1,0,1,3,1,7,2,1,1,4,2,1,1,2,1,3,6,2,1,19,3,2,1,3,2,1,2,1
4,240,1777.0,73,terminated,2,0,0,2,1777.0,1,3,1,2,1,4,1,9,2,2,1,5,2,2,1,3,2,4,8,2,2,19,4,2,2,4,2,2,2,2
4,241,1533.0,117,terminated,2,0,0,1,1533.0,1,2,2,0,1,3,1,7,2,1,1,4,2,1,1,2,1,3,6,2,1,21,3,2,1,3,2,1,2,1
4,242,1173.0,77,terminated,0,0,0,1,1173.0,1,1,0,1,1,1,1,3,0,1,1,2,0,1,1,2,1,1,2,0,1,27,1,0,1,1,0,1,0,1
4,243,-188.0,28,terminated,0,41,1,1,-188.0,0,1,0,1,0,1,0,2,0,1,0,1,0,1,0,1,1,1,2,0,1,28,1,0,1,1,0,1,0,1
4,244,1549.0,101,terminated,2,0,0,1,1549.0,1,2,2,0,1,3,1,7,2,1,1,4,2,1,1,2,1,3,6,2,1,23,3,2,1,3,2,1,2,1
4,245,1156.0,94,terminated,0,0,0,1,1156.0,1,0,0,0,1,1,1,3,0,1,1,2,0,1,1,2,1,1,2,0,1,23,1,0,1,1,0,1,0,1
4,246,1379.0,71,terminated,1,0,0,1,1379.0,1,0,0,0,1,2,1,5,1,1,1,3,1,1,1,2,1,2,4,1,1,21,2,1,1,2,1,1,1,1
4,247,1711.0,139,terminated,2,0,0,2,1711.0,1,4,2,2,1,4,1,9,2,2,1,5,2,2,1,3,2,4,8,2,2,22,4,2,2,4,2,2,2,2
4,248,1374.0,76,terminated,1,0,0,1,1374.0,1,0,0,0,1,2,1,5,1,1,1,3,1,1,1,2,1,2,4,1,1,23,2,1,1,2,1,1,1,1
4,249,1371.0,79,terminated,2,0,0,0,1371.0,1,0,0,0,1,2,1,5,2,0,1,3,2,0,1,1,0,2,4,2,0,23,2,2,0,2,2,0,2,0
4,250,1375.0,75,terminated,1,0,0,1,1375.0,1,1,0,1,1,2,1,5,1,1,1,3,1,1,1,2,1,2,4,1,1,21,2,1,1,2,1,1,1,1
4,251,262.0,108,terminated,1,8,1,1,262.0,0,1,0,1,1,2,1,5,1,1,1,3,1,1,1,2,1,2,4,1,1,21,2,1,1,2,1,1,1,1
4,252,1365.0,85,terminated,0,0,0,2,1365.0,1,1,0,1,1,2,1,5,0,2,1,3,0,2,1,3,2,2,4,0,2,23,2,0,2,2,0,2,0,2
4,253,1360.0,90,terminated,1,0,0,1,1360.0,1,0,0,0,1,2,1,5,1,1,1,3,1,1,1,2,1,2,4,1,1,21,2,1,1,2,1,1,1,1
4,254,1554.0,96,terminated,1,0,0,2,1554.0,1,1,0,1,1,3,1,7,1,2,1,4,1,2,1,3,2,3,6,1,2,19,3,1,2,3,1,2,1,2
4,255,1167.0,83,terminated,1,0,0,0,1167.0,1,1,1,0,1,1,1,3,1,0,1,2,1,0,1,1,0,1,2,1,0,21,1,1,0,1,1,0,1,0
4,256,458.0,92,terminated,1,10,1,2,458.0,0,1,0,1,1,3,1,7,1,2,1,4,1,2,1,3,2,3,6,1,2,19,3,1,2,3,1,2,1,2
4,257,1377.0,73,terminated,1,0,0,1,1377.0,1,1,1,0,1,2,1,5,1,1,1,3,1,1,1,2,1,2,4,1,1,21,2,1,1,2,1,1,1,1
4,258,1296.0,154,terminated,1,0,0,1,1296.0,1,0,0,0,1,2,1,5,1,1,1,3,1,1,1,2,1,2,4,1,1,21,2,1,1,2,1,1,1,1
4,259,1363.0,87,terminated,1,0,0,1,1363.0,1,1,1,0,1,2,1,5,1,1,1,3,1,1,1,2,1,2,4,1,1,21,2,1,1,2,1,1,1,1
4,260,137.0,83,terminated,1,3,1,0,137.0,0,1,1,0,1,1,1,3,1,0,1,2,1,0,1,1,0,1,2,1,0,40,1,1,0,1,1,0,1,0
4,261,1360.0,90,terminated,0,0,0,2,1360.0,1,2,0,2,1,2,1,5,0,2,1,3,0,2,1,3,2,2,4,0,2,19,2,0,2,2,0,2,0,2
4,262,1751.0,99,terminated,2,0,0,2,1751.0,1,2,1,1,1,4,1,9,2,2,1,5,2,2,1,3,2,4,8,2,2,21,4,2,2,4,2,2,2,2
4,263,452.0,108,terminated,2,9,1,1,452.0,0,3,2,1,1,3,1,7,2,1,1,4,2,1,1,2,1,3,6,2,1,17,3,2,1,3,2,1,2,1
4,264,1175.0,75,terminated,1,0,0,0,1175.0,1,1,1,0,1,1,1,3,1,0,1,2,1,0,1,1,0,1,2,1,0,23,1,1,0,1,1,0,1,0
4,265,1373.0,77,terminated,1,0,0,1,1373.0,1,2,1,1,1,2,1,5,1,1,1,3,1,1,1,2,1,2,4,1,1,23,2,1,1,2,1,1,1,1
4,266,-124.0,34,terminated,1,34,1,0,-124.0,0,1,1,0,1,1,1,3,1,0,1,2,1,0,1,1,0,1,2,1,0,21,1,1,0,1,1,0,1,0
4,267,1361.0,89,terminated,1,0,0,1,1361.0,1,0,0,0,1,2,1,5,1,1,1,3,1,1,1,2,1,2,4,1,1,25,2,1,1,2,1,1,1,1
4,268,361.0,79,terminated,1,1,1,1,361.0,0,1,0,1,1,2,1,5,1,1,1,3,1,1,1,2,1,2,4,1,1,19,2,1,1,2,1,1,1,1
4,269,185.0,155,terminated,0,11,1,2,185.0,0,0,0,0,1,2,1,5,0,2,1,3,0,2,1,3,2,2,4,0,2,19,2,0,2,2,0,2,0,2
4,270,1543.0,107,terminated,2,0,0,1,1543.0,1,1,0,1,1,3,1,7,2,1,1,4,2,1,1,2,1,3,6,2,1,23,3,2,1,3,2,1,2,1
4,271,1551.0,99,terminated,1,0,0,2,1551.0,1,1,0,1,1,3,1,7,1,2,1,4,1,2,1,3,2,3,6,1,2,23,3,1,2,3,1,2,1,2
4,272,1573.0,77,terminated,2,0,0,1,1573.0,1,0,0,0,1,3,1,7,2,1,1,4,2,1,1,2,1,3,6,2,1,19,3,2,1,3,2,1,2,1
4,273,-132.0,22,terminated,1,36,1,0,-132.0,0,1,1,0,1,1,1,3,1,0,1,2,1,0,1,1,0,1,2,1,0,21,1,1,0,1,1,0,1,0
4,274,1763.0,87,terminated,2,0,0,2,1763.0,1,2,1,1,1,4,1,9,2,2,1,5,2,2,1,3,2,4,8,2,2,23,4,2,2,4,2,2,2,2
4,275,1354.0,96,terminated,1,0,0,1,1354.0,1,1,0,1,1,2,1,5,1,1,1,3,1,1,1,2,1,2,4,1,1,23,2,1,1,2,1,1,1,1
4,276,61.0,99,terminated,0,9,1,1,61.0,0,1,0,1,1,1,1,3,0,1,1,2,0,1,1,2,1,1,2,0,1,29,1,0,1,1,0,1,0,1
4,277,1131.0,119,terminated,0,0,0,1,1131.0,1,0,0,0,1,1,1,3,0,1,1,2,0,1,1,2,1,1,2,0,1,19,1,0,1,1,0,1,0,1
4,278,1177.0,73,terminated,0,0,0,1,1177.0,1,0,0,0,1,1,1,3,0,1,1,2,0,1,1,2,1,1,2,0,1,25,1,0,1,1,0,1,0,1
4,279,1369.0,81,terminated,1,0,0,1,1369.0,1,1,0,1,1,2,1,5,1,1,1,3,1,1,1,2,1,2,4,1,1,19,2,1,1,2,1,1,1,1
4,280,268.0,82,terminated,1,10,1,1,268.0,0,1,0,1,1,2,1,5,1,1,1,3,1,1,1,2,1,2,4,1,1,23,2,1,1,2,1,1,1,1
4,281,274.0,86,terminated,0,9,1,2,274.0,0,1,0,1,1,2,1,5,0,2,1,3,0,2,1,3,2,2,4,0,2,21,2,0,2,2,0,2,0,2
4,282,1573.0,77,terminated,2,0,0,1,1573.0,1,1,1,0,1,3,1,7,2,1,1,4,2,1,1,2,1,3,6,2,1,21,3,2,1,3,2,1,2,1
4,283,1546.0,104,terminated,1,0,0,2,1546.0,1,0,0,0,1,3,1,7,1,2,1,4,1,2,1,3,2,3,6,1,2,21,3,1,2,3,1,2,1,2
4,284,1175.0,75,terminated,0,0,0,1,1175.0,1,0,0,0,1,1,1,3,0,1,1,2,0,1,1,2,1,1,2,0,1,21,1,0,1,1,0,1,0,1
4,285,1175.0,75,terminated,0,0,0,1,1175.0,1,0,0,0,1,1,1,3,0,1,1,2,0,1,1,2,1,1,2,0,1,19,1,0,1,1,0,1,0,1
4,286,249.0,111,terminated,1,9,1,1,249.0,0,0,0,0,1,2,1,5,1,1,1,3,1,1,1,2,1,2,4,1,1,21,2,1,1,2,1,1,1,1
4,287,1177.0,73,terminated,1,0,0,0,1177.0,1,1,1,0,1,1,1,3,1,0,1,2,1,0,1,1,0,1,2,1,0,29,1,1,0,1,1,0,1,0
4,288,1177.0,73,terminated,0,0,0,1,1177.0,1,0,0,0,1,1,1,3,0,1,1,2,0,1,1,2,1,1,2,0,1,21,1,0,1,1,0,1,0,1
4,289,25.0,45,terminated,1,18,1,0,25.0,0,1,1,0,1,1,1,3,1,0,1,2,1,0,1,1,0,1,2,1,0,21,1,1,0,1,1,0,1,0
4,290,82.0,68,terminated,0,10,1,1,82.0,0,0,0,0,1,1,1,3,0,1,1,2,0,1,1,2,1,1,2,0,1,21,1,0,1,1,0,1,0,1
4,291,1704.0,146,terminated,2,0,0,2,1704.0,1,2,1,1,1,4,1,9,2,2,1,5,2,2,1,3,2,4,8,2,2,17,4,2,2,4,2,2,2,2
4,292,1370.0,80,terminated,1,0,0,1,1370.0,1,0,0,0,1,2,1,5,1,1,1,3,1,1,1,2,1,2,4,1,1,19,2,1,1,2,1,1,1,1
4,293,232.0,98,terminated,1,12,1,1,232.0,0,1,0,1,1,2,1,5,1,1,1,3,1,1,1,2,1,2,4,1,1,19,2,1,1,2,1,1,1,1
4,294,224.0,76,terminated,1,15,1,1,224.0,0,0,0,0,1,2,1,5,1,1,1,3,1,1,1,2,1,2,4,1,1,21,2,1,1,2,1,1,1,1
4,295,1729.0,121,terminated,2,0,0,2,1729.0,1,3,1,2,0,4,0,8,2,2,0,4,2,2,0,2,2,4,8,2,2,14,4,2,2,4,2,2,2,2
4,296,-151.0,111,terminated,0,9,1,0,-151.0,0,0,0,0,1,0,1,1,0,0,1,1,0,0,1,1,0,0,0,0,0,40,0,0,0,0,0,0,0,0
4,297,1364.0,86,terminated,2,0,0,0,1364.0,1,0,0,0,1,2,1,5,2,0,1,3,2,0,1,1,0,2,4,2,0,21,2,2,0,2,2,0,2,0
4,298,916.0,134,terminated,0,0,0,0,916.0,1,0,0,0,1,0,1,1,0,0,1,1,0,0,1,1,0,0,0,0,0,77,0,0,0,0,0,0,0,0
4,299,1567.0,83,terminated,2,0,0,1,1567.0,1,3,2,1,1,3,1,7,2,1,1,4,2,1,1,2,1,3,6,2,1,20,3,2,1,3,2,1,2,1
4,300,1169.0,81,terminated,0,0,0,1,1169.0,1,1,0,1,1,1,1,3,0,1,1,2,0,1,1,2,1,1,2,0,1,23,1,0,1,1,0,1,0,1
4,301,-170.0,30,terminated,0,39,1,1,-170.0,0,1,0,1,1,1,1,3,0,1,1,2,0,1,1,2,1,1,2,0,1,30,1,0,1,1,0,1,0,1
4,302,474.0,76,terminated,1,10,1,2,474.0,0,3,1,2,1,3,1,7,1,2,1,4,1,2,1,3,2,3,6,1,2,22,3,1,2,3,1,2,1,2
4,303,1160.0,90,terminated,1,0,0,0,1160.0,1,1,1,0,1,1,1,3,1,0,1,2,1,0,1,1,0,1,2,1,0,21,1,1,0,1,1,0,1,0
4,304,1569.0,81,terminated,1,0,0,2,1569.0,1,1,0,1,1,3,1,7,1,2,1,4,1,2,1,3,2,3,6,1,2,23,3,1,2,3,1,2,1,2
4,305,-22.0,62,terminated,1,21,1,0,-22.0,0,0,0,0,1,1,1,3,1,0,1,2,1,0,1,1,0,1,2,1,0,29,1,1,0,1,1,0,1,0
4,306,1567.0,83,terminated,2,0,0,1,1567.0,1,1,1,0,1,2,1,6,2,1,1,4,2,1,1,2,1,2,5,2,1,21,3,2,1,3,2,1,2,1
4,307,70.0,90,terminated,0,9,1,1,70.0,0,1,0,1,1,1,1,3,0,1,1,2,0,1,1,2,1,1,2,0,1,21,1,0,1,1,0,1,0,1
4,308,454.0,106,terminated,2,9,1,1,454.0,0,2,1,1,1,3,1,7,2,1,1,4,2,1,1,2,1,3,6,2,1,21,3,2,1,3,2,1,2,1
4,309,1573.0,77,terminated,2,0,0,1,1573.0,1,3,2,1,1,3,1,7,2,1,1,4,2,1,1,2,1,3,6,2,1,23,3,2,1,3,2,1,2,1
4,310,1162.0,88,terminated,0,0,0,1,1162.0,1,1,0,1,1,1,1,3,0,1,1,2,0,1,1,2,1,1,2,0,1,29,1,0,1,1,0,1,0,1
4,311,1347.0,103,terminated,1,0,0,1,1347.0,1,2,1,1,1,2,1,5,1,1,1,3,1,1,1,2,1,2,4,1,1,23,2,1,1,2,1,1,1,1
4,312,1356.0,94,terminated,1,0,0,1,1356.0,1,2,1,1,1,2,1,5,1,1,1,3,1,1,1,2,1,2,4,1,1,23,2,1,1,2,1,1,1,1
4,313,549.0,91,terminated,2,1,1,1,549.0,0,3,2,1,1,3,1,7,2,1,1,4,2,1,1,2,1,3,6,2,1,24,3,2,1,3,2,1,2,1
4,314,1361.0,89,terminated,1,0,0,1,1361.0,1,0,0,0,1,2,1,5,1,1,1,3,1,1,1,2,1,2,4,1,1,21,2,1,1,2,1,1,1,1
4,315,1332.0,118,terminated,1,0,0,1,1332.0,1,1,0,1,1,2,1,5,1,1,1,3,1,1,1,2,1,2,4,1,1,22,2,1,1,2,1,1,1,1
4,316,1575.0,75,terminated,1,0,0,2,1575.0,1,1,1,0,1,2,1,6,1,2,1,4,1,2,1,3,2,2,5,1,2,23,3,1,2,3,1,2,1,2
4,317,1372.0,78,terminated,1,0,0,1,1372.0,1,0,0,0,1,2,1,5,1,1,1,3,1,1,1,2,1,2,4,1,1,19,2,1,1,2,1,1,1,1
4,318,1565.0,85,terminated,1,0,0,2,1565.0,1,1,1,0,1,3,1,7,1,2,1,4,1,2,1,3,2,3,6,1,2,19,3,1,2,3,1,2,1,2
4,319,1773.0,77,terminated,2,0,0,2,1773.0,1,4,2,2,1,4,1,9,2,2,1,5,2,2,1,3,2,4,8,2,2,22,4,2,2,4,2,2,2,2
4,320,1557.0,93,terminated,1,0,0,2,1557.0,1,1,0,1,0,3,0,6,1,2,0,3,1,2,0,2,2,3,6,1,2,21,3,1,2,3,1,2,1,2
4,321,1538.0,112,terminated,1,0,0,2,1538.0,1,3,1,2,1,3,1,7,1,2,1,4,1,2,1,3,2,3,6,1,2,15,3,1,2,3,1,2,1,2
4,322,1107.0,143,terminated,0,0,0,1,1107.0,1,0,0,0,1,1,1,3,0,1,1,2,0,1,1,2,1,1,2,0,1,22,1,0,1,1,0,1,0,1
4,323,450.0,110,terminated,1,9,1,2,450.0,0,1,0,1,1,2,1,6,1,2,1,4,1,2,1,3,2,2,5,1,2,21,3,1,2,3,1,2,1,2
4,324,1577.0,73,terminated,2,0,0,1,1577.0,1,0,0,0,1,3,1,7,2,1,1,4,2,1,1,2,1,3,6,2,1,21,3,2,1,3,2,1,2,1
4,325,1361.0,89,terminated,2,0,0,0,1361.0,1,1,1,0,1,2,1,5,2,0,1,3,2,0,1,1,0,2,4,2,0,21,2,2,0,2,2,0,2,0
4,326,89.0,71,terminated,0,9,1,1,89.0,0,1,0,1,1,1,1,3,0,1,1,2,0,1,1,2,1,1,2,0,1,21,1,0,1,1,0,1,0,1
4,327,1237.0,213,terminated,1,0,0,1,1237.0,1,1,0,1,0,2,0,4,1,1,0,2,1,1,0,1,1,2,4,1,1,28,2,1,1,2,1,1,1,1
4,328,57.0,43,terminated,0,15,1,1,57.0,0,1,0,1,1,1,1,3,0,1,1,2,0,1,1,2,1,1,2,0,1,21,1,0,1,1,0,1,0,1
4,329,1326.0,124,terminated,1,0,0,1,1326.0,1,1,0,1,1,2,1,5,1,1,1,3,1,1,1,2,1,2,4,1,1,24,2,1,1,2,1,1,1,1
4,330,1553.0,97,terminated,2,0,0,1,1553.0,1,1,1,0,1,3,1,7,2,1,1,4,2,1,1,2,1,3,6,2,1,21,3,2,1,3,2,1,2,1
4,331,1752.0,98,terminated,2,0,0,2,1752.0,1,2,2,0,1,3,1,8,2,2,1,5,2,2,1,3,2,3,7,2,2,27,4,2,2,4,2,2,2,2
4,332,33.0,37,terminated,1,38,1,1,33.0,0,2,1,1,1,2,1,5,1,1,1,3,1,1,1,2,1,2,4,1,1,22,2,1,1,2,1,1,1,1
4,333,534.0,106,terminated,2,1,1,1,534.0,0,2,1,1,1,3,1,7,2,1,1,4,2,1,1,2,1,3,6,2,1,21,3,2,1,3,2,1,2,1
4,334,1725.0,125,terminated,2,0,0,2,1725.0,1,4,2,2,1,4,1,9,2,2,1,5,2,2,1,3,2,4,8,2,2,20,4,2,2,4,2,2,2,2
4,335,1166.0,84,terminated,1,0,0,0,1166.0,1,1,1,0,1,1,1,3,1,0,1,2,1,0,1,1,0,1,2,1,0,19,1,1,0,1,1,0,1,0
4,336,361.0,49,terminated,2,24,1,1,361.0,0,2,1,1,0,3,0,6,2,1,0,3,2,1,0,1,1,3,6,2,1,19,3,2,1,3,2,1,2,1
4,337,1356.0,94,terminated,1,0,0,1,1356.0,1,2,1,1,1,2,1,5,1,1,1,3,1,1,1,2,1,2,4,1,1,22,2,1,1,2,1,1,1,1
4,338,1302.0,148,terminated,1,0,0,1,1302.0,1,2,1,1,1,2,1,5,1,1,1,3,1,1,1,2,1,2,4,1,1,22,2,1,1,2,1,1,1,1
4,339,1340.0,110,terminated,0,0,0,2,1340.0,1,2,0,2,0,2,0,4,0,2,0,2,0,2,0,2,2,2,4,0,2,27,2,0,2,2,0,2,0,2
4,340,82.0,98,terminated,0,7,1,1,82.0,0,1,0,1,1,1,1,3,0,1,1,2,0,1,1,2,1,1,2,0,1,37,1,0,1,1,0,1,0,1
4,341,1164.0,86,terminated,0,0,0,1,1164.0,1,1,0,1,1,1,1,3,0,1,1,2,0,1,1,2,1,1,2,0,1,39,1,0,1,1,0,1,0,1
4,342,1169.0,81,terminated,0,0,0,1,1169.0,1,0,0,0,1,1,1,3,0,1,1,2,0,1,1,2,1,1,2,0,1,21,1,0,1,1,0,1,0,1
4,343,1517.0,133,terminated,1,0,0,2,1517.0,1,0,0,0,1,3,1,7,1,2,1,4,1,2,1,3,2,3,6,1,2,19,3,1,2,3,1,2,1,2
4,344,1366.0,84,terminated,1,0,0,1,1366.0,1,1,1,0,1,1,1,4,1,1,1,3,1,1,1,2,1,1,3,1,1,25,2,1,1,2,1,1,1,1
4,345,440.0,120,terminated,1,9,1,2,440.0,0,2,1,1,1,3,1,7,1,2,1,4,1,2,1,3,2,3,6,1,2,18,3,1,2,3,1,2,1,2
4,346,354.0,46,terminated,2,25,1,1,354.0,0,1,1,0,1,3,1,7,2,1,1,4,2,1,1,2,1,3,6,2,1,21,3,2,1,3,2,1,2,1
4,347,1363.0,87,terminated,0,0,0,2,1363.0,1,2,0,2,1,2,1,5,0,2,1,3,0,2,1,3,2,2,4,0,2,19,2,0,2,2,0,2,0,2
4,348,1367.0,83,terminated,1,0,0,1,1367.0,1,0,0,0,1,2,1,5,1,1,1,3,1,1,1,2,1,2,4,1,1,21,2,1,1,2,1,1,1,1
4,349,1301.0,149,terminated,1,0,0,1,1301.0,1,1,0,1,1,2,1,5,1,1,1,3,1,1,1,2,1,2,4,1,1,25,2,1,1,2,1,1,1,1
4,350,1177.0,73,terminated,1,0,0,0,1177.0,1,1,1,0,1,1,1,3,1,0,1,2,1,0,1,1,0,1,2,1,0,19,1,1,0,1,1,0,1,0
4,351,1175.0,75,terminated,1,0,0,0,1175.0,1,0,0,0,1,1,1,3,1,0,1,2,1,0,1,1,0,1,2,1,0,21,1,1,0,1,1,0,1,0
4,352,1359.0,91,terminated,1,0,0,1,1359.0,1,0,0,0,1,2,1,5,1,1,1,3,1,1,1,2,1,2,4,1,1,21,2,1,1,2,1,1,1,1
4,353,52.0,48,terminated,1,15,1,0,52.0,0,0,0,0,1,1,1,3,1,0,1,2,1,0,1,1,0,1,2,1,0,23,1,1,0,1,1,0,1,0
4,354,47.0,43,terminated,1,16,1,0,47.0,0,1,1,0,1,1,1,3,1,0,1,2,1,0,1,1,0,1,2,1,0,21,1,1,0,1,1,0,1,0
4,355,1341.0,109,terminated,0,0,0,2,1341.0,1,0,0,0,1,2,1,5,0,2,1,3,0,2,1,3,2,2,4,0,2,21,2,0,2,2,0,2,0,2
4,356,476.0,74,terminated,1,10,1,2,476.0,0,2,1,1,1,3,1,7,1,2,1,4,1,2,1,3,2,3,6,1,2,19,3,1,2,3,1,2,1,2
4,357,1175.0,75,terminated,0,0,0,1,1175.0,1,1,0,1,1,1,1,3,0,1,1,2,0,1,1,2,1,1,2,0,1,19,1,0,1,1,0,1,0,1
4,358,1375.0,75,terminated,1,0,0,1,1375.0,1,0,0,0,1,2,1,5,1,1,1,3,1,1,1,2,1,2,4,1,1,21,2,1,1,2,1,1,1,1
4,359,1373.0,77,terminated,2,0,0,0,1373.0,1,1,1,0,1,2,1,5,2,0,1,3,2,0,1,1,0,2,4,2,0,23,2,2,0,2,2,0,2,0
4,360,43.0,37,terminated,1,37,1,1,43.0,0,2,1,1,1,2,1,5,1,1,1,3,1,1,1,2,1,2,4,1,1,19,2,1,1,2,1,1,1,1
4,361,355.0,75,terminated,0,2,1,2,355.0,0,1,0,1,1,2,1,5,0,2,1,3,0,2,1,3,2,2,4,0,2,21,2,0,2,2,0,2,0,2
4,362,1302.0,148,terminated,1,0,0,1,1302.0,1,0,0,0,1,2,1,5,1,1,1,3,1,1,1,2,1,2,4,1,1,21,2,1,1,2,1,1,1,1
4,363,1372.0,78,terminated,1,0,0,1,1372.0,1,2,1,1,1,2,1,5,1,1,1,3,1,1,1,2,1,2,4,1,1,25,2,1,1,2,1,1,1,1
4,364,326.0,84,terminated,1,4,1,1,326.0,0,0,0,0,1,2,1,5,1,1,1,3,1,1,1,2,1,2,4,1,1,21,2,1,1,2,1,1,1,1
4,365,975.0,75,terminated,0,0,0,0,975.0,1,0,0,0,1,0,1,1,0,0,1,1,0,0,1,1,0,0,0,0,0,29,0,0,0,0,0,0,0,0
4,366,240.0,70,terminated,1,14,1,1,240.0,0,1,0,1,1,2,1,5,1,1,1,3,1,1,1,2,1,2,4,1,1,19,2,1,1,2,1,1,1,1
4,367,465.0,95,terminated,1,9,1,2,465.0,0,3,1,2,1,2,1,6,1,2,1,4,1,2,1,3,2,2,5,1,2,20,3,1,2,3,1,2,1,2
4,368,1176.0,74,terminated,0,0,0,1,1176.0,1,0,0,0,1,1,1,3,0,1,1,2,0,1,1,2,1,1,2,0,1,21,1,0,1,1,0,1,0,1
4,369,1577.0,73,terminated,1,0,0,2,1577.0,1,1,1,0,1,3,1,7,1,2,1,4,1,2,1,3,2,3,6,1,2,21,3,1,2,3,1,2,1,2
4,370,956.0,94,terminated,0,0,0,0,956.0,1,0,0,0,1,0,1,1,0,0,1,1,0,0,1,1,0,0,0,0,0,45,0,0,0,0,0,0,0,0
4,371,954.0,96,terminated,0,0,0,0,954.0,1,0,0,0,1,0,1,1,0,0,1,1,0,0,1,1,0,0,0,0,0,44,0,0,0,0,0,0,0,0
4,372,1372.0,78,terminated,1,0,0,1,1372.0,1,2,1,1,1,2,1,5,1,1,1,3,1,1,1,2,1,2,4,1,1,20,2,1,1,2,1,1,1,1
4,373,1537.0,113,terminated,1,0,0,2,1537.0,1,2,0,2,1,3,1,7,1,2,1,4,1,2,1,3,2,3,6,1,2,21,3,1,2,3,1,2,1,2
4,374,482.0,78,terminated,1,9,1,2,482.0,0,1,0,1,1,3,1,7,1,2,1,4,1,2,1,3,2,3,6,1,2,21,3,1,2,3,1,2,1,2
4,375,1554.0,96,terminated,1,0,0,2,1554.0,1,3,1,2,0,3,0,6,1,2,0,3,1,2,0,2,2,3,6,1,2,21,3,1,2,3,1,2,1,2
4,376,220.0,50,terminated,1,18,1,1,220.0,0,1,0,1,1,2,1,5,1,1,1,3,1,1,1,2,1,2,4,1,1,21,2,1,1,2,1,1,1,1
4,377,1547.0,103,terminated,1,0,0,2,1547.0,1,2,1,1,1,3,1,7,1,2,1,4,1,2,1,3,2,3,6,1,2,21,3,1,2,3,1,2,1,2
4,378,22.0,28,terminated,1,40,1,1,22.0,0,2,1,1,0,2,0,4,1,1,0,2,1,1,0,1,1,2,4,1,1,13,2,1,1,2,1,1,1,1
4,379,1157.0,93,terminated,1,0,0,0,1157.0,1,1,1,0,1,1,1,3,1,0,1,2,1,0,1,1,0,1,2,1,0,21,1,1,0,1,1,0,1,0
4,380,1759.0,91,terminated,2,0,0,2,1759.0,1,4,2,2,1,4,1,9,2,2,1,5,2,2,1,3,2,4,8,2,2,17,4,2,2,4,2,2,2,2
4,381,1716.0,134,terminated,2,0,0,2,1716.0,1,0,0,0,1,4,1,9,2,2,1,5,2,2,1,3,2,4,8,2,2,22,4,2,2,4,2,2,2,2
4,382,1376.0,74,terminated,1,0,0,1,1376.0,1,0,0,0,1,2,1,5,1,1,1,3,1,1,1,2,1,2,4,1,1,21,2,1,1,2,1,1,1,1
4,383,1533.0,117,terminated,1,0,0,2,1533.0,1,2,0,2,1,3,1,7,1,2,1,4,1,2,1,3,2,3,6,1,2,22,3,1,2,3,1,2,1,2
4,384,1173.0,77,terminated,1,0,0,0,1173.0,1,1,1,0,1,1,1,3,1,0,1,2,1,0,1,1,0,1,2,1,0,25,1,1,0,1,1,0,1,0
4,385,1561.0,89,terminated,1,0,0,2,1561.0,1,1,1,0,1,3,1,7,1,2,1,4,1,2,1,3,2,3,6,1,2,21,3,1,2,3,1,2,1,2
4,386,1579.0,71,terminated,2,0,0,1,1579.0,1,1,1,0,1,3,1,7,2,1,1,4,2,1,1,2,1,3,6,2,1,19,3,2,1,3,2,1,2,1
4,387,1173.0,77,terminated,1,0,0,0,1173.0,1,1,1,0,1,1,1,3,1,0,1,2,1,0,1,1,0,1,2,1,0,26,1,1,0,1,1,0,1,0
4,388,1340.0,110,terminated,0,0,0,2,1340.0,1,0,0,0,1,2,1,5,0,2,1,3,0,2,1,3,2,2,4,0,2,25,2,0,2,2,0,2,0,2
4,389,1557.0,93,terminated,2,0,0,1,1557.0,1,1,0,1,0,3,0,6,2,1,0,3,2,1,0,1,1,3,6,2,1,21,3,2,1,3,2,1,2,1
4,390,1175.0,75,terminated,1,0,0,0,1175.0,1,0,0,0,1,1,1,3,1,0,1,2,1,0,1,1,0,1,2,1,0,23,1,1,0,1,1,0,1,0
4,391,313.0,107,terminated,1,3,1,1,313.0,0,2,1,1,1,2,1,5,1,1,1,3,1,1,1,2,1,2,4,1,1,21,2,1,1,2,1,1,1,1
4,392,1373.0,77,terminated,2,0,0,0,1373.0,1,1,1,0,1,2,1,5,2,0,1,3,2,0,1,1,0,2,4,2,0,21,2,2,0,2,2,0,2,0
4,393,1356.0,94,terminated,2,0,0,0,1356.0,1,1,1,0,1,2,1,5,2,0,1,3,2,0,1,1,0,2,4,2,0,21,2,2,0,2,2,0,2,0
4,394,977.0,73,terminated,0,0,0,0,977.0,1,0,0,0,1,0,1,1,0,0,1,1,0,0,1,1,0,0,0,0,0,29,0,0,0,0,0,0,0,0
4,395,1552.0,98,terminated,2,0,0,1,1552.0,1,2,2,0,1,3,1,7,2,1,1,4,2,1,1,2,1,3,6,2,1,21,3,2,1,3,2,1,2,1
4,396,273.0,87,terminated,1,9,1,1,273.0,0,1,1,0,1,2,1,5,1,1,1,3,1,1,1,2,1,2,4,1,1,21,2,1,1,2,1,1,1,1
4,397,1532.0,118,terminated,1,0,0,2,1532.0,1,2,1,1,1,3,1,7,1,2,1,4,1,2,1,3,2,3,6,1,2,20,3,1,2,3,1,2,1,2
4,398,60.0,80,terminated,1,11,1,0,60.0,0,1,1,0,1,1,1,3,1,0,1,2,1,0,1,1,0,1,2,1,0,47,1,1,0,1,1,0,1,0
4,399,1355.0,95,terminated,0,0,0,2,1355.0,1,2,0,2,1,2,1,5,0,2,1,3,0,2,1,3,2,2,4,0,2,21,2,0,2,2,0,2,0,2
4,400,1165.0,85,terminated,0,0,0,1,1165.0,1,0,0,0,1,1,1,3,0,1,1,2,0,1,1,2,1,1,2,0,1,19,1,0,1,1,0,1,0,1
4,401,1321.0,129,terminated,0,0,0,2,1321.0,1,0,0,0,1,2,1,5,0,2,1,3,0,2,1,3,2,2,4,0,2,21,2,0,2,2,0,2,0,2
4,402,673.0,87,terminated,2,9,1,2,673.0,0,1,1,0,1,3,1,8,2,2,1,5,2,2,1,3,2,3,7,2,2,21,4,2,2,4,2,2,2,2
4,403,943.0,107,terminated,0,0,0,0,943.0,1,0,0,0,1,0,1,1,0,0,1,1,0,0,1,1,0,0,0,0,0,49,0,0,0,0,0,0,0,0
4,404,1156.0,94,terminated,0,0,0,1,1156.0,1,1,0,1,1,1,1,3,0,1,1,2,0,1,1,2,1,1,2,0,1,39,1,0,1,1,0,1,0,1
4,405,962.0,88,terminated,0,0,0,0,962.0,1,0,0,0,1,0,1,1,0,0,1,1,0,0,1,1,0,0,0,0,0,48,0,0,0,0,0,0,0,0
4,406,60.0,20,terminated,1,37,1,1,60.0,0,2,1,1,1,2,1,5,1,1,1,3,1,1,1,2,1,2,4,1,1,18,2,1,1,2,1,1,1,1
4,407,1142.0,108,terminated,0,0,0,1,1142.0,1,1,0,1,0,1,0,2,0,1,0,1,0,1,0,1,1,1,2,0,1,27,1,0,1,1,0,1,0,1
4,408,1157.0,93,terminated,1,0,0,0,1157.0,1,1,1,0,1,1,1,3,1,0,1,2,1,0,1,1,0,1,2,1,0,21,1,1,0,1,1,0,1,0
4,409,1341.0,109,terminated,1,0,0,1,1341.0,1,2,1,1,1,2,1,5,1,1,1,3,1,1,1,2,1,2,4,1,1,35,2,1,1,2,1,1,1,1
4,410,1573.0,77,terminated,2,0,0,1,1573.0,1,1,1,0,1,3,1,7,2,1,1,4,2,1,1,2,1,3,6,2,1,21,3,2,1,3,2,1,2,1
4,411,1560.0,90,terminated,1,0,0,2,1560.0,1,1,0,1,1,3,1,7,1,2,1,4,1,2,1,3,2,3,6,1,2,19,3,1,2,3,1,2,1,2
4,412,1312.0,138,terminated,1,0,0,1,1312.0,1,1,0,1,1,2,1,5,1,1,1,3,1,1,1,2,1,2,4,1,1,21,2,1,1,2,1,1,1,1
4,413,458.0,102,terminated,2,9,1,1,458.0,0,2,1,1,1,2,1,6,2,1,1,4,2,1,1,2,1,2,5,2,1,15,3,2,1,3,2,1,2,1
4,414,1143.0,107,terminated,0,0,0,1,1143.0,1,0,0,0,1,1,1,3,0,1,1,2,0,1,1,2,1,1,2,0,1,21,1,0,1,1,0,1,0,1
4,415,1369.0,81,terminated,1,0,0,1,1369.0,1,1,1,0,1,2,1,5,1,1,1,3,1,1,1,2,1,2,4,1,1,21,2,1,1,2,1,1,1,1
4,416,474.0,86,terminated,2,9,1,1,474.0,0,1,1,0,1,2,1,6,2,1,1,4,2,1,1,2,1,2,5,2,1,21,3,2,1,3,2,1,2,1
4,417,1171.0,79,terminated,1,0,0,0,1171.0,1,0,0,0,1,1,1,3,1,0,1,2,1,0,1,1,0,1,2,1,0,19,1,1,0,1,1,0,1,0
4,418,1375.0,75,terminated,1,0,0,1,1375.0,1,0,0,0,1,2,1,5,1,1,1,3,1,1,1,2,1,2,4,1,1,21,2,1,1,2,1,1,1,1
4,419,1161.0,89,terminated,0,0,0,1,1161.0,1,1,0,1,1,1,1,3,0,1,1,2,0,1,1,2,1,1,2,0,1,23,1,0,1,1,0,1,0,1
4,420,1362.0,88,terminated,2,0,0,0,1362.0,1,2,2,0,1,2,1,5,2,0,1,3,2,0,1,1,0,2,4,2,0,21,2,2,0,2,2,0,2,0
4,421,973.0,77,terminated,0,0,0,0,973.0,1,0,0,0,1,0,1,1,0,0,1,1,0,0,1,1,0,0,0,0,0,28,0,0,0,0,0,0,0,0
4,422,279.0,131,terminated,2,4,1,0,279.0,0,1,1,0,1,2,1,5,2,0,1,3,2,0,1,1,0,2,4,2,0,20,2,2,0,2,2,0,2,0
4,423,1177.0,73,terminated,1,0,0,0,1177.0,1,1,1,0,1,1,1,3,1,0,1,2,1,0,1,1,0,1,2,1,0,19,1,1,0,1,1,0,1,0
4,424,1737.0,113,terminated,2,0,0,2,1737.0,1,3,1,2,1,3,1,8,2,2,1,5,2,2,1,3,2,3,7,2,2,14,4,2,2,4,2,2,2,2
4,425,1373.0,77,terminated,1,0,0,1,1373.0,1,1,1,0,1,2,1,5,1,1,1,3,1,1,1,2,1,2,4,1,1,19,2,1,1,2,1,1,1,1
4,426,1540.0,110,terminated,2,0,0,1,1540.0,1,1,1,0,1,3,1,7,2,1,1,4,2,1,1,2,1,3,6,2,1,23,3,2,1,3,2,1,2,1
4,427,519.0,121,terminated,2,1,1,1,519.0,0,2,2,0,1,3,1,7,2,1,1,4,2,1,1,2,1,3,6,2,1,21,3,2,1,3,2,1,2,1
4,428,1362.0,88,terminated,2,0,0,0,1362.0,1,2,2,0,1,2,1,5,2,0,1,3,2,0,1,1,0,2,4,2,0,21,2,2,0,2,2,0,2,0
4,429,224.0,116,terminated,1,11,1,1,224.0,0,1,1,0,1,2,1,5,1,1,1,3,1,1,1,2,1,2,4,1,1,21,2,1,1,2,1,1,1,1
4,430,1576.0,74,terminated,1,0,0,2,1576.0,1,3,1,2,1,2,1,6,1,2,1,4,1,2,1,3,2,2,5,1,2,22,3,1,2,3,1,2,1,2
4,431,1371.0,79,terminated,1,0,0,1,1371.0,1,1,1,0,1,2,1,5,1,1,1,3,1,1,1,2,1,2,4,1,1,23,2,1,1,2,1,1,1,1
4,432,315.0,125,terminated,2,1,1,0,315.0,0,2,2,0,1,1,1,4,2,0,1,3,2,0,1,1,0,1,3,2,0,28,2,2,0,2,2,0,2,0
4,433,1340.0,110,terminated,0,0,0,2,1340.0,1,1,0,1,1,2,1,5,0,2,1,3,0,2,1,3,2,2,4,0,2,22,2,0,2,2,0,2,0,2
4,434,495.0,95,terminated,1,6,1,2,495.0,0,1,0,1,1,3,1,7,1,2,1,4,1,2,1,3,2,3,6,1,2,23,3,1,2,3,1,2,1,2
4,435,1558.0,92,terminated,1,0,0,2,1558.0,1,3,1,2,1,3,1,7,1,2,1,4,1,2,1,3,2,3,6,1,2,19,3,1,2,3,1,2,1,2
4,436,1535.0,115,terminated,1,0,0,2,1535.0,1,2,1,1,1,2,1,6,1,2,1,4,1,2,1,3,2,2,5,1,2,21,3,1,2,3,1,2,1,2
4,437,677.0,83,terminated,2,9,1,2,677.0,0,2,0,2,1,4,1,9,2,2,1,5,2,2,1,3,2,4,8,2,2,27,4,2,2,4,2,2,2,2
4,438,1154.0,96,terminated,0,0,0,1,1154.0,1,0,0,0,1,1,1,3,0,1,1,2,0,1,1,2,1,1,2,0,1,21,1,0,1,1,0,1,0,1
4,439,1366.0,84,terminated,1,0,0,1,1366.0,1,1,0,1,1,2,1,5,1,1,1,3,1,1,1,2,1,2,4,1,1,19,2,1,1,2,1,1,1,1
4,440,316.0,84,terminated,1,5,1,1,316.0,0,0,0,0,1,2,1,5,1,1,1,3,1,1,1,2,1,2,4,1,1,21,2,1,1,2,1,1,1,1
4,441,1329.0,121,terminated,1,0,0,1,1329.0,1,2,1,1,1,2,1,5,1,1,1,3,1,1,1,2,1,2,4,1,1,25,2,1,1,2,1,1,1,1
4,442,277.0,93,terminated,1,8,1,1,277.0,0,2,1,1,1,2,1,5,1,1,1,3,1,1,1,2,1,2,4,1,1,24,2,1,1,2,1,1,1,1
4,443,1371.0,79,terminated,1,0,0,1,1371.0,1,0,0,0,1,2,1,5,1,1,1,3,1,1,1,2,1,2,4,1,1,21,2,1,1,2,1,1,1,1
4,444,1544.0,106,terminated,2,0,0,1,1544.0,1,3,2,1,0,3,0,6,2,1,0,3,2,1,0,1,1,3,6,2,1,13,3,2,1,3,2,1,2,1
4,445,281.0,79,terminated,1,9,1,1,281.0,0,2,1,1,1,2,1,5,1,1,1,3,1,1,1,2,1,2,4,1,1,23,2,1,1,2,1,1,1,1
4,446,1376.0,74,terminated,0,0,0,2,1376.0,1,0,0,0,1,2,1,5,0,2,1,3,0,2,1,3,2,2,4,0,2,21,2,0,2,2,0,2,0,2
4,447,1554.0,96,terminated,1,0,0,2,1554.0,1,2,0,2,1,3,1,7,1,2,1,4,1,2,1,3,2,3,6,1,2,25,3,1,2,3,1,2,1,2
4,448,1567.0,83,terminated,1,0,0,2,1567.0,1,1,1,0,1,3,1,7,1,2,1,4,1,2,1,3,2,3,6,1,2,23,3,1,2,3,1,2,1,2
4,449,247.0,73,terminated,1,13,1,1,247.0,0,1,1,0,1,2,1,5,1,1,1,3,1,1,1,2,1,2,4,1,1,23,2,1,1,2,1,1,1,1
4,450,185.0,75,terminated,2,19,1,0,185.0,0,1,1,0,1,2,1,5,2,0,1,3,2,0,1,1,0,2,4,2,0,21,2,2,0,2,2,0,2,0
4,451,1153.0,97,terminated,0,0,0,1,1153.0,1,1,0,1,1,1,1,3,0,1,1,2,0,1,1,2,1,1,2,0,1,34,1,0,1,1,0,1,0,1
4,452,1557.0,93,terminated,1,0,0,2,1557.0,1,3,1,2,1,3,1,7,1,2,1,4,1,2,1,3,2,3,6,1,2,21,3,1,2,3,1,2,1,2
4,453,37.0,43,terminated,1,17,1,0,37.0,0,0,0,0,1,1,1,3,1,0,1,2,1,0,1,1,0,1,2,1,0,21,1,1,0,1,1,0,1,0
4,454,1764.0,86,terminated,2,0,0,2,1764.0,1,4,2,2,1,4,1,9,2,2,1,5,2,2,1,3,2,4,8,2,2,27,4,2,2,4,2,2,2,2
4,455,1286.0,164,terminated,1,0,0,1,1286.0,1,1,0,1,1,2,1,5,1,1,1,3,1,1,1,2,1,2,4,1,1,21,2,1,1,2,1,1,1,1
4,456,1378.0,72,terminated,2,0,0,0,1378.0,1,1,1,0,1,2,1,5,2,0,1,3,2,0,1,1,0,2,4,2,0,21,2,2,0,2,2,0,2,0
4,457,1133.0,117,terminated,0,0,0,1,1133.0,1,0,0,0,1,1,1,3,0,1,1,2,0,1,1,2,1,1,2,0,1,21,1,0,1,1,0,1,0,1
4,458,1177.0,73,terminated,1,0,0,0,1177.0,1,0,0,0,1,1,1,3,1,0,1,2,1,0,1,1,0,1,2,1,0,23,1,1,0,1,1,0,1,0
4,459,1179.0,71,terminated,1,0,0,0,1179.0,1,0,0,0,1,1,1,3,1,0,1,2,1,0,1,1,0,1,2,1,0,23,1,1,0,1,1,0,1,0
4,460,1519.0,131,terminated,1,0,0,2,1519.0,1,2,1,1,1,3,1,7,1,2,1,4,1,2,1,3,2,3,6,1,2,19,3,1,2,3,1,2,1,2
4,461,1376.0,74,terminated,0,0,0,2,1376.0,1,2,0,2,1,2,1,5,0,2,1,3,0,2,1,3,2,2,4,0,2,21,2,0,2,2,0,2,0,2
4,462,1315.0,135,terminated,1,0,0,1,1315.0,1,0,0,0,1,2,1,5,1,1,1,3,1,1,1,2,1,2,4,1,1,23,2,1,1,2,1,1,1,1
4,463,82.0,78,terminated,0,9,1,1,82.0,0,1,0,1,1,1,1,3,0,1,1,2,0,1,1,2,1,1,2,0,1,24,1,0,1,1,0,1,0,1
4,464,-132.0,22,terminated,1,36,1,0,-132.0,0,1,1,0,1,1,1,3,1,0,1,2,1,0,1,1,0,1,2,1,0,21,1,1,0,1,1,0,1,0
4,465,1577.0,73,terminated,2,0,0,1,1577.0,1,2,1,1,1,3,1,7,2,1,1,4,2,1,1,2,1,3,6,2,1,21,3,2,1,3,2,1,2,1
4,466,1549.0,101,terminated,2,0,0,1,1549.0,1,2,2,0,1,3,1,7,2,1,1,4,2,1,1,2,1,3,6,2,1,23,3,2,1,3,2,1,2,1
4,467,1324.0,126,terminated,2,0,0,0,1324.0,1,2,2,0,1,2,1,5,2,0,1,3,2,0,1,1,0,2,4,2,0,25,2,2,0,2,2,0,2,0
4,468,1732.0,118,terminated,2,0,0,2,1732.0,1,4,2,2,0,3,0,7,2,2,0,4,2,2,0,2,2,3,7,2,2,16,4,2,2,4,2,2,2,2
4,469,975.0,75,terminated,0,0,0,0,975.0,1,0,0,0,1,0,1,1,0,0,1,1,0,0,1,1,0,0,0,0,0,23,0,0,0,0,0,0,0,0
4,470,544.0,96,terminated,2,1,1,1,544.0,0,2,1,1,1,3,1,7,2,1,1,4,2,1,1,2,1,3,6,2,1,21,3,2,1,3,2,1,2,1
4,471,356.0,44,terminated,1,25,1,2,356.0,0,2,1,1,1,2,1,6,1,2,1,4,1,2,1,3,2,2,5,1,2,15,3,1,2,3,1,2,1,2
4,472,522.0,98,terminated,2,3,1,1,522.0,0,2,1,1,1,3,1,7,2,1,1,4,2,1,1,2,1,3,6,2,1,20,3,2,1,3,2,1,2,1
4,473,8.0,42,terminated,1,20,1,0,8.0,0,1,1,0,1,1,1,3,1,0,1,2,1,0,1,1,0,1,2,1,0,19,1,1,0,1,1,0,1,0
4,474,1273.0,177,terminated,0,0,0,2,1273.0,1,1,0,1,1,2,1,5,0,2,1,3,0,2,1,3,2,2,4,0,2,21,2,0,2,2,0,2,0,2
4,475,1376.0,74,terminated,2,0,0,0,1376.0,1,2,2,0,1,1,1,4,2,0,1,3,2,0,1,1,0,1,3,2,0,21,2,2,0,2,2,0,2,0
4,476,1562.0,88,terminated,2,0,0,1,1562.0,1,2,1,1,1,3,1,7,2,1,1,4,2,1,1,2,1,3,6,2,1,19,3,2,1,3,2,1,2,1
4,477,1376.0,74,terminated,1,0,0,1,1376.0,1,2,1,1,1,2,1,5,1,1,1,3,1,1,1,2,1,2,4,1,1,22,2,1,1,2,1,1,1,1
4,478,1379.0,71,terminated,1,0,0,1,1379.0,1,1,0,1,1,2,1,5,1,1,1,3,1,1,1,2,1,2,4,1,1,19,2,1,1,2,1,1,1,1
4,479,1765.0,85,terminated,2,0,0,2,1765.0,1,4,2,2,1,4,1,9,2,2,1,5,2,2,1,3,2,4,8,2,2,21,4,2,2,4,2,2,2,2
4,480,1552.0,98,terminated,2,0,0,1,1552.0,1,2,1,1,1,3,1,7,2,1,1,4,2,1,1,2,1,3,6,2,1,23,3,2,1,3,2,1,2,1
4,481,951.0,99,terminated,0,0,0,0,951.0,1,0,0,0,1,0,1,1,0,0,1,1,0,0,1,1,0,0,0,0,0,35,0,0,0,0,0,0,0,0
4,482,1528.0,122,terminated,1,0,0,2,1528.0,1,2,1,1,0,3,0,6,1,2,0,3,1,2,0,2,2,3,6,1,2,20,3,1,2,3,1,2,1,2
4,483,1552.0,98,terminated,1,0,0,2,1552.0,1,0,0,0,1,3,1,7,1,2,1,4,1,2,1,3,2,3,6,1,2,21,3,1,2,3,1,2,1,2
4,484,1107.0,143,terminated,1,0,0,0,1107.0,1,1,1,0,1,1,1,3,1,0,1,2,1,0,1,1,0,1,2,1,0,104,1,1,0,1,1,0,1,0
4,485,1319.0,131,terminated,0,0,0,2,1319.0,1,2,0,2,1,2,1,5,0,2,1,3,0,2,1,3,2,2,4,0,2,19,2,0,2,2,0,2,0,2
4,486,1351.0,99,terminated,1,0,0,1,1351.0,1,2,1,1,1,2,1,5,1,1,1,3,1,1,1,2,1,2,4,1,1,23,2,1,1,2,1,1,1,1
4,487,1156.0,94,terminated,1,0,0,0,1156.0,1,0,0,0,1,1,1,3,1,0,1,2,1,0,1,1,0,1,2,1,0,44,1,1,0,1,1,0,1,0
4,488,1365.0,85,terminated,1,0,0,1,1365.0,1,1,1,0,1,2,1,5,1,1,1,3,1,1,1,2,1,2,4,1,1,21,2,1,1,2,1,1,1,1
4,489,1538.0,112,terminated,1,0,0,2,1538.0,1,0,0,0,1,2,1,6,1,2,1,4,1,2,1,3,2,2,5,1,2,21,3,1,2,3,1,2,1,2
4,490,1143.0,107,terminated,1,0,0,0,1143.0,1,1,1,0,1,1,1,3,1,0,1,2,1,0,1,1,0,1,2,1,0,21,1,1,0,1,1,0,1,0
4,491,1375.0,75,terminated,0,0,0,2,1375.0,1,2,0,2,1,2,1,5,0,2,1,3,0,2,1,3,2,2,4,0,2,23,2,0,2,2,0,2,0,2
4,492,244.0,86,terminated,1,12,1,1,244.0,0,2,1,1,1,2,1,5,1,1,1,3,1,1,1,2,1,2,4,1,1,21,2,1,1,2,1,1,1,1
4,493,1360.0,90,terminated,2,0,0,0,1360.0,1,2,2,0,1,2,1,5,2,0,1,3,2,0,1,1,0,2,4,2,0,23,2,2,0,2,2,0,2,0
4,494,1177.0,73,terminated,0,0,0,1,1177.0,1,1,0,1,1,1,1,3,0,1,1,2,0,1,1,2,1,1,2,0,1,25,1,0,1,1,0,1,0,1
4,495,-132.0,22,terminated,1,36,1,0,-132.0,0,1,1,0,1,1,1,3,1,0,1,2,1,0,1,1,0,1,2,1,0,21,1,1,0,1,1,0,1,0
4,496,1159.0,91,terminated,1,0,0,0,1159.0,1,1,1,0,1,1,1,3,1,0,1,2,1,0,1,1,0,1,2,1,0,26,1,1,0,1,1,0,1,0
4,497,1724.0,126,terminated,2,0,0,2,1724.0,1,3,2,1,1,4,1,9,2,2,1,5,2,2,1,3,2,4,8,2,2,19,4,2,2,4,2,2,2,2
4,498,487.0,113,terminated,2,5,1,1,487.0,0,1,1,0,1,3,1,7,2,1,1,4,2,1,1,2,1,3,6,2,1,24,3,2,1,3,2,1,2,1
4,499,1162.0,88,terminated,0,0,0,1,1162.0,1,1,0,1,1,1,1,3,0,1,1,2,0,1,1,2,1,1,2,0,1,23,1,0,1,1,0,1,0,1
4,500,1147.0,103,terminated,1,0,0,0,1147.0,1,0,0,0,1,1,1,3,1,0,1,2,1,0,1,1,0,1,2,1,0,21,1,1,0,1,1,0,1,0
4,501,731.0,99,terminated,2,2,1,2,731.0,0,3,2,1,1,4,1,9,2,2,1,5,2,2,1,3,2,4,8,2,2,19,4,2,2,4,2,2,2,2
4,502,1361.0,89,terminated,1,0,0,1,1361.0,1,2,1,1,1,2,1,5,1,1,1,3,1,1,1,2,1,2,4,1,1,26,2,1,1,2,1,1,1,1
4,503,924.0,126,terminated,0,0,0,0,924.0,1,0,0,0,1,0,1,1,0,0,1,1,0,0,1,1,0,0,0,0,0,67,0,0,0,0,0,0,0,0
4,504,1163.0,87,terminated,0,0,0,1,1163.0,1,0,0,0,1,1,1,3,0,1,1,2,0,1,1,2,1,1,2,0,1,21,1,0,1,1,0,1,0,1
4,505,1698.0,152,terminated,2,0,0,2,1698.0,1,2,1,1,1,4,1,9,2,2,1,5,2,2,1,3,2,4,8,2,2,23,4,2,2,4,2,2,2,2
4,506,258.0,92,terminated,1,10,1,1,258.0,0,0,0,0,1,2,1,5,1,1,1,3,1,1,1,2,1,2,4,1,1,21,2,1,1,2,1,1,1,1
4,507,266.0,74,terminated,1,11,1,1,266.0,0,0,0,0,1,2,1,5,1,1,1,3,1,1,1,2,1,2,4,1,1,19,2,1,1,2,1,1,1,1
4,508,1361.0,89,terminated,1,0,0,1,1361.0,1,1,1,0,1,2,1,5,1,1,1,3,1,1,1,2,1,2,4,1,1,23,2,1,1,2,1,1,1,1
4,509,1733.0,117,terminated,2,0,0,2,1733.0,1,4,2,2,1,2,1,7,2,2,1,5,2,2,1,3,2,2,6,2,2,15,4,2,2,4,2,2,2,2
4,510,1357.0,93,terminated,0,0,0,2,1357.0,1,2,0,2,1,2,1,5,0,2,1,3,0,2,1,3,2,2,4,0,2,20,2,0,2,2,0,2,0,2
4,511,1519.0,131,terminated,1,0,0,2,1519.0,1,1,0,1,1,3,1,7,1,2,1,4,1,2,1,3,2,3,6,1,2,23,3,1,2,3,1,2,1,2
4,512,-83.0,93,terminated,0,4,1,0,-83.0,0,0,0,0,1,0,1,1,0,0,1,1,0,0,1,1,0,0,0,0,0,53,0,0,0,0,0,0,0,0
4,513,1352.0,98,terminated,1,0,0,1,1352.0,1,0,0,0,1,2,1,5,1,1,1,3,1,1,1,2,1,2,4,1,1,24,2,1,1,2,1,1,1,1
4,514,195.0,195,terminated,0,6,1,2,195.0,0,0,0,0,1,2,1,5,0,2,1,3,0,2,1,3,2,2,4,0,2,21,2,0,2,2,0,2,0,2
4,515,536.0,104,terminated,2,1,1,1,536.0,0,2,1,1,1,3,1,7,2,1,1,4,2,1,1,2,1,3,6,2,1,21,3,2,1,3,2,1,2,1
4,516,303.0,87,terminated,1,6,1,1,303.0,0,1,1,0,1,2,1,5,1,1,1,3,1,1,1,2,1,2,4,1,1,21,2,1,1,2,1,1,1,1
4,517,963.0,87,terminated,0,0,0,0,963.0,1,0,0,0,1,0,1,1,0,0,1,1,0,0,1,1,0,0,0,0,0,45,0,0,0,0,0,0,0,0
4,518,1560.0,90,terminated,1,0,0,2,1560.0,1,2,1,1,1,3,1,7,1,2,1,4,1,2,1,3,2,3,6,1,2,21,3,1,2,3,1,2,1,2
4,519,316.0,104,terminated,0,3,1,2,316.0,0,1,0,1,1,2,1,5,0,2,1,3,0,2,1,3,2,2,4,0,2,27,2,0,2,2,0,2,0,2
4,520,1367.0,83,terminated,1,0,0,1,1367.0,1,2,1,1,1,2,1,5,1,1,1,3,1,1,1,2,1,2,4,1,1,25,2,1,1,2,1,1,1,1
4,521,346.0,84,terminated,1,2,1,1,346.0,0,0,0,0,1,2,1,5,1,1,1,3,1,1,1,2,1,2,4,1,1,21,2,1,1,2,1,1,1,1
4,522,1369.0,81,terminated,0,0,0,2,1369.0,1,2,0,2,0,2,0,4,0,2,0,2,0,2,0,2,2,2,4,0,2,27,2,0,2,2,0,2,0,2
4,523,320.0,120,terminated,1,1,1,1,320.0,0,0,0,0,1,2,1,5,1,1,1,3,1,1,1,2,1,2,4,1,1,28,2,1,1,2,1,1,1,1
4,524,1576.0,74,terminated,1,0,0,2,1576.0,1,3,1,2,1,3,1,7,1,2,1,4,1,2,1,3,2,3,6,1,2,22,3,1,2,3,1,2,1,2
4,525,1379.0,71,terminated,0,0,0,2,1379.0,1,1,0,1,1,2,1,5,0,2,1,3,0,2,1,3,2,2,4,0,2,19,2,0,2,2,0,2,0,2
4,526,1156.0,94,terminated,0,0,0,1,1156.0,1,0,0,0,1,1,1,3,0,1,1,2,0,1,1,2,1,1,2,0,1,21,1,0,1,1,0,1,0,1
4,527,1762.0,88,terminated,2,0,0,2,1762.0,1,2,1,1,1,4,1,9,2,2,1,5,2,2,1,3,2,4,8,2,2,19,4,2,2,4,2,2,2,2
4,528,1353.0,97,terminated,1,0,0,1,1353.0,1,1,0,1,1,2,1,5,1,1,1,3,1,1,1,2,1,2,4,1,1,23,2,1,1,2,1,1,1,1
4,529,-138.0,28,terminated,1,36,1,0,-138.0,0,1,1,0,0,1,0,2,1,0,0,1,1,0,0,0,0,1,2,1,0,24,1,1,0,1,1,0,1,0
4,530,1373.0,77,terminated,2,0,0,0,1373.0,1,0,0,0,1,2,1,5,2,0,1,3,2,0,1,1,0,2,4,2,0,23,2,2,0,2,2,0,2,0
4,531,211.0,119,terminated,1,12,1,1,211.0,0,1,1,0,1,2,1,5,1,1,1,3,1,1,1,2,1,2,4,1,1,21,2,1,1,2,1,1,1,1
4,532,1366.0,84,terminated,1,0,0,1,1366.0,1,1,1,0,1,2,1,5,1,1,1,3,1,1,1,2,1,2,4,1,1,21,2,1,1,2,1,1,1,1
4,533,230.0,110,terminated,1,11,1,1,230.0,0,0,0,0,1,2,1,5,1,1,1,3,1,1,1,2,1,2,4,1,1,19,2,1,1,2,1,1,1,1
4,534,918.0,132,terminated,0,0,0,0,918.0,1,0,0,0,1,0,1,1,0,0,1,1,0,0,1,1,0,0,0,0,0,38,0,0,0,0,0,0,0,0
4,535,11.0,49,terminated,0,19,1,1,11.0,0,0,0,0,1,1,1,3,0,1,1,2,0,1,1,2,1,1,2,0,1,21,1,0,1,1,0,1,0,1
4,536,1152.0,98,terminated,0,0,0,1,1152.0,1,0,0,0,1,1,1,3,0,1,1,2,0,1,1,2,1,1,2,0,1,23,1,0,1,1,0,1,0,1
4,537,1377.0,73,terminated,1,0,0,1,1377.0,1,0,0,0,1,2,1,5,1,1,1,3,1,1,1,2,1,2,4,1,1,19,2,1,1,2,1,1,1,1
4,538,1750.0,100,terminated,2,0,0,2,1750.0,1,1,1,0,1,4,1,9,2,2,1,5,2,2,1,3,2,4,8,2,2,19,4,2,2,4,2,2,2,2
4,539,207.0,43,terminated,1,20,1,1,207.0,0,1,1,0,1,2,1,5,1,1,1,3,1,1,1,2,1,2,4,1,1,19,2,1,1,2,1,1,1,1
4,540,264.0,106,terminated,0,8,1,2,264.0,0,1,0,1,1,2,1,5,0,2,1,3,0,2,1,3,2,2,4,0,2,19,2,0,2,2,0,2,0,2
4,541,1517.0,133,terminated,1,0,0,2,1517.0,1,1,0,1,1,3,1,7,1,2,1,4,1,2,1,3,2,3,6,1,2,25,3,1,2,3,1,2,1,2
4,542,1319.0,131,terminated,1,0,0,1,1319.0,1,2,1,1,1,2,1,5,1,1,1,3,1,1,1,2,1,2,4,1,1,21,2,1,1,2,1,1,1,1
4,543,1376.0,74,terminated,1,0,0,1,1376.0,1,1,0,1,1,2,1,5,1,1,1,3,1,1,1,2,1,2,4,1,1,19,2,1,1,2,1,1,1,1
4,544,1321.0,129,terminated,1,0,0,1,1321.0,1,2,1,1,1,2,1,5,1,1,1,3,1,1,1,2,1,2,4,1,1,21,2,1,1,2,1,1,1,1
4,545,1071.0,179,terminated,0,0,0,1,1071.0,1,1,0,1,1,1,1,3,0,1,1,2,0,1,1,2,1,1,2,0,1,21,1,0,1,1,0,1,0,1
4,546,1365.0,85,terminated,1,0,0,1,1365.0,1,2,1,1,0,2,0,4,1,1,0,2,1,1,0,1,1,2,4,1,1,20,2,1,1,2,1,1,1,1
4,547,1547.0,103,terminated,2,0,0,1,1547.0,1,1,1,0,1,3,1,7,2,1,1,4,2,1,1,2,1,3,6,2,1,19,3,2,1,3,2,1,2,1
4,548,1574.0,76,terminated,2,0,0,1,1574.0,1,3,2,1,1,3,1,7,2,1,1,4,2,1,1,2,1,3,6,2,1,21,3,2,1,3,2,1,2,1
4,549,67.0,93,terminated,1,9,1,0,67.0,0,0,0,0,1,1,1,3,1,0,1,2,1,0,1,1,0,1,2,1,0,21,1,1,0,1,1,0,1,0
4,550,1575.0,75,terminated,1,0,0,2,1575.0,1,1,0,1,1,3,1,7,1,2,1,4,1,2,1,3,2,3,6,1,2,23,3,1,2,3,1,2,1,2
4,551,1545.0,105,terminated,1,0,0,2,1545.0,1,2,1,1,1,3,1,7,1,2,1,4,1,2,1,3,2,3,6,1,2,27,3,1,2,3,1,2,1,2
4,552,501.0,109,terminated,1,4,1,2,501.0,0,2,0,2,1,3,1,7,1,2,1,4,1,2,1,3,2,3,6,1,2,28,3,1,2,3,1,2,1,2
4,553,1563.0,87,terminated,1,0,0,2,1563.0,1,2,1,1,1,3,1,7,1,2,1,4,1,2,1,3,2,3,6,1,2,19,3,1,2,3,1,2,1,2
4,554,1364.0,86,terminated,1,0,0,1,1364.0,1,0,0,0,1,2,1,5,1,1,1,3,1,1,1,2,1,2,4,1,1,21,2,1,1,2,1,1,1,1
4,555,1202.0,248,terminated,1,0,0,1,1202.0,1,0,0,0,1,1,1,4,1,1,1,3,1,1,1,2,1,1,3,1,1,21,2,1,1,2,1,1,1,1
4,556,1514.0,136,terminated,1,0,0,2,1514.0,1,3,1,2,1,3,1,7,1,2,1,4,1,2,1,3,2,3,6,1,2,26,3,1,2,3,1,2,1,2
4,557,1330.0,120,terminated,1,0,0,1,1330.0,1,2,1,1,1,2,1,5,1,1,1,3,1,1,1,2,1,2,4,1,1,21,2,1,1,2,1,1,1,1
4,558,1336.0,114,terminated,0,0,0,2,1336.0,1,1,0,1,1,2,1,5,0,2,1,3,0,2,1,3,2,2,4,0,2,23,2,0,2,2,0,2,0,2
4,559,472.0,88,terminated,2,9,1,1,472.0,0,2,1,1,0,3,0,6,2,1,0,3,2,1,0,1,1,3,6,2,1,29,3,2,1,3,2,1,2,1
4,560,1326.0,124,terminated,0,0,0,2,1326.0,1,0,0,0,1,2,1,5,0,2,1,3,0,2,1,3,2,2,4,0,2,21,2,0,2,2,0,2,0,2
4,561,15.0,45,terminated,0,19,1,1,15.0,0,1,0,1,1,1,1,3,0,1,1,2,0,1,1,2,1,1,2,0,1,21,1,0,1,1,0,1,0,1
4,562,1558.0,92,terminated,2,0,0,1,1558.0,1,3,2,1,1,3,1,7,2,1,1,4,2,1,1,2,1,3,6,2,1,16,3,2,1,3,2,1,2,1
4,563,150.0,90,terminated,1,1,1,0,150.0,0,0,0,0,1,1,1,3,1,0,1,2,1,0,1,1,0,1,2,1,0,21,1,1,0,1,1,0,1,0
4,564,1532.0,118,terminated,1,0,0,2,1532.0,1,3,1,2,1,2,1,6,1,2,1,4,1,2,1,3,2,2,5,1,2,16,3,1,2,3,1,2,1,2
4,565,1560.0,90,terminated,1,0,0,2,1560.0,1,1,0,1,1,3,1,7,1,2,1,4,1,2,1,3,2,3,6,1,2,20,3,1,2,3,1,2,1,2
4,566,1558.0,92,terminated,1,0,0,2,1558.0,1,2,0,2,1,3,1,7,1,2,1,4,1,2,1,3,2,3,6,1,2,21,3,1,2,3,1,2,1,2
4,567,1346.0,104,terminated,0,0,0,2,1346.0,1,1,0,1,1,1,1,4,0,2,1,3,0,2,1,3,2,1,3,0,2,21,2,0,2,2,0,2,0,2
4,568,1368.0,82,terminated,1,0,0,1,1368.0,1,1,1,0,1,2,1,5,1,1,1,3,1,1,1,2,1,2,4,1,1,19,2,1,1,2,1,1,1,1
4,569,1365.0,85,terminated,1,0,0,1,1365.0,1,1,1,0,1,2,1,5,1,1,1,3,1,1,1,2,1,2,4,1,1,19,2,1,1,2,1,1,1,1
4,570,651.0,109,terminated,2,9,1,2,651.0,0,3,1,2,1,4,1,9,2,2,1,5,2,2,1,3,2,4,8,2,2,32,4,2,2,4,2,2,2,2
4,571,274.0,76,terminated,1,10,1,1,274.0,0,1,1,0,1,2,1,5,1,1,1,3,1,1,1,2,1,2,4,1,1,25,2,1,1,2,1,1,1,1
4,572,1354.0,96,terminated,1,0,0,1,1354.0,1,1,1,0,1,2,1,5,1,1,1,3,1,1,1,2,1,2,4,1,1,21,2,1,1,2,1,1,1,1
4,573,1356.0,94,terminated,1,0,0,1,1356.0,1,1,0,1,1,2,1,5,1,1,1,3,1,1,1,2,1,2,4,1,1,19,2,1,1,2,1,1,1,1
4,574,1570.0,80,terminated,2,0,0,1,1570.0,1,2,1,1,1,3,1,7,2,1,1,4,2,1,1,2,1,3,6,2,1,25,3,2,1,3,2,1,2,1
4,575,1369.0,81,terminated,1,0,0,1,1369.0,1,0,0,0,1,2,1,5,1,1,1,3,1,1,1,2,1,2,4,1,1,19,2,1,1,2,1,1,1,1
4,576,1160.0,90,terminated,0,0,0,1,1160.0,1,0,0,0,1,1,1,3,0,1,1,2,0,1,1,2,1,1,2,0,1,21,1,0,1,1,0,1,0,1
4,577,1567.0,83,terminated,1,0,0,2,1567.0,1,2,1,1,1,3,1,7,1,2,1,4,1,2,1,3,2,3,6,1,2,27,3,1,2,3,1,2,1,2
4,578,1561.0,89,terminated,1,0,0,2,1561.0,1,1,0,1,1,3,1,7,1,2,1,4,1,2,1,3,2,3,6,1,2,24,3,1,2,3,1,2,1,2
4,579,355.0,85,terminated,0,1,1,2,355.0,0,2,0,2,1,2,1,5,0,2,1,3,0,2,1,3,2,2,4,0,2,21,2,0,2,2,0,2,0,2
4,580,309.0,111,terminated,1,3,1,1,309.0,0,1,0,1,1,2,1,5,1,1,1,3,1,1,1,2,1,2,4,1,1,21,2,1,1,2,1,1,1,1
4,581,1133.0,117,terminated,0,0,0,1,1133.0,1,0,0,0,1,1,1,3,0,1,1,2,0,1,1,2,1,1,2,0,1,21,1,0,1,1,0,1,0,1
4,582,1360.0,90,terminated,1,0,0,1,1360.0,1,1,0,1,1,2,1,5,1,1,1,3,1,1,1,2,1,2,4,1,1,19,2,1,1,2,1,1,1,1
4,583,199.0,161,terminated,2,9,1,0,199.0,0,1,1,0,1,2,1,5,2,0,1,3,2,0,1,1,0,2,4,2,0,21,2,2,0,2,2,0,2,0
4,584,1340.0,110,terminated,2,0,0,0,1340.0,1,2,2,0,1,2,1,5,2,0,1,3,2,0,1,1,0,2,4,2,0,21,2,2,0,2,2,0,2,0
4,585,1177.0,73,terminated,1,0,0,0,1177.0,1,1,1,0,1,1,1,3,1,0,1,2,1,0,1,1,0,1,2,1,0,29,1,1,0,1,1,0,1,0
4,586,1550.0,100,terminated,1,0,0,2,1550.0,1,3,1,2,1,2,1,6,1,2,1,4,1,2,1,3,2,2,5,1,2,21,3,1,2,3,1,2,1,2
4,587,1176.0,74,terminated,0,0,0,1,1176.0,1,1,0,1,1,1,1,3,0,1,1,2,0,1,1,2,1,1,2,0,1,21,1,0,1,1,0,1,0,1
4,588,1327.0,123,terminated,0,0,0,2,1327.0,1,0,0,0,1,2,1,5,0,2,1,3,0,2,1,3,2,2,4,0,2,21,2,0,2,2,0,2,0,2
4,589,1164.0,86,terminated,0,0,0,1,1164.0,1,0,0,0,1,1,1,3,0,1,1,2,0,1,1,2,1,1,2,0,1,21,1,0,1,1,0,1,0,1
4,590,1176.0,74,terminated,0,0,0,1,1176.0,1,0,0,0,1,1,1,3,0,1,1,2,0,1,1,2,1,1,2,0,1,19,1,0,1,1,0,1,0,1
4,591,1167.0,83,terminated,1,0,0,0,1167.0,1,0,0,0,1,1,1,3,1,0,1,2,1,0,1,1,0,1,2,1,0,19,1,1,0,1,1,0,1,0
4,592,932.0,118,terminated,0,0,0,0,932.0,1,0,0,0,1,0,1,1,0,0,1,1,0,0,1,1,0,0,0,0,0,69,0,0,0,0,0,0,0,0
4,593,273.0,77,terminated,2,10,1,0,273.0,0,1,1,0,1,2,1,5,2,0,1,3,2,0,1,1,0,2,4,2,0,23,2,2,0,2,2,0,2,0
4,594,1361.0,89,terminated,1,0,0,1,1361.0,1,2,1,1,1,2,1,5,1,1,1,3,1,1,1,2,1,2,4,1,1,21,2,1,1,2,1,1,1,1
4,595,439.0,171,terminated,1,4,1,2,439.0,0,2,1,1,0,3,0,6,1,2,0,3,1,2,0,2,2,3,6,1,2,13,3,1,2,3,1,2,1,2
4,596,1561.0,89,terminated,2,0,0,1,1561.0,1,2,1,1,1,3,1,7,2,1,1,4,2,1,1,2,1,3,6,2,1,23,3,2,1,3,2,1,2,1
4,597,1558.0,92,terminated,1,0,0,2,1558.0,1,3,1,2,1,3,1,7,1,2,1,4,1,2,1,3,2,3,6,1,2,19,3,1,2,3,1,2,1,2
4,598,1534.0,116,terminated,1,0,0,2,1534.0,1,1,1,0,1,3,1,7,1,2,1,4,1,2,1,3,2,3,6,1,2,19,3,1,2,3,1,2,1,2
4,599,1173.0,77,terminated,1,0,0,0,1173.0,1,1,1,0,1,1,1,3,1,0,1,2,1,0,1,1,0,1,2,1,0,21,1,1,0,1,1,0,1,0
4,600,-65.0,105,terminated,0,1,1,0,-65.0,0,0,0,0,1,0,1,1,0,0,1,1,0,0,1,1,0,0,0,0,0,40,0,0,0,0,0,0,0,0
4,601,1551.0,99,terminated,1,0,0,2,1551.0,1,1,0,1,1,3,1,7,1,2,1,4,1,2,1,3,2,3,6,1,2,33,3,1,2,3,1,2,1,2
4,602,1171.0,79,terminated,0,0,0,1,1171.0,1,1,0,1,1,1,1,3,0,1,1,2,0,1,1,2,1,1,2,0,1,31,1,0,1,1,0,1,0,1
4,603,1304.0,146,terminated,1,0,0,1,1304.0,1,2,1,1,1,1,1,4,1,1,1,3,1,1,1,2,1,1,3,1,1,19,2,1,1,2,1,1,1,1
4,604,413.0,177,terminated,1,6,1,2,413.0,0,2,1,1,1,2,1,6,1,2,1,4,1,2,1,3,2,2,5,1,2,22,3,1,2,3,1,2,1,2
4,605,1521.0,129,terminated,2,0,0,1,1521.0,1,3,2,1,1,3,1,7,2,1,1,4,2,1,1,2,1,3,6,2,1,21,3,2,1,3,2,1,2,1
4,606,1349.0,101,terminated,0,0,0,2,1349.0,1,2,0,2,1,2,1,5,0,2,1,3,0,2,1,3,2,2,4,0,2,21,2,0,2,2,0,2,0,2
4,607,1360.0,90,terminated,2,0,0,0,1360.0,1,1,1,0,1,2,1,5,2,0,1,3,2,0,1,1,0,2,4,2,0,21,2,2,0,2,2,0,2,0
4,608,334.0,86,terminated,1,3,1,1,334.0,0,2,1,1,1,2,1,5,1,1,1,3,1,1,1,2,1,2,4,1,1,21,2,1,1,2,1,1,1,1
4,609,955.0,95,terminated,0,0,0,0,955.0,1,0,0,0,1,0,1,1,0,0,1,1,0,0,1,1,0,0,0,0,0,49,0,0,0,0,0,0,0,0
4,610,1355.0,95,terminated,1,0,0,1,1355.0,1,1,0,1,1,2,1,5,1,1,1,3,1,1,1,2,1,2,4,1,1,19,2,1,1,2,1,1,1,1
4,611,1574.0,76,terminated,1,0,0,2,1574.0,1,2,1,1,1,2,1,6,1,2,1,4,1,2,1,3,2,2,5,1,2,18,3,1,2,3,1,2,1,2
4,612,640.0,110,terminated,2,10,1,2,640.0,0,2,1,1,1,4,1,9,2,2,1,5,2,2,1,3,2,4,8,2,2,21,4,2,2,4,2,2,2,2
4,613,1342.0,108,terminated,0,0,0,2,1342.0,1,1,0,1,0,2,0,4,0,2,0,2,0,2,0,2,2,2,4,0,2,23,2,0,2,2,0,2,0,2
4,614,666.0,74,terminated,2,11,1,2,666.0,0,0,0,0,1,4,1,9,2,2,1,5,2,2,1,3,2,4,8,2,2,22,4,2,2,4,2,2,2,2
4,615,-51.0,91,terminated,0,1,1,0,-51.0,0,0,0,0,1,0,1,1,0,0,1,1,0,0,1,1,0,0,0,0,0,31,0,0,0,0,0,0,0,0
4,616,1539.0,111,terminated,2,0,0,1,1539.0,1,2,1,1,1,2,1,6,2,1,1,4,2,1,1,2,1,2,5,2,1,19,3,2,1,3,2,1,2,1
4,617,1377.0,73,terminated,1,0,0,1,1377.0,1,1,1,0,1,2,1,5,1,1,1,3,1,1,1,2,1,2,4,1,1,23,2,1,1,2,1,1,1,1
4,618,1541.0,109,terminated,2,0,0,1,1541.0,1,1,1,0,1,3,1,7,2,1,1,4,2,1,1,2,1,3,6,2,1,22,3,2,1,3,2,1,2,1
4,619,1300.0,150,terminated,0,0,0,2,1300.0,1,2,0,2,1,2,1,5,0,2,1,3,0,2,1,3,2,2,4,0,2,23,2,0,2,2,0,2,0,2
4,620,1563.0,87,terminated,1,0,0,2,1563.0,1,2,0,2,0,3,0,6,1,2,0,3,1,2,0,2,2,3,6,1,2,21,3,1,2,3,1,2,1,2
4,621,1677.0,173,terminated,2,0,0,2,1677.0,1,3,2,1,1,3,1,8,2,2,1,5,2,2,1,3,2,3,7,2,2,21,4,2,2,4,2,2,2,2
4,622,332.0,108,terminated,2,1,1,0,332.0,0,2,2,0,1,2,1,5,2,0,1,3,2,0,1,1,0,2,4,2,0,21,2,2,0,2,2,0,2,0
4,623,290.0,70,terminated,1,9,1,1,290.0,0,2,1,1,1,2,1,5,1,1,1,3,1,1,1,2,1,2,4,1,1,19,2,1,1,2,1,1,1,1
4,624,1567.0,83,terminated,2,0,0,1,1567.0,1,2,1,1,1,3,1,7,2,1,1,4,2,1,1,2,1,3,6,2,1,21,3,2,1,3,2,1,2,1
4,625,394.0,196,terminated,2,6,1,1,394.0,0,1,0,1,1,3,1,7,2,1,1,4,2,1,1,2,1,3,6,2,1,21,3,2,1,3,2,1,2,1
4,626,1342.0,108,terminated,1,0,0,1,1342.0,1,1,0,1,1,2,1,5,1,1,1,3,1,1,1,2,1,2,4,1,1,19,2,1,1,2,1,1,1,1
4,627,1453.0,197,terminated,1,0,0,2,1453.0,1,2,0,2,1,3,1,7,1,2,1,4,1,2,1,3,2,3,6,1,2,23,3,1,2,3,1,2,1,2
4,628,1724.0,126,terminated,2,0,0,2,1724.0,1,1,0,1,1,4,1,9,2,2,1,5,2,2,1,3,2,4,8,2,2,21,4,2,2,4,2,2,2,2
4,629,1571.0,79,terminated,1,0,0,2,1571.0,1,3,1,2,1,3,1,7,1,2,1,4,1,2,1,3,2,3,6,1,2,21,3,1,2,3,1,2,1,2
4,630,258.0,72,terminated,1,12,1,1,258.0,0,1,1,0,0,2,0,4,1,1,0,2,1,1,0,1,1,2,4,1,1,19,2,1,1,2,1,1,1,1
4,631,1561.0,89,terminated,1,0,0,2,1561.0,1,1,0,1,1,2,1,6,1,2,1,4,1,2,1,3,2,2,5,1,2,21,3,1,2,3,1,2,1,2
4,632,1310.0,140,terminated,1,0,0,1,1310.0,1,1,0,1,1,2,1,5,1,1,1,3,1,1,1,2,1,2,4,1,1,23,2,1,1,2,1,1,1,1
4,633,1121.0,129,terminated,1,0,0,0,1121.0,1,0,0,0,1,1,1,3,1,0,1,2,1,0,1,1,0,1,2,1,0,21,1,1,0,1,1,0,1,0
4,634,1369.0,81,terminated,2,0,0,0,1369.0,1,1,1,0,1,2,1,5,2,0,1,3,2,0,1,1,0,2,4,2,0,21,2,2,0,2,2,0,2,0
4,635,1747.0,103,terminated,2,0,0,2,1747.0,1,1,0,1,1,4,1,9,2,2,1,5,2,2,1,3,2,4,8,2,2,19,4,2,2,4,2,2,2,2
4,636,1742.0,108,terminated,2,0,0,2,1742.0,1,0,0,0,1,4,1,9,2,2,1,5,2,2,1,3,2,4,8,2,2,21,4,2,2,4,2,2,2,2
4,637,1126.0,124,terminated,0,0,0,1,1126.0,1,1,0,1,1,1,1,3,0,1,1,2,0,1,1,2,1,1,2,0,1,20,1,0,1,1,0,1,0,1
4,638,1572.0,78,terminated,1,0,0,2,1572.0,1,1,0,1,1,2,1,6,1,2,1,4,1,2,1,3,2,2,5,1,2,21,3,1,2,3,1,2,1,2
4,639,1177.0,73,terminated,0,0,0,1,1177.0,1,1,0,1,1,1,1,3,0,1,1,2,0,1,1,2,1,1,2,0,1,23,1,0,1,1,0,1,0,1
4,640,1369.0,81,terminated,1,0,0,1,1369.0,1,1,1,0,1,2,1,5,1,1,1,3,1,1,1,2,1,2,4,1,1,19,2,1,1,2,1,1,1,1
4,641,357.0,83,terminated,2,1,1,0,357.0,0,2,2,0,1,2,1,5,2,0,1,3,2,0,1,1,0,2,4,2,0,21,2,2,0,2,2,0,2,0
4,642,1540.0,110,terminated,1,0,0,2,1540.0,1,2,1,1,1,3,1,7,1,2,1,4,1,2,1,3,2,3,6,1,2,17,3,1,2,3,1,2,1,2
4,643,1115.0,135,terminated,1,0,0,0,1115.0,1,0,0,0,1,1,1,3,1,0,1,2,1,0,1,1,0,1,2,1,0,19,1,1,0,1,1,0,1,0
4,644,1339.0,111,terminated,1,0,0,1,1339.0,1,1,1,0,1,2,1,5,1,1,1,3,1,1,1,2,1,2,4,1,1,21,2,1,1,2,1,1,1,1
4,645,1527.0,123,terminated,2,0,0,1,1527.0,1,0,0,0,1,3,1,7,2,1,1,4,2,1,1,2,1,3,6,2,1,21,3,2,1,3,2,1,2,1
4,646,1375.0,75,terminated,1,0,0,1,1375.0,1,1,1,0,1,2,1,5,1,1,1,3,1,1,1,2,1,2,4,1,1,22,2,1,1,2,1,1,1,1
4,647,1059.0,191,terminated,0,0,0,1,1059.0,1,1,0,1,0,1,0,2,0,1,0,1,0,1,0,1,1,1,2,0,1,139,1,0,1,1,0,1,0,1
4,648,1362.0,88,terminated,1,0,0,1,1362.0,1,1,0,1,1,2,1,5,1,1,1,3,1,1,1,2,1,2,4,1,1,23,2,1,1,2,1,1,1,1
4,649,-19.0,79,terminated,0,19,1,1,-19.0,0,1,0,1,1,1,1,3,0,1,1,2,0,1,1,2,1,1,2,0,1,29,1,0,1,1,0,1,0,1
4,650,1533.0,117,terminated,1,0,0,2,1533.0,1,2,0,2,1,3,1,7,1,2,1,4,1,2,1,3,2,3,6,1,2,21,3,1,2,3,1,2,1,2
4,651,1165.0,85,terminated,0,0,0,1,1165.0,1,1,0,1,1,1,1,3,0,1,1,2,0,1,1,2,1,1,2,0,1,30,1,0,1,1,0,1,0,1
4,652,1167.0,83,terminated,1,0,0,0,1167.0,1,1,1,0,1,1,1,3,1,0,1,2,1,0,1,1,0,1,2,1,0,41,1,1,0,1,1,0,1,0
4,653,567.0,43,terminated,2,24,1,2,567.0,0,1,1,0,1,3,1,8,2,2,1,5,2,2,1,3,2,3,7,2,2,21,4,2,2,4,2,2,2,2
4,654,410.0,140,terminated,1,10,1,2,410.0,0,0,0,0,1,3,1,7,1,2,1,4,1,2,1,3,2,3,6,1,2,21,3,1,2,3,1,2,1,2
4,655,1377.0,73,terminated,0,0,0,2,1377.0,1,1,0,1,1,2,1,5,0,2,1,3,0,2,1,3,2,2,4,0,2,23,2,0,2,2,0,2,0,2
4,656,1377.0,73,terminated,0,0,0,2,1377.0,1,1,0,1,1,2,1,5,0,2,1,3,0,2,1,3,2,2,4,0,2,23,2,0,2,2,0,2,0,2
4,657,1104.0,146,terminated,0,0,0,1,1104.0,1,0,0,0,1,1,1,3,0,1,1,2,0,1,1,2,1,1,2,0,1,21,1,0,1,1,0,1,0,1
4,658,1162.0,88,terminated,1,0,0,0,1162.0,1,1,1,0,1,1,1,3,1,0,1,2,1,0,1,1,0,1,2,1,0,19,1,1,0,1,1,0,1,0
4,659,377.0,53,terminated,1,22,1,2,377.0,0,2,1,1,1,2,1,6,1,2,1,4,1,2,1,3,2,2,5,1,2,17,3,1,2,3,1,2,1,2
4,660,1375.0,75,terminated,1,0,0,1,1375.0,1,2,1,1,1,2,1,5,1,1,1,3,1,1,1,2,1,2,4,1,1,24,2,1,1,2,1,1,1,1
4,661,1353.0,97,terminated,1,0,0,1,1353.0,1,2,1,1,1,2,1,5,1,1,1,3,1,1,1,2,1,2,4,1,1,19,2,1,1,2,1,1,1,1
4,662,1373.0,77,terminated,1,0,0,1,1373.0,1,1,1,0,1,2,1,5,1,1,1,3,1,1,1,2,1,2,4,1,1,21,2,1,1,2,1,1,1,1
4,663,1717.0,133,terminated,2,0,0,2,1717.0,1,3,2,1,1,4,1,9,2,2,1,5,2,2,1,3,2,4,8,2,2,18,4,2,2,4,2,2,2,2
4,664,1739.0,111,terminated,2,0,0,2,1739.0,1,0,0,0,1,4,1,9,2,2,1,5,2,2,1,3,2,4,8,2,2,21,4,2,2,4,2,2,2,2
4,665,947.0,103,terminated,0,0,0,0,947.0,1,0,0,0,1,0,1,1,0,0,1,1,0,0,1,1,0,0,0,0,0,32,0,0,0,0,0,0,0,0
4,666,1377.0,73,terminated,1,0,0,1,1377.0,1,0,0,0,1,2,1,5,1,1,1,3,1,1,1,2,1,2,4,1,1,19,2,1,1,2,1,1,1,1
4,667,1554.0,96,terminated,2,0,0,1,1554.0,1,1,1,0,1,3,1,7,2,1,1,4,2,1,1,2,1,3,6,2,1,21,3,2,1,3,2,1,2,1
4,668,1154.0,96,terminated,0,0,0,1,1154.0,1,1,0,1,1,1,1,3,0,1,1,2,0,1,1,2,1,1,2,0,1,24,1,0,1,1,0,1,0,1
4,669,1323.0,127,terminated,2,0,0,0,1323.0,1,0,0,0,1,2,1,5,2,0,1,3,2,0,1,1,0,2,4,2,0,21,2,2,0,2,2,0,2,0
4,670,1333.0,117,terminated,1,0,0,1,1333.0,1,0,0,0,1,2,1,5,1,1,1,3,1,1,1,2,1,2,4,1,1,21,2,1,1,2,1,1,1,1
4,671,128.0,92,terminated,0,3,1,1,128.0,0,1,0,1,1,1,1,3,0,1,1,2,0,1,1,2,1,1,2,0,1,23,1,0,1,1,0,1,0,1
4,672,967.0,83,terminated,0,0,0,0,967.0,1,0,0,0,1,0,1,1,0,0,1,1,0,0,1,1,0,0,0,0,0,30,0,0,0,0,0,0,0,0
4,673,372.0,48,terminated,1,23,1,2,372.0,0,2,1,1,0,3,0,6,1,2,0,3,1,2,0,2,2,3,6,1,2,17,3,1,2,3,1,2,1,2
4,674,1332.0,118,terminated,0,0,0,2,1332.0,1,2,0,2,1,2,1,5,0,2,1,3,0,2,1,3,2,2,4,0,2,21,2,0,2,2,0,2,0,2
4,675,1754.0,96,terminated,2,0,0,2,1754.0,1,3,2,1,1,4,1,9,2,2,1,5,2,2,1,3,2,4,8,2,2,23,4,2,2,4,2,2,2,2
4,676,277.0,83,terminated,2,9,1,0,277.0,0,1,1,0,1,2,1,5,2,0,1,3,2,0,1,1,0,2,4,2,0,21,2,2,0,2,2,0,2,0
4,677,1170.0,80,terminated,1,0,0,0,1170.0,1,0,0,0,1,1,1,3,1,0,1,2,1,0,1,1,0,1,2,1,0,21,1,1,0,1,1,0,1,0
4,678,181.0,59,terminated,1,21,1,1,181.0,0,1,1,0,1,2,1,5,1,1,1,3,1,1,1,2,1,2,4,1,1,31,2,1,1,2,1,1,1,1
4,679,1540.0,110,terminated,1,0,0,2,1540.0,1,1,0,1,1,2,1,6,1,2,1,4,1,2,1,3,2,2,5,1,2,21,3,1,2,3,1,2,1,2
4,680,1495.0,155,terminated,1,0,0,2,1495.0,1,3,1,2,1,3,1,7,1,2,1,4,1,2,1,3,2,3,6,1,2,19,3,1,2,3,1,2,1,2
4,681,1302.0,148,terminated,1,0,0,1,1302.0,1,1,1,0,1,2,1,5,1,1,1,3,1,1,1,2,1,2,4,1,1,21,2,1,1,2,1,1,1,1
4,682,1158.0,92,terminated,0,0,0,1,1158.0,1,1,0,1,1,1,1,3,0,1,1,2,0,1,1,2,1,1,2,0,1,21,1,0,1,1,0,1,0,1
4,683,-160.0,110,terminated,0,10,1,0,-160.0,0,0,0,0,1,0,1,1,0,0,1,1,0,0,1,1,0,0,0,0,0,70,0,0,0,0,0,0,0,0
4,684,1542.0,108,terminated,1,0,0,2,1542.0,1,3,1,2,1,3,1,7,1,2,1,4,1,2,1,3,2,3,6,1,2,19,3,1,2,3,1,2,1,2
4,685,1577.0,73,terminated,1,0,0,2,1577.0,1,2,0,2,1,3,1,7,1,2,1,4,1,2,1,3,2,3,6,1,2,23,3,1,2,3,1,2,1,2
4,686,1177.0,73,terminated,0,0,0,1,1177.0,1,1,0,1,1,1,1,3,0,1,1,2,0,1,1,2,1,1,2,0,1,23,1,0,1,1,0,1,0,1
4,687,270.0,90,terminated,1,9,1,1,270.0,0,1,0,1,1,2,1,5,1,1,1,3,1,1,1,2,1,2,4,1,1,21,2,1,1,2,1,1,1,1
4,688,402.0,128,terminated,1,12,1,2,402.0,0,2,1,1,1,3,1,7,1,2,1,4,1,2,1,3,2,3,6,1,2,21,3,1,2,3,1,2,1,2
4,689,517.0,123,terminated,1,1,1,2,517.0,0,2,1,1,1,3,1,7,1,2,1,4,1,2,1,3,2,3,6,1,2,18,3,1,2,3,1,2,1,2
4,690,1357.0,93,terminated,1,0,0,1,1357.0,1,1,1,0,1,2,1,5,1,1,1,3,1,1,1,2,1,2,4,1,1,23,2,1,1,2,1,1,1,1
4,691,1324.0,126,terminated,1,0,0,1,1324.0,1,2,1,1,1,1,1,4,1,1,1,3,1,1,1,2,1,1,3,1,1,24,2,1,1,2,1,1,1,1
4,692,1544.0,106,terminated,2,0,0,1,1544.0,1,1,1,0,1,3,1,7,2,1,1,4,2,1,1,2,1,3,6,2,1,22,3,2,1,3,2,1,2,1
4,693,1560.0,90,terminated,2,0,0,1,1560.0,1,2,1,1,1,3,1,7,2,1,1,4,2,1,1,2,1,3,6,2,1,23,3,2,1,3,2,1,2,1
4,694,1348.0,102,terminated,1,0,0,1,1348.0,1,1,1,0,1,2,1,5,1,1,1,3,1,1,1,2,1,2,4,1,1,23,2,1,1,2,1,1,1,1
4,695,1354.0,96,terminated,1,0,0,1,1354.0,1,1,0,1,1,2,1,5,1,1,1,3,1,1,1,2,1,2,4,1,1,21,2,1,1,2,1,1,1,1
4,696,1177.0,73,terminated,1,0,0,0,1177.0,1,1,1,0,1,1,1,3,1,0,1,2,1,0,1,1,0,1,2,1,0,21,1,1,0,1,1,0,1,0
4,697,979.0,71,terminated,0,0,0,0,979.0,1,0,0,0,1,0,1,1,0,0,1,1,0,0,1,1,0,0,0,0,0,23,0,0,0,0,0,0,0,0
4,698,35.0,125,terminated,0,9,1,1,35.0,0,0,0,0,1,1,1,3,0,1,1,2,0,1,1,2,1,1,2,0,1,23,1,0,1,1,0,1,0,1
4,699,1522.0,128,terminated,1,0,0,2,1522.0,1,1,0,1,1,3,1,7,1,2,1,4,1,2,1,3,2,3,6,1,2,21,3,1,2,3,1,2,1,2
4,700,1377.0,73,terminated,2,0,0,0,1377.0,1,1,1,0,1,2,1,5,2,0,1,3,2,0,1,1,0,2,4,2,0,21,2,2,0,2,2,0,2,0
4,701,399.0,71,terminated,2,18,1,1,399.0,0,2,1,1,1,3,1,7,2,1,1,4,2,1,1,2,1,3,6,2,1,23,3,2,1,3,2,1,2,1
4,702,1175.0,75,terminated,0,0,0,1,1175.0,1,1,0,1,1,1,1,3,0,1,1,2,0,1,1,2,1,1,2,0,1,25,1,0,1,1,0,1,0,1
4,703,-66.0,106,terminated,0,1,1,0,-66.0,0,0,0,0,1,0,1,1,0,0,1,1,0,0,1,1,0,0,0,0,0,59,0,0,0,0,0,0,0,0
4,704,1352.0,98,terminated,1,0,0,1,1352.0,1,0,0,0,1,2,1,5,1,1,1,3,1,1,1,2,1,2,4,1,1,23,2,1,1,2,1,1,1,1
4,705,1550.0,100,terminated,2,0,0,1,1550.0,1,3,2,1,1,3,1,7,2,1,1,4,2,1,1,2,1,3,6,2,1,21,3,2,1,3,2,1,2,1
4,706,1326.0,124,terminated,1,0,0,1,1326.0,1,0,0,0,1,2,1,5,1,1,1,3,1,1,1,2,1,2,4,1,1,20,2,1,1,2,1,1,1,1
4,707,1370.0,80,terminated,1,0,0,1,1370.0,1,1,0,1,1,2,1,5,1,1,1,3,1,1,1,2,1,2,4,1,1,21,2,1,1,2,1,1,1,1
4,708,337.0,73,terminated,1,4,1,1,337.0,0,0,0,0,1,2,1,5,1,1,1,3,1,1,1,2,1,2,4,1,1,21,2,1,1,2,1,1,1,1
4,709,1760.0,90,terminated,2,0,0,2,1760.0,1,4,2,2,1,4,1,9,2,2,1,5,2,2,1,3,2,4,8,2,2,18,4,2,2,4,2,2,2,2
4,710,75.0,85,terminated,1,9,1,0,75.0,0,1,1,0,1,1,1,3,1,0,1,2,1,0,1,1,0,1,2,1,0,22,1,1,0,1,1,0,1,0
4,711,1331.0,119,terminated,1,0,0,1,1331.0,1,2,1,1,1,2,1,5,1,1,1,3,1,1,1,2,1,2,4,1,1,21,2,1,1,2,1,1,1,1
4,712,1365.0,85,terminated,0,0,0,2,1365.0,1,1,0,1,1,2,1,5,0,2,1,3,0,2,1,3,2,2,4,0,2,21,2,0,2,2,0,2,0,2
4,713,148.0,52,terminated,1,25,1,1,148.0,0,2,1,1,0,2,0,4,1,1,0,2,1,1,0,1,1,2,4,1,1,23,2,1,1,2,1,1,1,1
4,714,638.0,122,terminated,2,9,1,2,638.0,0,3,1,2,1,4,1,9,2,2,1,5,2,2,1,3,2,4,8,2,2,17,4,2,2,4,2,2,2,2
4,715,1316.0,134,terminated,1,0,0,1,1316.0,1,0,0,0,1,2,1,5,1,1,1,3,1,1,1,2,1,2,4,1,1,21,2,1,1,2,1,1,1,1
4,716,1368.0,82,terminated,1,0,0,1,1368.0,1,0,0,0,1,2,1,5,1,1,1,3,1,1,1,2,1,2,4,1,1,19,2,1,1,2,1,1,1,1
4,717,1557.0,93,terminated,1,0,0,2,1557.0,1,1,0,1,1,3,1,7,1,2,1,4,1,2,1,3,2,3,6,1,2,21,3,1,2,3,1,2,1,2
4,718,67.0,103,terminated,0,8,1,1,67.0,0,0,0,0,1,1,1,3,0,1,1,2,0,1,1,2,1,1,2,0,1,19,1,0,1,1,0,1,0,1
4,719,549.0,91,terminated,1,1,1,2,549.0,0,1,0,1,1,2,1,6,1,2,1,4,1,2,1,3,2,2,5,1,2,23,3,1,2,3,1,2,1,2
4,720,1760.0,90,terminated,2,0,0,2,1760.0,1,4,2,2,0,4,0,8,2,2,0,4,2,2,0,2,2,4,8,2,2,14,4,2,2,4,2,2,2,2
4,721,1140.0,110,terminated,1,0,0,0,1140.0,1,1,1,0,1,1,1,3,1,0,1,2,1,0,1,1,0,1,2,1,0,21,1,1,0,1,1,0,1,0
4,722,128.0,92,terminated,0,3,1,1,128.0,0,1,0,1,1,1,1,3,0,1,1,2,0,1,1,2,1,1,2,0,1,32,1,0,1,1,0,1,0,1
4,723,1177.0,73,terminated,0,0,0,1,1177.0,1,1,0,1,1,1,1,3,0,1,1,2,0,1,1,2,1,1,2,0,1,22,1,0,1,1,0,1,0,1
4,724,1352.0,98,terminated,1,0,0,1,1352.0,1,1,0,1,1,2,1,5,1,1,1,3,1,1,1,2,1,2,4,1,1,23,2,1,1,2,1,1,1,1
4,725,1319.0,131,terminated,1,0,0,1,1319.0,1,2,1,1,1,2,1,5,1,1,1,3,1,1,1,2,1,2,4,1,1,21,2,1,1,2,1,1,1,1
4,726,1553.0,97,terminated,1,0,0,2,1553.0,1,1,0,1,1,3,1,7,1,2,1,4,1,2,1,3,2,3,6,1,2,21,3,1,2,3,1,2,1,2
4,727,1722.0,128,terminated,2,0,0,2,1722.0,1,2,0,2,1,4,1,9,2,2,1,5,2,2,1,3,2,4,8,2,2,36,4,2,2,4,2,2,2,2
4,728,1162.0,88,terminated,0,0,0,1,1162.0,1,0,0,0,1,1,1,3,0,1,1,2,0,1,1,2,1,1,2,0,1,48,1,0,1,1,0,1,0,1
4,729,1762.0,88,terminated,2,0,0,2,1762.0,1,2,0,2,1,4,1,9,2,2,1,5,2,2,1,3,2,4,8,2,2,29,4,2,2,4,2,2,2,2
4,730,1173.0,77,terminated,1,0,0,0,1173.0,1,0,0,0,1,1,1,3,1,0,1,2,1,0,1,1,0,1,2,1,0,19,1,1,0,1,1,0,1,0
4,731,469.0,121,terminated,2,6,1,1,469.0,0,2,1,1,1,3,1,7,2,1,1,4,2,1,1,2,1,3,6,2,1,23,3,2,1,3,2,1,2,1
4,732,1570.0,80,terminated,1,0,0,2,1570.0,1,2,1,1,1,3,1,7,1,2,1,4,1,2,1,3,2,3,6,1,2,21,3,1,2,3,1,2,1,2
4,733,1341.0,109,terminated,2,0,0,0,1341.0,1,1,1,0,1,2,1,5,2,0,1,3,2,0,1,1,0,2,4,2,0,21,2,2,0,2,2,0,2,0
4,734,1152.0,98,terminated,1,0,0,0,1152.0,1,0,0,0,1,1,1,3,1,0,1,2,1,0,1,1,0,1,2,1,0,23,1,1,0,1,1,0,1,0
4,735,1521.0,129,terminated,1,0,0,2,1521.0,1,1,0,1,1,3,1,7,1,2,1,4,1,2,1,3,2,3,6,1,2,21,3,1,2,3,1,2,1,2
4,736,31.0,119,terminated,0,10,1,1,31.0,0,1,0,1,1,1,1,3,0,1,1,2,0,1,1,2,1,1,2,0,1,23,1,0,1,1,0,1,0,1
4,737,1544.0,106,terminated,2,0,0,1,1544.0,1,2,2,0,0,3,0,6,2,1,0,3,2,1,0,1,1,3,6,2,1,22,3,2,1,3,2,1,2,1
4,738,1376.0,74,terminated,2,0,0,0,1376.0,1,1,1,0,1,1,1,4,2,0,1,3,2,0,1,1,0,1,3,2,0,21,2,2,0,2,2,0,2,0
4,739,1374.0,76,terminated,2,0,0,0,1374.0,1,1,1,0,1,2,1,5,2,0,1,3,2,0,1,1,0,2,4,2,0,21,2,2,0,2,2,0,2,0
4,740,963.0,87,terminated,0,0,0,0,963.0,1,0,0,0,1,0,1,1,0,0,1,1,0,0,1,1,0,0,0,0,0,34,0,0,0,0,0,0,0,0
4,741,1343.0,107,terminated,1,0,0,1,1343.0,1,0,0,0,1,2,1,5,1,1,1,3,1,1,1,2,1,2,4,1,1,21,2,1,1,2,1,1,1,1
4,742,589.0,71,terminated,2,19,1,2,589.0,0,2,2,0,1,4,1,9,2,2,1,5,2,2,1,3,2,4,8,2,2,21,4,2,2,4,2,2,2,2
4,743,1565.0,85,terminated,1,0,0,2,1565.0,1,1,0,1,1,3,1,7,1,2,1,4,1,2,1,3,2,3,6,1,2,23,3,1,2,3,1,2,1,2
4,744,1157.0,93,terminated,0,0,0,1,1157.0,1,1,0,1,1,1,1,3,0,1,1,2,0,1,1,2,1,1,2,0,1,24,1,0,1,1,0,1,0,1
4,745,1377.0,73,terminated,0,0,0,2,1377.0,1,1,0,1,1,2,1,5,0,2,1,3,0,2,1,3,2,2,4,0,2,21,2,0,2,2,0,2,0,2
4,746,1354.0,96,terminated,0,0,0,2,1354.0,1,2,0,2,1,2,1,5,0,2,1,3,0,2,1,3,2,2,4,0,2,25,2,0,2,2,0,2,0,2
4,747,1551.0,99,terminated,1,0,0,2,1551.0,1,1,0,1,1,3,1,7,1,2,1,4,1,2,1,3,2,3,6,1,2,21,3,1,2,3,1,2,1,2
4,748,1357.0,93,terminated,2,0,0,0,1357.0,1,1,1,0,1,2,1,5,2,0,1,3,2,0,1,1,0,2,4,2,0,21,2,2,0,2,2,0,2,0
4,749,939.0,111,terminated,0,0,0,0,939.0,1,0,0,0,1,0,1,1,0,0,1,1,0,0,1,1,0,0,0,0,0,57,0,0,0,0,0,0,0,0
4,750,1301.0,149,terminated,1,0,0,1,1301.0,1,2,1,1,1,2,1,5,1,1,1,3,1,1,1,2,1,2,4,1,1,22,2,1,1,2,1,1,1,1
4,751,1326.0,124,terminated,1,0,0,1,1326.0,1,2,1,1,1,2,1,5,1,1,1,3,1,1,1,2,1,2,4,1,1,21,2,1,1,2,1,1,1,1
4,752,589.0,201,terminated,2,6,1,2,589.0,0,2,1,1,1,4,1,9,2,2,1,5,2,2,1,3,2,4,8,2,2,19,4,2,2,4,2,2,2,2
4,753,75.0,85,terminated,0,9,1,1,75.0,0,1,0,1,0,1,0,2,0,1,0,1,0,1,0,1,1,1,2,0,1,19,1,0,1,1,0,1,0,1
4,754,1166.0,84,terminated,1,0,0,0,1166.0,1,1,1,0,1,1,1,3,1,0,1,2,1,0,1,1,0,1,2,1,0,25,1,1,0,1,1,0,1,0
4,755,1322.0,128,terminated,1,0,0,1,1322.0,1,0,0,0,1,2,1,5,1,1,1,3,1,1,1,2,1,2,4,1,1,21,2,1,1,2,1,1,1,1
4,756,40.0,120,terminated,0,9,1,1,40.0,0,0,0,0,1,1,1,3,0,1,1,2,0,1,1,2,1,1,2,0,1,21,1,0,1,1,0,1,0,1
4,757,1762.0,88,terminated,2,0,0,2,1762.0,1,2,1,1,1,4,1,9,2,2,1,5,2,2,1,3,2,4,8,2,2,21,4,2,2,4,2,2,2,2
4,758,270.0,90,terminated,1,9,1,1,270.0,0,2,1,1,1,2,1,5,1,1,1,3,1,1,1,2,1,2,4,1,1,23,2,1,1,2,1,1,1,1
4,759,246.0,64,terminated,1,14,1,1,246.0,0,1,0,1,1,2,1,5,1,1,1,3,1,1,1,2,1,2,4,1,1,26,2,1,1,2,1,1,1,1
4,760,209.0,41,terminated,1,20,1,1,209.0,0,0,0,0,1,2,1,5,1,1,1,3,1,1,1,2,1,2,4,1,1,23,2,1,1,2,1,1,1,1
4,761,1535.0,115,terminated,1,0,0,2,1535.0,1,2,1,1,1,3,1,7,1,2,1,4,1,2,1,3,2,3,6,1,2,17,3,1,2,3,1,2,1,2
4,762,1364.0,86,terminated,1,0,0,1,1364.0,1,1,0,1,1,2,1,5,1,1,1,3,1,1,1,2,1,2,4,1,1,21,2,1,1,2,1,1,1,1
4,763,483.0,67,terminated,2,10,1,1,483.0,0,3,2,1,0,3,0,6,2,1,0,3,2,1,0,1,1,3,6,2,1,15,3,2,1,3,2,1,2,1
4,764,1538.0,112,terminated,2,0,0,1,1538.0,1,2,2,0,1,3,1,7,2,1,1,4,2,1,1,2,1,3,6,2,1,21,3,2,1,3,2,1,2,1
4,765,352.0,88,terminated,1,1,1,1,352.0,0,1,0,1,1,2,1,5,1,1,1,3,1,1,1,2,1,2,4,1,1,23,2,1,1,2,1,1,1,1
4,766,355.0,85,terminated,0,1,1,2,355.0,0,2,0,2,1,2,1,5,0,2,1,3,0,2,1,3,2,2,4,0,2,21,2,0,2,2,0,2,0,2
4,767,1359.0,91,terminated,2,0,0,0,1359.0,1,2,2,0,1,2,1,5,2,0,1,3,2,0,1,1,0,2,4,2,0,21,2,2,0,2,2,0,2,0
4,768,641.0,89,terminated,2,12,1,2,641.0,0,1,1,0,1,4,1,9,2,2,1,5,2,2,1,3,2,4,8,2,2,25,4,2,2,4,2,2,2,2
4,769,205.0,45,terminated,1,20,1,1,205.0,0,1,1,0,1,2,1,5,1,1,1,3,1,1,1,2,1,2,4,1,1,19,2,1,1,2,1,1,1,1
4,770,1502.0,148,terminated,2,0,0,1,1502.0,1,1,1,0,1,3,1,7,2,1,1,4,2,1,1,2,1,3,6,2,1,23,3,2,1,3,2,1,2,1
4,771,1355.0,95,terminated,1,0,0,1,1355.0,1,1,0,1,1,2,1,5,1,1,1,3,1,1,1,2,1,2,4,1,1,23,2,1,1,2,1,1,1,1
4,772,1356.0,94,terminated,1,0,0,1,1356.0,1,1,0,1,1,2,1,5,1,1,1,3,1,1,1,2,1,2,4,1,1,21,2,1,1,2,1,1,1,1
4,773,221.0,139,terminated,1,9,1,1,221.0,0,0,0,0,1,2,1,5,1,1,1,3,1,1,1,2,1,2,4,1,1,21,2,1,1,2,1,1,1,1
4,774,1180.0,70,terminated,0,0,0,1,1180.0,1,1,0,1,0,1,0,2,0,1,0,1,0,1,0,1,1,1,2,0,1,21,1,0,1,1,0,1,0,1
4,775,1553.0,97,terminated,2,0,0,1,1553.0,1,2,1,1,1,3,1,7,2,1,1,4,2,1,1,2,1,3,6,2,1,21,3,2,1,3,2,1,2,1
4,776,957.0,93,terminated,0,0,0,0,957.0,1,0,0,0,1,0,1,1,0,0,1,1,0,0,1,1,0,0,0,0,0,53,0,0,0,0,0,0,0,0
4,777,1173.0,77,terminated,1,0,0,0,1173.0,1,1,1,0,1,1,1,3,1,0,1,2,1,0,1,1,0,1,2,1,0,31,1,1,0,1,1,0,1,0
4,778,46.0,44,terminated,0,16,1,1,46.0,0,0,0,0,1,1,1,3,0,1,1,2,0,1,1,2,1,1,2,0,1,21,1,0,1,1,0,1,0,1
4,779,1570.0,80,terminated,2,0,0,1,1570.0,1,1,1,0,1,3,1,7,2,1,1,4,2,1,1,2,1,3,6,2,1,23,3,2,1,3,2,1,2,1
4,780,1314.0,136,terminated,0,0,0,2,1314.0,1,1,0,1,1,2,1,5,0,2,1,3,0,2,1,3,2,2,4,0,2,19,2,0,2,2,0,2,0,2
4,781,1565.0,85,terminated,1,0,0,2,1565.0,1,2,1,1,1,3,1,7,1,2,1,4,1,2,1,3,2,3,6,1,2,21,3,1,2,3,1,2,1,2
4,782,706.0,124,terminated,2,2,1,2,706.0,0,4,2,2,1,4,1,9,2,2,1,5,2,2,1,3,2,4,8,2,2,17,4,2,2,4,2,2,2,2
4,783,1493.0,157,terminated,1,0,0,2,1493.0,1,0,0,0,1,3,1,7,1,2,1,4,1,2,1,3,2,3,6,1,2,21,3,1,2,3,1,2,1,2
4,784,258.0,72,terminated,1,12,1,1,258.0,0,1,0,1,1,2,1,5,1,1,1,3,1,1,1,2,1,2,4,1,1,21,2,1,1,2,1,1,1,1
4,785,973.0,77,terminated,0,0,0,0,973.0,1,0,0,0,1,0,1,1,0,0,1,1,0,0,1,1,0,0,0,0,0,33,0,0,0,0,0,0,0,0
4,786,1308.0,142,terminated,1,0,0,1,1308.0,1,1,1,0,1,2,1,5,1,1,1,3,1,1,1,2,1,2,4,1,1,21,2,1,1,2,1,1,1,1
4,787,109.0,121,terminated,0,2,1,1,109.0,0,1,0,1,1,1,1,3,0,1,1,2,0,1,1,2,1,1,2,0,1,21,1,0,1,1,0,1,0,1
4,788,128.0,112,terminated,0,1,1,1,128.0,0,0,0,0,1,1,1,3,0,1,1,2,0,1,1,2,1,1,2,0,1,19,1,0,1,1,0,1,0,1
4,789,1368.0,82,terminated,1,0,0,1,1368.0,1,2,1,1,1,1,1,4,1,1,1,3,1,1,1,2,1,1,3,1,1,15,2,1,1,2,1,1,1,1
4,790,247.0,113,terminated,1,9,1,1,247.0,0,1,1,0,1,2,1,5,1,1,1,3,1,1,1,2,1,2,4,1,1,21,2,1,1,2,1,1,1,1
4,791,1727.0,123,terminated,2,0,0,2,1727.0,1,3,1,2,1,3,1,8,2,2,1,5,2,2,1,3,2,3,7,2,2,19,4,2,2,4,2,2,2,2
4,792,1309.0,141,terminated,1,0,0,1,1309.0,1,1,0,1,1,2,1,5,1,1,1,3,1,1,1,2,1,2,4,1,1,32,2,1,1,2,1,1,1,1
4,793,1374.0,76,terminated,1,0,0,1,1374.0,1,1,1,0,1,2,1,5,1,1,1,3,1,1,1,2,1,2,4,1,1,23,2,1,1,2,1,1,1,1
4,794,1373.0,77,terminated,1,0,0,1,1373.0,1,1,1,0,1,2,1,5,1,1,1,3,1,1,1,2,1,2,4,1,1,19,2,1,1,2,1,1,1,1
4,795,546.0,94,terminated,1,1,1,2,546.0,0,2,1,1,1,3,1,7,1,2,1,4,1,2,1,3,2,3,6,1,2,21,3,1,2,3,1,2,1,2
4,796,1149.0,101,terminated,0,0,0,1,1149.0,1,0,0,0,1,1,1,3,0,1,1,2,0,1,1,2,1,1,2,0,1,22,1,0,1,1,0,1,0,1
4,797,65.0,25,terminated,1,36,1,1,65.0,0,2,1,1,1,2,1,5,1,1,1,3,1,1,1,2,1,2,4,1,1,18,2,1,1,2,1,1,1,1
4,798,1576.0,74,terminated,2,0,0,1,1576.0,1,2,1,1,1,3,1,7,2,1,1,4,2,1,1,2,1,3,6,2,1,19,3,2,1,3,2,1,2,1
4,799,206.0,44,terminated,1,20,1,1,206.0,0,0,0,0,1,2,1,5,1,1,1,3,1,1,1,2,1,2,4,1,1,21,2,1,1,2,1,1,1,1
4,800,1177.0,73,terminated,1,0,0,0,1177.0,1,0,0,0,1,1,1,3,1,0,1,2,1,0,1,1,0,1,2,1,0,21,1,1,0,1,1,0,1,0
4,801,1176.0,74,terminated,1,0,0,0,1176.0,1,1,1,0,1,1,1,3,1,0,1,2,1,0,1,1,0,1,2,1,0,21,1,1,0,1,1,0,1,0
4,802,-1.0,51,terminated,0,20,1,1,-1.0,0,1,0,1,1,1,1,3,0,1,1,2,0,1,1,2,1,1,2,0,1,23,1,0,1,1,0,1,0,1
4,803,1171.0,79,terminated,1,0,0,0,1171.0,1,0,0,0,1,1,1,3,1,0,1,2,1,0,1,1,0,1,2,1,0,19,1,1,0,1,1,0,1,0
4,804,1376.0,74,terminated,1,0,0,1,1376.0,1,1,0,1,1,2,1,5,1,1,1,3,1,1,1,2,1,2,4,1,1,22,2,1,1,2,1,1,1,1
4,805,1355.0,95,terminated,2,0,0,0,1355.0,1,0,0,0,1,2,1,5,2,0,1,3,2,0,1,1,0,2,4,2,0,24,2,2,0,2,2,0,2,0
4,806,53.0,87,terminated,1,11,1,0,53.0,0,0,0,0,1,1,1,3,1,0,1,2,1,0,1,1,0,1,2,1,0,19,1,1,0,1,1,0,1,0
4,807,1533.0,117,terminated,2,0,0,1,1533.0,1,0,0,0,1,3,1,7,2,1,1,4,2,1,1,2,1,3,6,2,1,23,3,2,1,3,2,1,2,1
4,808,1368.0,82,terminated,2,0,0,0,1368.0,1,1,1,0,1,2,1,5,2,0,1,3,2,0,1,1,0,2,4,2,0,24,2,2,0,2,2,0,2,0
4,809,438.0,122,terminated,1,9,1,2,438.0,0,3,1,2,1,3,1,7,1,2,1,4,1,2,1,3,2,3,6,1,2,19,3,1,2,3,1,2,1,2
4,810,466.0,94,terminated,2,9,1,1,466.0,0,1,1,0,1,3,1,7,2,1,1,4,2,1,1,2,1,3,6,2,1,21,3,2,1,3,2,1,2,1
4,811,1377.0,73,terminated,1,0,0,1,1377.0,1,1,0,1,1,2,1,5,1,1,1,3,1,1,1,2,1,2,4,1,1,21,2,1,1,2,1,1,1,1
4,812,1103.0,147,terminated,0,0,0,1,1103.0,1,0,0,0,1,1,1,3,0,1,1,2,0,1,1,2,1,1,2,0,1,19,1,0,1,1,0,1,0,1
4,813,1539.0,111,terminated,2,0,0,1,1539.0,1,3,2,1,1,3,1,7,2,1,1,4,2,1,1,2,1,3,6,2,1,23,3,2,1,3,2,1,2,1
4,814,176.0,44,terminated,1,23,1,1,176.0,0,1,0,1,1,2,1,5,1,1,1,3,1,1,1,2,1,2,4,1,1,24,2,1,1,2,1,1,1,1
4,815,1368.0,82,terminated,1,0,0,1,1368.0,1,1,0,1,1,2,1,5,1,1,1,3,1,1,1,2,1,2,4,1,1,22,2,1,1,2,1,1,1,1
4,816,159.0,51,terminated,1,24,1,1,159.0,0,1,0,1,1,2,1,5,1,1,1,3,1,1,1,2,1,2,4,1,1,26,2,1,1,2,1,1,1,1
4,817,1569.0,81,terminated,1,0,0,2,1569.0,1,1,0,1,1,3,1,7,1,2,1,4,1,2,1,3,2,3,6,1,2,19,3,1,2,3,1,2,1,2
4,818,17.0,43,terminated,0,19,1,1,17.0,0,1,0,1,1,1,1,3,0,1,1,2,0,1,1,2,1,1,2,0,1,19,1,0,1,1,0,1,0,1
4,819,1569.0,81,terminated,2,0,0,1,1569.0,1,2,1,1,1,3,1,7,2,1,1,4,2,1,1,2,1,3,6,2,1,19,3,2,1,3,2,1,2,1
4,820,1178.0,72,terminated,0,0,0,1,1178.0,1,0,0,0,1,1,1,3,0,1,1,2,0,1,1,2,1,1,2,0,1,21,1,0,1,1,0,1,0,1
4,821,472.0,78,terminated,2,10,1,1,472.0,0,1,1,0,1,3,1,7,2,1,1,4,2,1,1,2,1,3,6,2,1,21,3,2,1,3,2,1,2,1
4,822,1770.0,80,terminated,2,0,0,2,1770.0,1,3,2,1,1,4,1,9,2,2,1,5,2,2,1,3,2,4,8,2,2,22,4,2,2,4,2,2,2,2
4,823,417.0,133,terminated,1,10,1,2,417.0,0,0,0,0,1,3,1,7,1,2,1,4,1,2,1,3,2,3,6,1,2,21,3,1,2,3,1,2,1,2
4,824,1542.0,108,terminated,1,0,0,2,1542.0,1,3,1,2,1,3,1,7,1,2,1,4,1,2,1,3,2,3,6,1,2,24,3,1,2,3,1,2,1,2
4,825,1169.0,81,terminated,0,0,0,1,1169.0,1,0,0,0,1,1,1,3,0,1,1,2,0,1,1,2,1,1,2,0,1,21,1,0,1,1,0,1,0,1
4,826,1377.0,73,terminated,1,0,0,1,1377.0,1,2,1,1,1,1,1,4,1,1,1,3,1,1,1,2,1,1,3,1,1,18,2,1,1,2,1,1,1,1
4,827,1569.0,81,terminated,1,0,0,2,1569.0,1,0,0,0,1,2,1,6,1,2,1,4,1,2,1,3,2,2,5,1,2,21,3,1,2,3,1,2,1,2
4,828,1368.0,82,terminated,1,0,0,1,1368.0,1,1,0,1,1,2,1,5,1,1,1,3,1,1,1,2,1,2,4,1,1,25,2,1,1,2,1,1,1,1
4,829,221.0,39,terminated,1,19,1,1,221.0,0,0,0,0,1,2,1,5,1,1,1,3,1,1,1,2,1,2,4,1,1,19,2,1,1,2,1,1,1,1
4,830,1513.0,137,terminated,2,0,0,1,1513.0,1,3,2,1,1,3,1,7,2,1,1,4,2,1,1,2,1,3,6,2,1,21,3,2,1,3,2,1,2,1
4,831,1369.0,81,terminated,1,0,0,1,1369.0,1,0,0,0,1,2,1,5,1,1,1,3,1,1,1,2,1,2,4,1,1,19,2,1,1,2,1,1,1,1
4,832,1506.0,144,terminated,2,0,0,1,1506.0,1,1,1,0,1,3,1,7,2,1,1,4,2,1,1,2,1,3,6,2,1,21,3,2,1,3,2,1,2,1
4,833,291.0,99,terminated,1,6,1,1,291.0,0,0,0,0,1,2,1,5,1,1,1,3,1,1,1,2,1,2,4,1,1,21,2,1,1,2,1,1,1,1
4,834,1755.0,95,terminated,2,0,0,2,1755.0,1,1,0,1,1,3,1,8,2,2,1,5,2,2,1,3,2,3,7,2,2,24,4,2,2,4,2,2,2,2
4,835,287.0,133,terminated,0,3,1,2,287.0,0,1,0,1,1,2,1,5,0,2,1,3,0,2,1,3,2,2,4,0,2,21,2,0,2,2,0,2,0,2
4,836,1573.0,77,terminated,2,0,0,1,1573.0,1,3,2,1,1,3,1,7,2,1,1,4,2,1,1,2,1,3,6,2,1,19,3,2,1,3,2,1,2,1
4,837,1561.0,89,terminated,1,0,0,2,1561.0,1,2,1,1,1,3,1,7,1,2,1,4,1,2,1,3,2,3,6,1,2,22,3,1,2,3,1,2,1,2
4,838,1177.0,73,terminated,1,0,0,0,1177.0,1,1,1,0,1,1,1,3,1,0,1,2,1,0,1,1,0,1,2,1,0,29,1,1,0,1,1,0,1,0
4,839,1571.0,79,terminated,2,0,0,1,1571.0,1,3,2,1,1,3,1,7,2,1,1,4,2,1,1,2,1,3,6,2,1,25,3,2,1,3,2,1,2,1
4,840,1343.0,107,terminated,1,0,0,1,1343.0,1,1,1,0,1,2,1,5,1,1,1,3,1,1,1,2,1,2,4,1,1,19,2,1,1,2,1,1,1,1
4,841,514.0,96,terminated,2,4,1,1,514.0,0,2,2,0,1,3,1,7,2,1,1,4,2,1,1,2,1,3,6,2,1,23,3,2,1,3,2,1,2,1
4,842,463.0,177,terminated,2,1,1,1,463.0,0,1,1,0,1,3,1,7,2,1,1,4,2,1,1,2,1,3,6,2,1,21,3,2,1,3,2,1,2,1
4,843,1176.0,74,terminated,1,0,0,0,1176.0,1,0,0,0,1,1,1,3,1,0,1,2,1,0,1,1,0,1,2,1,0,21,1,1,0,1,1,0,1,0
4,844,1171.0,79,terminated,1,0,0,0,1171.0,1,0,0,0,1,1,1,3,1,0,1,2,1,0,1,1,0,1,2,1,0,21,1,1,0,1,1,0,1,0
4,845,271.0,89,terminated,1,9,1,1,271.0,0,1,0,1,1,2,1,5,1,1,1,3,1,1,1,2,1,2,4,1,1,21,2,1,1,2,1,1,1,1
4,846,1374.0,76,terminated,1,0,0,1,1374.0,1,1,1,0,1,2,1,5,1,1,1,3,1,1,1,2,1,2,4,1,1,21,2,1,1,2,1,1,1,1
4,847,217.0,143,terminated,2,9,1,0,217.0,0,0,0,0,1,2,1,5,2,0,1,3,2,0,1,1,0,2,4,2,0,21,2,2,0,2,2,0,2,0
4,848,1171.0,79,terminated,1,0,0,0,1171.0,1,1,1,0,1,1,1,3,1,0,1,2,1,0,1,1,0,1,2,1,0,25,1,1,0,1,1,0,1,0
4,849,1364.0,86,terminated,0,0,0,2,1364.0,1,2,0,2,1,2,1,5,0,2,1,3,0,2,1,3,2,2,4,0,2,21,2,0,2,2,0,2,0,2
4,850,1356.0,94,terminated,1,0,0,1,1356.0,1,1,1,0,1,2,1,5,1,1,1,3,1,1,1,2,1,2,4,1,1,23,2,1,1,2,1,1,1,1
4,851,547.0,93,terminated,1,1,1,2,547.0,0,1,1,0,1,3,1,7,1,2,1,4,1,2,1,3,2,3,6,1,2,19,3,1,2,3,1,2,1,2
4,852,1174.0,76,terminated,1,0,0,0,1174.0,1,1,1,0,1,1,1,3,1,0,1,2,1,0,1,1,0,1,2,1,0,24,1,1,0,1,1,0,1,0
4,853,1554.0,96,terminated,1,0,0,2,1554.0,1,2,0,2,1,3,1,7,1,2,1,4,1,2,1,3,2,3,6,1,2,19,3,1,2,3,1,2,1,2
4,854,900.0,150,terminated,0,0,0,0,900.0,1,0,0,0,1,0,1,1,0,0,1,1,0,0,1,1,0,0,0,0,0,92,0,0,0,0,0,0,0,0
4,855,1358.0,92,terminated,1,0,0,1,1358.0,1,2,1,1,1,2,1,5,1,1,1,3,1,1,1,2,1,2,4,1,1,21,2,1,1,2,1,1,1,1
4,856,450.0,90,terminated,1,11,1,2,450.0,0,1,0,1,1,3,1,7,1,2,1,4,1,2,1,3,2,3,6,1,2,19,3,1,2,3,1,2,1,2
4,857,1176.0,74,terminated,1,0,0,0,1176.0,1,0,0,0,1,1,1,3,1,0,1,2,1,0,1,1,0,1,2,1,0,20,1,1,0,1,1,0,1,0
4,858,1040.0,210,terminated,1,0,0,0,1040.0,1,1,1,0,1,1,1,3,1,0,1,2,1,0,1,1,0,1,2,1,0,48,1,1,0,1,1,0,1,0
4,859,-157.0,27,terminated,0,38,1,1,-157.0,0,1,0,1,0,1,0,2,0,1,0,1,0,1,0,1,1,1,2,0,1,23,1,0,1,1,0,1,0,1
4,860,1160.0,90,terminated,0,0,0,1,1160.0,1,0,0,0,1,1,1,3,0,1,1,2,0,1,1,2,1,1,2,0,1,21,1,0,1,1,0,1,0,1
4,861,1358.0,92,terminated,1,0,0,1,1358.0,1,0,0,0,1,1,1,4,1,1,1,3,1,1,1,2,1,1,3,1,1,23,2,1,1,2,1,1,1,1
4,862,1370.0,80,terminated,1,0,0,1,1370.0,1,0,0,0,1,1,1,4,1,1,1,3,1,1,1,2,1,1,3,1,1,23,2,1,1,2,1,1,1,1
4,863,46.0,134,terminated,1,7,1,0,46.0,0,1,1,0,1,1,1,3,1,0,1,2,1,0,1,1,0,1,2,1,0,21,1,1,0,1,1,0,1,0
4,864,1165.0,85,terminated,1,0,0,0,1165.0,1,1,1,0,1,1,1,3,1,0,1,2,1,0,1,1,0,1,2,1,0,41,1,1,0,1,1,0,1,0
4,865,1377.0,73,terminated,1,0,0,1,1377.0,1,0,0,0,1,1,1,4,1,1,1,3,1,1,1,2,1,1,3,1,1,19,2,1,1,2,1,1,1,1
4,866,547.0,93,terminated,1,1,1,2,547.0,0,0,0,0,1,2,1,6,1,2,1,4,1,2,1,3,2,2,5,1,2,21,3,1,2,3,1,2,1,2
4,867,-170.0,120,terminated,0,10,1,0,-170.0,0,0,0,0,1,0,1,1,0,0,1,1,0,0,1,1,0,0,0,0,0,70,0,0,0,0,0,0,0,0
4,868,12.0,48,terminated,0,19,1,1,12.0,0,0,0,0,1,1,1,3,0,1,1,2,0,1,1,2,1,1,2,0,1,21,1,0,1,1,0,1,0,1
4,869,1372.0,78,terminated,1,0,0,1,1372.0,1,1,0,1,1,2,1,5,1,1,1,3,1,1,1,2,1,2,4,1,1,21,2,1,1,2,1,1,1,1
4,870,1559.0,91,terminated,1,0,0,2,1559.0,1,2,1,1,1,3,1,7,1,2,1,4,1,2,1,3,2,3,6,1,2,19,3,1,2,3,1,2,1,2
4,871,69.0,81,terminated,1,10,1,0,69.0,0,0,0,0,1,1,1,3,1,0,1,2,1,0,1,1,0,1,2,1,0,21,1,1,0,1,1,0,1,0
4,872,1761.0,89,terminated,2,0,0,2,1761.0,1,4,2,2,1,4,1,9,2,2,1,5,2,2,1,3,2,4,8,2,2,18,4,2,2,4,2,2,2,2
4,873,1138.0,112,terminated,1,0,0,0,1138.0,1,0,0,0,1,1,1,3,1,0,1,2,1,0,1,1,0,1,2,1,0,19,1,1,0,1,1,0,1,0
4,874,1364.0,86,terminated,1,0,0,1,1364.0,1,1,1,0,1,2,1,5,1,1,1,3,1,1,1,2,1,2,4,1,1,23,2,1,1,2,1,1,1,1
4,875,1242.0,208,terminated,1,0,0,1,1242.0,1,2,1,1,0,2,0,4,1,1,0,2,1,1,0,1,1,2,4,1,1,18,2,1,1,2,1,1,1,1
4,876,-132.0,22,terminated,1,36,1,0,-132.0,0,1,1,0,1,1,1,3,1,0,1,2,1,0,1,1,0,1,2,1,0,21,1,1,0,1,1,0,1,0
4,877,1347.0,103,terminated,2,0,0,0,1347.0,1,1,1,0,0,2,0,4,2,0,0,2,2,0,0,0,0,2,4,2,0,23,2,2,0,2,2,0,2,0
4,878,1355.0,95,terminated,1,0,0,1,1355.0,1,1,0,1,1,2,1,5,1,1,1,3,1,1,1,2,1,2,4,1,1,21,2,1,1,2,1,1,1,1
4,879,285.0,95,terminated,1,7,1,1,285.0,0,1,1,0,1,2,1,5,1,1,1,3,1,1,1,2,1,2,4,1,1,21,2,1,1,2,1,1,1,1
4,880,1541.0,109,terminated,2,0,0,1,1541.0,1,1,1,0,1,2,1,6,2,1,1,4,2,1,1,2,1,2,5,2,1,21,3,2,1,3,2,1,2,1
4,881,944.0,106,terminated,0,0,0,0,944.0,1,0,0,0,1,0,1,1,0,0,1,1,0,0,1,1,0,0,0,0,0,30,0,0,0,0,0,0,0,0
4,882,1550.0,100,terminated,2,0,0,1,1550.0,1,2,1,1,1,3,1,7,2,1,1,4,2,1,1,2,1,3,6,2,1,23,3,2,1,3,2,1,2,1
4,883,1763.0,87,terminated,2,0,0,2,1763.0,1,3,2,1,1,4,1,9,2,2,1,5,2,2,1,3,2,4,8,2,2,21,4,2,2,4,2,2,2,2
4,884,1162.0,88,terminated,0,0,0,1,1162.0,1,1,0,1,1,1,1,3,0,1,1,2,0,1,1,2,1,1,2,0,1,34,1,0,1,1,0,1,0,1
4,885,1349.0,101,terminated,1,0,0,1,1349.0,1,2,1,1,1,2,1,5,1,1,1,3,1,1,1,2,1,2,4,1,1,25,2,1,1,2,1,1,1,1
4,886,1375.0,75,terminated,1,0,0,1,1375.0,1,1,0,1,1,2,1,5,1,1,1,3,1,1,1,2,1,2,4,1,1,19,2,1,1,2,1,1,1,1
4,887,1560.0,90,terminated,2,0,0,1,1560.0,1,3,2,1,1,2,1,6,2,1,1,4,2,1,1,2,1,2,5,2,1,21,3,2,1,3,2,1,2,1
4,888,1173.0,77,terminated,0,0,0,1,1173.0,1,1,0,1,1,1,1,3,0,1,1,2,0,1,1,2,1,1,2,0,1,24,1,0,1,1,0,1,0,1
4,889,319.0,101,terminated,1,3,1,1,319.0,0,2,1,1,1,2,1,5,1,1,1,3,1,1,1,2,1,2,4,1,1,18,2,1,1,2,1,1,1,1
4,890,1538.0,112,terminated,1,0,0,2,1538.0,1,1,0,1,1,3,1,7,1,2,1,4,1,2,1,3,2,3,6,1,2,21,3,1,2,3,1,2,1,2
4,891,1374.0,76,terminated,1,0,0,1,1374.0,1,1,1,0,1,2,1,5,1,1,1,3,1,1,1,2,1,2,4,1,1,22,2,1,1,2,1,1,1,1
4,892,1343.0,107,terminated,0,0,0,2,1343.0,1,1,0,1,1,2,1,5,0,2,1,3,0,2,1,3,2,2,4,0,2,21,2,0,2,2,0,2,0,2
4,893,1577.0,73,terminated,2,0,0,1,1577.0,1,2,1,1,1,3,1,7,2,1,1,4,2,1,1,2,1,3,6,2,1,19,3,2,1,3,2,1,2,1
4,894,1520.0,130,terminated,1,0,0,2,1520.0,1,1,0,1,1,3,1,7,1,2,1,4,1,2,1,3,2,3,6,1,2,23,3,1,2,3,1,2,1,2
4,895,1575.0,75,terminated,1,0,0,2,1575.0,1,1,1,0,1,3,1,7,1,2,1,4,1,2,1,3,2,3,6,1,2,21,3,1,2,3,1,2,1,2
4,896,1572.0,78,terminated,2,0,0,1,1572.0,1,1,1,0,1,2,1,6,2,1,1,4,2,1,1,2,1,2,5,2,1,21,3,2,1,3,2,1,2,1
4,897,1101.0,149,terminated,0,0,0,1,1101.0,1,1,0,1,1,1,1,3,0,1,1,2,0,1,1,2,1,1,2,0,1,33,1,0,1,1,0,1,0,1
4,898,1571.0,79,terminated,1,0,0,2,1571.0,1,0,0,0,1,3,1,7,1,2,1,4,1,2,1,3,2,3,6,1,2,21,3,1,2,3,1,2,1,2
4,899,1374.0,76,terminated,1,0,0,1,1374.0,1,1,1,0,1,2,1,5,1,1,1,3,1,1,1,2,1,2,4,1,1,23,2,1,1,2,1,1,1,1
4,900,1521.0,129,terminated,1,0,0,2,1521.0,1,1,0,1,1,3,1,7,1,2,1,4,1,2,1,3,2,3,6,1,2,29,3,1,2,3,1,2,1,2
4,901,279.0,141,terminated,1,3,1,1,279.0,0,0,0,0,1,2,1,5,1,1,1,3,1,1,1,2,1,2,4,1,1,21,2,1,1,2,1,1,1,1
4,902,1347.0,103,terminated,1,0,0,1,1347.0,1,1,0,1,1,2,1,5,1,1,1,3,1,1,1,2,1,2,4,1,1,46,2,1,1,2,1,1,1,1
4,903,1257.0,193,terminated,0,0,0,2,1257.0,1,0,0,0,1,2,1,5,0,2,1,3,0,2,1,3,2,2,4,0,2,21,2,0,2,2,0,2,0,2
4,904,124.0,106,terminated,1,2,1,0,124.0,0,1,1,0,1,1,1,3,1,0,1,2,1,0,1,1,0,1,2,1,0,21,1,1,0,1,1,0,1,0
4,905,263.0,67,terminated,1,12,1,1,263.0,0,0,0,0,1,2,1,5,1,1,1,3,1,1,1,2,1,2,4,1,1,21,2,1,1,2,1,1,1,1
4,906,1752.0,98,terminated,2,0,0,2,1752.0,1,2,1,1,1,4,1,9,2,2,1,5,2,2,1,3,2,4,8,2,2,19,4,2,2,4,2,2,2,2
4,907,1355.0,95,terminated,1,0,0,1,1355.0,1,1,0,1,1,2,1,5,1,1,1,3,1,1,1,2,1,2,4,1,1,23,2,1,1,2,1,1,1,1
4,908,443.0,107,terminated,1,10,1,2,443.0,0,3,1,2,0,3,0,6,1,2,0,3,1,2,0,2,2,3,6,1,2,17,3,1,2,3,1,2,1,2
4,909,1353.0,97,terminated,1,0,0,1,1353.0,1,1,0,1,1,2,1,5,1,1,1,3,1,1,1,2,1,2,4,1,1,21,2,1,1,2,1,1,1,1
4,910,1561.0,89,terminated,2,0,0,1,1561.0,1,2,2,0,1,3,1,7,2,1,1,4,2,1,1,2,1,3,6,2,1,21,3,2,1,3,2,1,2,1
4,911,76.0,84,terminated,0,9,1,1,76.0,0,1,0,1,1,1,1,3,0,1,1,2,0,1,1,2,1,1,2,0,1,25,1,0,1,1,0,1,0,1
4,912,956.0,94,terminated,0,0,0,0,956.0,1,0,0,0,1,0,1,1,0,0,1,1,0,0,1,1,0,0,0,0,0,54,0,0,0,0,0,0,0,0
4,913,1374.0,76,terminated,2,0,0,0,1374.0,1,1,1,0,1,2,1,5,2,0,1,3,2,0,1,1,0,2,4,2,0,21,2,2,0,2,2,0,2,0
4,914,364.0,56,terminated,2,23,1,1,364.0,0,1,1,0,1,2,1,6,2,1,1,4,2,1,1,2,1,2,5,2,1,21,3,2,1,3,2,1,2,1
4,915,1266.0,184,terminated,1,0,0,1,1266.0,1,2,1,1,1,1,1,4,1,1,1,3,1,1,1,2,1,1,3,1,1,21,2,1,1,2,1,1,1,1
4,916,1369.0,81,terminated,1,0,0,1,1369.0,1,0,0,0,1,2,1,5,1,1,1,3,1,1,1,2,1,2,4,1,1,19,2,1,1,2,1,1,1,1
4,917,1558.0,92,terminated,2,0,0,1,1558.0,1,2,2,0,1,2,1,6,2,1,1,4,2,1,1,2,1,2,5,2,1,21,3,2,1,3,2,1,2,1
4,918,1344.0,106,terminated,2,0,0,0,1344.0,1,1,1,0,1,1,1,4,2,0,1,3,2,0,1,1,0,1,3,2,0,21,2,2,0,2,2,0,2,0
4,919,1754.0,96,terminated,2,0,0,2,1754.0,1,4,2,2,0,4,0,8,2,2,0,4,2,2,0,2,2,4,8,2,2,13,4,2,2,4,2,2,2,2
4,920,1267.0,183,terminated,1,0,0,1,1267.0,1,2,1,1,1,2,1,5,1,1,1,3,1,1,1,2,1,2,4,1,1,19,2,1,1,2,1,1,1,1
4,921,1356.0,94,terminated,1,0,0,1,1356.0,1,1,0,1,1,2,1,5,1,1,1,3,1,1,1,2,1,2,4,1,1,21,2,1,1,2,1,1,1,1
4,922,427.0,63,terminated,2,16,1,1,427.0,0,1,0,1,1,3,1,7,2,1,1,4,2,1,1,2,1,3,6,2,1,23,3,2,1,3,2,1,2,1
4,923,1358.0,92,terminated,0,0,0,2,1358.0,1,2,0,2,1,2,1,5,0,2,1,3,0,2,1,3,2,2,4,0,2,23,2,0,2,2,0,2,0,2
4,924,1296.0,154,terminated,1,0,0,1,1296.0,1,1,1,0,1,2,1,5,1,1,1,3,1,1,1,2,1,2,4,1,1,19,2,1,1,2,1,1,1,1
4,925,1341.0,109,terminated,1,0,0,1,1341.0,1,1,0,1,1,2,1,5,1,1,1,3,1,1,1,2,1,2,4,1,1,21,2,1,1,2,1,1,1,1
4,926,1771.0,79,terminated,2,0,0,2,1771.0,1,2,2,0,1,4,1,9,2,2,1,5,2,2,1,3,2,4,8,2,2,22,4,2,2,4,2,2,2,2
4,927,1106.0,144,terminated,0,0,0,1,1106.0,1,0,0,0,1,1,1,3,0,1,1,2,0,1,1,2,1,1,2,0,1,21,1,0,1,1,0,1,0,1
4,928,281.0,129,terminated,1,4,1,1,281.0,0,1,1,0,1,2,1,5,1,1,1,3,1,1,1,2,1,2,4,1,1,24,2,1,1,2,1,1,1,1
4,929,661.0,89,terminated,2,10,1,2,661.0,0,2,1,1,0,3,0,7,2,2,0,4,2,2,0,2,2,3,7,2,2,19,4,2,2,4,2,2,2,2
4,930,1114.0,136,terminated,1,0,0,0,1114.0,1,1,1,0,1,1,1,3,1,0,1,2,1,0,1,1,0,1,2,1,0,42,1,1,0,1,1,0,1,0
4,931,1337.0,113,terminated,1,0,0,1,1337.0,1,1,0,1,1,2,1,5,1,1,1,3,1,1,1,2,1,2,4,1,1,23,2,1,1,2,1,1,1,1
4,932,1575.0,75,terminated,2,0,0,1,1575.0,1,2,1,1,1,3,1,7,2,1,1,4,2,1,1,2,1,3,6,2,1,19,3,2,1,3,2,1,2,1
4,933,1532.0,118,terminated,1,0,0,2,1532.0,1,1,0,1,0,3,0,6,1,2,0,3,1,2,0,2,2,3,6,1,2,21,3,1,2,3,1,2,1,2
4,934,1360.0,90,terminated,2,0,0,0,1360.0,1,0,0,0,1,2,1,5,2,0,1,3,2,0,1,1,0,2,4,2,0,21,2,2,0,2,2,0,2,0
4,935,1152.0,98,terminated,0,0,0,1,1152.0,1,0,0,0,1,1,1,3,0,1,1,2,0,1,1,2,1,1,2,0,1,21,1,0,1,1,0,1,0,1
4,936,1768.0,82,terminated,2,0,0,2,1768.0,1,1,0,1,1,4,1,9,2,2,1,5,2,2,1,3,2,4,8,2,2,19,4,2,2,4,2,2,2,2
4,937,1523.0,127,terminated,1,0,0,2,1523.0,1,0,0,0,1,3,1,7,1,2,1,4,1,2,1,3,2,3,6,1,2,19,3,1,2,3,1,2,1,2
4,938,270.0,80,terminated,0,10,1,2,270.0,0,2,0,2,1,2,1,5,0,2,1,3,0,2,1,3,2,2,4,0,2,23,2,0,2,2,0,2,0,2
4,939,1130.0,120,terminated,1,0,0,0,1130.0,1,0,0,0,1,1,1,3,1,0,1,2,1,0,1,1,0,1,2,1,0,21,1,1,0,1,1,0,1,0
4,940,1377.0,73,terminated,1,0,0,1,1377.0,1,1,1,0,1,2,1,5,1,1,1,3,1,1,1,2,1,2,4,1,1,19,2,1,1,2,1,1,1,1
4,941,1365.0,85,terminated,0,0,0,2,1365.0,1,1,0,1,1,2,1,5,0,2,1,3,0,2,1,3,2,2,4,0,2,22,2,0,2,2,0,2,0,2
4,942,1534.0,116,terminated,2,0,0,1,1534.0,1,1,1,0,1,3,1,7,2,1,1,4,2,1,1,2,1,3,6,2,1,23,3,2,1,3,2,1,2,1
4,943,1332.0,118,terminated,1,0,0,1,1332.0,1,2,1,1,1,2,1,5,1,1,1,3,1,1,1,2,1,2,4,1,1,26,2,1,1,2,1,1,1,1
4,944,149.0,91,terminated,0,1,1,1,149.0,0,1,0,1,1,1,1,3,0,1,1,2,0,1,1,2,1,1,2,0,1,23,1,0,1,1,0,1,0,1
4,945,-131.0,81,terminated,0,10,1,0,-131.0,0,0,0,0,1,0,1,1,0,0,1,1,0,0,1,1,0,0,0,0,0,28,0,0,0,0,0,0,0,0
4,946,285.0,105,terminated,1,6,1,1,285.0,0,1,1,0,1,2,1,5,1,1,1,3,1,1,1,2,1,2,4,1,1,21,2,1,1,2,1,1,1,1
4,947,447.0,83,terminated,1,12,1,2,447.0,0,2,1,1,1,3,1,7,1,2,1,4,1,2,1,3,2,3,6,1,2,22,3,1,2,3,1,2,1,2
4,948,1177.0,73,terminated,0,0,0,1,1177.0,1,1,0,1,1,1,1,3,0,1,1,2,0,1,1,2,1,1,2,0,1,19,1,0,1,1,0,1,0,1
4,949,931.0,119,terminated,0,0,0,0,931.0,1,0,0,0,1,0,1,1,0,0,1,1,0,0,1,1,0,0,0,0,0,57,0,0,0,0,0,0,0,0
4,950,1155.0,95,terminated,0,0,0,1,1155.0,1,0,0,0,1,1,1,3,0,1,1,2,0,1,1,2,1,1,2,0,1,21,1,0,1,1,0,1,0,1
4,951,15.0,45,terminated,1,19,1,0,15.0,0,0,0,0,1,1,1,3,1,0,1,2,1,0,1,1,0,1,2,1,0,21,1,1,0,1,1,0,1,0
4,952,1358.0,92,terminated,1,0,0,1,1358.0,1,2,1,1,1,2,1,5,1,1,1,3,1,1,1,2,1,2,4,1,1,26,2,1,1,2,1,1,1,1
4,953,62.0,78,terminated,0,11,1,1,62.0,0,0,0,0,1,1,1,3,0,1,1,2,0,1,1,2,1,1,2,0,1,19,1,0,1,1,0,1,0,1
4,954,753.0,87,terminated,2,1,1,2,753.0,0,2,1,1,1,3,1,8,2,2,1,5,2,2,1,3,2,3,7,2,2,19,4,2,2,4,2,2,2,2
4,955,1373.0,77,terminated,1,0,0,1,1373.0,1,2,1,1,1,2,1,5,1,1,1,3,1,1,1,2,1,2,4,1,1,29,2,1,1,2,1,1,1,1
4,956,468.0,82,terminated,1,10,1,2,468.0,0,0,0,0,1,3,1,7,1,2,1,4,1,2,1,3,2,3,6,1,2,21,3,1,2,3,1,2,1,2
4,957,1177.0,73,terminated,0,0,0,1,1177.0,1,0,0,0,1,1,1,3,0,1,1,2,0,1,1,2,1,1,2,0,1,21,1,0,1,1,0,1,0,1
4,958,521.0,119,terminated,2,1,1,1,521.0,0,2,1,1,1,3,1,7,2,1,1,4,2,1,1,2,1,3,6,2,1,21,3,2,1,3,2,1,2,1
4,959,1349.0,101,terminated,0,0,0,2,1349.0,1,2,0,2,1,2,1,5,0,2,1,3,0,2,1,3,2,2,4,0,2,19,2,0,2,2,0,2,0,2
4,960,1178.0,72,terminated,0,0,0,1,1178.0,1,0,0,0,1,1,1,3,0,1,1,2,0,1,1,2,1,1,2,0,1,21,1,0,1,1,0,1,0,1
4,961,1375.0,75,terminated,2,0,0,0,1375.0,1,1,1,0,1,2,1,5,2,0,1,3,2,0,1,1,0,2,4,2,0,19,2,2,0,2,2,0,2,0
4,962,220.0,110,terminated,1,12,1,1,220.0,0,2,1,1,1,2,1,5,1,1,1,3,1,1,1,2,1,2,4,1,1,19,2,1,1,2,1,1,1,1
4,963,500.0,140,terminated,2,1,1,1,500.0,0,2,1,1,1,3,1,7,2,1,1,4,2,1,1,2,1,3,6,2,1,20,3,2,1,3,2,1,2,1
4,964,1318.0,132,terminated,1,0,0,1,1318.0,1,1,0,1,1,2,1,5,1,1,1,3,1,1,1,2,1,2,4,1,1,19,2,1,1,2,1,1,1,1
4,965,1158.0,92,terminated,0,0,0,1,1158.0,1,1,0,1,1,1,1,3,0,1,1,2,0,1,1,2,1,1,2,0,1,25,1,0,1,1,0,1,0,1
4,966,265.0,85,terminated,0,10,1,2,265.0,0,1,0,1,1,2,1,5,0,2,1,3,0,2,1,3,2,2,4,0,2,21,2,0,2,2,0,2,0,2
4,967,1567.0,83,terminated,2,0,0,1,1567.0,1,2,1,1,1,3,1,7,2,1,1,4,2,1,1,2,1,3,6,2,1,19,3,2,1,3,2,1,2,1
4,968,1372.0,78,terminated,1,0,0,1,1372.0,1,0,0,0,1,2,1,5,1,1,1,3,1,1,1,2,1,2,4,1,1,26,2,1,1,2,1,1,1,1
4,969,59.0,21,terminated,1,37,1,1,59.0,0,2,1,1,1,2,1,5,1,1,1,3,1,1,1,2,1,2,4,1,1,19,2,1,1,2,1,1,1,1
4,970,1164.0,86,terminated,1,0,0,0,1164.0,1,1,1,0,1,1,1,3,1,0,1,2,1,0,1,1,0,1,2,1,0,24,1,1,0,1,1,0,1,0
4,971,749.0,91,terminated,2,1,1,2,749.0,0,2,1,1,1,4,1,9,2,2,1,5,2,2,1,3,2,4,8,2,2,25,4,2,2,4,2,2,2,2
4,972,1567.0,83,terminated,1,0,0,2,1567.0,1,2,1,1,1,3,1,7,1,2,1,4,1,2,1,3,2,3,6,1,2,21,3,1,2,3,1,2,1,2
4,973,1168.0,82,terminated,1,0,0,0,1168.0,1,0,0,0,1,1,1,3,1,0,1,2,1,0,1,1,0,1,2,1,0,19,1,1,0,1,1,0,1,0
4,974,1554.0,96,terminated,2,0,0,1,1554.0,1,2,1,1,1,3,1,7,2,1,1,4,2,1,1,2,1,3,6,2,1,23,3,2,1,3,2,1,2,1
4,975,1548.0,102,terminated,1,0,0,2,1548.0,1,2,1,1,1,3,1,7,1,2,1,4,1,2,1,3,2,3,6,1,2,21,3,1,2,3,1,2,1,2
4,976,1176.0,74,terminated,0,0,0,1,1176.0,1,1,0,1,1,1,1,3,0,1,1,2,0,1,1,2,1,1,2,0,1,26,1,0,1,1,0,1,0,1
4,977,1362.0,88,terminated,0,0,0,2,1362.0,1,2,0,2,1,2,1,5,0,2,1,3,0,2,1,3,2,2,4,0,2,19,2,0,2,2,0,2,0,2
4,978,679.0,151,terminated,2,2,1,2,679.0,0,2,1,1,1,4,1,9,2,2,1,5,2,2,1,3,2,4,8,2,2,19,4,2,2,4,2,2,2,2
4,979,79.0,121,terminated,0,5,1,1,79.0,0,0,0,0,1,1,1,3,0,1,1,2,0,1,1,2,1,1,2,0,1,19,1,0,1,1,0,1,0,1
4,980,1540.0,110,terminated,1,0,0,2,1540.0,1,1,0,1,1,3,1,7,1,2,1,4,1,2,1,3,2,3,6,1,2,21,3,1,2,3,1,2,1,2
4,981,1361.0,89,terminated,1,0,0,1,1361.0,1,2,1,1,1,2,1,5,1,1,1,3,1,1,1,2,1,2,4,1,1,23,2,1,1,2,1,1,1,1
4,982,1520.0,130,terminated,2,0,0,1,1520.0,1,2,1,1,1,3,1,7,2,1,1,4,2,1,1,2,1,3,6,2,1,19,3,2,1,3,2,1,2,1
4,983,1750.0,100,terminated,2,0,0,2,1750.0,1,3,1,2,1,3,1,8,2,2,1,5,2,2,1,3,2,3,7,2,2,15,4,2,2,4,2,2,2,2
4,984,255.0,115,terminated,1,8,1,1,255.0,0,0,0,0,1,2,1,5,1,1,1,3,1,1,1,2,1,2,4,1,1,21,2,1,1,2,1,1,1,1
4,985,1698.0,152,terminated,2,0,0,2,1698.0,1,2,1,1,1,4,1,9,2,2,1,5,2,2,1,3,2,4,8,2,2,21,4,2,2,4,2,2,2,2
4,986,1357.0,93,terminated,0,0,0,2,1357.0,1,2,0,2,0,2,0,4,0,2,0,2,0,2,0,2,2,2,4,0,2,25,2,0,2,2,0,2,0,2
4,987,1162.0,88,terminated,1,0,0,0,1162.0,1,1,1,0,0,1,0,2,1,0,0,1,1,0,0,0,0,1,2,1,0,27,1,1,0,1,1,0,1,0
4,988,1579.0,71,terminated,1,0,0,2,1579.0,1,2,1,1,1,3,1,7,1,2,1,4,1,2,1,3,2,3,6,1,2,21,3,1,2,3,1,2,1,2
4,989,80.0,80,terminated,1,9,1,0,80.0,0,0,0,0,1,1,1,3,1,0,1,2,1,0,1,1,0,1,2,1,0,21,1,1,0,1,1,0,1,0
4,990,230.0,40,terminated,1,18,1,1,230.0,0,0,0,0,1,2,1,5,1,1,1,3,1,1,1,2,1,2,4,1,1,19,2,1,1,2,1,1,1,1
4,991,1176.0,74,terminated,0,0,0,1,1176.0,1,0,0,0,1,1,1,3,0,1,1,2,0,1,1,2,1,1,2,0,1,21,1,0,1,1,0,1,0,1
4,992,458.0,92,terminated,1,10,1,2,458.0,0,0,0,0,1,1,1,5,1,2,1,4,1,2,1,3,2,1,4,1,2,24,3,1,2,3,1,2,1,2
4,993,1145.0,105,terminated,1,0,0,0,1145.0,1,1,1,0,1,1,1,3,1,0,1,2,1,0,1,1,0,1,2,1,0,21,1,1,0,1,1,0,1,0
4,994,559.0,81,terminated,2,1,1,1,559.0,0,3,2,1,1,3,1,7,2,1,1,4,2,1,1,2,1,3,6,2,1,21,3,2,1,3,2,1,2,1
4,995,1377.0,73,terminated,1,0,0,1,1377.0,1,2,1,1,1,2,1,5,1,1,1,3,1,1,1,2,1,2,4,1,1,21,2,1,1,2,1,1,1,1
4,996,-175.0,135,terminated,0,9,1,0,-175.0,0,0,0,0,1,0,1,1,0,0,1,1,0,0,1,1,0,0,0,0,0,84,0,0,0,0,0,0,0,0
4,997,1568.0,82,terminated,1,0,0,2,1568.0,1,1,0,1,1,3,1,7,1,2,1,4,1,2,1,3,2,3,6,1,2,21,3,1,2,3,1,2,1,2
4,998,1177.0,73,terminated,0,0,0,1,1177.0,1,0,0,0,1,1,1,3,0,1,1,2,0,1,1,2,1,1,2,0,1,23,1,0,1,1,0,1,0,1
4,999,1369.0,81,terminated,1,0,0,1,1369.0,1,2,1,1,1,2,1,5,1,1,1,3,1,1,1,2,1,2,4,1,1,21,2,1,1,2,1,1,1,1
