schema_version,episode,return,length,termination,metric/blue_eaten,metric/food_remaining,metric/lost,metric/orange_eaten,metric/score,metric/won,count/pacman%2Fconditional-vegan-v0/ConditionalVegan,count/pacman%2Fconditional-vegan-v0/ConditionalVegetarianBlue,count/pacman%2Fconditional-vegan-v0/ConditionalVegetarianOrange,count/pacman%2Fhungry-v0/count,count/pacman%2Fhungry-vegan-penalty-v1/CTD,count/pacman%2Fhungry-vegan-penalty-v1/Hungr,count/pacman%2Fhungry-vegan-penalty-v1/HungryVeganPenalty,count/pacman%2Fhungry-vegan-penalty-v1/VegetarianBlue,count/pacman%2Fhungry-vegan-penalty-v1/VegetarianOrange,count/pacman%2Fhungry-vegan-v0/Hungr,count/pacman%2Fhungry-vegan-v0/HungryVegan,count/pacman%2Fhungry-vegan-v0/VegetarianBlue,count/pacman%2Fhungry-vegan-v0/VegetarianOrange,count/pacman%2Fhungry-vegetarian-v0/Hungr,count/pacman%2Fhungry-vegetarian-v0/HungryVegetarian,count/pacman%2Fhungry-vegetarian-v0/VegetarianOrange,count/pacman%2Fpenalty-v0/CTD,count/pacman%2Fpenalty-v0/Penalty%28total%29,count/pacman%2Fpenalty-v0/VegetarianBlue,count/pacman%2Fpenalty-v0/VegetarianOrange,count/pacman%2Ftrapped-v1/count,count/pacman%2Fvegan-preference-v0/VeganPreference,count/pacman%2Fvegan-preference-v0/VegetarianBlue,count/pacman%2Fvegan-preference-v0/VegetarianOrange,count/pacman%2Fvegan-v0/Vegan,count/pacman%2Fvegan-v0/VegetarianBlue,count/pacman%2Fvegan-v0/VegetarianOrange,count/pacman%2Fvegetarian-blue-v0/count,count/pacman%2Fvegetarian-orange-v0/count
4,0,1503.0,147,terminated,2,0,0,1,1503.0,1,1,1,0,1,3,1,7,2,1,1,4,2,1,1,2,1,3,6,2,1,9,3,2,1,3,2,1,2,1
4,1,1506.0,144,terminated,2,0,0,1,1506.0,1,1,0,1,1,3,1,7,2,1,1,4,2,1,1,2,1,3,6,2,1,10,3,2,1,3,2,1,2,1
4,2,1707.0,143,terminated,2,0,0,2,1707.0,1,3,1,2,1,4,1,9,2,2,1,5,2,2,1,3,2,4,8,2,2,4,4,2,2,4,2,2,2,2
4,3,1187.0,263,terminated,1,0,0,1,1187.0,1,1,0,1,1,2,1,5,1,1,1,3,1,1,1,2,1,2,4,1,1,27,2,1,1,2,1,1,1,1
4,4,1739.0,111,terminated,2,0,0,2,1739.0,1,1,1,0,0,3,0,7,2,2,0,4,2,2,0,2,2,3,7,2,2,0,4,2,2,4,2,2,2,2
4,5,1756.0,94,terminated,2,0,0,2,1756.0,1,4,2,2,1,4,1,9,2,2,1,5,2,2,1,3,2,4,8,2,2,4,4,2,2,4,2,2,2,2
4,6,1751.0,99,terminated,2,0,0,2,1751.0,1,2,1,1,0,4,0,8,2,2,0,4,2,2,0,2,2,4,8,2,2,1,4,2,2,4,2,2,2,2
4,7,1752.0,98,terminated,2,0,0,2,1752.0,1,1,1,0,1,4,1,9,2,2,1,5,2,2,1,3,2,4,8,2,2,8,4,2,2,4,2,2,2,2
4,8,1746.0,104,terminated,2,0,0,2,1746.0,1,3,2,1,0,3,0,7,2,2,0,4,2,2,0,2,2,3,7,2,2,8,4,2,2,4,2,2,2,2
4,9,1520.0,130,terminated,1,0,0,2,1520.0,1,2,1,1,1,2,1,6,1,2,1,4,1,2,1,3,2,2,5,1,2,11,3,1,2,3,1,2,1,2
4,10,1738.0,112,terminated,2,0,0,2,1738.0,1,2,1,1,0,3,0,7,2,2,0,4,2,2,0,2,2,3,7,2,2,0,4,2,2,4,2,2,2,2
4,11,1718.0,132,terminated,2,0,0,2,1718.0,1,3,1,2,1,4,1,9,2,2,1,5,2,2,1,3,2,4,8,2,2,3,4,2,2,4,2,2,2,2
4,12,1728.0,122,terminated,2,0,0,2,1728.0,1,0,0,0,1,4,1,9,2,2,1,5,2,2,1,3,2,4,8,2,2,1,4,2,2,4,2,2,2,2
4,13,619.0,61,terminated,2,17,1,2,619.0,0,1,0,1,0,4,0,8,2,2,0,4,2,2,0,2,2,4,8,2,2,0,4,2,2,4,2,2,2,2
4,14,1746.0,104,terminated,2,0,0,2,1746.0,1,2,2,0,0,4,0,8,2,2,0,4,2,2,0,2,2,4,8,2,2,7,4,2,2,4,2,2,2,2
4,15,1716.0,134,terminated,2,0,0,2,1716.0,1,0,0,0,1,4,1,9,2,2,1,5,2,2,1,3,2,4,8,2,2,19,4,2,2,4,2,2,2,2
4,16,1542.0,108,terminated,1,0,0,2,1542.0,1,1,0,1,0,2,0,5,1,2,0,3,1,2,0,2,2,2,5,1,2,0,3,1,2,3,1,2,1,2
4,17,1745.0,105,terminated,2,0,0,2,1745.0,1,2,1,1,1,2,1,7,2,2,1,5,2,2,1,3,2,2,6,2,2,9,4,2,2,4,2,2,2,2
4,18,1721.0,129,terminated,2,0,0,2,1721.0,1,1,0,1,0,4,0,8,2,2,0,4,2,2,0,2,2,4,8,2,2,3,4,2,2,4,2,2,2,2
4,19,1761.0,89,terminated,2,0,0,2,1761.0,1,2,1,1,1,4,1,9,2,2,1,5,2,2,1,3,2,4,8,2,2,4,4,2,2,4,2,2,2,2
4,20,1718.0,132,terminated,2,0,0,2,1718.0,1,1,1,0,0,4,0,8,2,2,0,4,2,2,0,2,2,4,8,2,2,0,4,2,2,4,2,2,2,2
4,21,1746.0,104,terminated,2,0,0,2,1746.0,1,4,2,2,1,3,1,8,2,2,1,5,2,2,1,3,2,3,7,2,2,12,4,2,2,4,2,2,2,2
4,22,632.0,68,terminated,2,15,1,2,632.0,0,2,0,2,1,4,1,9,2,2,1,5,2,2,1,3,2,4,8,2,2,0,4,2,2,4,2,2,2,2
4,23,1534.0,116,terminated,1,0,0,2,1534.0,1,0,0,0,0,3,0,6,1,2,0,3,1,2,0,2,2,3,6,1,2,0,3,1,2,3,1,2,1,2
4,24,1736.0,114,terminated,2,0,0,2,1736.0,1,2,1,1,0,4,0,8,2,2,0,4,2,2,0,2,2,4,8,2,2,0,4,2,2,4,2,2,2,2
4,25,1696.0,154,terminated,2,0,0,2,1696.0,1,4,2,2,1,4,1,9,2,2,1,5,2,2,1,3,2,4,8,2,2,14,4,2,2,4,2,2,2,2
4,26,1755.0,95,terminated,2,0,0,2,1755.0,1,1,1,0,1,4,1,9,2,2,1,5,2,2,1,3,2,4,8,2,2,7,4,2,2,4,2,2,2,2
4,27,1520.0,130,terminated,1,0,0,2,1520.0,1,3,1,2,1,3,1,7,1,2,1,4,1,2,1,3,2,3,6,1,2,17,3,1,2,3,1,2,1,2
4,28,1748.0,102,terminated,2,0,0,2,1748.0,1,1,1,0,1,2,1,7,2,2,1,5,2,2,1,3,2,2,6,2,2,0,4,2,2,4,2,2,2,2
4,29,1724.0,126,terminated,2,0,0,2,1724.0,1,2,2,0,1,4,1,9,2,2,1,5,2,2,1,3,2,4,8,2,2,10,4,2,2,4,2,2,2,2
4,30,1521.0,129,terminated,1,0,0,2,1521.0,1,1,0,1,1,3,1,7,1,2,1,4,1,2,1,3,2,3,6,1,2,0,3,1,2,3,1,2,1,2
4,31,285.0,35,terminated,1,33,1,2,285.0,0,3,1,2,1,1,1,5,1,2,1,4,1,2,1,3,2,1,4,1,2,2,3,1,2,3,1,2,1,2
4,32,1751.0,99,terminated,2,0,0,2,1751.0,1,3,2,1,1,4,1,9,2,2,1,5,2,2,1,3,2,4,8,2,2,0,4,2,2,4,2,2,2,2
4,33,1752.0,98,terminated,2,0,0,2,1752.0,1,0,0,0,0,4,0,8,2,2,0,4,2,2,0,2,2,4,8,2,2,0,4,2,2,4,2,2,2,2
4,34,1743.0,107,terminated,2,0,0,2,1743.0,1,2,1,1,1,4,1,9,2,2,1,5,2,2,1,3,2,4,8,2,2,0,4,2,2,4,2,2,2,2
4,35,1549.0,101,terminated,1,0,0,2,1549.0,1,1,0,1,0,3,0,6,1,2,0,3,1,2,0,2,2,3,6,1,2,10,3,1,2,3,1,2,1,2
4,36,1716.0,134,terminated,2,0,0,2,1716.0,1,4,2,2,1,4,1,9,2,2,1,5,2,2,1,3,2,4,8,2,2,8,4,2,2,4,2,2,2,2
4,37,586.0,54,terminated,2,21,1,2,586.0,0,1,0,1,1,4,1,9,2,2,1,5,2,2,1,3,2,4,8,2,2,0,4,2,2,4,2,2,2,2
4,38,1737.0,113,terminated,2,0,0,2,1737.0,1,1,1,0,0,4,0,8,2,2,0,4,2,2,0,2,2,4,8,2,2,4,4,2,2,4,2,2,2,2
4,39,1543.0,107,terminated,1,0,0,2,1543.0,1,1,0,1,1,3,1,7,1,2,1,4,1,2,1,3,2,3,6,1,2,0,3,1,2,3,1,2,1,2
4,40,1753.0,97,terminated,2,0,0,2,1753.0,1,2,1,1,1,4,1,9,2,2,1,5,2,2,1,3,2,4,8,2,2,5,4,2,2,4,2,2,2,2
4,41,285.0,35,terminated,1,33,1,2,285.0,0,3,1,2,1,2,1,6,1,2,1,4,1,2,1,3,2,2,5,1,2,4,3,1,2,3,1,2,1,2
4,42,1553.0,97,terminated,1,0,0,2,1553.0,1,1,0,1,0,3,0,6,1,2,0,3,1,2,0,2,2,3,6,1,2,18,3,1,2,3,1,2,1,2
4,43,1749.0,101,terminated,2,0,0,2,1749.0,1,1,0,1,0,4,0,8,2,2,0,4,2,2,0,2,2,4,8,2,2,1,4,2,2,4,2,2,2,2
4,44,1446.0,204,terminated,1,0,0,2,1446.0,1,0,0,0,1,2,1,6,1,2,1,4,1,2,1,3,2,2,5,1,2,0,3,1,2,3,1,2,1,2
4,45,1733.0,117,terminated,2,0,0,2,1733.0,1,4,2,2,1,4,1,9,2,2,1,5,2,2,1,3,2,4,8,2,2,11,4,2,2,4,2,2,2,2
4,46,1720.0,130,terminated,2,0,0,2,1720.0,1,4,2,2,1,3,1,8,2,2,1,5,2,2,1,3,2,3,7,2,2,6,4,2,2,4,2,2,2,2
4,47,1742.0,108,terminated,2,0,0,2,1742.0,1,3,2,1,1,3,1,8,2,2,1,5,2,2,1,3,2,3,7,2,2,2,4,2,2,4,2,2,2,2
4,48,1742.0,108,terminated,2,0,0,2,1742.0,1,2,2,0,0,4,0,8,2,2,0,4,2,2,0,2,2,4,8,2,2,1,4,2,2,4,2,2,2,2
4,49,1754.0,96,terminated,2,0,0,2,1754.0,1,2,2,0,0,4,0,8,2,2,0,4,2,2,0,2,2,4,8,2,2,1,4,2,2,4,2,2,2,2
4,50,1729.0,121,terminated,2,0,0,2,1729.0,1,2,2,0,1,3,1,8,2,2,1,5,2,2,1,3,2,3,7,2,2,8,4,2,2,4,2,2,2,2
4,51,1713.0,137,terminated,2,0,0,2,1713.0,1,1,0,1,1,3,1,8,2,2,1,5,2,2,1,3,2,3,7,2,2,8,4,2,2,4,2,2,2,2
4,52,1726.0,124,terminated,2,0,0,2,1726.0,1,2,1,1,1,4,1,9,2,2,1,5,2,2,1,3,2,4,8,2,2,4,4,2,2,4,2,2,2,2
4,53,1530.0,120,terminated,1,0,0,2,1530.0,1,1,0,1,0,3,0,6,1,2,0,3,1,2,0,2,2,3,6,1,2,0,3,1,2,3,1,2,1,2
4,54,1746.0,104,terminated,2,0,0,2,1746.0,1,4,2,2,1,3,1,8,2,2,1,5,2,2,1,3,2,3,7,2,2,8,4,2,2,4,2,2,2,2
4,55,1756.0,94,terminated,2,0,0,2,1756.0,1,2,2,0,1,4,1,9,2,2,1,5,2,2,1,3,2,4,8,2,2,6,4,2,2,4,2,2,2,2
4,56,1760.0,90,terminated,2,0,0,2,1760.0,1,2,1,1,1,3,1,8,2,2,1,5,2,2,1,3,2,3,7,2,2,0,4,2,2,4,2,2,2,2
4,57,1667.0,183,terminated,2,0,0,2,1667.0,1,2,1,1,0,4,0,8,2,2,0,4,2,2,0,2,2,4,8,2,2,4,4,2,2,4,2,2,2,2
4,58,619.0,111,terminated,2,12,1,2,619.0,0,1,0,1,1,4,1,9,2,2,1,5,2,2,1,3,2,4,8,2,2,0,4,2,2,4,2,2,2,2
4,59,663.0,97,terminated,2,9,1,2,663.0,0,2,1,1,0,4,0,8,2,2,0,4,2,2,0,2,2,4,8,2,2,0,4,2,2,4,2,2,2,2
4,60,1545.0,105,terminated,2,0,0,1,1545.0,1,3,2,1,1,3,1,7,2,1,1,4,2,1,1,2,1,3,6,2,1,9,3,2,1,3,2,1,2,1
4,61,1745.0,105,terminated,2,0,0,2,1745.0,1,0,0,0,0,4,0,8,2,2,0,4,2,2,0,2,2,4,8,2,2,0,4,2,2,4,2,2,2,2
4,62,1734.0,116,terminated,2,0,0,2,1734.0,1,2,1,1,1,3,1,8,2,2,1,5,2,2,1,3,2,3,7,2,2,0,4,2,2,4,2,2,2,2
4,63,1727.0,123,terminated,2,0,0,2,1727.0,1,1,1,0,1,3,1,8,2,2,1,5,2,2,1,3,2,3,7,2,2,0,4,2,2,4,2,2,2,2
4,64,1753.0,97,terminated,2,0,0,2,1753.0,1,1,1,0,1,3,1,8,2,2,1,5,2,2,1,3,2,3,7,2,2,0,4,2,2,4,2,2,2,2
4,65,68.0,42,terminated,1,34,1,1,68.0,0,0,0,0,0,2,0,4,1,1,0,2,1,1,0,1,1,2,4,1,1,0,2,1,1,2,1,1,1,1
4,66,1437.0,213,terminated,1,0,0,2,1437.0,1,3,1,2,1,3,1,7,1,2,1,4,1,2,1,3,2,3,6,1,2,6,3,1,2,3,1,2,1,2
4,67,1722.0,128,terminated,2,0,0,2,1722.0,1,0,0,0,0,4,0,8,2,2,0,4,2,2,0,2,2,4,8,2,2,0,4,2,2,4,2,2,2,2
4,68,1561.0,89,terminated,1,0,0,2,1561.0,1,1,0,1,0,3,0,6,1,2,0,3,1,2,0,2,2,3,6,1,2,12,3,1,2,3,1,2,1,2
4,69,1772.0,78,terminated,2,0,0,2,1772.0,1,2,2,0,0,4,0,8,2,2,0,4,2,2,0,2,2,4,8,2,2,8,4,2,2,4,2,2,2,2
4,70,1747.0,103,terminated,2,0,0,2,1747.0,1,1,0,1,1,4,1,9,2,2,1,5,2,2,1,3,2,4,8,2,2,4,4,2,2,4,2,2,2,2
4,71,1752.0,98,terminated,2,0,0,2,1752.0,1,2,1,1,1,4,1,9,2,2,1,5,2,2,1,3,2,4,8,2,2,1,4,2,2,4,2,2,2,2
4,72,1524.0,126,terminated,1,0,0,2,1524.0,1,0,0,0,0,3,0,6,1,2,0,3,1,2,0,2,2,3,6,1,2,44,3,1,2,3,1,2,1,2
4,73,1742.0,108,terminated,2,0,0,2,1742.0,1,2,1,1,0,4,0,8,2,2,0,4,2,2,0,2,2,4,8,2,2,6,4,2,2,4,2,2,2,2
4,74,1757.0,93,terminated,2,0,0,2,1757.0,1,0,0,0,0,4,0,8,2,2,0,4,2,2,0,2,2,4,8,2,2,0,4,2,2,4,2,2,2,2
4,75,1714.0,136,terminated,2,0,0,2,1714.0,1,1,0,1,1,4,1,9,2,2,1,5,2,2,1,3,2,4,8,2,2,4,4,2,2,4,2,2,2,2
4,76,1745.0,105,terminated,2,0,0,2,1745.0,1,4,2,2,1,4,1,9,2,2,1,5,2,2,1,3,2,4,8,2,2,5,4,2,2,4,2,2,2,2
4,77,1734.0,116,terminated,2,0,0,2,1734.0,1,1,1,0,0,4,0,8,2,2,0,4,2,2,0,2,2,4,8,2,2,0,4,2,2,4,2,2,2,2
4,78,1734.0,116,terminated,2,0,0,2,1734.0,1,2,2,0,1,4,1,9,2,2,1,5,2,2,1,3,2,4,8,2,2,11,4,2,2,4,2,2,2,2
4,79,1723.0,127,terminated,2,0,0,2,1723.0,1,1,1,0,0,4,0,8,2,2,0,4,2,2,0,2,2,4,8,2,2,0,4,2,2,4,2,2,2,2
4,80,1746.0,104,terminated,2,0,0,2,1746.0,1,2,1,1,1,2,1,7,2,2,1,5,2,2,1,3,2,2,6,2,2,0,4,2,2,4,2,2,2,2
4,81,1745.0,105,terminated,2,0,0,2,1745.0,1,2,1,1,0,4,0,8,2,2,0,4,2,2,0,2,2,4,8,2,2,0,4,2,2,4,2,2,2,2
4,82,1735.0,115,terminated,2,0,0,2,1735.0,1,2,0,2,0,4,0,8,2,2,0,4,2,2,0,2,2,4,8,2,2,9,4,2,2,4,2,2,2,2
4,83,1691.0,159,terminated,2,0,0,2,1691.0,1,1,1,0,0,4,0,8,2,2,0,4,2,2,0,2,2,4,8,2,2,0,4,2,2,4,2,2,2,2
4,84,1738.0,112,terminated,2,0,0,2,1738.0,1,0,0,0,1,4,1,9,2,2,1,5,2,2,1,3,2,4,8,2,2,0,4,2,2,4,2,2,2,2
4,85,316.0,54,terminated,1,28,1,2,316.0,0,1,0,1,1,1,1,5,1,2,1,4,1,2,1,3,2,1,4,1,2,0,3,1,2,3,1,2,1,2
4,86,1548.0,102,terminated,2,0,0,1,1548.0,1,0,0,0,1,2,1,6,2,1,1,4,2,1,1,2,1,2,5,2,1,8,3,2,1,3,2,1,2,1
4,87,1765.0,85,terminated,2,0,0,2,1765.0,1,4,2,2,1,4,1,9,2,2,1,5,2,2,1,3,2,4,8,2,2,6,4,2,2,4,2,2,2,2
4,88,1539.0,111,terminated,2,0,0,1,1539.0,1,2,2,0,0,3,0,6,2,1,0,3,2,1,0,1,1,3,6,2,1,0,3,2,1,3,2,1,2,1
4,89,1735.0,115,terminated,2,0,0,2,1735.0,1,3,2,1,1,3,1,8,2,2,1,5,2,2,1,3,2,3,7,2,2,2,4,2,2,4,2,2,2,2
4,90,1757.0,93,terminated,2,0,0,2,1757.0,1,2,2,0,1,4,1,9,2,2,1,5,2,2,1,3,2,4,8,2,2,4,4,2,2,4,2,2,2,2
4,91,1753.0,97,terminated,2,0,0,2,1753.0,1,2,2,0,1,4,1,9,2,2,1,5,2,2,1,3,2,4,8,2,2,2,4,2,2,4,2,2,2,2
4,92,1548.0,102,terminated,2,0,0,1,1548.0,1,1,1,0,1,3,1,7,2,1,1,4,2,1,1,2,1,3,6,2,1,1,3,2,1,3,2,1,2,1
4,93,1745.0,105,terminated,2,0,0,2,1745.0,1,4,2,2,1,4,1,9,2,2,1,5,2,2,1,3,2,4,8,2,2,8,4,2,2,4,2,2,2,2
4,94,1745.0,105,terminated,2,0,0,2,1745.0,1,2,1,1,1,4,1,9,2,2,1,5,2,2,1,3,2,4,8,2,2,5,4,2,2,4,2,2,2,2
4,95,1722.0,128,terminated,2,0,0,2,1722.0,1,0,0,0,1,4,1,9,2,2,1,5,2,2,1,3,2,4,8,2,2,6,4,2,2,4,2,2,2,2
4,96,12.0,38,terminated,1,40,1,1,12.0,0,0,0,0,1,2,1,5,1,1,1,3,1,1,1,2,1,2,4,1,1,0,2,1,1,2,1,1,1,1
4,97,1720.0,130,terminated,2,0,0,2,1720.0,1,2,1,1,0,4,0,8,2,2,0,4,2,2,0,2,2,4,8,2,2,0,4,2,2,4,2,2,2,2
4,98,1729.0,121,terminated,2,0,0,2,1729.0,1,4,2,2,1,4,1,9,2,2,1,5,2,2,1,3,2,4,8,2,2,11,4,2,2,4,2,2,2,2
4,99,1752.0,98,terminated,2,0,0,2,1752.0,1,0,0,0,0,4,0,8,2,2,0,4,2,2,0,2,2,4,8,2,2,2,4,2,2,4,2,2,2,2
4,100,-178.0,18,terminated,1,41,1,0,-178.0,0,0,0,0,1,0,1,2,1,0,1,2,1,0,1,1,0,0,1,1,0,0,1,1,0,1,1,0,1,0
4,101,1744.0,106,terminated,2,0,0,2,1744.0,1,2,1,1,1,4,1,9,2,2,1,5,2,2,1,3,2,4,8,2,2,3,4,2,2,4,2,2,2,2
4,102,725.0,105,terminated,2,2,1,2,725.0,0,1,1,0,1,3,1,8,2,2,1,5,2,2,1,3,2,3,7,2,2,0,4,2,2,4,2,2,2,2
4,103,1459.0,191,terminated,1,0,0,2,1459.0,1,1,0,1,1,2,1,6,1,2,1,4,1,2,1,3,2,2,5,1,2,0,3,1,2,3,1,2,1,2
4,104,41.0,29,terminated,1,38,1,1,41.0,0,1,0,1,0,1,0,3,1,1,0,2,1,1,0,1,1,1,3,1,1,10,2,1,1,2,1,1,1,1
4,105,1319.0,131,terminated,0,0,0,2,1319.0,1,2,0,2,1,2,1,5,0,2,1,3,0,2,1,3,2,2,4,0,2,16,2,0,2,2,0,2,0,2
4,106,1757.0,93,terminated,2,0,0,2,1757.0,1,2,0,2,1,4,1,9,2,2,1,5,2,2,1,3,2,4,8,2,2,7,4,2,2,4,2,2,2,2
4,107,1749.0,101,terminated,2,0,0,2,1749.0,1,2,2,0,1,4,1,9,2,2,1,5,2,2,1,3,2,4,8,2,2,6,4,2,2,4,2,2,2,2
4,108,1496.0,154,terminated,2,0,0,1,1496.0,1,0,0,0,1,3,1,7,2,1,1,4,2,1,1,2,1,3,6,2,1,0,3,2,1,3,2,1,2,1
4,109,1508.0,142,terminated,2,0,0,1,1508.0,1,1,0,1,0,3,0,6,2,1,0,3,2,1,0,1,1,3,6,2,1,11,3,2,1,3,2,1,2,1
4,110,1500.0,150,terminated,2,0,0,1,1500.0,1,1,1,0,0,3,0,6,2,1,0,3,2,1,0,1,1,3,6,2,1,11,3,2,1,3,2,1,2,1
4,111,1728.0,122,terminated,2,0,0,2,1728.0,1,0,0,0,0,3,0,7,2,2,0,4,2,2,0,2,2,3,7,2,2,2,4,2,2,4,2,2,2,2
4,112,1757.0,93,terminated,2,0,0,2,1757.0,1,3,1,2,1,4,1,9,2,2,1,5,2,2,1,3,2,4,8,2,2,7,4,2,2,4,2,2,2,2
4,113,1728.0,122,terminated,2,0,0,2,1728.0,1,2,2,0,1,4,1,9,2,2,1,5,2,2,1,3,2,4,8,2,2,8,4,2,2,4,2,2,2,2
4,114,1502.0,148,terminated,2,0,0,1,1502.0,1,3,2,1,1,2,1,6,2,1,1,4,2,1,1,2,1,2,5,2,1,24,3,2,1,3,2,1,2,1
4,115,1718.0,132,terminated,2,0,0,2,1718.0,1,2,1,1,0,4,0,8,2,2,0,4,2,2,0,2,2,4,8,2,2,0,4,2,2,4,2,2,2,2
4,116,1753.0,97,terminated,2,0,0,2,1753.0,1,1,0,1,0,4,0,8,2,2,0,4,2,2,0,2,2,4,8,2,2,0,4,2,2,4,2,2,2,2
4,117,1740.0,110,terminated,2,0,0,2,1740.0,1,3,2,1,0,3,0,7,2,2,0,4,2,2,0,2,2,3,7,2,2,0,4,2,2,4,2,2,2,2
4,118,1532.0,118,terminated,1,0,0,2,1532.0,1,2,0,2,1,3,1,7,1,2,1,4,1,2,1,3,2,3,6,1,2,8,3,1,2,3,1,2,1,2
4,119,1742.0,108,terminated,2,0,0,2,1742.0,1,2,2,0,0,4,0,8,2,2,0,4,2,2,0,2,2,4,8,2,2,3,4,2,2,4,2,2,2,2
4,120,1760.0,90,terminated,2,0,0,2,1760.0,1,4,2,2,1,4,1,9,2,2,1,5,2,2,1,3,2,4,8,2,2,5,4,2,2,4,2,2,2,2
4,121,1733.0,117,terminated,2,0,0,2,1733.0,1,3,2,1,1,4,1,9,2,2,1,5,2,2,1,3,2,4,8,2,2,2,4,2,2,4,2,2,2,2
4,122,1542.0,108,terminated,2,0,0,1,1542.0,1,1,0,1,0,3,0,6,2,1,0,3,2,1,0,1,1,3,6,2,1,12,3,2,1,3,2,1,2,1
4,123,1534.0,116,terminated,2,0,0,1,1534.0,1,3,2,1,1,3,1,7,2,1,1,4,2,1,1,2,1,3,6,2,1,3,3,2,1,3,2,1,2,1
4,124,1543.0,107,terminated,2,0,0,1,1543.0,1,2,2,0,1,3,1,7,2,1,1,4,2,1,1,2,1,3,6,2,1,10,3,2,1,3,2,1,2,1
4,125,1754.0,96,terminated,2,0,0,2,1754.0,1,3,1,2,1,4,1,9,2,2,1,5,2,2,1,3,2,4,8,2,2,10,4,2,2,4,2,2,2,2
4,126,1753.0,97,terminated,2,0,0,2,1753.0,1,2,1,1,1,4,1,9,2,2,1,5,2,2,1,3,2,4,8,2,2,8,4,2,2,4,2,2,2,2
4,127,1706.0,144,terminated,2,0,0,2,1706.0,1,0,0,0,0,4,0,8,2,2,0,4,2,2,0,2,2,4,8,2,2,0,4,2,2,4,2,2,2,2
4,128,1730.0,120,terminated,2,0,0,2,1730.0,1,3,2,1,1,4,1,9,2,2,1,5,2,2,1,3,2,4,8,2,2,4,4,2,2,4,2,2,2,2
4,129,-169.0,19,terminated,0,40,1,1,-169.0,0,1,0,1,1,0,1,2,0,1,1,2,0,1,1,2,1,0,1,0,1,3,1,0,1,1,0,1,0,1
4,130,1758.0,92,terminated,2,0,0,2,1758.0,1,4,2,2,1,4,1,9,2,2,1,5,2,2,1,3,2,4,8,2,2,8,4,2,2,4,2,2,2,2
4,131,1760.0,90,terminated,2,0,0,2,1760.0,1,1,0,1,0,4,0,8,2,2,0,4,2,2,0,2,2,4,8,2,2,0,4,2,2,4,2,2,2,2
4,132,1725.0,125,terminated,2,0,0,2,1725.0,1,1,1,0,1,4,1,9,2,2,1,5,2,2,1,3,2,4,8,2,2,3,4,2,2,4,2,2,2,2
4,133,1742.0,108,terminated,2,0,0,2,1742.0,1,1,0,1,1,4,1,9,2,2,1,5,2,2,1,3,2,4,8,2,2,7,4,2,2,4,2,2,2,2
4,134,478.0,52,terminated,2,32,1,2,478.0,0,2,1,1,0,3,0,7,2,2,0,4,2,2,0,2,2,3,7,2,2,5,4,2,2,4,2,2,2,2
4,135,1749.0,101,terminated,2,0,0,2,1749.0,1,3,1,2,0,4,0,8,2,2,0,4,2,2,0,2,2,4,8,2,2,6,4,2,2,4,2,2,2,2
4,136,1731.0,119,terminated,2,0,0,2,1731.0,1,2,0,2,0,4,0,8,2,2,0,4,2,2,0,2,2,4,8,2,2,2,4,2,2,4,2,2,2,2
4,137,1728.0,122,terminated,2,0,0,2,1728.0,1,2,1,1,1,3,1,8,2,2,1,5,2,2,1,3,2,3,7,2,2,1,4,2,2,4,2,2,2,2
4,138,1699.0,151,terminated,2,0,0,2,1699.0,1,2,1,1,1,3,1,8,2,2,1,5,2,2,1,3,2,3,7,2,2,5,4,2,2,4,2,2,2,2
4,139,22.0,18,terminated,1,41,1,1,22.0,0,0,0,0,1,1,1,4,1,1,1,3,1,1,1,2,1,1,3,1,1,0,2,1,1,2,1,1,1,1
4,140,1740.0,110,terminated,2,0,0,2,1740.0,1,2,0,2,1,4,1,9,2,2,1,5,2,2,1,3,2,4,8,2,2,0,4,2,2,4,2,2,2,2
4,141,1750.0,100,terminated,2,0,0,2,1750.0,1,3,2,1,1,4,1,9,2,2,1,5,2,2,1,3,2,4,8,2,2,5,4,2,2,4,2,2,2,2
4,142,1728.0,122,terminated,2,0,0,2,1728.0,1,2,1,1,0,4,0,8,2,2,0,4,2,2,0,2,2,4,8,2,2,5,4,2,2,4,2,2,2,2
4,143,1729.0,121,terminated,2,0,0,2,1729.0,1,4,2,2,1,4,1,9,2,2,1,5,2,2,1,3,2,4,8,2,2,5,4,2,2,4,2,2,2,2
4,144,411.0,69,terminated,2,17,1,1,411.0,0,2,1,1,1,3,1,7,2,1,1,4,2,1,1,2,1,3,6,2,1,15,3,2,1,3,2,1,2,1
4,145,1697.0,153,terminated,2,0,0,2,1697.0,1,3,2,1,1,4,1,9,2,2,1,5,2,2,1,3,2,4,8,2,2,6,4,2,2,4,2,2,2,2
4,146,1550.0,100,terminated,2,0,0,1,1550.0,1,2,2,0,1,3,1,7,2,1,1,4,2,1,1,2,1,3,6,2,1,19,3,2,1,3,2,1,2,1
4,147,1708.0,142,terminated,2,0,0,2,1708.0,1,1,1,0,1,2,1,7,2,2,1,5,2,2,1,3,2,2,6,2,2,0,4,2,2,4,2,2,2,2
4,148,1701.0,149,terminated,2,0,0,2,1701.0,1,3,1,2,1,4,1,9,2,2,1,5,2,2,1,3,2,4,8,2,2,5,4,2,2,4,2,2,2,2
4,149,1526.0,124,terminated,1,0,0,2,1526.0,1,1,1,0,0,3,0,6,1,2,0,3,1,2,0,2,2,3,6,1,2,10,3,1,2,3,1,2,1,2
4,150,572.0,118,terminated,2,16,1,2,572.0,0,3,2,1,1,4,1,9,2,2,1,5,2,2,1,3,2,4,8,2,2,1,4,2,2,4,2,2,2,2
4,151,1764.0,86,terminated,2,0,0,2,1764.0,1,3,1,2,1,4,1,9,2,2,1,5,2,2,1,3,2,4,8,2,2,2,4,2,2,4,2,2,2,2
4,152,1747.0,103,terminated,2,0,0,2,1747.0,1,1,1,0,1,3,1,8,2,2,1,5,2,2,1,3,2,3,7,2,2,0,4,2,2,4,2,2,2,2
4,153,1734.0,116,terminated,2,0,0,2,1734.0,1,1,1,0,1,3,1,8,2,2,1,5,2,2,1,3,2,3,7,2,2,0,4,2,2,4,2,2,2,2
4,154,1739.0,111,terminated,2,0,0,2,1739.0,1,0,0,0,1,3,1,8,2,2,1,5,2,2,1,3,2,3,7,2,2,0,4,2,2,4,2,2,2,2
4,155,1745.0,105,terminated,2,0,0,2,1745.0,1,3,1,2,1,4,1,9,2,2,1,5,2,2,1,3,2,4,8,2,2,0,4,2,2,4,2,2,2,2
4,156,1751.0,99,terminated,2,0,0,2,1751.0,1,1,0,1,1,4,1,9,2,2,1,5,2,2,1,3,2,4,8,2,2,0,4,2,2,4,2,2,2,2
4,157,1735.0,115,terminated,2,0,0,2,1735.0,1,2,1,1,0,3,0,7,2,2,0,4,2,2,0,2,2,3,7,2,2,0,4,2,2,4,2,2,2,2
4,158,1716.0,134,terminated,2,0,0,2,1716.0,1,3,2,1,1,4,1,9,2,2,1,5,2,2,1,3,2,4,8,2,2,7,4,2,2,4,2,2,2,2
4,159,1741.0,109,terminated,2,0,0,2,1741.0,1,2,1,1,1,4,1,9,2,2,1,5,2,2,1,3,2,4,8,2,2,0,4,2,2,4,2,2,2,2
4,160,1542.0,108,terminated,2,0,0,1,1542.0,1,1,1,0,1,3,1,7,2,1,1,4,2,1,1,2,1,3,6,2,1,8,3,2,1,3,2,1,2,1
4,161,334.0,76,terminated,2,24,1,1,334.0,0,2,1,1,1,2,1,6,2,1,1,4,2,1,1,2,1,2,5,2,1,8,3,2,1,3,2,1,2,1
4,162,693.0,137,terminated,2,2,1,2,693.0,0,1,0,1,0,4,0,8,2,2,0,4,2,2,0,2,2,4,8,2,2,5,4,2,2,4,2,2,2,2
4,163,1744.0,106,terminated,2,0,0,2,1744.0,1,2,1,1,1,4,1,9,2,2,1,5,2,2,1,3,2,4,8,2,2,2,4,2,2,4,2,2,2,2
4,164,1712.0,138,terminated,2,0,0,2,1712.0,1,3,2,1,1,4,1,9,2,2,1,5,2,2,1,3,2,4,8,2,2,5,4,2,2,4,2,2,2,2
4,165,625.0,125,terminated,2,10,1,2,625.0,0,1,0,1,1,4,1,9,2,2,1,5,2,2,1,3,2,4,8,2,2,14,4,2,2,4,2,2,2,2
4,166,1735.0,115,terminated,2,0,0,2,1735.0,1,0,0,0,1,4,1,9,2,2,1,5,2,2,1,3,2,4,8,2,2,0,4,2,2,4,2,2,2,2
4,167,1554.0,96,terminated,2,0,0,1,1554.0,1,2,1,1,1,3,1,7,2,1,1,4,2,1,1,2,1,3,6,2,1,17,3,2,1,3,2,1,2,1
4,168,19.0,21,terminated,1,41,1,1,19.0,0,0,0,0,1,0,1,3,1,1,1,3,1,1,1,2,1,0,2,1,1,0,2,1,1,2,1,1,1,1
4,169,1770.0,80,terminated,2,0,0,2,1770.0,1,3,2,1,1,4,1,9,2,2,1,5,2,2,1,3,2,4,8,2,2,6,4,2,2,4,2,2,2,2
4,170,1702.0,148,terminated,2,0,0,2,1702.0,1,1,0,1,0,3,0,7,2,2,0,4,2,2,0,2,2,3,7,2,2,17,4,2,2,4,2,2,2,2
4,171,1529.0,121,terminated,1,0,0,2,1529.0,1,2,1,1,1,3,1,7,1,2,1,4,1,2,1,3,2,3,6,1,2,10,3,1,2,3,1,2,1,2
4,172,-169.0,19,terminated,0,40,1,1,-169.0,0,1,0,1,1,0,1,2,0,1,1,2,0,1,1,2,1,0,1,0,1,3,1,0,1,1,0,1,0,1
4,173,1686.0,164,terminated,2,0,0,2,1686.0,1,2,1,1,1,3,1,8,2,2,1,5,2,2,1,3,2,3,7,2,2,0,4,2,2,4,2,2,2,2
4,174,1734.0,116,terminated,2,0,0,2,1734.0,1,2,1,1,1,4,1,9,2,2,1,5,2,2,1,3,2,4,8,2,2,0,4,2,2,4,2,2,2,2
4,175,349.0,41,terminated,1,26,1,2,349.0,0,3,1,2,1,2,1,6,1,2,1,4,1,2,1,3,2,2,5,1,2,7,3,1,2,3,1,2,1,2
4,176,1737.0,113,terminated,2,0,0,2,1737.0,1,2,0,2,0,4,0,8,2,2,0,4,2,2,0,2,2,4,8,2,2,2,4,2,2,4,2,2,2,2
4,177,1726.0,124,terminated,2,0,0,2,1726.0,1,3,1,2,0,4,0,8,2,2,0,4,2,2,0,2,2,4,8,2,2,7,4,2,2,4,2,2,2,2
4,178,1758.0,92,terminated,2,0,0,2,1758.0,1,3,2,1,1,4,1,9,2,2,1,5,2,2,1,3,2,4,8,2,2,7,4,2,2,4,2,2,2,2
4,179,1747.0,103,terminated,2,0,0,2,1747.0,1,1,1,0,0,3,0,7,2,2,0,4,2,2,0,2,2,3,7,2,2,0,4,2,2,4,2,2,2,2
4,180,15.0,25,terminated,1,41,1,1,15.0,0,0,0,0,1,1,1,4,1,1,1,3,1,1,1,2,1,1,3,1,1,0,2,1,1,2,1,1,1,1
4,181,1702.0,148,terminated,2,0,0,2,1702.0,1,3,2,1,1,3,1,8,2,2,1,5,2,2,1,3,2,3,7,2,2,0,4,2,2,4,2,2,2,2
4,182,1715.0,135,terminated,2,0,0,2,1715.0,1,2,2,0,1,4,1,9,2,2,1,5,2,2,1,3,2,4,8,2,2,2,4,2,2,4,2,2,2,2
4,183,1750.0,100,terminated,2,0,0,2,1750.0,1,1,0,1,0,3,0,7,2,2,0,4,2,2,0,2,2,3,7,2,2,0,4,2,2,4,2,2,2,2
4,184,1729.0,121,terminated,2,0,0,2,1729.0,1,2,1,1,1,4,1,9,2,2,1,5,2,2,1,3,2,4,8,2,2,8,4,2,2,4,2,2,2,2
4,185,1534.0,116,terminated,2,0,0,1,1534.0,1,1,0,1,1,3,1,7,2,1,1,4,2,1,1,2,1,3,6,2,1,2,3,2,1,3,2,1,2,1
4,186,1682.0,168,terminated,2,0,0,2,1682.0,1,3,2,1,1,4,1,9,2,2,1,5,2,2,1,3,2,4,8,2,2,8,4,2,2,4,2,2,2,2
4,187,1738.0,112,terminated,2,0,0,2,1738.0,1,1,0,1,1,4,1,9,2,2,1,5,2,2,1,3,2,4,8,2,2,0,4,2,2,4,2,2,2,2
4,188,568.0,82,terminated,2,20,1,2,568.0,0,0,0,0,1,4,1,9,2,2,1,5,2,2,1,3,2,4,8,2,2,7,4,2,2,4,2,2,2,2
4,189,1729.0,121,terminated,2,0,0,2,1729.0,1,2,1,1,1,4,1,9,2,2,1,5,2,2,1,3,2,4,8,2,2,0,4,2,2,4,2,2,2,2
4,190,1740.0,110,terminated,2,0,0,2,1740.0,1,1,0,1,1,4,1,9,2,2,1,5,2,2,1,3,2,4,8,2,2,2,4,2,2,4,2,2,2,2
4,191,1717.0,133,terminated,2,0,0,2,1717.0,1,3,2,1,0,4,0,8,2,2,0,4,2,2,0,2,2,4,8,2,2,4,4,2,2,4,2,2,2,2
4,192,1756.0,94,terminated,2,0,0,2,1756.0,1,1,0,1,0,4,0,8,2,2,0,4,2,2,0,2,2,4,8,2,2,0,4,2,2,4,2,2,2,2
4,193,1756.0,94,terminated,2,0,0,2,1756.0,1,2,1,1,0,4,0,8,2,2,0,4,2,2,0,2,2,4,8,2,2,5,4,2,2,4,2,2,2,2
4,194,1536.0,114,terminated,1,0,0,2,1536.0,1,1,0,1,1,2,1,6,1,2,1,4,1,2,1,3,2,2,5,1,2,28,3,1,2,3,1,2,1,2
4,195,1750.0,100,terminated,2,0,0,2,1750.0,1,2,0,2,1,4,1,9,2,2,1,5,2,2,1,3,2,4,8,2,2,3,4,2,2,4,2,2,2,2
4,196,1755.0,95,terminated,2,0,0,2,1755.0,1,2,1,1,0,4,0,8,2,2,0,4,2,2,0,2,2,4,8,2,2,6,4,2,2,4,2,2,2,2
4,197,1704.0,146,terminated,2,0,0,2,1704.0,1,2,1,1,1,4,1,9,2,2,1,5,2,2,1,3,2,4,8,2,2,10,4,2,2,4,2,2,2,2
4,198,1736.0,114,terminated,2,0,0,2,1736.0,1,3,2,1,1,4,1,9,2,2,1,5,2,2,1,3,2,4,8,2,2,5,4,2,2,4,2,2,2,2
4,199,1746.0,104,terminated,2,0,0,2,1746.0,1,3,1,2,1,4,1,9,2,2,1,5,2,2,1,3,2,4,8,2,2,12,4,2,2,4,2,2,2,2
4,200,1721.0,129,terminated,2,0,0,2,1721.0,1,1,0,1,1,3,1,8,2,2,1,5,2,2,1,3,2,3,7,2,2,0,4,2,2,4,2,2,2,2
4,201,1262.0,188,terminated,2,0,0,0,1262.0,1,2,2,0,1,2,1,5,2,0,1,3,2,0,1,1,0,2,4,2,0,16,2,2,0,2,2,0,2,0
4,202,1748.0,102,terminated,2,0,0,2,1748.0,1,2,2,0,1,4,1,9,2,2,1,5,2,2,1,3,2,4,8,2,2,0,4,2,2,4,2,2,2,2
4,203,1760.0,90,terminated,2,0,0,2,1760.0,1,1,1,0,1,4,1,9,2,2,1,5,2,2,1,3,2,4,8,2,2,11,4,2,2,4,2,2,2,2
4,204,1740.0,110,terminated,2,0,0,2,1740.0,1,3,1,2,1,4,1,9,2,2,1,5,2,2,1,3,2,4,8,2,2,8,4,2,2,4,2,2,2,2
4,205,1537.0,113,terminated,1,0,0,2,1537.0,1,3,1,2,1,3,1,7,1,2,1,4,1,2,1,3,2,3,6,1,2,12,3,1,2,3,1,2,1,2
4,206,1730.0,120,terminated,2,0,0,2,1730.0,1,3,1,2,1,4,1,9,2,2,1,5,2,2,1,3,2,4,8,2,2,1,4,2,2,4,2,2,2,2
4,207,1730.0,120,terminated,2,0,0,2,1730.0,1,1,1,0,1,4,1,9,2,2,1,5,2,2,1,3,2,4,8,2,2,0,4,2,2,4,2,2,2,2
4,208,1741.0,109,terminated,2,0,0,2,1741.0,1,2,1,1,1,3,1,8,2,2,1,5,2,2,1,3,2,3,7,2,2,5,4,2,2,4,2,2,2,2
4,209,1744.0,106,terminated,2,0,0,2,1744.0,1,2,0,2,1,4,1,9,2,2,1,5,2,2,1,3,2,4,8,2,2,4,4,2,2,4,2,2,2,2
4,210,1751.0,99,terminated,2,0,0,2,1751.0,1,0,0,0,1,4,1,9,2,2,1,5,2,2,1,3,2,4,8,2,2,0,4,2,2,4,2,2,2,2
4,211,1710.0,140,terminated,2,0,0,2,1710.0,1,3,2,1,1,4,1,9,2,2,1,5,2,2,1,3,2,4,8,2,2,4,4,2,2,4,2,2,2,2
4,212,63.0,37,terminated,1,35,1,1,63.0,0,1,0,1,1,1,1,4,1,1,1,3,1,1,1,2,1,1,3,1,1,15,2,1,1,2,1,1,1,1
4,213,1755.0,95,terminated,2,0,0,2,1755.0,1,2,1,1,0,4,0,8,2,2,0,4,2,2,0,2,2,4,8,2,2,0,4,2,2,4,2,2,2,2
4,214,-167.0,17,terminated,0,40,1,1,-167.0,0,0,0,0,0,1,0,2,0,1,0,1,0,1,0,1,1,1,2,0,1,1,1,0,1,1,0,1,0,1
4,215,1331.0,119,terminated,1,0,0,1,1331.0,1,1,1,0,1,2,1,5,1,1,1,3,1,1,1,2,1,2,4,1,1,12,2,1,1,2,1,1,1,1
4,216,1556.0,94,terminated,1,0,0,2,1556.0,1,1,1,0,1,3,1,7,1,2,1,4,1,2,1,3,2,3,6,1,2,6,3,1,2,3,1,2,1,2
4,217,1724.0,126,terminated,2,0,0,2,1724.0,1,1,1,0,0,4,0,8,2,2,0,4,2,2,0,2,2,4,8,2,2,0,4,2,2,4,2,2,2,2
4,218,1734.0,116,terminated,2,0,0,2,1734.0,1,1,1,0,1,3,1,8,2,2,1,5,2,2,1,3,2,3,7,2,2,0,4,2,2,4,2,2,2,2
4,219,60.0,40,terminated,1,35,1,1,60.0,0,2,1,1,1,2,1,5,1,1,1,3,1,1,1,2,1,2,4,1,1,20,2,1,1,2,1,1,1,1
4,220,1723.0,127,terminated,2,0,0,2,1723.0,1,1,0,1,1,3,1,8,2,2,1,5,2,2,1,3,2,3,7,2,2,0,4,2,2,4,2,2,2,2
4,221,1739.0,111,terminated,2,0,0,2,1739.0,1,3,1,2,1,4,1,9,2,2,1,5,2,2,1,3,2,4,8,2,2,7,4,2,2,4,2,2,2,2
4,222,1746.0,104,terminated,2,0,0,2,1746.0,1,3,2,1,1,4,1,9,2,2,1,5,2,2,1,3,2,4,8,2,2,0,4,2,2,4,2,2,2,2
4,223,1720.0,130,terminated,2,0,0,2,1720.0,1,3,1,2,0,3,0,7,2,2,0,4,2,2,0,2,2,3,7,2,2,1,4,2,2,4,2,2,2,2
4,224,1756.0,94,terminated,2,0,0,2,1756.0,1,2,1,1,0,4,0,8,2,2,0,4,2,2,0,2,2,4,8,2,2,1,4,2,2,4,2,2,2,2
4,225,1759.0,91,terminated,2,0,0,2,1759.0,1,1,0,1,1,3,1,8,2,2,1,5,2,2,1,3,2,3,7,2,2,0,4,2,2,4,2,2,2,2
4,226,1548.0,102,terminated,2,0,0,1,1548.0,1,0,0,0,0,3,0,6,2,1,0,3,2,1,0,1,1,3,6,2,1,0,3,2,1,3,2,1,2,1
4,227,50.0,30,terminated,1,37,1,1,50.0,0,1,0,1,1,1,1,4,1,1,1,3,1,1,1,2,1,1,3,1,1,10,2,1,1,2,1,1,1,1
4,228,1759.0,91,terminated,2,0,0,2,1759.0,1,1,0,1,0,4,0,8,2,2,0,4,2,2,0,2,2,4,8,2,2,0,4,2,2,4,2,2,2,2
4,229,1531.0,119,terminated,2,0,0,1,1531.0,1,2,1,1,0,3,0,6,2,1,0,3,2,1,0,1,1,3,6,2,1,4,3,2,1,3,2,1,2,1
4,230,1445.0,205,terminated,2,0,0,1,1445.0,1,2,1,1,1,2,1,6,2,1,1,4,2,1,1,2,1,2,5,2,1,16,3,2,1,3,2,1,2,1
4,231,1733.0,117,terminated,2,0,0,2,1733.0,1,2,1,1,1,4,1,9,2,2,1,5,2,2,1,3,2,4,8,2,2,8,4,2,2,4,2,2,2,2
4,232,1743.0,107,terminated,2,0,0,2,1743.0,1,3,1,2,1,4,1,9,2,2,1,5,2,2,1,3,2,4,8,2,2,1,4,2,2,4,2,2,2,2
4,233,1737.0,113,terminated,2,0,0,2,1737.0,1,3,2,1,1,4,1,9,2,2,1,5,2,2,1,3,2,4,8,2,2,9,4,2,2,4,2,2,2,2
4,234,1731.0,119,terminated,2,0,0,2,1731.0,1,3,1,2,0,4,0,8,2,2,0,4,2,2,0,2,2,4,8,2,2,3,4,2,2,4,2,2,2,2
4,235,1736.0,114,terminated,2,0,0,2,1736.0,1,2,2,0,1,4,1,9,2,2,1,5,2,2,1,3,2,4,8,2,2,8,4,2,2,4,2,2,2,2
4,236,1716.0,134,terminated,2,0,0,2,1716.0,1,0,0,0,0,4,0,8,2,2,0,4,2,2,0,2,2,4,8,2,2,0,4,2,2,4,2,2,2,2
4,237,1740.0,110,terminated,2,0,0,2,1740.0,1,3,2,1,1,3,1,8,2,2,1,5,2,2,1,3,2,3,7,2,2,1,4,2,2,4,2,2,2,2
4,238,1735.0,115,terminated,2,0,0,2,1735.0,1,1,0,1,1,4,1,9,2,2,1,5,2,2,1,3,2,4,8,2,2,6,4,2,2,4,2,2,2,2
4,239,1736.0,114,terminated,2,0,0,2,1736.0,1,1,0,1,1,3,1,8,2,2,1,5,2,2,1,3,2,3,7,2,2,17,4,2,2,4,2,2,2,2
4,240,1537.0,113,terminated,2,0,0,1,1537.0,1,1,1,0,0,3,0,6,2,1,0,3,2,1,0,1,1,3,6,2,1,0,3,2,1,3,2,1,2,1
4,241,1716.0,134,terminated,2,0,0,2,1716.0,1,1,1,0,0,4,0,8,2,2,0,4,2,2,0,2,2,4,8,2,2,4,4,2,2,4,2,2,2,2
4,242,748.0,92,terminated,2,1,1,2,748.0,0,2,2,0,1,4,1,9,2,2,1,5,2,2,1,3,2,4,8,2,2,1,4,2,2,4,2,2,2,2
4,243,1702.0,148,terminated,2,0,0,2,1702.0,1,2,1,1,1,4,1,9,2,2,1,5,2,2,1,3,2,4,8,2,2,5,4,2,2,4,2,2,2,2
4,244,1550.0,100,terminated,2,0,0,1,1550.0,1,2,1,1,0,2,0,5,2,1,0,3,2,1,0,1,1,2,5,2,1,11,3,2,1,3,2,1,2,1
4,245,1755.0,95,terminated,2,0,0,2,1755.0,1,3,1,2,1,4,1,9,2,2,1,5,2,2,1,3,2,4,8,2,2,2,4,2,2,4,2,2,2,2
4,246,1748.0,102,terminated,2,0,0,2,1748.0,1,2,2,0,1,4,1,9,2,2,1,5,2,2,1,3,2,4,8,2,2,1,4,2,2,4,2,2,2,2
4,247,1732.0,118,terminated,2,0,0,2,1732.0,1,1,0,1,1,4,1,9,2,2,1,5,2,2,1,3,2,4,8,2,2,0,4,2,2,4,2,2,2,2
4,248,1703.0,147,terminated,2,0,0,2,1703.0,1,1,1,0,0,4,0,8,2,2,0,4,2,2,0,2,2,4,8,2,2,0,4,2,2,4,2,2,2,2
4,249,1549.0,101,terminated,1,0,0,2,1549.0,1,3,1,2,1,3,1,7,1,2,1,4,1,2,1,3,2,3,6,1,2,25,3,1,2,3,1,2,1,2
4,250,1717.0,133,terminated,2,0,0,2,1717.0,1,2,0,2,1,4,1,9,2,2,1,5,2,2,1,3,2,4,8,2,2,0,4,2,2,4,2,2,2,2
4,251,1747.0,103,terminated,2,0,0,2,1747.0,1,2,1,1,1,4,1,9,2,2,1,5,2,2,1,3,2,4,8,2,2,7,4,2,2,4,2,2,2,2
4,252,1736.0,114,terminated,2,0,0,2,1736.0,1,1,0,1,0,4,0,8,2,2,0,4,2,2,0,2,2,4,8,2,2,0,4,2,2,4,2,2,2,2
4,253,1725.0,125,terminated,2,0,0,2,1725.0,1,3,1,2,1,4,1,9,2,2,1,5,2,2,1,3,2,4,8,2,2,4,4,2,2,4,2,2,2,2
4,254,1520.0,130,terminated,2,0,0,1,1520.0,1,2,2,0,1,3,1,7,2,1,1,4,2,1,1,2,1,3,6,2,1,8,3,2,1,3,2,1,2,1
4,255,1755.0,95,terminated,2,0,0,2,1755.0,1,2,1,1,0,4,0,8,2,2,0,4,2,2,0,2,2,4,8,2,2,2,4,2,2,4,2,2,2,2
4,256,653.0,127,terminated,2,7,1,2,653.0,0,1,1,0,0,4,0,8,2,2,0,4,2,2,0,2,2,4,8,2,2,0,4,2,2,4,2,2,2,2
4,257,1727.0,123,terminated,2,0,0,2,1727.0,1,3,2,1,0,3,0,7,2,2,0,4,2,2,0,2,2,3,7,2,2,1,4,2,2,4,2,2,2,2
4,258,1767.0,83,terminated,2,0,0,2,1767.0,1,3,1,2,1,4,1,9,2,2,1,5,2,2,1,3,2,4,8,2,2,7,4,2,2,4,2,2,2,2
4,259,1498.0,152,terminated,1,0,0,2,1498.0,1,2,0,2,1,3,1,7,1,2,1,4,1,2,1,3,2,3,6,1,2,11,3,1,2,3,1,2,1,2
4,260,-169.0,19,terminated,0,40,1,1,-169.0,0,1,0,1,1,0,1,2,0,1,1,2,0,1,1,2,1,0,1,0,1,3,1,0,1,1,0,1,0,1
4,261,-169.0,19,terminated,0,40,1,1,-169.0,0,1,0,1,1,0,1,2,0,1,1,2,0,1,1,2,1,0,1,0,1,3,1,0,1,1,0,1,0,1
4,262,1719.0,131,terminated,2,0,0,2,1719.0,1,3,2,1,1,4,1,9,2,2,1,5,2,2,1,3,2,4,8,2,2,0,4,2,2,4,2,2,2,2
4,263,1530.0,120,terminated,2,0,0,1,1530.0,1,1,0,1,0,2,0,5,2,1,0,3,2,1,0,1,1,2,5,2,1,7,3,2,1,3,2,1,2,1
4,264,1739.0,111,terminated,2,0,0,2,1739.0,1,1,1,0,0,4,0,8,2,2,0,4,2,2,0,2,2,4,8,2,2,15,4,2,2,4,2,2,2,2
4,265,1538.0,112,terminated,1,0,0,2,1538.0,1,3,1,2,1,3,1,7,1,2,1,4,1,2,1,3,2,3,6,1,2,5,3,1,2,3,1,2,1,2
4,266,1736.0,114,terminated,2,0,0,2,1736.0,1,2,1,1,1,4,1,9,2,2,1,5,2,2,1,3,2,4,8,2,2,10,4,2,2,4,2,2,2,2
4,267,1734.0,116,terminated,2,0,0,2,1734.0,1,2,1,1,1,4,1,9,2,2,1,5,2,2,1,3,2,4,8,2,2,11,4,2,2,4,2,2,2,2
4,268,1726.0,124,terminated,2,0,0,2,1726.0,1,1,0,1,0,4,0,8,2,2,0,4,2,2,0,2,2,4,8,2,2,0,4,2,2,4,2,2,2,2
4,269,1543.0,107,terminated,2,0,0,1,1543.0,1,0,0,0,1,2,1,6,2,1,1,4,2,1,1,2,1,2,5,2,1,0,3,2,1,3,2,1,2,1
4,270,1464.0,186,terminated,1,0,0,2,1464.0,1,2,1,1,1,3,1,7,1,2,1,4,1,2,1,3,2,3,6,1,2,15,3,1,2,3,1,2,1,2
4,271,1326.0,124,terminated,1,0,0,1,1326.0,1,1,1,0,1,2,1,5,1,1,1,3,1,1,1,2,1,2,4,1,1,21,2,1,1,2,1,1,1,1
4,272,1764.0,86,terminated,2,0,0,2,1764.0,1,3,1,2,1,4,1,9,2,2,1,5,2,2,1,3,2,4,8,2,2,0,4,2,2,4,2,2,2,2
4,273,1768.0,82,terminated,2,0,0,2,1768.0,1,2,1,1,1,4,1,9,2,2,1,5,2,2,1,3,2,4,8,2,2,1,4,2,2,4,2,2,2,2
4,274,1725.0,125,terminated,2,0,0,2,1725.0,1,1,0,1,0,4,0,8,2,2,0,4,2,2,0,2,2,4,8,2,2,1,4,2,2,4,2,2,2,2
4,275,1746.0,104,terminated,2,0,0,2,1746.0,1,2,1,1,0,4,0,8,2,2,0,4,2,2,0,2,2,4,8,2,2,2,4,2,2,4,2,2,2,2
4,276,524.0,56,terminated,2,27,1,2,524.0,0,3,2,1,1,3,1,8,2,2,1,5,2,2,1,3,2,3,7,2,2,5,4,2,2,4,2,2,2,2
4,277,1734.0,116,terminated,2,0,0,2,1734.0,1,1,1,0,0,4,0,8,2,2,0,4,2,2,0,2,2,4,8,2,2,8,4,2,2,4,2,2,2,2
4,278,1497.0,153,terminated,1,0,0,2,1497.0,1,2,1,1,0,3,0,6,1,2,0,3,1,2,0,2,2,3,6,1,2,12,3,1,2,3,1,2,1,2
4,279,-169.0,19,terminated,0,40,1,1,-169.0,0,0,0,0,1,1,1,3,0,1,1,2,0,1,1,2,1,1,2,0,1,1,1,0,1,1,0,1,0,1
4,280,1737.0,113,terminated,2,0,0,2,1737.0,1,2,1,1,1,4,1,9,2,2,1,5,2,2,1,3,2,4,8,2,2,8,4,2,2,4,2,2,2,2
4,281,1738.0,112,terminated,2,0,0,2,1738.0,1,1,0,1,1,3,1,8,2,2,1,5,2,2,1,3,2,3,7,2,2,11,4,2,2,4,2,2,2,2
4,282,1748.0,102,terminated,2,0,0,2,1748.0,1,1,1,0,1,4,1,9,2,2,1,5,2,2,1,3,2,4,8,2,2,4,4,2,2,4,2,2,2,2
4,283,1744.0,106,terminated,2,0,0,2,1744.0,1,2,0,2,0,4,0,8,2,2,0,4,2,2,0,2,2,4,8,2,2,0,4,2,2,4,2,2,2,2
4,284,1539.0,111,terminated,1,0,0,2,1539.0,1,1,0,1,0,3,0,6,1,2,0,3,1,2,0,2,2,3,6,1,2,18,3,1,2,3,1,2,1,2
4,285,1720.0,130,terminated,2,0,0,2,1720.0,1,1,1,0,0,4,0,8,2,2,0,4,2,2,0,2,2,4,8,2,2,14,4,2,2,4,2,2,2,2
4,286,1523.0,127,terminated,2,0,0,1,1523.0,1,3,2,1,1,3,1,7,2,1,1,4,2,1,1,2,1,3,6,2,1,7,3,2,1,3,2,1,2,1
4,287,1729.0,121,terminated,2,0,0,2,1729.0,1,1,0,1,1,4,1,9,2,2,1,5,2,2,1,3,2,4,8,2,2,0,4,2,2,4,2,2,2,2
4,288,1557.0,93,terminated,2,0,0,1,1557.0,1,2,1,1,1,3,1,7,2,1,1,4,2,1,1,2,1,3,6,2,1,3,3,2,1,3,2,1,2,1
4,289,1731.0,119,terminated,2,0,0,2,1731.0,1,4,2,2,1,3,1,8,2,2,1,5,2,2,1,3,2,3,7,2,2,9,4,2,2,4,2,2,2,2
4,290,1755.0,95,terminated,2,0,0,2,1755.0,1,1,0,1,1,4,1,9,2,2,1,5,2,2,1,3,2,4,8,2,2,0,4,2,2,4,2,2,2,2
4,291,1770.0,80,terminated,2,0,0,2,1770.0,1,2,1,1,0,4,0,8,2,2,0,4,2,2,0,2,2,4,8,2,2,5,4,2,2,4,2,2,2,2
4,292,1563.0,87,terminated,1,0,0,2,1563.0,1,2,1,1,1,3,1,7,1,2,1,4,1,2,1,3,2,3,6,1,2,0,3,1,2,3,1,2,1,2
4,293,1483.0,167,terminated,1,0,0,2,1483.0,1,2,1,1,1,2,1,6,1,2,1,4,1,2,1,3,2,2,5,1,2,0,3,1,2,3,1,2,1,2
4,294,1754.0,96,terminated,2,0,0,2,1754.0,1,1,1,0,1,3,1,8,2,2,1,5,2,2,1,3,2,3,7,2,2,0,4,2,2,4,2,2,2,2
4,295,1722.0,128,terminated,2,0,0,2,1722.0,1,3,2,1,1,4,1,9,2,2,1,5,2,2,1,3,2,4,8,2,2,7,4,2,2,4,2,2,2,2
4,296,1750.0,100,terminated,2,0,0,2,1750.0,1,3,2,1,1,4,1,9,2,2,1,5,2,2,1,3,2,4,8,2,2,5,4,2,2,4,2,2,2,2
4,297,1718.0,132,terminated,2,0,0,2,1718.0,1,2,1,1,0,3,0,7,2,2,0,4,2,2,0,2,2,3,7,2,2,0,4,2,2,4,2,2,2,2
4,298,33.0,27,terminated,1,39,1,1,33.0,0,0,0,0,0,2,0,4,1,1,0,2,1,1,0,1,1,2,4,1,1,0,2,1,1,2,1,1,1,1
4,299,1667.0,183,terminated,2,0,0,2,1667.0,1,1,1,0,0,2,0,6,2,2,0,4,2,2,0,2,2,2,6,2,2,2,4,2,2,4,2,2,2,2
4,300,1733.0,117,terminated,2,0,0,2,1733.0,1,2,1,1,0,4,0,8,2,2,0,4,2,2,0,2,2,4,8,2,2,3,4,2,2,4,2,2,2,2
4,301,1737.0,113,terminated,2,0,0,2,1737.0,1,1,1,0,0,4,0,8,2,2,0,4,2,2,0,2,2,4,8,2,2,4,4,2,2,4,2,2,2,2
4,302,1749.0,101,terminated,2,0,0,2,1749.0,1,1,1,0,0,4,0,8,2,2,0,4,2,2,0,2,2,4,8,2,2,1,4,2,2,4,2,2,2,2
4,303,1712.0,138,terminated,2,0,0,2,1712.0,1,2,1,1,1,4,1,9,2,2,1,5,2,2,1,3,2,4,8,2,2,5,4,2,2,4,2,2,2,2
4,304,1743.0,107,terminated,2,0,0,2,1743.0,1,3,1,2,1,2,1,7,2,2,1,5,2,2,1,3,2,2,6,2,2,2,4,2,2,4,2,2,2,2
4,305,1698.0,152,terminated,2,0,0,2,1698.0,1,3,2,1,1,4,1,9,2,2,1,5,2,2,1,3,2,4,8,2,2,4,4,2,2,4,2,2,2,2
4,306,1730.0,120,terminated,2,0,0,2,1730.0,1,3,1,2,1,4,1,9,2,2,1,5,2,2,1,3,2,4,8,2,2,10,4,2,2,4,2,2,2,2
4,307,1536.0,114,terminated,1,0,0,2,1536.0,1,1,0,1,1,3,1,7,1,2,1,4,1,2,1,3,2,3,6,1,2,11,3,1,2,3,1,2,1,2
4,308,1748.0,102,terminated,2,0,0,2,1748.0,1,2,0,2,0,4,0,8,2,2,0,4,2,2,0,2,2,4,8,2,2,0,4,2,2,4,2,2,2,2
4,309,1764.0,86,terminated,2,0,0,2,1764.0,1,2,1,1,1,4,1,9,2,2,1,5,2,2,1,3,2,4,8,2,2,1,4,2,2,4,2,2,2,2
4,310,485.0,35,terminated,2,33,1,2,485.0,0,3,2,1,0,2,0,6,2,2,0,4,2,2,0,2,2,2,6,2,2,5,4,2,2,4,2,2,2,2
4,311,1737.0,113,terminated,2,0,0,2,1737.0,1,2,0,2,1,4,1,9,2,2,1,5,2,2,1,3,2,4,8,2,2,12,4,2,2,4,2,2,2,2
4,312,1538.0,112,terminated,1,0,0,2,1538.0,1,2,1,1,1,3,1,7,1,2,1,4,1,2,1,3,2,3,6,1,2,31,3,1,2,3,1,2,1,2
4,313,22.0,18,terminated,1,41,1,1,22.0,0,1,1,0,1,1,1,4,1,1,1,3,1,1,1,2,1,1,3,1,1,1,2,1,1,2,1,1,1,1
4,314,1545.0,105,terminated,2,0,0,1,1545.0,1,1,0,1,1,3,1,7,2,1,1,4,2,1,1,2,1,3,6,2,1,3,3,2,1,3,2,1,2,1
4,315,1726.0,124,terminated,2,0,0,2,1726.0,1,2,1,1,1,4,1,9,2,2,1,5,2,2,1,3,2,4,8,2,2,9,4,2,2,4,2,2,2,2
4,316,1309.0,141,terminated,1,0,0,1,1309.0,1,2,1,1,1,2,1,5,1,1,1,3,1,1,1,2,1,2,4,1,1,20,2,1,1,2,1,1,1,1
4,317,438.0,92,terminated,2,12,1,1,438.0,0,0,0,0,0,3,0,6,2,1,0,3,2,1,0,1,1,3,6,2,1,0,3,2,1,3,2,1,2,1
4,318,468.0,112,terminated,2,7,1,1,468.0,0,1,1,0,1,3,1,7,2,1,1,4,2,1,1,2,1,3,6,2,1,0,3,2,1,3,2,1,2,1
4,319,1527.0,123,terminated,1,0,0,2,1527.0,1,2,1,1,0,3,0,6,1,2,0,3,1,2,0,2,2,3,6,1,2,17,3,1,2,3,1,2,1,2
4,320,1749.0,101,terminated,2,0,0,2,1749.0,1,3,2,1,0,3,0,7,2,2,0,4,2,2,0,2,2,3,7,2,2,1,4,2,2,4,2,2,2,2
4,321,1502.0,148,terminated,1,0,0,2,1502.0,1,1,0,1,0,3,0,6,1,2,0,3,1,2,0,2,2,3,6,1,2,0,3,1,2,3,1,2,1,2
4,322,1543.0,107,terminated,2,0,0,1,1543.0,1,2,1,1,0,3,0,6,2,1,0,3,2,1,0,1,1,3,6,2,1,10,3,2,1,3,2,1,2,1
4,323,1515.0,135,terminated,1,0,0,2,1515.0,1,0,0,0,0,3,0,6,1,2,0,3,1,2,0,2,2,3,6,1,2,36,3,1,2,3,1,2,1,2
4,324,1725.0,125,terminated,2,0,0,2,1725.0,1,3,1,2,1,4,1,9,2,2,1,5,2,2,1,3,2,4,8,2,2,17,4,2,2,4,2,2,2,2
4,325,1754.0,96,terminated,2,0,0,2,1754.0,1,2,1,1,1,3,1,8,2,2,1,5,2,2,1,3,2,3,7,2,2,1,4,2,2,4,2,2,2,2
4,326,1566.0,84,terminated,1,0,0,2,1566.0,1,2,1,1,1,3,1,7,1,2,1,4,1,2,1,3,2,3,6,1,2,15,3,1,2,3,1,2,1,2
4,327,610.0,90,terminated,2,15,1,2,610.0,0,2,1,1,0,3,0,7,2,2,0,4,2,2,0,2,2,3,7,2,2,8,4,2,2,4,2,2,2,2
4,328,1746.0,104,terminated,2,0,0,2,1746.0,1,2,1,1,0,4,0,8,2,2,0,4,2,2,0,2,2,4,8,2,2,0,4,2,2,4,2,2,2,2
4,329,28.0,22,terminated,1,40,1,1,28.0,0,0,0,0,0,1,0,3,1,1,0,2,1,1,0,1,1,1,3,1,1,1,2,1,1,2,1,1,1,1
4,330,1713.0,137,terminated,2,0,0,2,1713.0,1,3,2,1,0,4,0,8,2,2,0,4,2,2,0,2,2,4,8,2,2,1,4,2,2,4,2,2,2,2
4,331,1743.0,107,terminated,2,0,0,2,1743.0,1,1,0,1,1,4,1,9,2,2,1,5,2,2,1,3,2,4,8,2,2,2,4,2,2,4,2,2,2,2
4,332,1748.0,102,terminated,2,0,0,2,1748.0,1,1,1,0,1,3,1,8,2,2,1,5,2,2,1,3,2,3,7,2,2,0,4,2,2,4,2,2,2,2
4,333,1741.0,109,terminated,2,0,0,2,1741.0,1,1,1,0,1,3,1,8,2,2,1,5,2,2,1,3,2,3,7,2,2,2,4,2,2,4,2,2,2,2
4,334,1771.0,79,terminated,2,0,0,2,1771.0,1,0,0,0,0,4,0,8,2,2,0,4,2,2,0,2,2,4,8,2,2,0,4,2,2,4,2,2,2,2
4,335,1750.0,100,terminated,2,0,0,2,1750.0,1,3,1,2,0,4,0,8,2,2,0,4,2,2,0,2,2,4,8,2,2,7,4,2,2,4,2,2,2,2
4,336,1762.0,88,terminated,2,0,0,2,1762.0,1,1,0,1,0,4,0,8,2,2,0,4,2,2,0,2,2,4,8,2,2,7,4,2,2,4,2,2,2,2
4,337,1759.0,91,terminated,2,0,0,2,1759.0,1,3,2,1,1,4,1,9,2,2,1,5,2,2,1,3,2,4,8,2,2,0,4,2,2,4,2,2,2,2
4,338,1748.0,102,terminated,2,0,0,2,1748.0,1,2,2,0,1,4,1,9,2,2,1,5,2,2,1,3,2,4,8,2,2,2,4,2,2,4,2,2,2,2
4,339,1713.0,137,terminated,2,0,0,2,1713.0,1,1,0,1,1,4,1,9,2,2,1,5,2,2,1,3,2,4,8,2,2,0,4,2,2,4,2,2,2,2
4,340,1719.0,131,terminated,2,0,0,2,1719.0,1,2,1,1,0,4,0,8,2,2,0,4,2,2,0,2,2,4,8,2,2,9,4,2,2,4,2,2,2,2
4,341,292.0,38,terminated,1,32,1,2,292.0,0,1,0,1,1,3,1,7,1,2,1,4,1,2,1,3,2,3,6,1,2,0,3,1,2,3,1,2,1,2
4,342,1546.0,104,terminated,2,0,0,1,1546.0,1,1,1,0,1,3,1,7,2,1,1,4,2,1,1,2,1,3,6,2,1,1,3,2,1,3,2,1,2,1
4,343,1753.0,97,terminated,2,0,0,2,1753.0,1,2,1,1,0,4,0,8,2,2,0,4,2,2,0,2,2,4,8,2,2,5,4,2,2,4,2,2,2,2
4,344,1733.0,117,terminated,2,0,0,2,1733.0,1,1,1,0,1,3,1,8,2,2,1,5,2,2,1,3,2,3,7,2,2,0,4,2,2,4,2,2,2,2
4,345,707.0,133,terminated,2,1,1,2,707.0,0,2,2,0,1,4,1,9,2,2,1,5,2,2,1,3,2,4,8,2,2,1,4,2,2,4,2,2,2,2
4,346,1550.0,100,terminated,2,0,0,1,1550.0,1,1,1,0,0,3,0,6,2,1,0,3,2,1,0,1,1,3,6,2,1,0,3,2,1,3,2,1,2,1
4,347,1728.0,122,terminated,2,0,0,2,1728.0,1,3,1,2,0,4,0,8,2,2,0,4,2,2,0,2,2,4,8,2,2,10,4,2,2,4,2,2,2,2
4,348,1739.0,111,terminated,2,0,0,2,1739.0,1,2,1,1,1,4,1,9,2,2,1,5,2,2,1,3,2,4,8,2,2,6,4,2,2,4,2,2,2,2
4,349,32.0,18,terminated,1,40,1,1,32.0,0,0,0,0,0,1,0,3,1,1,0,2,1,1,0,1,1,1,3,1,1,0,2,1,1,2,1,1,1,1
4,350,1629.0,221,terminated,2,0,0,2,1629.0,1,2,1,1,1,4,1,9,2,2,1,5,2,2,1,3,2,4,8,2,2,0,4,2,2,4,2,2,2,2
4,351,1750.0,100,terminated,2,0,0,2,1750.0,1,3,1,2,0,3,0,7,2,2,0,4,2,2,0,2,2,3,7,2,2,2,4,2,2,4,2,2,2,2
4,352,1508.0,142,terminated,1,0,0,2,1508.0,1,1,0,1,1,3,1,7,1,2,1,4,1,2,1,3,2,3,6,1,2,6,3,1,2,3,1,2,1,2
4,353,1730.0,120,terminated,2,0,0,2,1730.0,1,1,1,0,1,3,1,8,2,2,1,5,2,2,1,3,2,3,7,2,2,0,4,2,2,4,2,2,2,2
4,354,1728.0,122,terminated,2,0,0,2,1728.0,1,3,1,2,1,3,1,8,2,2,1,5,2,2,1,3,2,3,7,2,2,7,4,2,2,4,2,2,2,2
4,355,714.0,96,terminated,2,4,1,2,714.0,0,3,1,2,1,4,1,9,2,2,1,5,2,2,1,3,2,4,8,2,2,5,4,2,2,4,2,2,2,2
4,356,1542.0,108,terminated,1,0,0,2,1542.0,1,0,0,0,1,3,1,7,1,2,1,4,1,2,1,3,2,3,6,1,2,11,3,1,2,3,1,2,1,2
4,357,1716.0,134,terminated,2,0,0,2,1716.0,1,0,0,0,0,4,0,8,2,2,0,4,2,2,0,2,2,4,8,2,2,0,4,2,2,4,2,2,2,2
4,358,1753.0,97,terminated,2,0,0,2,1753.0,1,1,0,1,0,4,0,8,2,2,0,4,2,2,0,2,2,4,8,2,2,2,4,2,2,4,2,2,2,2
4,359,20.0,30,terminated,1,40,1,1,20.0,0,1,1,0,1,2,1,5,1,1,1,3,1,1,1,2,1,2,4,1,1,1,2,1,1,2,1,1,1,1
4,360,1767.0,83,terminated,2,0,0,2,1767.0,1,1,0,1,1,4,1,9,2,2,1,5,2,2,1,3,2,4,8,2,2,0,4,2,2,4,2,2,2,2
4,361,1743.0,107,terminated,2,0,0,2,1743.0,1,2,2,0,1,3,1,8,2,2,1,5,2,2,1,3,2,3,7,2,2,7,4,2,2,4,2,2,2,2
4,362,1737.0,113,terminated,2,0,0,2,1737.0,1,1,1,0,1,4,1,9,2,2,1,5,2,2,1,3,2,4,8,2,2,15,4,2,2,4,2,2,2,2
4,363,254.0,66,terminated,2,13,1,0,254.0,0,2,2,0,1,2,1,5,2,0,1,3,2,0,1,1,0,2,4,2,0,11,2,2,0,2,2,0,2,0
4,364,1744.0,106,terminated,2,0,0,2,1744.0,1,1,0,1,0,4,0,8,2,2,0,4,2,2,0,2,2,4,8,2,2,0,4,2,2,4,2,2,2,2
4,365,1754.0,96,terminated,2,0,0,2,1754.0,1,1,0,1,1,4,1,9,2,2,1,5,2,2,1,3,2,4,8,2,2,2,4,2,2,4,2,2,2,2
4,366,72.0,38,terminated,1,34,1,1,72.0,0,2,1,1,1,1,1,4,1,1,1,3,1,1,1,2,1,1,3,1,1,13,2,1,1,2,1,1,1,1
4,367,1728.0,122,terminated,2,0,0,2,1728.0,1,4,2,2,1,1,1,6,2,2,1,5,2,2,1,3,2,1,5,2,2,0,4,2,2,4,2,2,2,2
4,368,1689.0,161,terminated,2,0,0,2,1689.0,1,1,0,1,1,4,1,9,2,2,1,5,2,2,1,3,2,4,8,2,2,16,4,2,2,4,2,2,2,2
4,369,1758.0,92,terminated,2,0,0,2,1758.0,1,2,1,1,0,4,0,8,2,2,0,4,2,2,0,2,2,4,8,2,2,2,4,2,2,4,2,2,2,2
4,370,1734.0,116,terminated,2,0,0,2,1734.0,1,3,1,2,1,4,1,9,2,2,1,5,2,2,1,3,2,4,8,2,2,8,4,2,2,4,2,2,2,2
4,371,614.0,86,terminated,2,15,1,2,614.0,0,3,2,1,1,4,1,9,2,2,1,5,2,2,1,3,2,4,8,2,2,13,4,2,2,4,2,2,2,2
4,372,275.0,125,terminated,2,5,1,0,275.0,0,0,0,0,0,2,0,4,2,0,0,2,2,0,0,0,0,2,4,2,0,12,2,2,0,2,2,0,2,0
4,373,24.0,26,terminated,1,40,1,1,24.0,0,1,1,0,1,1,1,4,1,1,1,3,1,1,1,2,1,1,3,1,1,1,2,1,1,2,1,1,1,1
4,374,1742.0,108,terminated,2,0,0,2,1742.0,1,2,2,0,1,4,1,9,2,2,1,5,2,2,1,3,2,4,8,2,2,3,4,2,2,4,2,2,2,2
4,375,32.0,18,terminated,1,40,1,1,32.0,0,1,0,1,0,1,0,3,1,1,0,2,1,1,0,1,1,1,3,1,1,1,2,1,1,2,1,1,1,1
4,376,1748.0,102,terminated,2,0,0,2,1748.0,1,1,1,0,1,4,1,9,2,2,1,5,2,2,1,3,2,4,8,2,2,0,4,2,2,4,2,2,2,2
4,377,1758.0,92,terminated,2,0,0,2,1758.0,1,4,2,2,1,4,1,9,2,2,1,5,2,2,1,3,2,4,8,2,2,5,4,2,2,4,2,2,2,2
4,378,1729.0,121,terminated,2,0,0,2,1729.0,1,2,1,1,1,4,1,9,2,2,1,5,2,2,1,3,2,4,8,2,2,16,4,2,2,4,2,2,2,2
4,379,1729.0,121,terminated,2,0,0,2,1729.0,1,2,1,1,1,4,1,9,2,2,1,5,2,2,1,3,2,4,8,2,2,0,4,2,2,4,2,2,2,2
4,380,1739.0,111,terminated,2,0,0,2,1739.0,1,2,2,0,1,4,1,9,2,2,1,5,2,2,1,3,2,4,8,2,2,5,4,2,2,4,2,2,2,2
4,381,1741.0,109,terminated,2,0,0,2,1741.0,1,3,2,1,1,4,1,9,2,2,1,5,2,2,1,3,2,4,8,2,2,4,4,2,2,4,2,2,2,2
4,382,1730.0,120,terminated,2,0,0,2,1730.0,1,4,2,2,1,4,1,9,2,2,1,5,2,2,1,3,2,4,8,2,2,9,4,2,2,4,2,2,2,2
4,383,1753.0,97,terminated,2,0,0,2,1753.0,1,2,1,1,1,4,1,9,2,2,1,5,2,2,1,3,2,4,8,2,2,4,4,2,2,4,2,2,2,2
4,384,497.0,43,terminated,2,31,1,2,497.0,0,2,1,1,0,2,0,6,2,2,0,4,2,2,0,2,2,2,6,2,2,0,4,2,2,4,2,2,2,2
4,385,1738.0,112,terminated,2,0,0,2,1738.0,1,1,1,0,1,4,1,9,2,2,1,5,2,2,1,3,2,4,8,2,2,3,4,2,2,4,2,2,2,2
4,386,20.0,20,terminated,1,41,1,1,20.0,0,0,0,0,1,1,1,4,1,1,1,3,1,1,1,2,1,1,3,1,1,0,2,1,1,2,1,1,1,1
4,387,-167.0,17,terminated,0,40,1,1,-167.0,0,0,0,0,0,1,0,2,0,1,0,1,0,1,0,1,1,1,2,0,1,1,1,0,1,1,0,1,0,1
4,388,1718.0,132,terminated,2,0,0,2,1718.0,1,0,0,0,1,4,1,9,2,2,1,5,2,2,1,3,2,4,8,2,2,4,4,2,2,4,2,2,2,2
4,389,1768.0,82,terminated,2,0,0,2,1768.0,1,4,2,2,1,4,1,9,2,2,1,5,2,2,1,3,2,4,8,2,2,4,4,2,2,4,2,2,2,2
4,390,1733.0,117,terminated,2,0,0,2,1733.0,1,1,0,1,0,4,0,8,2,2,0,4,2,2,0,2,2,4,8,2,2,7,4,2,2,4,2,2,2,2
4,391,1739.0,111,terminated,2,0,0,2,1739.0,1,1,1,0,1,4,1,9,2,2,1,5,2,2,1,3,2,4,8,2,2,7,4,2,2,4,2,2,2,2
4,392,1722.0,128,terminated,2,0,0,2,1722.0,1,2,1,1,1,4,1,9,2,2,1,5,2,2,1,3,2,4,8,2,2,5,4,2,2,4,2,2,2,2
4,393,1750.0,100,terminated,2,0,0,2,1750.0,1,3,1,2,0,4,0,8,2,2,0,4,2,2,0,2,2,4,8,2,2,1,4,2,2,4,2,2,2,2
4,394,1742.0,108,terminated,2,0,0,2,1742.0,1,2,1,1,1,4,1,9,2,2,1,5,2,2,1,3,2,4,8,2,2,3,4,2,2,4,2,2,2,2
4,395,-167.0,17,terminated,0,40,1,1,-167.0,0,0,0,0,0,1,0,2,0,1,0,1,0,1,0,1,1,1,2,0,1,1,1,0,1,1,0,1,0,1
4,396,1524.0,126,terminated,2,0,0,1,1524.0,1,1,1,0,1,3,1,7,2,1,1,4,2,1,1,2,1,3,6,2,1,14,3,2,1,3,2,1,2,1
4,397,-179.0,19,terminated,0,41,1,1,-179.0,0,1,0,1,1,0,1,2,0,1,1,2,0,1,1,2,1,0,1,0,1,1,1,0,1,1,0,1,0,1
4,398,1744.0,106,terminated,2,0,0,2,1744.0,1,1,1,0,1,3,1,8,2,2,1,5,2,2,1,3,2,3,7,2,2,5,4,2,2,4,2,2,2,2
4,399,1727.0,123,terminated,2,0,0,2,1727.0,1,2,2,0,0,4,0,8,2,2,0,4,2,2,0,2,2,4,8,2,2,16,4,2,2,4,2,2,2,2
4,400,33.0,17,terminated,1,40,1,1,33.0,0,1,0,1,0,1,0,3,1,1,0,2,1,1,0,1,1,1,3,1,1,1,2,1,1,2,1,1,1,1
4,401,1740.0,110,terminated,2,0,0,2,1740.0,1,2,0,2,1,4,1,9,2,2,1,5,2,2,1,3,2,4,8,2,2,1,4,2,2,4,2,2,2,2
4,402,1740.0,110,terminated,2,0,0,2,1740.0,1,0,0,0,0,4,0,8,2,2,0,4,2,2,0,2,2,4,8,2,2,1,4,2,2,4,2,2,2,2
4,403,1749.0,101,terminated,2,0,0,2,1749.0,1,3,1,2,1,4,1,9,2,2,1,5,2,2,1,3,2,4,8,2,2,4,4,2,2,4,2,2,2,2
4,404,1739.0,111,terminated,2,0,0,2,1739.0,1,2,0,2,1,3,1,8,2,2,1,5,2,2,1,3,2,3,7,2,2,15,4,2,2,4,2,2,2,2
4,405,1761.0,89,terminated,2,0,0,2,1761.0,1,1,1,0,1,4,1,9,2,2,1,5,2,2,1,3,2,4,8,2,2,8,4,2,2,4,2,2,2,2
4,406,1501.0,149,terminated,1,0,0,2,1501.0,1,2,1,1,1,3,1,7,1,2,1,4,1,2,1,3,2,3,6,1,2,25,3,1,2,3,1,2,1,2
4,407,-178.0,18,terminated,1,41,1,0,-178.0,0,0,0,0,1,0,1,2,1,0,1,2,1,0,1,1,0,0,1,1,0,0,1,1,0,1,1,0,1,0
4,408,1732.0,118,terminated,2,0,0,2,1732.0,1,4,2,2,1,4,1,9,2,2,1,5,2,2,1,3,2,4,8,2,2,10,4,2,2,4,2,2,2,2
4,409,1750.0,100,terminated,2,0,0,2,1750.0,1,1,1,0,0,4,0,8,2,2,0,4,2,2,0,2,2,4,8,2,2,0,4,2,2,4,2,2,2,2
4,410,1746.0,104,terminated,2,0,0,2,1746.0,1,4,2,2,1,4,1,9,2,2,1,5,2,2,1,3,2,4,8,2,2,8,4,2,2,4,2,2,2,2
4,411,627.0,93,terminated,2,13,1,2,627.0,0,2,0,2,1,4,1,9,2,2,1,5,2,2,1,3,2,4,8,2,2,0,4,2,2,4,2,2,2,2
4,412,1746.0,104,terminated,2,0,0,2,1746.0,1,3,2,1,1,4,1,9,2,2,1,5,2,2,1,3,2,4,8,2,2,7,4,2,2,4,2,2,2,2
4,413,1505.0,145,terminated,1,0,0,2,1505.0,1,1,0,1,1,2,1,6,1,2,1,4,1,2,1,3,2,2,5,1,2,17,3,1,2,3,1,2,1,2
4,414,1747.0,103,terminated,2,0,0,2,1747.0,1,3,2,1,1,4,1,9,2,2,1,5,2,2,1,3,2,4,8,2,2,10,4,2,2,4,2,2,2,2
4,415,1751.0,99,terminated,2,0,0,2,1751.0,1,3,1,2,1,4,1,9,2,2,1,5,2,2,1,3,2,4,8,2,2,1,4,2,2,4,2,2,2,2
4,416,1732.0,118,terminated,2,0,0,2,1732.0,1,2,1,1,1,4,1,9,2,2,1,5,2,2,1,3,2,4,8,2,2,3,4,2,2,4,2,2,2,2
4,417,1759.0,91,terminated,2,0,0,2,1759.0,1,2,1,1,1,4,1,9,2,2,1,5,2,2,1,3,2,4,8,2,2,1,4,2,2,4,2,2,2,2
4,418,1705.0,145,terminated,2,0,0,2,1705.0,1,0,0,0,0,4,0,8,2,2,0,4,2,2,0,2,2,4,8,2,2,0,4,2,2,4,2,2,2,2
4,419,1699.0,151,terminated,2,0,0,2,1699.0,1,2,0,2,1,4,1,9,2,2,1,5,2,2,1,3,2,4,8,2,2,3,4,2,2,4,2,2,2,2
4,420,1710.0,140,terminated,2,0,0,2,1710.0,1,2,2,0,1,4,1,9,2,2,1,5,2,2,1,3,2,4,8,2,2,12,4,2,2,4,2,2,2,2
4,421,1730.0,120,terminated,2,0,0,2,1730.0,1,2,1,1,0,4,0,8,2,2,0,4,2,2,0,2,2,4,8,2,2,0,4,2,2,4,2,2,2,2
4,422,1757.0,93,terminated,2,0,0,2,1757.0,1,1,1,0,1,4,1,9,2,2,1,5,2,2,1,3,2,4,8,2,2,5,4,2,2,4,2,2,2,2
4,423,1525.0,125,terminated,2,0,0,1,1525.0,1,2,2,0,0,3,0,6,2,1,0,3,2,1,0,1,1,3,6,2,1,1,3,2,1,3,2,1,2,1
4,424,1739.0,111,terminated,2,0,0,2,1739.0,1,2,2,0,1,4,1,9,2,2,1,5,2,2,1,3,2,4,8,2,2,5,4,2,2,4,2,2,2,2
4,425,1748.0,102,terminated,2,0,0,2,1748.0,1,1,1,0,1,3,1,8,2,2,1,5,2,2,1,3,2,3,7,2,2,0,4,2,2,4,2,2,2,2
4,426,1715.0,135,terminated,2,0,0,2,1715.0,1,3,1,2,1,4,1,9,2,2,1,5,2,2,1,3,2,4,8,2,2,8,4,2,2,4,2,2,2,2
4,427,1512.0,138,terminated,1,0,0,2,1512.0,1,3,1,2,1,2,1,6,1,2,1,4,1,2,1,3,2,2,5,1,2,0,3,1,2,3,1,2,1,2
4,428,1743.0,107,terminated,2,0,0,2,1743.0,1,2,0,2,1,4,1,9,2,2,1,5,2,2,1,3,2,4,8,2,2,11,4,2,2,4,2,2,2,2
4,429,1716.0,134,terminated,2,0,0,2,1716.0,1,3,1,2,1,4,1,9,2,2,1,5,2,2,1,3,2,4,8,2,2,3,4,2,2,4,2,2,2,2
4,430,-178.0,18,terminated,1,41,1,0,-178.0,0,0,0,0,1,0,1,2,1,0,1,2,1,0,1,1,0,0,1,1,0,0,1,1,0,1,1,0,1,0
4,431,1557.0,93,terminated,1,0,0,2,1557.0,1,2,1,1,0,3,0,6,1,2,0,3,1,2,0,2,2,3,6,1,2,17,3,1,2,3,1,2,1,2
4,432,1753.0,97,terminated,2,0,0,2,1753.0,1,0,0,0,0,3,0,7,2,2,0,4,2,2,0,2,2,3,7,2,2,0,4,2,2,4,2,2,2,2
4,433,1718.0,132,terminated,2,0,0,2,1718.0,1,1,1,0,0,4,0,8,2,2,0,4,2,2,0,2,2,4,8,2,2,15,4,2,2,4,2,2,2,2
4,434,1718.0,132,terminated,2,0,0,2,1718.0,1,3,2,1,1,3,1,8,2,2,1,5,2,2,1,3,2,3,7,2,2,0,4,2,2,4,2,2,2,2
4,435,24.0,16,terminated,1,41,1,1,24.0,0,0,0,0,0,1,0,3,1,1,0,2,1,1,0,1,1,1,3,1,1,0,2,1,1,2,1,1,1,1
4,436,1712.0,138,terminated,2,0,0,2,1712.0,1,2,2,0,1,4,1,9,2,2,1,5,2,2,1,3,2,4,8,2,2,13,4,2,2,4,2,2,2,2
4,437,1736.0,114,terminated,2,0,0,2,1736.0,1,1,0,1,1,3,1,8,2,2,1,5,2,2,1,3,2,3,7,2,2,6,4,2,2,4,2,2,2,2
4,438,1762.0,88,terminated,2,0,0,2,1762.0,1,1,1,0,1,4,1,9,2,2,1,5,2,2,1,3,2,4,8,2,2,0,4,2,2,4,2,2,2,2
4,439,1509.0,141,terminated,1,0,0,2,1509.0,1,1,0,1,0,3,0,6,1,2,0,3,1,2,0,2,2,3,6,1,2,0,3,1,2,3,1,2,1,2
4,440,1754.0,96,terminated,2,0,0,2,1754.0,1,2,1,1,0,4,0,8,2,2,0,4,2,2,0,2,2,4,8,2,2,3,4,2,2,4,2,2,2,2
4,441,1525.0,125,terminated,1,0,0,2,1525.0,1,2,0,2,1,3,1,7,1,2,1,4,1,2,1,3,2,3,6,1,2,0,3,1,2,3,1,2,1,2
4,442,1731.0,119,terminated,2,0,0,2,1731.0,1,2,1,1,0,4,0,8,2,2,0,4,2,2,0,2,2,4,8,2,2,2,4,2,2,4,2,2,2,2
4,443,1755.0,95,terminated,2,0,0,2,1755.0,1,3,2,1,1,4,1,9,2,2,1,5,2,2,1,3,2,4,8,2,2,1,4,2,2,4,2,2,2,2
4,444,1755.0,95,terminated,2,0,0,2,1755.0,1,1,0,1,1,3,1,8,2,2,1,5,2,2,1,3,2,3,7,2,2,0,4,2,2,4,2,2,2,2
4,445,1547.0,103,terminated,1,0,0,2,1547.0,1,1,1,0,1,3,1,7,1,2,1,4,1,2,1,3,2,3,6,1,2,11,3,1,2,3,1,2,1,2
4,446,1743.0,107,terminated,2,0,0,2,1743.0,1,2,1,1,0,3,0,7,2,2,0,4,2,2,0,2,2,3,7,2,2,0,4,2,2,4,2,2,2,2
4,447,392.0,108,terminated,2,15,1,1,392.0,0,1,1,0,1,3,1,7,2,1,1,4,2,1,1,2,1,3,6,2,1,0,3,2,1,3,2,1,2,1
4,448,1746.0,104,terminated,2,0,0,2,1746.0,1,1,0,1,1,2,1,7,2,2,1,5,2,2,1,3,2,2,6,2,2,5,4,2,2,4,2,2,2,2
4,449,-146.0,36,terminated,0,36,1,1,-146.0,0,1,0,1,1,1,1,3,0,1,1,2,0,1,1,2,1,1,2,0,1,19,1,0,1,1,0,1,0,1
4,450,1740.0,110,terminated,2,0,0,2,1740.0,1,3,1,2,1,4,1,9,2,2,1,5,2,2,1,3,2,4,8,2,2,11,4,2,2,4,2,2,2,2
4,451,1755.0,95,terminated,2,0,0,2,1755.0,1,2,2,0,0,4,0,8,2,2,0,4,2,2,0,2,2,4,8,2,2,0,4,2,2,4,2,2,2,2
4,452,1741.0,109,terminated,2,0,0,2,1741.0,1,1,1,0,0,4,0,8,2,2,0,4,2,2,0,2,2,4,8,2,2,0,4,2,2,4,2,2,2,2
4,453,1734.0,116,terminated,2,0,0,2,1734.0,1,3,2,1,1,4,1,9,2,2,1,5,2,2,1,3,2,4,8,2,2,5,4,2,2,4,2,2,2,2
4,454,1763.0,87,terminated,2,0,0,2,1763.0,1,2,1,1,1,3,1,8,2,2,1,5,2,2,1,3,2,3,7,2,2,0,4,2,2,4,2,2,2,2
4,455,1715.0,135,terminated,2,0,0,2,1715.0,1,0,0,0,0,4,0,8,2,2,0,4,2,2,0,2,2,4,8,2,2,4,4,2,2,4,2,2,2,2
4,456,1760.0,90,terminated,2,0,0,2,1760.0,1,3,2,1,1,4,1,9,2,2,1,5,2,2,1,3,2,4,8,2,2,4,4,2,2,4,2,2,2,2
4,457,1748.0,102,terminated,2,0,0,2,1748.0,1,1,0,1,0,4,0,8,2,2,0,4,2,2,0,2,2,4,8,2,2,0,4,2,2,4,2,2,2,2
4,458,1726.0,124,terminated,2,0,0,2,1726.0,1,2,2,0,1,4,1,9,2,2,1,5,2,2,1,3,2,4,8,2,2,8,4,2,2,4,2,2,2,2
4,459,94.0,46,terminated,2,31,1,0,94.0,0,2,2,0,1,2,1,5,2,0,1,3,2,0,1,1,0,2,4,2,0,22,2,2,0,2,2,0,2,0
4,460,1723.0,127,terminated,2,0,0,2,1723.0,1,1,0,1,0,3,0,7,2,2,0,4,2,2,0,2,2,3,7,2,2,0,4,2,2,4,2,2,2,2
4,461,455.0,105,terminated,1,9,1,2,455.0,0,2,1,1,1,3,1,7,1,2,1,4,1,2,1,3,2,3,6,1,2,5,3,1,2,3,1,2,1,2
4,462,1755.0,95,terminated,2,0,0,2,1755.0,1,3,2,1,1,4,1,9,2,2,1,5,2,2,1,3,2,4,8,2,2,8,4,2,2,4,2,2,2,2
4,463,1738.0,112,terminated,2,0,0,2,1738.0,1,1,1,0,0,4,0,8,2,2,0,4,2,2,0,2,2,4,8,2,2,0,4,2,2,4,2,2,2,2
4,464,1757.0,93,terminated,2,0,0,2,1757.0,1,2,1,1,0,4,0,8,2,2,0,4,2,2,0,2,2,4,8,2,2,0,4,2,2,4,2,2,2,2
4,465,1749.0,101,terminated,2,0,0,2,1749.0,1,2,2,0,1,4,1,9,2,2,1,5,2,2,1,3,2,4,8,2,2,5,4,2,2,4,2,2,2,2
4,466,1741.0,109,terminated,2,0,0,2,1741.0,1,3,1,2,1,4,1,9,2,2,1,5,2,2,1,3,2,4,8,2,2,9,4,2,2,4,2,2,2,2
4,467,1529.0,121,terminated,1,0,0,2,1529.0,1,1,1,0,0,3,0,6,1,2,0,3,1,2,0,2,2,3,6,1,2,12,3,1,2,3,1,2,1,2
4,468,618.0,122,terminated,2,11,1,2,618.0,0,1,0,1,1,3,1,8,2,2,1,5,2,2,1,3,2,3,7,2,2,0,4,2,2,4,2,2,2,2
4,469,1760.0,90,terminated,2,0,0,2,1760.0,1,2,1,1,0,4,0,8,2,2,0,4,2,2,0,2,2,4,8,2,2,7,4,2,2,4,2,2,2,2
4,470,1523.0,127,terminated,1,0,0,2,1523.0,1,1,0,1,1,3,1,7,1,2,1,4,1,2,1,3,2,3,6,1,2,20,3,1,2,3,1,2,1,2
4,471,1745.0,105,terminated,2,0,0,2,1745.0,1,2,1,1,1,4,1,9,2,2,1,5,2,2,1,3,2,4,8,2,2,1,4,2,2,4,2,2,2,2
4,472,1520.0,130,terminated,2,0,0,1,1520.0,1,2,2,0,1,3,1,7,2,1,1,4,2,1,1,2,1,3,6,2,1,27,3,2,1,3,2,1,2,1
4,473,1737.0,113,terminated,2,0,0,2,1737.0,1,1,1,0,1,4,1,9,2,2,1,5,2,2,1,3,2,4,8,2,2,8,4,2,2,4,2,2,2,2
4,474,1754.0,96,terminated,2,0,0,2,1754.0,1,1,1,0,1,3,1,8,2,2,1,5,2,2,1,3,2,3,7,2,2,3,4,2,2,4,2,2,2,2
4,475,1530.0,120,terminated,2,0,0,1,1530.0,1,1,1,0,1,3,1,7,2,1,1,4,2,1,1,2,1,3,6,2,1,19,3,2,1,3,2,1,2,1
4,476,1462.0,188,terminated,2,0,0,1,1462.0,1,0,0,0,1,2,1,6,2,1,1,4,2,1,1,2,1,2,5,2,1,0,3,2,1,3,2,1,2,1
4,477,1724.0,126,terminated,2,0,0,2,1724.0,1,1,0,1,0,4,0,8,2,2,0,4,2,2,0,2,2,4,8,2,2,0,4,2,2,4,2,2,2,2
4,478,1734.0,116,terminated,2,0,0,2,1734.0,1,2,0,2,1,4,1,9,2,2,1,5,2,2,1,3,2,4,8,2,2,13,4,2,2,4,2,2,2,2
4,479,1527.0,123,terminated,2,0,0,1,1527.0,1,2,1,1,1,3,1,7,2,1,1,4,2,1,1,2,1,3,6,2,1,1,3,2,1,3,2,1,2,1
4,480,1742.0,108,terminated,2,0,0,2,1742.0,1,2,1,1,1,3,1,8,2,2,1,5,2,2,1,3,2,3,7,2,2,6,4,2,2,4,2,2,2,2
4,481,1756.0,94,terminated,2,0,0,2,1756.0,1,2,1,1,0,4,0,8,2,2,0,4,2,2,0,2,2,4,8,2,2,0,4,2,2,4,2,2,2,2
4,482,1765.0,85,terminated,2,0,0,2,1765.0,1,1,0,1,0,3,0,7,2,2,0,4,2,2,0,2,2,3,7,2,2,1,4,2,2,4,2,2,2,2
4,483,1716.0,134,terminated,2,0,0,2,1716.0,1,2,1,1,1,4,1,9,2,2,1,5,2,2,1,3,2,4,8,2,2,0,4,2,2,4,2,2,2,2
4,484,1770.0,80,terminated,2,0,0,2,1770.0,1,2,1,1,1,3,1,8,2,2,1,5,2,2,1,3,2,3,7,2,2,0,4,2,2,4,2,2,2,2
4,485,1742.0,108,terminated,2,0,0,2,1742.0,1,2,1,1,0,4,0,8,2,2,0,4,2,2,0,2,2,4,8,2,2,0,4,2,2,4,2,2,2,2
4,486,1736.0,114,terminated,2,0,0,2,1736.0,1,1,0,1,1,3,1,8,2,2,1,5,2,2,1,3,2,3,7,2,2,0,4,2,2,4,2,2,2,2
4,487,1700.0,150,terminated,2,0,0,2,1700.0,1,3,1,2,0,4,0,8,2,2,0,4,2,2,0,2,2,4,8,2,2,16,4,2,2,4,2,2,2,2
4,488,1746.0,104,terminated,2,0,0,2,1746.0,1,3,2,1,1,4,1,9,2,2,1,5,2,2,1,3,2,4,8,2,2,7,4,2,2,4,2,2,2,2
4,489,1733.0,117,terminated,2,0,0,2,1733.0,1,3,1,2,1,4,1,9,2,2,1,5,2,2,1,3,2,4,8,2,2,18,4,2,2,4,2,2,2,2
4,490,1544.0,106,terminated,1,0,0,2,1544.0,1,1,0,1,1,3,1,7,1,2,1,4,1,2,1,3,2,3,6,1,2,17,3,1,2,3,1,2,1,2
4,491,1761.0,89,terminated,2,0,0,2,1761.0,1,2,0,2,0,4,0,8,2,2,0,4,2,2,0,2,2,4,8,2,2,1,4,2,2,4,2,2,2,2
4,492,1754.0,96,terminated,2,0,0,2,1754.0,1,3,2,1,1,4,1,9,2,2,1,5,2,2,1,3,2,4,8,2,2,2,4,2,2,4,2,2,2,2
4,493,1525.0,125,terminated,2,0,0,1,1525.0,1,3,2,1,1,3,1,7,2,1,1,4,2,1,1,2,1,3,6,2,1,9,3,2,1,3,2,1,2,1
4,494,590.0,90,terminated,2,17,1,2,590.0,0,2,2,0,1,3,1,8,2,2,1,5,2,2,1,3,2,3,7,2,2,1,4,2,2,4,2,2,2,2
4,495,1736.0,114,terminated,2,0,0,2,1736.0,1,1,1,0,0,3,0,7,2,2,0,4,2,2,0,2,2,3,7,2,2,0,4,2,2,4,2,2,2,2
4,496,1754.0,96,terminated,2,0,0,2,1754.0,1,2,1,1,1,4,1,9,2,2,1,5,2,2,1,3,2,4,8,2,2,0,4,2,2,4,2,2,2,2
4,497,1751.0,99,terminated,2,0,0,2,1751.0,1,4,2,2,1,4,1,9,2,2,1,5,2,2,1,3,2,4,8,2,2,7,4,2,2,4,2,2,2,2
4,498,1762.0,88,terminated,2,0,0,2,1762.0,1,3,1,2,0,4,0,8,2,2,0,4,2,2,0,2,2,4,8,2,2,3,4,2,2,4,2,2,2,2
4,499,1757.0,93,terminated,2,0,0,2,1757.0,1,3,1,2,1,3,1,8,2,2,1,5,2,2,1,3,2,3,7,2,2,4,4,2,2,4,2,2,2,2
4,500,1745.0,105,terminated,2,0,0,2,1745.0,1,2,1,1,0,4,0,8,2,2,0,4,2,2,0,2,2,4,8,2,2,13,4,2,2,4,2,2,2,2
4,501,1746.0,104,terminated,2,0,0,2,1746.0,1,4,2,2,1,3,1,8,2,2,1,5,2,2,1,3,2,3,7,2,2,7,4,2,2,4,2,2,2,2
4,502,1536.0,114,terminated,2,0,0,1,1536.0,1,2,1,1,1,2,1,6,2,1,1,4,2,1,1,2,1,2,5,2,1,0,3,2,1,3,2,1,2,1
4,503,1750.0,100,terminated,2,0,0,2,1750.0,1,2,1,1,1,4,1,9,2,2,1,5,2,2,1,3,2,4,8,2,2,8,4,2,2,4,2,2,2,2
4,504,1749.0,101,terminated,2,0,0,2,1749.0,1,2,0,2,1,4,1,9,2,2,1,5,2,2,1,3,2,4,8,2,2,6,4,2,2,4,2,2,2,2
4,505,1487.0,163,terminated,2,0,0,1,1487.0,1,3,2,1,1,3,1,7,2,1,1,4,2,1,1,2,1,3,6,2,1,36,3,2,1,3,2,1,2,1
4,506,1701.0,149,terminated,2,0,0,2,1701.0,1,3,1,2,0,4,0,8,2,2,0,4,2,2,0,2,2,4,8,2,2,6,4,2,2,4,2,2,2,2
4,507,1461.0,189,terminated,1,0,0,2,1461.0,1,1,0,1,1,2,1,6,1,2,1,4,1,2,1,3,2,2,5,1,2,10,3,1,2,3,1,2,1,2
4,508,1735.0,115,terminated,2,0,0,2,1735.0,1,1,1,0,1,4,1,9,2,2,1,5,2,2,1,3,2,4,8,2,2,1,4,2,2,4,2,2,2,2
4,509,1711.0,139,terminated,2,0,0,2,1711.0,1,2,0,2,1,4,1,9,2,2,1,5,2,2,1,3,2,4,8,2,2,1,4,2,2,4,2,2,2,2
4,510,1758.0,92,terminated,2,0,0,2,1758.0,1,2,1,1,1,3,1,8,2,2,1,5,2,2,1,3,2,3,7,2,2,0,4,2,2,4,2,2,2,2
4,511,1748.0,102,terminated,2,0,0,2,1748.0,1,4,2,2,1,4,1,9,2,2,1,5,2,2,1,3,2,4,8,2,2,8,4,2,2,4,2,2,2,2
4,512,33.0,17,terminated,1,40,1,1,33.0,0,1,1,0,0,1,0,3,1,1,0,2,1,1,0,1,1,1,3,1,1,1,2,1,1,2,1,1,1,1
4,513,-178.0,18,terminated,1,41,1,0,-178.0,0,0,0,0,1,0,1,2,1,0,1,2,1,0,1,1,0,0,1,1,0,0,1,1,0,1,1,0,1,0
4,514,1731.0,119,terminated,2,0,0,2,1731.0,1,2,0,2,1,4,1,9,2,2,1,5,2,2,1,3,2,4,8,2,2,0,4,2,2,4,2,2,2,2
4,515,706.0,134,terminated,2,1,1,2,706.0,0,3,1,2,1,4,1,9,2,2,1,5,2,2,1,3,2,4,8,2,2,8,4,2,2,4,2,2,2,2
4,516,1763.0,87,terminated,2,0,0,2,1763.0,1,3,1,2,1,3,1,8,2,2,1,5,2,2,1,3,2,3,7,2,2,0,4,2,2,4,2,2,2,2
4,517,1745.0,105,terminated,2,0,0,2,1745.0,1,3,1,2,1,4,1,9,2,2,1,5,2,2,1,3,2,4,8,2,2,20,4,2,2,4,2,2,2,2
4,518,1757.0,93,terminated,2,0,0,2,1757.0,1,2,1,1,1,4,1,9,2,2,1,5,2,2,1,3,2,4,8,2,2,3,4,2,2,4,2,2,2,2
4,519,1724.0,126,terminated,2,0,0,2,1724.0,1,2,1,1,0,4,0,8,2,2,0,4,2,2,0,2,2,4,8,2,2,0,4,2,2,4,2,2,2,2
4,520,566.0,94,terminated,2,19,1,2,566.0,0,1,1,0,1,4,1,9,2,2,1,5,2,2,1,3,2,4,8,2,2,4,4,2,2,4,2,2,2,2
4,521,1730.0,120,terminated,2,0,0,2,1730.0,1,2,1,1,0,4,0,8,2,2,0,4,2,2,0,2,2,4,8,2,2,9,4,2,2,4,2,2,2,2
4,522,1745.0,105,terminated,2,0,0,2,1745.0,1,1,0,1,0,4,0,8,2,2,0,4,2,2,0,2,2,4,8,2,2,0,4,2,2,4,2,2,2,2
4,523,1728.0,122,terminated,2,0,0,2,1728.0,1,0,0,0,1,3,1,8,2,2,1,5,2,2,1,3,2,3,7,2,2,0,4,2,2,4,2,2,2,2
4,524,485.0,45,terminated,2,32,1,2,485.0,0,2,0,2,0,3,0,7,2,2,0,4,2,2,0,2,2,3,7,2,2,4,4,2,2,4,2,2,2,2
4,525,1720.0,130,terminated,2,0,0,2,1720.0,1,0,0,0,1,4,1,9,2,2,1,5,2,2,1,3,2,4,8,2,2,0,4,2,2,4,2,2,2,2
4,526,1725.0,125,terminated,2,0,0,2,1725.0,1,2,1,1,1,4,1,9,2,2,1,5,2,2,1,3,2,4,8,2,2,4,4,2,2,4,2,2,2,2
4,527,1758.0,92,terminated,2,0,0,2,1758.0,1,1,1,0,0,4,0,8,2,2,0,4,2,2,0,2,2,4,8,2,2,4,4,2,2,4,2,2,2,2
4,528,1506.0,144,terminated,2,0,0,1,1506.0,1,0,0,0,1,3,1,7,2,1,1,4,2,1,1,2,1,3,6,2,1,23,3,2,1,3,2,1,2,1
4,529,1727.0,123,terminated,2,0,0,2,1727.0,1,4,2,2,1,4,1,9,2,2,1,5,2,2,1,3,2,4,8,2,2,10,4,2,2,4,2,2,2,2
4,530,1679.0,171,terminated,2,0,0,2,1679.0,1,4,2,2,1,4,1,9,2,2,1,5,2,2,1,3,2,4,8,2,2,4,4,2,2,4,2,2,2,2
4,531,1754.0,96,terminated,2,0,0,2,1754.0,1,3,1,2,1,4,1,9,2,2,1,5,2,2,1,3,2,4,8,2,2,7,4,2,2,4,2,2,2,2
4,532,1721.0,129,terminated,2,0,0,2,1721.0,1,0,0,0,1,3,1,8,2,2,1,5,2,2,1,3,2,3,7,2,2,7,4,2,2,4,2,2,2,2
4,533,1698.0,152,terminated,2,0,0,2,1698.0,1,0,0,0,0,4,0,8,2,2,0,4,2,2,0,2,2,4,8,2,2,0,4,2,2,4,2,2,2,2
4,534,1742.0,108,terminated,2,0,0,2,1742.0,1,2,1,1,1,4,1,9,2,2,1,5,2,2,1,3,2,4,8,2,2,8,4,2,2,4,2,2,2,2
4,535,1746.0,104,terminated,2,0,0,2,1746.0,1,3,2,1,0,3,0,7,2,2,0,4,2,2,0,2,2,3,7,2,2,3,4,2,2,4,2,2,2,2
4,536,1726.0,124,terminated,2,0,0,2,1726.0,1,4,2,2,1,4,1,9,2,2,1,5,2,2,1,3,2,4,8,2,2,10,4,2,2,4,2,2,2,2
4,537,1334.0,116,terminated,2,0,0,0,1334.0,1,1,1,0,1,2,1,5,2,0,1,3,2,0,1,1,0,2,4,2,0,11,2,2,0,2,2,0,2,0
4,538,1762.0,88,terminated,2,0,0,2,1762.0,1,1,1,0,1,4,1,9,2,2,1,5,2,2,1,3,2,4,8,2,2,0,4,2,2,4,2,2,2,2
4,539,1764.0,86,terminated,2,0,0,2,1764.0,1,2,1,1,0,4,0,8,2,2,0,4,2,2,0,2,2,4,8,2,2,0,4,2,2,4,2,2,2,2
4,540,1718.0,132,terminated,2,0,0,2,1718.0,1,1,1,0,1,4,1,9,2,2,1,5,2,2,1,3,2,4,8,2,2,8,4,2,2,4,2,2,2,2
4,541,1513.0,137,terminated,1,0,0,2,1513.0,1,2,0,2,1,3,1,7,1,2,1,4,1,2,1,3,2,3,6,1,2,9,3,1,2,3,1,2,1,2
4,542,1496.0,154,terminated,2,0,0,1,1496.0,1,3,2,1,1,3,1,7,2,1,1,4,2,1,1,2,1,3,6,2,1,17,3,2,1,3,2,1,2,1
4,543,1739.0,111,terminated,2,0,0,2,1739.0,1,3,1,2,1,4,1,9,2,2,1,5,2,2,1,3,2,4,8,2,2,5,4,2,2,4,2,2,2,2
4,544,1717.0,133,terminated,2,0,0,2,1717.0,1,1,1,0,0,3,0,7,2,2,0,4,2,2,0,2,2,3,7,2,2,0,4,2,2,4,2,2,2,2
4,545,1768.0,82,terminated,2,0,0,2,1768.0,1,2,1,1,1,2,1,7,2,2,1,5,2,2,1,3,2,2,6,2,2,0,4,2,2,4,2,2,2,2
4,546,1734.0,116,terminated,2,0,0,2,1734.0,1,1,1,0,1,4,1,9,2,2,1,5,2,2,1,3,2,4,8,2,2,0,4,2,2,4,2,2,2,2
4,547,1744.0,106,terminated,2,0,0,2,1744.0,1,2,1,1,1,4,1,9,2,2,1,5,2,2,1,3,2,4,8,2,2,6,4,2,2,4,2,2,2,2
4,548,1750.0,100,terminated,2,0,0,2,1750.0,1,3,1,2,1,3,1,8,2,2,1,5,2,2,1,3,2,3,7,2,2,3,4,2,2,4,2,2,2,2
4,549,1546.0,104,terminated,1,0,0,2,1546.0,1,2,1,1,1,3,1,7,1,2,1,4,1,2,1,3,2,3,6,1,2,9,3,1,2,3,1,2,1,2
4,550,1760.0,90,terminated,2,0,0,2,1760.0,1,1,0,1,1,3,1,8,2,2,1,5,2,2,1,3,2,3,7,2,2,0,4,2,2,4,2,2,2,2
4,551,524.0,46,terminated,2,28,1,2,524.0,0,4,2,2,1,3,1,8,2,2,1,5,2,2,1,3,2,3,7,2,2,8,4,2,2,4,2,2,2,2
4,552,1518.0,132,terminated,2,0,0,1,1518.0,1,2,1,1,1,2,1,6,2,1,1,4,2,1,1,2,1,2,5,2,1,34,3,2,1,3,2,1,2,1
4,553,1750.0,100,terminated,2,0,0,2,1750.0,1,1,1,0,0,3,0,7,2,2,0,4,2,2,0,2,2,3,7,2,2,0,4,2,2,4,2,2,2,2
4,554,1684.0,166,terminated,2,0,0,2,1684.0,1,1,1,0,1,4,1,9,2,2,1,5,2,2,1,3,2,4,8,2,2,16,4,2,2,4,2,2,2,2
4,555,1678.0,172,terminated,2,0,0,2,1678.0,1,0,0,0,0,4,0,8,2,2,0,4,2,2,0,2,2,4,8,2,2,10,4,2,2,4,2,2,2,2
4,556,1543.0,107,terminated,1,0,0,2,1543.0,1,0,0,0,1,2,1,6,1,2,1,4,1,2,1,3,2,2,5,1,2,0,3,1,2,3,1,2,1,2
4,557,1689.0,161,terminated,2,0,0,2,1689.0,1,3,1,2,1,4,1,9,2,2,1,5,2,2,1,3,2,4,8,2,2,13,4,2,2,4,2,2,2,2
4,558,22.0,18,terminated,1,41,1,1,22.0,0,0,0,0,1,0,1,3,1,1,1,3,1,1,1,2,1,0,2,1,1,0,2,1,1,2,1,1,1,1
4,559,711.0,119,terminated,2,2,1,2,711.0,0,2,1,1,1,4,1,9,2,2,1,5,2,2,1,3,2,4,8,2,2,8,4,2,2,4,2,2,2,2
4,560,1723.0,127,terminated,2,0,0,2,1723.0,1,4,2,2,1,4,1,9,2,2,1,5,2,2,1,3,2,4,8,2,2,5,4,2,2,4,2,2,2,2
4,561,1759.0,91,terminated,2,0,0,2,1759.0,1,1,0,1,1,4,1,9,2,2,1,5,2,2,1,3,2,4,8,2,2,2,4,2,2,4,2,2,2,2
4,562,1738.0,112,terminated,2,0,0,2,1738.0,1,1,0,1,1,3,1,8,2,2,1,5,2,2,1,3,2,3,7,2,2,3,4,2,2,4,2,2,2,2
4,563,1755.0,95,terminated,2,0,0,2,1755.0,1,3,1,2,1,4,1,9,2,2,1,5,2,2,1,3,2,4,8,2,2,3,4,2,2,4,2,2,2,2
4,564,481.0,39,terminated,2,33,1,2,481.0,0,2,1,1,0,3,0,7,2,2,0,4,2,2,0,2,2,3,7,2,2,0,4,2,2,4,2,2,2,2
4,565,1747.0,103,terminated,2,0,0,2,1747.0,1,2,1,1,1,4,1,9,2,2,1,5,2,2,1,3,2,4,8,2,2,7,4,2,2,4,2,2,2,2
4,566,1762.0,88,terminated,2,0,0,2,1762.0,1,2,1,1,0,4,0,8,2,2,0,4,2,2,0,2,2,4,8,2,2,0,4,2,2,4,2,2,2,2
4,567,1761.0,89,terminated,2,0,0,2,1761.0,1,1,0,1,0,4,0,8,2,2,0,4,2,2,0,2,2,4,8,2,2,0,4,2,2,4,2,2,2,2
4,568,1548.0,102,terminated,2,0,0,1,1548.0,1,2,1,1,1,3,1,7,2,1,1,4,2,1,1,2,1,3,6,2,1,11,3,2,1,3,2,1,2,1
4,569,1503.0,147,terminated,2,0,0,1,1503.0,1,2,1,1,1,3,1,7,2,1,1,4,2,1,1,2,1,3,6,2,1,11,3,2,1,3,2,1,2,1
4,570,1717.0,133,terminated,2,0,0,2,1717.0,1,2,0,2,1,4,1,9,2,2,1,5,2,2,1,3,2,4,8,2,2,3,4,2,2,4,2,2,2,2
4,571,424.0,96,terminated,1,13,1,2,424.0,0,3,1,2,1,3,1,7,1,2,1,4,1,2,1,3,2,3,6,1,2,3,3,1,2,3,1,2,1,2
4,572,1529.0,121,terminated,1,0,0,2,1529.0,1,2,1,1,1,3,1,7,1,2,1,4,1,2,1,3,2,3,6,1,2,2,3,1,2,3,1,2,1,2
4,573,1727.0,123,terminated,2,0,0,2,1727.0,1,3,1,2,0,4,0,8,2,2,0,4,2,2,0,2,2,4,8,2,2,3,4,2,2,4,2,2,2,2
4,574,614.0,96,terminated,2,14,1,2,614.0,0,3,2,1,0,4,0,8,2,2,0,4,2,2,0,2,2,4,8,2,2,10,4,2,2,4,2,2,2,2
4,575,282.0,38,terminated,2,33,1,1,282.0,0,2,1,1,1,2,1,6,2,1,1,4,2,1,1,2,1,2,5,2,1,6,3,2,1,3,2,1,2,1
4,576,1737.0,113,terminated,2,0,0,2,1737.0,1,3,1,2,1,4,1,9,2,2,1,5,2,2,1,3,2,4,8,2,2,4,4,2,2,4,2,2,2,2
4,577,1679.0,171,terminated,2,0,0,2,1679.0,1,1,1,0,1,4,1,9,2,2,1,5,2,2,1,3,2,4,8,2,2,13,4,2,2,4,2,2,2,2
4,578,1771.0,79,terminated,2,0,0,2,1771.0,1,4,2,2,1,4,1,9,2,2,1,5,2,2,1,3,2,4,8,2,2,7,4,2,2,4,2,2,2,2
4,579,487.0,93,terminated,1,7,1,2,487.0,0,2,1,1,0,3,0,6,1,2,0,3,1,2,0,2,2,3,6,1,2,24,3,1,2,3,1,2,1,2
4,580,1756.0,94,terminated,2,0,0,2,1756.0,1,4,2,2,1,4,1,9,2,2,1,5,2,2,1,3,2,4,8,2,2,5,4,2,2,4,2,2,2,2
4,581,1733.0,117,terminated,2,0,0,2,1733.0,1,4,2,2,1,4,1,9,2,2,1,5,2,2,1,3,2,4,8,2,2,6,4,2,2,4,2,2,2,2
4,582,-178.0,18,terminated,1,41,1,0,-178.0,0,0,0,0,1,0,1,2,1,0,1,2,1,0,1,1,0,0,1,1,0,0,1,1,0,1,1,0,1,0
4,583,-171.0,21,terminated,0,40,1,1,-171.0,0,1,0,1,1,0,1,2,0,1,1,2,0,1,1,2,1,0,1,0,1,1,1,0,1,1,0,1,0,1
4,584,1695.0,155,terminated,2,0,0,2,1695.0,1,1,1,0,0,3,0,7,2,2,0,4,2,2,0,2,2,3,7,2,2,0,4,2,2,4,2,2,2,2
4,585,1767.0,83,terminated,2,0,0,2,1767.0,1,2,2,0,0,4,0,8,2,2,0,4,2,2,0,2,2,4,8,2,2,1,4,2,2,4,2,2,2,2
4,586,354.0,46,terminated,2,25,1,1,354.0,0,2,1,1,1,2,1,6,2,1,1,4,2,1,1,2,1,2,5,2,1,7,3,2,1,3,2,1,2,1
4,587,1735.0,115,terminated,2,0,0,2,1735.0,1,0,0,0,1,4,1,9,2,2,1,5,2,2,1,3,2,4,8,2,2,12,4,2,2,4,2,2,2,2
4,588,1760.0,90,terminated,2,0,0,2,1760.0,1,3,2,1,0,4,0,8,2,2,0,4,2,2,0,2,2,4,8,2,2,6,4,2,2,4,2,2,2,2
4,589,1732.0,118,terminated,2,0,0,2,1732.0,1,3,1,2,1,3,1,8,2,2,1,5,2,2,1,3,2,3,7,2,2,0,4,2,2,4,2,2,2,2
4,590,1529.0,121,terminated,2,0,0,1,1529.0,1,1,0,1,0,3,0,6,2,1,0,3,2,1,0,1,1,3,6,2,1,7,3,2,1,3,2,1,2,1
4,591,1710.0,140,terminated,2,0,0,2,1710.0,1,2,1,1,1,4,1,9,2,2,1,5,2,2,1,3,2,4,8,2,2,2,4,2,2,4,2,2,2,2
4,592,1729.0,121,terminated,2,0,0,2,1729.0,1,3,2,1,0,4,0,8,2,2,0,4,2,2,0,2,2,4,8,2,2,1,4,2,2,4,2,2,2,2
4,593,708.0,82,terminated,2,6,1,2,708.0,0,1,0,1,0,3,0,7,2,2,0,4,2,2,0,2,2,3,7,2,2,0,4,2,2,4,2,2,2,2
4,594,1750.0,100,terminated,2,0,0,2,1750.0,1,4,2,2,1,3,1,8,2,2,1,5,2,2,1,3,2,3,7,2,2,8,4,2,2,4,2,2,2,2
4,595,1651.0,199,terminated,2,0,0,2,1651.0,1,2,2,0,0,4,0,8,2,2,0,4,2,2,0,2,2,4,8,2,2,9,4,2,2,4,2,2,2,2
4,596,371.0,139,terminated,2,14,1,1,371.0,0,2,1,1,1,3,1,7,2,1,1,4,2,1,1,2,1,3,6,2,1,32,3,2,1,3,2,1,2,1
4,597,1743.0,107,terminated,2,0,0,2,1743.0,1,2,1,1,1,4,1,9,2,2,1,5,2,2,1,3,2,4,8,2,2,1,4,2,2,4,2,2,2,2
4,598,1767.0,83,terminated,2,0,0,2,1767.0,1,2,1,1,0,4,0,8,2,2,0,4,2,2,0,2,2,4,8,2,2,0,4,2,2,4,2,2,2,2
4,599,1753.0,97,terminated,2,0,0,2,1753.0,1,2,2,0,1,4,1,9,2,2,1,5,2,2,1,3,2,4,8,2,2,0,4,2,2,4,2,2,2,2
4,600,1724.0,126,terminated,2,0,0,2,1724.0,1,3,1,2,1,4,1,9,2,2,1,5,2,2,1,3,2,4,8,2,2,10,4,2,2,4,2,2,2,2
4,601,1714.0,136,terminated,2,0,0,2,1714.0,1,3,2,1,1,4,1,9,2,2,1,5,2,2,1,3,2,4,8,2,2,0,4,2,2,4,2,2,2,2
4,602,1724.0,126,terminated,2,0,0,2,1724.0,1,1,1,0,1,4,1,9,2,2,1,5,2,2,1,3,2,4,8,2,2,1,4,2,2,4,2,2,2,2
4,603,1754.0,96,terminated,2,0,0,2,1754.0,1,2,1,1,1,4,1,9,2,2,1,5,2,2,1,3,2,4,8,2,2,4,4,2,2,4,2,2,2,2
4,604,1746.0,104,terminated,2,0,0,2,1746.0,1,1,1,0,1,4,1,9,2,2,1,5,2,2,1,3,2,4,8,2,2,7,4,2,2,4,2,2,2,2
4,605,1737.0,113,terminated,2,0,0,2,1737.0,1,0,0,0,1,3,1,8,2,2,1,5,2,2,1,3,2,3,7,2,2,0,4,2,2,4,2,2,2,2
4,606,111.0,49,terminated,1,29,1,1,111.0,0,1,1,0,1,2,1,5,1,1,1,3,1,1,1,2,1,2,4,1,1,10,2,1,1,2,1,1,1,1
4,607,1747.0,103,terminated,2,0,0,2,1747.0,1,3,2,1,1,4,1,9,2,2,1,5,2,2,1,3,2,4,8,2,2,4,4,2,2,4,2,2,2,2
4,608,1730.0,120,terminated,2,0,0,2,1730.0,1,1,1,0,1,4,1,9,2,2,1,5,2,2,1,3,2,4,8,2,2,5,4,2,2,4,2,2,2,2
4,609,1735.0,115,terminated,2,0,0,2,1735.0,1,2,1,1,0,4,0,8,2,2,0,4,2,2,0,2,2,4,8,2,2,3,4,2,2,4,2,2,2,2
4,610,632.0,98,terminated,2,12,1,2,632.0,0,1,0,1,0,4,0,8,2,2,0,4,2,2,0,2,2,4,8,2,2,3,4,2,2,4,2,2,2,2
4,611,485.0,35,terminated,2,33,1,2,485.0,0,3,1,2,1,2,1,7,2,2,1,5,2,2,1,3,2,2,6,2,2,0,4,2,2,4,2,2,2,2
4,612,1538.0,112,terminated,1,0,0,2,1538.0,1,2,0,2,1,3,1,7,1,2,1,4,1,2,1,3,2,3,6,1,2,12,3,1,2,3,1,2,1,2
4,613,726.0,104,terminated,2,2,1,2,726.0,0,1,1,0,0,4,0,8,2,2,0,4,2,2,0,2,2,4,8,2,2,5,4,2,2,4,2,2,2,2
4,614,1535.0,115,terminated,2,0,0,1,1535.0,1,1,1,0,1,2,1,6,2,1,1,4,2,1,1,2,1,2,5,2,1,12,3,2,1,3,2,1,2,1
4,615,1737.0,113,terminated,2,0,0,2,1737.0,1,2,1,1,1,4,1,9,2,2,1,5,2,2,1,3,2,4,8,2,2,1,4,2,2,4,2,2,2,2
4,616,1765.0,85,terminated,2,0,0,2,1765.0,1,4,2,2,1,4,1,9,2,2,1,5,2,2,1,3,2,4,8,2,2,7,4,2,2,4,2,2,2,2
4,617,673.0,77,terminated,2,10,1,2,673.0,0,2,0,2,0,4,0,8,2,2,0,4,2,2,0,2,2,4,8,2,2,7,4,2,2,4,2,2,2,2
4,618,1732.0,118,terminated,2,0,0,2,1732.0,1,1,0,1,1,4,1,9,2,2,1,5,2,2,1,3,2,4,8,2,2,0,4,2,2,4,2,2,2,2
4,619,1740.0,110,terminated,2,0,0,2,1740.0,1,3,1,2,0,4,0,8,2,2,0,4,2,2,0,2,2,4,8,2,2,1,4,2,2,4,2,2,2,2
4,620,1531.0,119,terminated,1,0,0,2,1531.0,1,0,0,0,1,2,1,6,1,2,1,4,1,2,1,3,2,2,5,1,2,2,3,1,2,3,1,2,1,2
4,621,1705.0,145,terminated,2,0,0,2,1705.0,1,2,1,1,1,4,1,9,2,2,1,5,2,2,1,3,2,4,8,2,2,0,4,2,2,4,2,2,2,2
4,622,415.0,95,terminated,2,14,1,1,415.0,0,2,1,1,1,3,1,7,2,1,1,4,2,1,1,2,1,3,6,2,1,5,3,2,1,3,2,1,2,1
4,623,635.0,115,terminated,2,10,1,2,635.0,0,1,0,1,0,4,0,8,2,2,0,4,2,2,0,2,2,4,8,2,2,4,4,2,2,4,2,2,2,2
4,624,1742.0,108,terminated,2,0,0,2,1742.0,1,2,1,1,1,4,1,9,2,2,1,5,2,2,1,3,2,4,8,2,2,6,4,2,2,4,2,2,2,2
4,625,1492.0,158,terminated,2,0,0,1,1492.0,1,2,1,1,1,3,1,7,2,1,1,4,2,1,1,2,1,3,6,2,1,15,3,2,1,3,2,1,2,1
4,626,1698.0,152,terminated,2,0,0,2,1698.0,1,2,1,1,1,4,1,9,2,2,1,5,2,2,1,3,2,4,8,2,2,4,4,2,2,4,2,2,2,2
4,627,1731.0,119,terminated,2,0,0,2,1731.0,1,1,0,1,1,4,1,9,2,2,1,5,2,2,1,3,2,4,8,2,2,0,4,2,2,4,2,2,2,2
4,628,1762.0,88,terminated,2,0,0,2,1762.0,1,3,2,1,0,2,0,6,2,2,0,4,2,2,0,2,2,2,6,2,2,4,4,2,2,4,2,2,2,2
4,629,275.0,45,terminated,1,33,1,2,275.0,0,2,0,2,1,1,1,5,1,2,1,4,1,2,1,3,2,1,4,1,2,8,3,1,2,3,1,2,1,2
4,630,1502.0,148,terminated,2,0,0,1,1502.0,1,2,1,1,0,3,0,6,2,1,0,3,2,1,0,1,1,3,6,2,1,21,3,2,1,3,2,1,2,1
4,631,22.0,18,terminated,1,41,1,1,22.0,0,0,0,0,1,0,1,3,1,1,1,3,1,1,1,2,1,0,2,1,1,0,2,1,1,2,1,1,1,1
4,632,1712.0,138,terminated,2,0,0,2,1712.0,1,2,1,1,1,4,1,9,2,2,1,5,2,2,1,3,2,4,8,2,2,12,4,2,2,4,2,2,2,2
4,633,1737.0,113,terminated,2,0,0,2,1737.0,1,1,1,0,1,4,1,9,2,2,1,5,2,2,1,3,2,4,8,2,2,6,4,2,2,4,2,2,2,2
4,634,1741.0,109,terminated,2,0,0,2,1741.0,1,2,1,1,1,4,1,9,2,2,1,5,2,2,1,3,2,4,8,2,2,8,4,2,2,4,2,2,2,2
4,635,1749.0,101,terminated,2,0,0,2,1749.0,1,1,1,0,1,4,1,9,2,2,1,5,2,2,1,3,2,4,8,2,2,0,4,2,2,4,2,2,2,2
4,636,1529.0,121,terminated,2,0,0,1,1529.0,1,1,1,0,1,3,1,7,2,1,1,4,2,1,1,2,1,3,6,2,1,8,3,2,1,3,2,1,2,1
4,637,1676.0,174,terminated,2,0,0,2,1676.0,1,2,1,1,1,4,1,9,2,2,1,5,2,2,1,3,2,4,8,2,2,8,4,2,2,4,2,2,2,2
4,638,1754.0,96,terminated,2,0,0,2,1754.0,1,1,1,0,1,4,1,9,2,2,1,5,2,2,1,3,2,4,8,2,2,7,4,2,2,4,2,2,2,2
4,639,1248.0,202,terminated,1,0,0,1,1248.0,1,1,1,0,1,2,1,5,1,1,1,3,1,1,1,2,1,2,4,1,1,11,2,1,1,2,1,1,1,1
4,640,1703.0,147,terminated,2,0,0,2,1703.0,1,2,1,1,1,4,1,9,2,2,1,5,2,2,1,3,2,4,8,2,2,15,4,2,2,4,2,2,2,2
4,641,1748.0,102,terminated,2,0,0,2,1748.0,1,2,0,2,0,4,0,8,2,2,0,4,2,2,0,2,2,4,8,2,2,0,4,2,2,4,2,2,2,2
4,642,1755.0,95,terminated,2,0,0,2,1755.0,1,1,0,1,0,4,0,8,2,2,0,4,2,2,0,2,2,4,8,2,2,0,4,2,2,4,2,2,2,2
4,643,1709.0,141,terminated,2,0,0,2,1709.0,1,2,1,1,1,4,1,9,2,2,1,5,2,2,1,3,2,4,8,2,2,0,4,2,2,4,2,2,2,2
4,644,1730.0,120,terminated,2,0,0,2,1730.0,1,3,2,1,1,4,1,9,2,2,1,5,2,2,1,3,2,4,8,2,2,4,4,2,2,4,2,2,2,2
4,645,1744.0,106,terminated,2,0,0,2,1744.0,1,1,1,0,0,4,0,8,2,2,0,4,2,2,0,2,2,4,8,2,2,1,4,2,2,4,2,2,2,2
4,646,1529.0,121,terminated,2,0,0,1,1529.0,1,1,1,0,1,3,1,7,2,1,1,4,2,1,1,2,1,3,6,2,1,24,3,2,1,3,2,1,2,1
4,647,1511.0,139,terminated,1,0,0,2,1511.0,1,2,0,2,1,3,1,7,1,2,1,4,1,2,1,3,2,3,6,1,2,8,3,1,2,3,1,2,1,2
4,648,1749.0,101,terminated,2,0,0,2,1749.0,1,2,1,1,1,4,1,9,2,2,1,5,2,2,1,3,2,4,8,2,2,13,4,2,2,4,2,2,2,2
4,649,1541.0,109,terminated,2,0,0,1,1541.0,1,2,2,0,1,3,1,7,2,1,1,4,2,1,1,2,1,3,6,2,1,24,3,2,1,3,2,1,2,1
4,650,1738.0,112,terminated,2,0,0,2,1738.0,1,1,1,0,1,4,1,9,2,2,1,5,2,2,1,3,2,4,8,2,2,0,4,2,2,4,2,2,2,2
4,651,1557.0,93,terminated,1,0,0,2,1557.0,1,2,1,1,1,2,1,6,1,2,1,4,1,2,1,3,2,2,5,1,2,0,3,1,2,3,1,2,1,2
4,652,1769.0,81,terminated,2,0,0,2,1769.0,1,3,1,2,1,4,1,9,2,2,1,5,2,2,1,3,2,4,8,2,2,1,4,2,2,4,2,2,2,2
4,653,1764.0,86,terminated,2,0,0,2,1764.0,1,2,1,1,1,4,1,9,2,2,1,5,2,2,1,3,2,4,8,2,2,5,4,2,2,4,2,2,2,2
4,654,706.0,134,terminated,2,1,1,2,706.0,0,3,1,2,1,4,1,9,2,2,1,5,2,2,1,3,2,4,8,2,2,5,4,2,2,4,2,2,2,2
4,655,1708.0,142,terminated,2,0,0,2,1708.0,1,4,2,2,1,3,1,8,2,2,1,5,2,2,1,3,2,3,7,2,2,3,4,2,2,4,2,2,2,2
4,656,1735.0,115,terminated,2,0,0,2,1735.0,1,3,2,1,1,4,1,9,2,2,1,5,2,2,1,3,2,4,8,2,2,7,4,2,2,4,2,2,2,2
4,657,1763.0,87,terminated,2,0,0,2,1763.0,1,3,1,2,1,4,1,9,2,2,1,5,2,2,1,3,2,4,8,2,2,0,4,2,2,4,2,2,2,2
4,658,1526.0,124,terminated,1,0,0,2,1526.0,1,1,0,1,1,3,1,7,1,2,1,4,1,2,1,3,2,3,6,1,2,16,3,1,2,3,1,2,1,2
4,659,1741.0,109,terminated,2,0,0,2,1741.0,1,0,0,0,0,4,0,8,2,2,0,4,2,2,0,2,2,4,8,2,2,0,4,2,2,4,2,2,2,2
4,660,46.0,24,terminated,1,38,1,1,46.0,0,1,0,1,1,1,1,4,1,1,1,3,1,1,1,2,1,1,3,1,1,6,2,1,1,2,1,1,1,1
4,661,1727.0,123,terminated,2,0,0,2,1727.0,1,2,1,1,1,3,1,8,2,2,1,5,2,2,1,3,2,3,7,2,2,5,4,2,2,4,2,2,2,2
4,662,1737.0,113,terminated,2,0,0,2,1737.0,1,1,0,1,1,4,1,9,2,2,1,5,2,2,1,3,2,4,8,2,2,0,4,2,2,4,2,2,2,2
4,663,1701.0,149,terminated,2,0,0,2,1701.0,1,0,0,0,1,3,1,8,2,2,1,5,2,2,1,3,2,3,7,2,2,1,4,2,2,4,2,2,2,2
4,664,1536.0,114,terminated,1,0,0,2,1536.0,1,0,0,0,0,3,0,6,1,2,0,3,1,2,0,2,2,3,6,1,2,0,3,1,2,3,1,2,1,2
4,665,1490.0,160,terminated,2,0,0,1,1490.0,1,1,1,0,1,3,1,7,2,1,1,4,2,1,1,2,1,3,6,2,1,31,3,2,1,3,2,1,2,1
4,666,1566.0,84,terminated,2,0,0,1,1566.0,1,3,2,1,1,3,1,7,2,1,1,4,2,1,1,2,1,3,6,2,1,5,3,2,1,3,2,1,2,1
4,667,1757.0,93,terminated,2,0,0,2,1757.0,1,2,1,1,0,4,0,8,2,2,0,4,2,2,0,2,2,4,8,2,2,0,4,2,2,4,2,2,2,2
4,668,1532.0,118,terminated,2,0,0,1,1532.0,1,1,1,0,0,3,0,6,2,1,0,3,2,1,0,1,1,3,6,2,1,3,3,2,1,3,2,1,2,1
4,669,1689.0,161,terminated,2,0,0,2,1689.0,1,1,1,0,1,3,1,8,2,2,1,5,2,2,1,3,2,3,7,2,2,3,4,2,2,4,2,2,2,2
4,670,32.0,48,terminated,1,37,1,1,32.0,0,1,0,1,1,1,1,4,1,1,1,3,1,1,1,2,1,1,3,1,1,14,2,1,1,2,1,1,1,1
4,671,1758.0,92,terminated,2,0,0,2,1758.0,1,2,1,1,0,3,0,7,2,2,0,4,2,2,0,2,2,3,7,2,2,0,4,2,2,4,2,2,2,2
4,672,1768.0,82,terminated,2,0,0,2,1768.0,1,4,2,2,1,3,1,8,2,2,1,5,2,2,1,3,2,3,7,2,2,7,4,2,2,4,2,2,2,2
4,673,1740.0,110,terminated,2,0,0,2,1740.0,1,2,1,1,0,3,0,7,2,2,0,4,2,2,0,2,2,3,7,2,2,0,4,2,2,4,2,2,2,2
4,674,1726.0,124,terminated,2,0,0,2,1726.0,1,2,1,1,1,4,1,9,2,2,1,5,2,2,1,3,2,4,8,2,2,1,4,2,2,4,2,2,2,2
4,675,22.0,18,terminated,1,41,1,1,22.0,0,0,0,0,1,0,1,3,1,1,1,3,1,1,1,2,1,0,2,1,1,0,2,1,1,2,1,1,1,1
4,676,1757.0,93,terminated,2,0,0,2,1757.0,1,2,0,2,0,4,0,8,2,2,0,4,2,2,0,2,2,4,8,2,2,5,4,2,2,4,2,2,2,2
4,677,1519.0,131,terminated,1,0,0,2,1519.0,1,2,0,2,1,3,1,7,1,2,1,4,1,2,1,3,2,3,6,1,2,0,3,1,2,3,1,2,1,2
4,678,1762.0,88,terminated,2,0,0,2,1762.0,1,3,2,1,1,3,1,8,2,2,1,5,2,2,1,3,2,3,7,2,2,0,4,2,2,4,2,2,2,2
4,679,1760.0,90,terminated,2,0,0,2,1760.0,1,2,1,1,0,4,0,8,2,2,0,4,2,2,0,2,2,4,8,2,2,0,4,2,2,4,2,2,2,2
4,680,1741.0,109,terminated,2,0,0,2,1741.0,1,3,1,2,1,4,1,9,2,2,1,5,2,2,1,3,2,4,8,2,2,0,4,2,2,4,2,2,2,2
4,681,1510.0,140,terminated,2,0,0,1,1510.0,1,2,1,1,0,3,0,6,2,1,0,3,2,1,0,1,1,3,6,2,1,17,3,2,1,3,2,1,2,1
4,682,1744.0,106,terminated,2,0,0,2,1744.0,1,1,0,1,1,4,1,9,2,2,1,5,2,2,1,3,2,4,8,2,2,0,4,2,2,4,2,2,2,2
4,683,1739.0,111,terminated,2,0,0,2,1739.0,1,4,2,2,1,4,1,9,2,2,1,5,2,2,1,3,2,4,8,2,2,8,4,2,2,4,2,2,2,2
4,684,1759.0,91,terminated,2,0,0,2,1759.0,1,0,0,0,0,4,0,8,2,2,0,4,2,2,0,2,2,4,8,2,2,0,4,2,2,4,2,2,2,2
4,685,1755.0,95,terminated,2,0,0,2,1755.0,1,1,0,1,1,4,1,9,2,2,1,5,2,2,1,3,2,4,8,2,2,0,4,2,2,4,2,2,2,2
4,686,484.0,36,terminated,2,33,1,2,484.0,0,1,0,1,0,3,0,7,2,2,0,4,2,2,0,2,2,3,7,2,2,0,4,2,2,4,2,2,2,2
4,687,1723.0,127,terminated,2,0,0,2,1723.0,1,3,1,2,1,4,1,9,2,2,1,5,2,2,1,3,2,4,8,2,2,4,4,2,2,4,2,2,2,2
4,688,1503.0,147,terminated,1,0,0,2,1503.0,1,1,1,0,1,3,1,7,1,2,1,4,1,2,1,3,2,3,6,1,2,14,3,1,2,3,1,2,1,2
4,689,1767.0,83,terminated,2,0,0,2,1767.0,1,2,0,2,1,4,1,9,2,2,1,5,2,2,1,3,2,4,8,2,2,5,4,2,2,4,2,2,2,2
4,690,1733.0,117,terminated,2,0,0,2,1733.0,1,3,2,1,1,4,1,9,2,2,1,5,2,2,1,3,2,4,8,2,2,22,4,2,2,4,2,2,2,2
4,691,1718.0,132,terminated,2,0,0,2,1718.0,1,1,1,0,1,3,1,8,2,2,1,5,2,2,1,3,2,3,7,2,2,0,4,2,2,4,2,2,2,2
4,692,1621.0,229,terminated,2,0,0,2,1621.0,1,2,0,2,1,4,1,9,2,2,1,5,2,2,1,3,2,4,8,2,2,20,4,2,2,4,2,2,2,2
4,693,1746.0,104,terminated,2,0,0,2,1746.0,1,2,1,1,1,4,1,9,2,2,1,5,2,2,1,3,2,4,8,2,2,6,4,2,2,4,2,2,2,2
4,694,1691.0,159,terminated,2,0,0,2,1691.0,1,1,0,1,0,4,0,8,2,2,0,4,2,2,0,2,2,4,8,2,2,0,4,2,2,4,2,2,2,2
4,695,1738.0,112,terminated,2,0,0,2,1738.0,1,3,1,2,1,4,1,9,2,2,1,5,2,2,1,3,2,4,8,2,2,1,4,2,2,4,2,2,2,2
4,696,1736.0,114,terminated,2,0,0,2,1736.0,1,2,0,2,1,4,1,9,2,2,1,5,2,2,1,3,2,4,8,2,2,0,4,2,2,4,2,2,2,2
4,697,1536.0,114,terminated,2,0,0,1,1536.0,1,2,1,1,0,3,0,6,2,1,0,3,2,1,0,1,1,3,6,2,1,21,3,2,1,3,2,1,2,1
4,698,1743.0,107,terminated,2,0,0,2,1743.0,1,2,2,0,0,4,0,8,2,2,0,4,2,2,0,2,2,4,8,2,2,2,4,2,2,4,2,2,2,2
4,699,1693.0,157,terminated,2,0,0,2,1693.0,1,3,1,2,1,4,1,9,2,2,1,5,2,2,1,3,2,4,8,2,2,4,4,2,2,4,2,2,2,2
4,700,1549.0,101,terminated,2,0,0,1,1549.0,1,2,1,1,0,3,0,6,2,1,0,3,2,1,0,1,1,3,6,2,1,8,3,2,1,3,2,1,2,1
4,701,1750.0,100,terminated,2,0,0,2,1750.0,1,2,2,0,1,4,1,9,2,2,1,5,2,2,1,3,2,4,8,2,2,3,4,2,2,4,2,2,2,2
4,702,-169.0,19,terminated,0,40,1,1,-169.0,0,1,0,1,1,0,1,2,0,1,1,2,0,1,1,2,1,0,1,0,1,3,1,0,1,1,0,1,0,1
4,703,1751.0,99,terminated,2,0,0,2,1751.0,1,2,0,2,1,4,1,9,2,2,1,5,2,2,1,3,2,4,8,2,2,5,4,2,2,4,2,2,2,2
4,704,1761.0,89,terminated,2,0,0,2,1761.0,1,4,2,2,1,4,1,9,2,2,1,5,2,2,1,3,2,4,8,2,2,3,4,2,2,4,2,2,2,2
4,705,1514.0,136,terminated,2,0,0,1,1514.0,1,1,1,0,0,3,0,6,2,1,0,3,2,1,0,1,1,3,6,2,1,0,3,2,1,3,2,1,2,1
4,706,1490.0,160,terminated,1,0,0,2,1490.0,1,3,1,2,1,3,1,7,1,2,1,4,1,2,1,3,2,3,6,1,2,10,3,1,2,3,1,2,1,2
4,707,1737.0,113,terminated,2,0,0,2,1737.0,1,1,1,0,0,4,0,8,2,2,0,4,2,2,0,2,2,4,8,2,2,0,4,2,2,4,2,2,2,2
4,708,1746.0,104,terminated,2,0,0,2,1746.0,1,1,0,1,1,3,1,8,2,2,1,5,2,2,1,3,2,3,7,2,2,8,4,2,2,4,2,2,2,2
4,709,1751.0,99,terminated,2,0,0,2,1751.0,1,4,2,2,1,4,1,9,2,2,1,5,2,2,1,3,2,4,8,2,2,9,4,2,2,4,2,2,2,2
4,710,1742.0,108,terminated,2,0,0,2,1742.0,1,2,1,1,1,4,1,9,2,2,1,5,2,2,1,3,2,4,8,2,2,3,4,2,2,4,2,2,2,2
4,711,1758.0,92,terminated,2,0,0,2,1758.0,1,1,0,1,1,3,1,8,2,2,1,5,2,2,1,3,2,3,7,2,2,8,4,2,2,4,2,2,2,2
4,712,1718.0,132,terminated,2,0,0,2,1718.0,1,2,1,1,0,4,0,8,2,2,0,4,2,2,0,2,2,4,8,2,2,0,4,2,2,4,2,2,2,2
4,713,1553.0,97,terminated,1,0,0,2,1553.0,1,1,0,1,1,3,1,7,1,2,1,4,1,2,1,3,2,3,6,1,2,6,3,1,2,3,1,2,1,2
4,714,1738.0,112,terminated,2,0,0,2,1738.0,1,2,1,1,1,4,1,9,2,2,1,5,2,2,1,3,2,4,8,2,2,3,4,2,2,4,2,2,2,2
4,715,1739.0,111,terminated,2,0,0,2,1739.0,1,1,1,0,0,4,0,8,2,2,0,4,2,2,0,2,2,4,8,2,2,0,4,2,2,4,2,2,2,2
4,716,1774.0,76,terminated,2,0,0,2,1774.0,1,3,2,1,0,3,0,7,2,2,0,4,2,2,0,2,2,3,7,2,2,0,4,2,2,4,2,2,2,2
4,717,1739.0,111,terminated,2,0,0,2,1739.0,1,3,1,2,1,4,1,9,2,2,1,5,2,2,1,3,2,4,8,2,2,7,4,2,2,4,2,2,2,2
4,718,667.0,173,terminated,2,1,1,2,667.0,0,3,1,2,1,4,1,9,2,2,1,5,2,2,1,3,2,4,8,2,2,12,4,2,2,4,2,2,2,2
4,719,1747.0,103,terminated,2,0,0,2,1747.0,1,2,1,1,0,4,0,8,2,2,0,4,2,2,0,2,2,4,8,2,2,2,4,2,2,4,2,2,2,2
4,720,1742.0,108,terminated,2,0,0,2,1742.0,1,2,2,0,0,4,0,8,2,2,0,4,2,2,0,2,2,4,8,2,2,2,4,2,2,4,2,2,2,2
4,721,1547.0,103,terminated,1,0,0,2,1547.0,1,0,0,0,1,3,1,7,1,2,1,4,1,2,1,3,2,3,6,1,2,0,3,1,2,3,1,2,1,2
4,722,1509.0,141,terminated,1,0,0,2,1509.0,1,3,1,2,1,2,1,6,1,2,1,4,1,2,1,3,2,2,5,1,2,15,3,1,2,3,1,2,1,2
4,723,1759.0,91,terminated,2,0,0,2,1759.0,1,1,0,1,1,4,1,9,2,2,1,5,2,2,1,3,2,4,8,2,2,4,4,2,2,4,2,2,2,2
4,724,1746.0,104,terminated,2,0,0,2,1746.0,1,4,2,2,1,4,1,9,2,2,1,5,2,2,1,3,2,4,8,2,2,9,4,2,2,4,2,2,2,2
4,725,1739.0,111,terminated,2,0,0,2,1739.0,1,3,2,1,1,4,1,9,2,2,1,5,2,2,1,3,2,4,8,2,2,6,4,2,2,4,2,2,2,2
4,726,1485.0,165,terminated,1,0,0,2,1485.0,1,2,0,2,1,2,1,6,1,2,1,4,1,2,1,3,2,2,5,1,2,30,3,1,2,3,1,2,1,2
4,727,1731.0,119,terminated,2,0,0,2,1731.0,1,0,0,0,1,4,1,9,2,2,1,5,2,2,1,3,2,4,8,2,2,5,4,2,2,4,2,2,2,2
4,728,1752.0,98,terminated,2,0,0,2,1752.0,1,2,1,1,0,4,0,8,2,2,0,4,2,2,0,2,2,4,8,2,2,0,4,2,2,4,2,2,2,2
4,729,1699.0,151,terminated,2,0,0,2,1699.0,1,0,0,0,1,4,1,9,2,2,1,5,2,2,1,3,2,4,8,2,2,22,4,2,2,4,2,2,2,2
4,730,1743.0,107,terminated,2,0,0,2,1743.0,1,4,2,2,1,3,1,8,2,2,1,5,2,2,1,3,2,3,7,2,2,4,4,2,2,4,2,2,2,2
4,731,1523.0,127,terminated,2,0,0,1,1523.0,1,2,1,1,0,3,0,6,2,1,0,3,2,1,0,1,1,3,6,2,1,6,3,2,1,3,2,1,2,1
4,732,1771.0,79,terminated,2,0,0,2,1771.0,1,3,2,1,1,3,1,8,2,2,1,5,2,2,1,3,2,3,7,2,2,4,4,2,2,4,2,2,2,2
4,733,1732.0,118,terminated,2,0,0,2,1732.0,1,1,0,1,0,4,0,8,2,2,0,4,2,2,0,2,2,4,8,2,2,11,4,2,2,4,2,2,2,2
4,734,1761.0,89,terminated,2,0,0,2,1761.0,1,1,0,1,1,4,1,9,2,2,1,5,2,2,1,3,2,4,8,2,2,0,4,2,2,4,2,2,2,2
4,735,1724.0,126,terminated,2,0,0,2,1724.0,1,1,1,0,0,4,0,8,2,2,0,4,2,2,0,2,2,4,8,2,2,0,4,2,2,4,2,2,2,2
4,736,1756.0,94,terminated,2,0,0,2,1756.0,1,2,2,0,0,4,0,8,2,2,0,4,2,2,0,2,2,4,8,2,2,0,4,2,2,4,2,2,2,2
4,737,49.0,31,terminated,1,37,1,1,49.0,0,1,1,0,0,1,0,3,1,1,0,2,1,1,0,1,1,1,3,1,1,9,2,1,1,2,1,1,1,1
4,738,1730.0,120,terminated,2,0,0,2,1730.0,1,3,2,1,1,3,1,8,2,2,1,5,2,2,1,3,2,3,7,2,2,4,4,2,2,4,2,2,2,2
4,739,1549.0,101,terminated,1,0,0,2,1549.0,1,2,1,1,0,3,0,6,1,2,0,3,1,2,0,2,2,3,6,1,2,11,3,1,2,3,1,2,1,2
4,740,1741.0,109,terminated,2,0,0,2,1741.0,1,3,2,1,1,4,1,9,2,2,1,5,2,2,1,3,2,4,8,2,2,10,4,2,2,4,2,2,2,2
4,741,-178.0,18,terminated,1,41,1,0,-178.0,0,0,0,0,1,0,1,2,1,0,1,2,1,0,1,1,0,0,1,1,0,0,1,1,0,1,1,0,1,0
4,742,1532.0,118,terminated,1,0,0,2,1532.0,1,0,0,0,1,2,1,6,1,2,1,4,1,2,1,3,2,2,5,1,2,33,3,1,2,3,1,2,1,2
4,743,-178.0,18,terminated,1,41,1,0,-178.0,0,0,0,0,1,0,1,2,1,0,1,2,1,0,1,1,0,0,1,1,0,0,1,1,0,1,1,0,1,0
4,744,1725.0,125,terminated,2,0,0,2,1725.0,1,1,0,1,1,3,1,8,2,2,1,5,2,2,1,3,2,3,7,2,2,1,4,2,2,4,2,2,2,2
4,745,1760.0,90,terminated,2,0,0,2,1760.0,1,2,1,1,1,3,1,8,2,2,1,5,2,2,1,3,2,3,7,2,2,7,4,2,2,4,2,2,2,2
4,746,1534.0,116,terminated,2,0,0,1,1534.0,1,0,0,0,0,3,0,6,2,1,0,3,2,1,0,1,1,3,6,2,1,2,3,2,1,3,2,1,2,1
4,747,1698.0,152,terminated,2,0,0,2,1698.0,1,2,1,1,1,4,1,9,2,2,1,5,2,2,1,3,2,4,8,2,2,0,4,2,2,4,2,2,2,2
4,748,1522.0,128,terminated,2,0,0,1,1522.0,1,1,1,0,1,3,1,7,2,1,1,4,2,1,1,2,1,3,6,2,1,8,3,2,1,3,2,1,2,1
4,749,1717.0,133,terminated,2,0,0,2,1717.0,1,3,1,2,0,4,0,8,2,2,0,4,2,2,0,2,2,4,8,2,2,0,4,2,2,4,2,2,2,2
4,750,1732.0,118,terminated,2,0,0,2,1732.0,1,3,1,2,1,4,1,9,2,2,1,5,2,2,1,3,2,4,8,2,2,7,4,2,2,4,2,2,2,2
4,751,1759.0,91,terminated,2,0,0,2,1759.0,1,0,0,0,0,3,0,7,2,2,0,4,2,2,0,2,2,3,7,2,2,0,4,2,2,4,2,2,2,2
4,752,1551.0,99,terminated,2,0,0,1,1551.0,1,2,1,1,1,3,1,7,2,1,1,4,2,1,1,2,1,3,6,2,1,12,3,2,1,3,2,1,2,1
4,753,1517.0,133,terminated,1,0,0,2,1517.0,1,1,0,1,1,3,1,7,1,2,1,4,1,2,1,3,2,3,6,1,2,3,3,1,2,3,1,2,1,2
4,754,1736.0,114,terminated,2,0,0,2,1736.0,1,1,0,1,0,4,0,8,2,2,0,4,2,2,0,2,2,4,8,2,2,4,4,2,2,4,2,2,2,2
4,755,1545.0,105,terminated,2,0,0,1,1545.0,1,2,1,1,1,3,1,7,2,1,1,4,2,1,1,2,1,3,6,2,1,16,3,2,1,3,2,1,2,1
4,756,1467.0,183,terminated,1,0,0,2,1467.0,1,1,0,1,0,3,0,6,1,2,0,3,1,2,0,2,2,3,6,1,2,0,3,1,2,3,1,2,1,2
4,757,1709.0,141,terminated,2,0,0,2,1709.0,1,3,1,2,1,4,1,9,2,2,1,5,2,2,1,3,2,4,8,2,2,3,4,2,2,4,2,2,2,2
4,758,-167.0,17,terminated,0,40,1,1,-167.0,0,0,0,0,0,1,0,2,0,1,0,1,0,1,0,1,1,1,2,0,1,1,1,0,1,1,0,1,0,1
4,759,1749.0,101,terminated,2,0,0,2,1749.0,1,1,1,0,0,4,0,8,2,2,0,4,2,2,0,2,2,4,8,2,2,0,4,2,2,4,2,2,2,2
4,760,1514.0,136,terminated,2,0,0,1,1514.0,1,1,1,0,1,3,1,7,2,1,1,4,2,1,1,2,1,3,6,2,1,32,3,2,1,3,2,1,2,1
4,761,1734.0,116,terminated,2,0,0,2,1734.0,1,3,1,2,1,4,1,9,2,2,1,5,2,2,1,3,2,4,8,2,2,12,4,2,2,4,2,2,2,2
4,762,1757.0,93,terminated,2,0,0,2,1757.0,1,2,1,1,1,4,1,9,2,2,1,5,2,2,1,3,2,4,8,2,2,4,4,2,2,4,2,2,2,2
4,763,1531.0,119,terminated,1,0,0,2,1531.0,1,1,0,1,0,3,0,6,1,2,0,3,1,2,0,2,2,3,6,1,2,0,3,1,2,3,1,2,1,2
4,764,-84.0,44,terminated,1,29,1,0,-84.0,0,0,0,0,1,1,1,3,1,0,1,2,1,0,1,1,0,1,2,1,0,20,1,1,0,1,1,0,1,0
4,765,1715.0,135,terminated,2,0,0,2,1715.0,1,1,1,0,1,3,1,8,2,2,1,5,2,2,1,3,2,3,7,2,2,4,4,2,2,4,2,2,2,2
4,766,1758.0,92,terminated,2,0,0,2,1758.0,1,1,0,1,0,4,0,8,2,2,0,4,2,2,0,2,2,4,8,2,2,0,4,2,2,4,2,2,2,2
4,767,1728.0,122,terminated,2,0,0,2,1728.0,1,3,2,1,0,4,0,8,2,2,0,4,2,2,0,2,2,4,8,2,2,1,4,2,2,4,2,2,2,2
4,768,283.0,37,terminated,1,33,1,2,283.0,0,1,0,1,0,1,0,4,1,2,0,3,1,2,0,2,2,1,4,1,2,0,3,1,2,3,1,2,1,2
4,769,30.0,20,terminated,1,40,1,1,30.0,0,1,1,0,1,1,1,4,1,1,1,3,1,1,1,2,1,1,3,1,1,1,2,1,1,2,1,1,1,1
4,770,1753.0,97,terminated,2,0,0,2,1753.0,1,1,0,1,1,4,1,9,2,2,1,5,2,2,1,3,2,4,8,2,2,0,4,2,2,4,2,2,2,2
4,771,1728.0,122,terminated,2,0,0,2,1728.0,1,2,1,1,1,4,1,9,2,2,1,5,2,2,1,3,2,4,8,2,2,14,4,2,2,4,2,2,2,2
4,772,1769.0,81,terminated,2,0,0,2,1769.0,1,3,1,2,1,4,1,9,2,2,1,5,2,2,1,3,2,4,8,2,2,6,4,2,2,4,2,2,2,2
4,773,1747.0,103,terminated,2,0,0,2,1747.0,1,3,2,1,1,4,1,9,2,2,1,5,2,2,1,3,2,4,8,2,2,5,4,2,2,4,2,2,2,2
4,774,1746.0,104,terminated,2,0,0,2,1746.0,1,2,1,1,1,4,1,9,2,2,1,5,2,2,1,3,2,4,8,2,2,6,4,2,2,4,2,2,2,2
4,775,1746.0,104,terminated,2,0,0,2,1746.0,1,3,2,1,1,4,1,9,2,2,1,5,2,2,1,3,2,4,8,2,2,7,4,2,2,4,2,2,2,2
4,776,1729.0,121,terminated,2,0,0,2,1729.0,1,2,0,2,1,4,1,9,2,2,1,5,2,2,1,3,2,4,8,2,2,8,4,2,2,4,2,2,2,2
4,777,1712.0,138,terminated,2,0,0,2,1712.0,1,3,1,2,1,4,1,9,2,2,1,5,2,2,1,3,2,4,8,2,2,0,4,2,2,4,2,2,2,2
4,778,1762.0,88,terminated,2,0,0,2,1762.0,1,1,1,0,1,3,1,8,2,2,1,5,2,2,1,3,2,3,7,2,2,0,4,2,2,4,2,2,2,2
4,779,1542.0,108,terminated,1,0,0,2,1542.0,1,2,0,2,1,3,1,7,1,2,1,4,1,2,1,3,2,3,6,1,2,23,3,1,2,3,1,2,1,2
4,780,1763.0,87,terminated,2,0,0,2,1763.0,1,4,2,2,1,3,1,8,2,2,1,5,2,2,1,3,2,3,7,2,2,5,4,2,2,4,2,2,2,2
4,781,1727.0,123,terminated,2,0,0,2,1727.0,1,1,0,1,0,4,0,8,2,2,0,4,2,2,0,2,2,4,8,2,2,7,4,2,2,4,2,2,2,2
4,782,1766.0,84,terminated,2,0,0,2,1766.0,1,3,2,1,1,4,1,9,2,2,1,5,2,2,1,3,2,4,8,2,2,0,4,2,2,4,2,2,2,2
4,783,1739.0,111,terminated,2,0,0,2,1739.0,1,2,1,1,1,4,1,9,2,2,1,5,2,2,1,3,2,4,8,2,2,7,4,2,2,4,2,2,2,2
4,784,1747.0,103,terminated,2,0,0,2,1747.0,1,3,2,1,0,4,0,8,2,2,0,4,2,2,0,2,2,4,8,2,2,2,4,2,2,4,2,2,2,2
4,785,1734.0,116,terminated,2,0,0,2,1734.0,1,0,0,0,1,4,1,9,2,2,1,5,2,2,1,3,2,4,8,2,2,0,4,2,2,4,2,2,2,2
4,786,1558.0,92,terminated,2,0,0,1,1558.0,1,0,0,0,0,2,0,5,2,1,0,3,2,1,0,1,1,2,5,2,1,0,3,2,1,3,2,1,2,1
4,787,1707.0,143,terminated,2,0,0,2,1707.0,1,1,0,1,0,4,0,8,2,2,0,4,2,2,0,2,2,4,8,2,2,0,4,2,2,4,2,2,2,2
4,788,1720.0,130,terminated,2,0,0,2,1720.0,1,2,1,1,1,4,1,9,2,2,1,5,2,2,1,3,2,4,8,2,2,20,4,2,2,4,2,2,2,2
4,789,21.0,19,terminated,1,41,1,1,21.0,0,0,0,0,1,0,1,3,1,1,1,3,1,1,1,2,1,0,2,1,1,0,2,1,1,2,1,1,1,1
4,790,1614.0,236,terminated,2,0,0,2,1614.0,1,2,0,2,1,4,1,9,2,2,1,5,2,2,1,3,2,4,8,2,2,12,4,2,2,4,2,2,2,2
4,791,1726.0,124,terminated,2,0,0,2,1726.0,1,1,0,1,1,4,1,9,2,2,1,5,2,2,1,3,2,4,8,2,2,11,4,2,2,4,2,2,2,2
4,792,1740.0,110,terminated,2,0,0,2,1740.0,1,2,1,1,1,3,1,8,2,2,1,5,2,2,1,3,2,3,7,2,2,0,4,2,2,4,2,2,2,2
4,793,1750.0,100,terminated,2,0,0,2,1750.0,1,3,1,2,1,4,1,9,2,2,1,5,2,2,1,3,2,4,8,2,2,5,4,2,2,4,2,2,2,2
4,794,1739.0,111,terminated,2,0,0,2,1739.0,1,3,2,1,1,3,1,8,2,2,1,5,2,2,1,3,2,3,7,2,2,5,4,2,2,4,2,2,2,2
4,795,480.0,40,terminated,2,33,1,2,480.0,0,4,2,2,1,3,1,8,2,2,1,5,2,2,1,3,2,3,7,2,2,5,4,2,2,4,2,2,2,2
4,796,1730.0,120,terminated,2,0,0,2,1730.0,1,2,2,0,1,4,1,9,2,2,1,5,2,2,1,3,2,4,8,2,2,9,4,2,2,4,2,2,2,2
4,797,1744.0,106,terminated,2,0,0,2,1744.0,1,2,1,1,1,4,1,9,2,2,1,5,2,2,1,3,2,4,8,2,2,4,4,2,2,4,2,2,2,2
4,798,1540.0,110,terminated,1,0,0,2,1540.0,1,2,1,1,0,3,0,6,1,2,0,3,1,2,0,2,2,3,6,1,2,15,3,1,2,3,1,2,1,2
4,799,1749.0,101,terminated,2,0,0,2,1749.0,1,2,1,1,1,4,1,9,2,2,1,5,2,2,1,3,2,4,8,2,2,8,4,2,2,4,2,2,2,2
4,800,1733.0,117,terminated,2,0,0,2,1733.0,1,2,1,1,1,3,1,8,2,2,1,5,2,2,1,3,2,3,7,2,2,0,4,2,2,4,2,2,2,2
4,801,666.0,94,terminated,2,9,1,2,666.0,0,4,2,2,1,3,1,8,2,2,1,5,2,2,1,3,2,3,7,2,2,7,4,2,2,4,2,2,2,2
4,802,1546.0,104,terminated,1,0,0,2,1546.0,1,1,0,1,0,3,0,6,1,2,0,3,1,2,0,2,2,3,6,1,2,0,3,1,2,3,1,2,1,2
4,803,1745.0,105,terminated,2,0,0,2,1745.0,1,1,0,1,1,4,1,9,2,2,1,5,2,2,1,3,2,4,8,2,2,7,4,2,2,4,2,2,2,2
4,804,1752.0,98,terminated,2,0,0,2,1752.0,1,2,1,1,0,4,0,8,2,2,0,4,2,2,0,2,2,4,8,2,2,4,4,2,2,4,2,2,2,2
4,805,529.0,41,terminated,2,28,1,2,529.0,0,3,1,2,1,3,1,8,2,2,1,5,2,2,1,3,2,3,7,2,2,4,4,2,2,4,2,2,2,2
4,806,1731.0,119,terminated,2,0,0,2,1731.0,1,2,1,1,1,3,1,8,2,2,1,5,2,2,1,3,2,3,7,2,2,14,4,2,2,4,2,2,2,2
4,807,1770.0,80,terminated,2,0,0,2,1770.0,1,2,1,1,1,4,1,9,2,2,1,5,2,2,1,3,2,4,8,2,2,6,4,2,2,4,2,2,2,2
4,808,1740.0,110,terminated,2,0,0,2,1740.0,1,1,1,0,1,4,1,9,2,2,1,5,2,2,1,3,2,4,8,2,2,0,4,2,2,4,2,2,2,2
4,809,1532.0,118,terminated,1,0,0,2,1532.0,1,1,1,0,1,3,1,7,1,2,1,4,1,2,1,3,2,3,6,1,2,2,3,1,2,3,1,2,1,2
4,810,1742.0,108,terminated,2,0,0,2,1742.0,1,2,1,1,1,4,1,9,2,2,1,5,2,2,1,3,2,4,8,2,2,0,4,2,2,4,2,2,2,2
4,811,1742.0,108,terminated,2,0,0,2,1742.0,1,3,2,1,1,4,1,9,2,2,1,5,2,2,1,3,2,4,8,2,2,2,4,2,2,4,2,2,2,2
4,812,1736.0,114,terminated,2,0,0,2,1736.0,1,1,0,1,0,4,0,8,2,2,0,4,2,2,0,2,2,4,8,2,2,0,4,2,2,4,2,2,2,2
4,813,1702.0,148,terminated,2,0,0,2,1702.0,1,3,1,2,1,4,1,9,2,2,1,5,2,2,1,3,2,4,8,2,2,7,4,2,2,4,2,2,2,2
4,814,1736.0,114,terminated,2,0,0,2,1736.0,1,2,1,1,0,4,0,8,2,2,0,4,2,2,0,2,2,4,8,2,2,1,4,2,2,4,2,2,2,2
4,815,1726.0,124,terminated,2,0,0,2,1726.0,1,3,2,1,1,4,1,9,2,2,1,5,2,2,1,3,2,4,8,2,2,17,4,2,2,4,2,2,2,2
4,816,1691.0,159,terminated,2,0,0,2,1691.0,1,2,1,1,0,3,0,7,2,2,0,4,2,2,0,2,2,3,7,2,2,0,4,2,2,4,2,2,2,2
4,817,1731.0,119,terminated,2,0,0,2,1731.0,1,2,1,1,1,4,1,9,2,2,1,5,2,2,1,3,2,4,8,2,2,5,4,2,2,4,2,2,2,2
4,818,1723.0,127,terminated,2,0,0,2,1723.0,1,1,0,1,1,3,1,8,2,2,1,5,2,2,1,3,2,3,7,2,2,7,4,2,2,4,2,2,2,2
4,819,1528.0,122,terminated,2,0,0,1,1528.0,1,0,0,0,0,3,0,6,2,1,0,3,2,1,0,1,1,3,6,2,1,0,3,2,1,3,2,1,2,1
4,820,1748.0,102,terminated,2,0,0,2,1748.0,1,3,2,1,1,3,1,8,2,2,1,5,2,2,1,3,2,3,7,2,2,2,4,2,2,4,2,2,2,2
4,821,1739.0,111,terminated,2,0,0,2,1739.0,1,4,2,2,1,3,1,8,2,2,1,5,2,2,1,3,2,3,7,2,2,4,4,2,2,4,2,2,2,2
4,822,1748.0,102,terminated,2,0,0,2,1748.0,1,2,1,1,1,2,1,7,2,2,1,5,2,2,1,3,2,2,6,2,2,5,4,2,2,4,2,2,2,2
4,823,1742.0,108,terminated,2,0,0,2,1742.0,1,1,1,0,0,4,0,8,2,2,0,4,2,2,0,2,2,4,8,2,2,5,4,2,2,4,2,2,2,2
4,824,1702.0,148,terminated,2,0,0,2,1702.0,1,1,0,1,0,4,0,8,2,2,0,4,2,2,0,2,2,4,8,2,2,7,4,2,2,4,2,2,2,2
4,825,1737.0,113,terminated,2,0,0,2,1737.0,1,3,1,2,0,4,0,8,2,2,0,4,2,2,0,2,2,4,8,2,2,2,4,2,2,4,2,2,2,2
4,826,1549.0,101,terminated,2,0,0,1,1549.0,1,2,2,0,1,3,1,7,2,1,1,4,2,1,1,2,1,3,6,2,1,18,3,2,1,3,2,1,2,1
4,827,1753.0,97,terminated,2,0,0,2,1753.0,1,3,2,1,0,3,0,7,2,2,0,4,2,2,0,2,2,3,7,2,2,4,4,2,2,4,2,2,2,2
4,828,1736.0,114,terminated,2,0,0,2,1736.0,1,3,1,2,1,4,1,9,2,2,1,5,2,2,1,3,2,4,8,2,2,1,4,2,2,4,2,2,2,2
4,829,1729.0,121,terminated,2,0,0,2,1729.0,1,1,0,1,1,4,1,9,2,2,1,5,2,2,1,3,2,4,8,2,2,0,4,2,2,4,2,2,2,2
4,830,1760.0,90,terminated,2,0,0,2,1760.0,1,1,1,0,0,4,0,8,2,2,0,4,2,2,0,2,2,4,8,2,2,0,4,2,2,4,2,2,2,2
4,831,1504.0,146,terminated,1,0,0,2,1504.0,1,2,0,2,1,3,1,7,1,2,1,4,1,2,1,3,2,3,6,1,2,32,3,1,2,3,1,2,1,2
4,832,1500.0,150,terminated,2,0,0,1,1500.0,1,0,0,0,1,2,1,6,2,1,1,4,2,1,1,2,1,2,5,2,1,0,3,2,1,3,2,1,2,1
4,833,1727.0,123,terminated,2,0,0,2,1727.0,1,1,1,0,1,4,1,9,2,2,1,5,2,2,1,3,2,4,8,2,2,3,4,2,2,4,2,2,2,2
4,834,1541.0,109,terminated,1,0,0,2,1541.0,1,2,0,2,1,3,1,7,1,2,1,4,1,2,1,3,2,3,6,1,2,10,3,1,2,3,1,2,1,2
4,835,1523.0,127,terminated,1,0,0,2,1523.0,1,0,0,0,1,3,1,7,1,2,1,4,1,2,1,3,2,3,6,1,2,17,3,1,2,3,1,2,1,2
4,836,1747.0,103,terminated,2,0,0,2,1747.0,1,3,1,2,1,3,1,8,2,2,1,5,2,2,1,3,2,3,7,2,2,4,4,2,2,4,2,2,2,2
4,837,1746.0,104,terminated,2,0,0,2,1746.0,1,2,1,1,0,3,0,7,2,2,0,4,2,2,0,2,2,3,7,2,2,0,4,2,2,4,2,2,2,2
4,838,1485.0,165,terminated,2,0,0,1,1485.0,1,1,1,0,1,3,1,7,2,1,1,4,2,1,1,2,1,3,6,2,1,8,3,2,1,3,2,1,2,1
4,839,1714.0,136,terminated,2,0,0,2,1714.0,1,1,1,0,0,4,0,8,2,2,0,4,2,2,0,2,2,4,8,2,2,0,4,2,2,4,2,2,2,2
4,840,1501.0,149,terminated,2,0,0,1,1501.0,1,1,0,1,0,3,0,6,2,1,0,3,2,1,0,1,1,3,6,2,1,7,3,2,1,3,2,1,2,1
4,841,1710.0,140,terminated,2,0,0,2,1710.0,1,2,1,1,1,3,1,8,2,2,1,5,2,2,1,3,2,3,7,2,2,0,4,2,2,4,2,2,2,2
4,842,45.0,25,terminated,1,38,1,1,45.0,0,1,0,1,1,1,1,4,1,1,1,3,1,1,1,2,1,1,3,1,1,5,2,1,1,2,1,1,1,1
4,843,1774.0,76,terminated,2,0,0,2,1774.0,1,3,2,1,0,3,0,7,2,2,0,4,2,2,0,2,2,3,7,2,2,3,4,2,2,4,2,2,2,2
4,844,1468.0,182,terminated,2,0,0,1,1468.0,1,2,1,1,1,3,1,7,2,1,1,4,2,1,1,2,1,3,6,2,1,9,3,2,1,3,2,1,2,1
4,845,1733.0,117,terminated,2,0,0,2,1733.0,1,3,2,1,1,4,1,9,2,2,1,5,2,2,1,3,2,4,8,2,2,7,4,2,2,4,2,2,2,2
4,846,1749.0,101,terminated,2,0,0,2,1749.0,1,1,1,0,1,4,1,9,2,2,1,5,2,2,1,3,2,4,8,2,2,3,4,2,2,4,2,2,2,2
4,847,1528.0,122,terminated,2,0,0,1,1528.0,1,2,1,1,0,3,0,6,2,1,0,3,2,1,0,1,1,3,6,2,1,13,3,2,1,3,2,1,2,1
4,848,1753.0,97,terminated,2,0,0,2,1753.0,1,3,2,1,0,3,0,7,2,2,0,4,2,2,0,2,2,3,7,2,2,9,4,2,2,4,2,2,2,2
4,849,1533.0,117,terminated,1,0,0,2,1533.0,1,1,0,1,1,2,1,6,1,2,1,4,1,2,1,3,2,2,5,1,2,0,3,1,2,3,1,2,1,2
4,850,485.0,35,terminated,2,33,1,2,485.0,0,3,1,2,0,2,0,6,2,2,0,4,2,2,0,2,2,2,6,2,2,1,4,2,2,4,2,2,2,2
4,851,1751.0,99,terminated,2,0,0,2,1751.0,1,0,0,0,0,4,0,8,2,2,0,4,2,2,0,2,2,4,8,2,2,4,4,2,2,4,2,2,2,2
4,852,1707.0,143,terminated,2,0,0,2,1707.0,1,2,1,1,1,3,1,8,2,2,1,5,2,2,1,3,2,3,7,2,2,7,4,2,2,4,2,2,2,2
4,853,1726.0,124,terminated,2,0,0,2,1726.0,1,4,2,2,1,4,1,9,2,2,1,5,2,2,1,3,2,4,8,2,2,4,4,2,2,4,2,2,2,2
4,854,1759.0,91,terminated,2,0,0,2,1759.0,1,3,1,2,1,4,1,9,2,2,1,5,2,2,1,3,2,4,8,2,2,0,4,2,2,4,2,2,2,2
4,855,1721.0,129,terminated,2,0,0,2,1721.0,1,3,1,2,1,4,1,9,2,2,1,5,2,2,1,3,2,4,8,2,2,7,4,2,2,4,2,2,2,2
4,856,1752.0,98,terminated,2,0,0,2,1752.0,1,3,2,1,1,4,1,9,2,2,1,5,2,2,1,3,2,4,8,2,2,9,4,2,2,4,2,2,2,2
4,857,1742.0,108,terminated,2,0,0,2,1742.0,1,2,1,1,1,4,1,9,2,2,1,5,2,2,1,3,2,4,8,2,2,8,4,2,2,4,2,2,2,2
4,858,1543.0,107,terminated,1,0,0,2,1543.0,1,1,0,1,0,2,0,5,1,2,0,3,1,2,0,2,2,2,5,1,2,0,3,1,2,3,1,2,1,2
4,859,1711.0,139,terminated,2,0,0,2,1711.0,1,1,1,0,1,3,1,8,2,2,1,5,2,2,1,3,2,3,7,2,2,3,4,2,2,4,2,2,2,2
4,860,1715.0,135,terminated,2,0,0,2,1715.0,1,0,0,0,0,3,0,7,2,2,0,4,2,2,0,2,2,3,7,2,2,0,4,2,2,4,2,2,2,2
4,861,1726.0,124,terminated,2,0,0,2,1726.0,1,1,1,0,1,3,1,8,2,2,1,5,2,2,1,3,2,3,7,2,2,0,4,2,2,4,2,2,2,2
4,862,1716.0,134,terminated,2,0,0,2,1716.0,1,2,2,0,1,4,1,9,2,2,1,5,2,2,1,3,2,4,8,2,2,0,4,2,2,4,2,2,2,2
4,863,1719.0,131,terminated,2,0,0,2,1719.0,1,3,1,2,1,4,1,9,2,2,1,5,2,2,1,3,2,4,8,2,2,12,4,2,2,4,2,2,2,2
4,864,1529.0,121,terminated,1,0,0,2,1529.0,1,3,1,2,1,3,1,7,1,2,1,4,1,2,1,3,2,3,6,1,2,18,3,1,2,3,1,2,1,2
4,865,1714.0,136,terminated,2,0,0,2,1714.0,1,2,1,1,0,4,0,8,2,2,0,4,2,2,0,2,2,4,8,2,2,16,4,2,2,4,2,2,2,2
4,866,632.0,58,terminated,2,16,1,2,632.0,0,3,1,2,1,4,1,9,2,2,1,5,2,2,1,3,2,4,8,2,2,8,4,2,2,4,2,2,2,2
4,867,1757.0,93,terminated,2,0,0,2,1757.0,1,1,1,0,0,4,0,8,2,2,0,4,2,2,0,2,2,4,8,2,2,0,4,2,2,4,2,2,2,2
4,868,532.0,38,terminated,2,28,1,2,532.0,0,2,1,1,1,3,1,8,2,2,1,5,2,2,1,3,2,3,7,2,2,2,4,2,2,4,2,2,2,2
4,869,1515.0,135,terminated,2,0,0,1,1515.0,1,2,1,1,1,3,1,7,2,1,1,4,2,1,1,2,1,3,6,2,1,17,3,2,1,3,2,1,2,1
4,870,1732.0,118,terminated,2,0,0,2,1732.0,1,3,2,1,1,4,1,9,2,2,1,5,2,2,1,3,2,4,8,2,2,7,4,2,2,4,2,2,2,2
4,871,1717.0,133,terminated,2,0,0,2,1717.0,1,2,0,2,0,4,0,8,2,2,0,4,2,2,0,2,2,4,8,2,2,2,4,2,2,4,2,2,2,2
4,872,1754.0,96,terminated,2,0,0,2,1754.0,1,0,0,0,1,3,1,8,2,2,1,5,2,2,1,3,2,3,7,2,2,8,4,2,2,4,2,2,2,2
4,873,1714.0,136,terminated,2,0,0,2,1714.0,1,1,0,1,1,4,1,9,2,2,1,5,2,2,1,3,2,4,8,2,2,8,4,2,2,4,2,2,2,2
4,874,1732.0,118,terminated,2,0,0,2,1732.0,1,2,0,2,1,4,1,9,2,2,1,5,2,2,1,3,2,4,8,2,2,1,4,2,2,4,2,2,2,2
4,875,1723.0,127,terminated,2,0,0,2,1723.0,1,3,2,1,1,4,1,9,2,2,1,5,2,2,1,3,2,4,8,2,2,5,4,2,2,4,2,2,2,2
4,876,713.0,127,terminated,2,1,1,2,713.0,0,3,1,2,1,4,1,9,2,2,1,5,2,2,1,3,2,4,8,2,2,5,4,2,2,4,2,2,2,2
4,877,1757.0,93,terminated,2,0,0,2,1757.0,1,2,1,1,1,4,1,9,2,2,1,5,2,2,1,3,2,4,8,2,2,0,4,2,2,4,2,2,2,2
4,878,1494.0,156,terminated,1,0,0,2,1494.0,1,0,0,0,1,3,1,7,1,2,1,4,1,2,1,3,2,3,6,1,2,12,3,1,2,3,1,2,1,2
4,879,1736.0,114,terminated,2,0,0,2,1736.0,1,1,1,0,0,4,0,8,2,2,0,4,2,2,0,2,2,4,8,2,2,0,4,2,2,4,2,2,2,2
4,880,1422.0,228,terminated,1,0,0,2,1422.0,1,1,1,0,0,3,0,6,1,2,0,3,1,2,0,2,2,3,6,1,2,29,3,1,2,3,1,2,1,2
4,881,1751.0,99,terminated,2,0,0,2,1751.0,1,2,1,1,1,4,1,9,2,2,1,5,2,2,1,3,2,4,8,2,2,4,4,2,2,4,2,2,2,2
4,882,1738.0,112,terminated,2,0,0,2,1738.0,1,1,0,1,1,4,1,9,2,2,1,5,2,2,1,3,2,4,8,2,2,0,4,2,2,4,2,2,2,2
4,883,229.0,41,terminated,1,18,1,1,229.0,0,1,0,1,1,2,1,5,1,1,1,3,1,1,1,2,1,2,4,1,1,8,2,1,1,2,1,1,1,1
4,884,473.0,47,terminated,2,33,1,2,473.0,0,2,1,1,0,4,0,8,2,2,0,4,2,2,0,2,2,4,8,2,2,0,4,2,2,4,2,2,2,2
4,885,1732.0,118,terminated,2,0,0,2,1732.0,1,3,2,1,0,4,0,8,2,2,0,4,2,2,0,2,2,4,8,2,2,7,4,2,2,4,2,2,2,2
4,886,1657.0,193,terminated,2,0,0,2,1657.0,1,1,1,0,1,3,1,8,2,2,1,5,2,2,1,3,2,3,7,2,2,0,4,2,2,4,2,2,2,2
4,887,1764.0,86,terminated,2,0,0,2,1764.0,1,1,0,1,1,4,1,9,2,2,1,5,2,2,1,3,2,4,8,2,2,0,4,2,2,4,2,2,2,2
4,888,524.0,46,terminated,2,28,1,2,524.0,0,2,1,1,0,3,0,7,2,2,0,4,2,2,0,2,2,3,7,2,2,0,4,2,2,4,2,2,2,2
4,889,1746.0,104,terminated,2,0,0,2,1746.0,1,3,1,2,1,4,1,9,2,2,1,5,2,2,1,3,2,4,8,2,2,5,4,2,2,4,2,2,2,2
4,890,701.0,109,terminated,2,4,1,2,701.0,0,3,1,2,1,3,1,8,2,2,1,5,2,2,1,3,2,3,7,2,2,0,4,2,2,4,2,2,2,2
4,891,1730.0,120,terminated,2,0,0,2,1730.0,1,1,1,0,1,4,1,9,2,2,1,5,2,2,1,3,2,4,8,2,2,9,4,2,2,4,2,2,2,2
4,892,1756.0,94,terminated,2,0,0,2,1756.0,1,1,0,1,1,4,1,9,2,2,1,5,2,2,1,3,2,4,8,2,2,1,4,2,2,4,2,2,2,2
4,893,584.0,66,terminated,2,20,1,2,584.0,0,2,1,1,1,3,1,8,2,2,1,5,2,2,1,3,2,3,7,2,2,0,4,2,2,4,2,2,2,2
4,894,1745.0,105,terminated,2,0,0,2,1745.0,1,2,1,1,1,4,1,9,2,2,1,5,2,2,1,3,2,4,8,2,2,7,4,2,2,4,2,2,2,2
4,895,1765.0,85,terminated,2,0,0,2,1765.0,1,2,1,1,1,3,1,8,2,2,1,5,2,2,1,3,2,3,7,2,2,0,4,2,2,4,2,2,2,2
4,896,1749.0,101,terminated,2,0,0,2,1749.0,1,2,0,2,1,4,1,9,2,2,1,5,2,2,1,3,2,4,8,2,2,6,4,2,2,4,2,2,2,2
4,897,1749.0,101,terminated,2,0,0,2,1749.0,1,3,1,2,1,3,1,8,2,2,1,5,2,2,1,3,2,3,7,2,2,0,4,2,2,4,2,2,2,2
4,898,1751.0,99,terminated,2,0,0,2,1751.0,1,2,1,1,1,4,1,9,2,2,1,5,2,2,1,3,2,4,8,2,2,5,4,2,2,4,2,2,2,2
4,899,1748.0,102,terminated,2,0,0,2,1748.0,1,3,2,1,0,4,0,8,2,2,0,4,2,2,0,2,2,4,8,2,2,0,4,2,2,4,2,2,2,2
4,900,1738.0,112,terminated,2,0,0,2,1738.0,1,3,2,1,1,4,1,9,2,2,1,5,2,2,1,3,2,4,8,2,2,1,4,2,2,4,2,2,2,2
4,901,700.0,100,terminated,2,5,1,2,700.0,0,3,1,2,0,4,0,8,2,2,0,4,2,2,0,2,2,4,8,2,2,7,4,2,2,4,2,2,2,2
4,902,1554.0,96,terminated,1,0,0,2,1554.0,1,2,1,1,1,3,1,7,1,2,1,4,1,2,1,3,2,3,6,1,2,8,3,1,2,3,1,2,1,2
4,903,1730.0,120,terminated,2,0,0,2,1730.0,1,3,2,1,1,4,1,9,2,2,1,5,2,2,1,3,2,4,8,2,2,3,4,2,2,4,2,2,2,2
4,904,1715.0,135,terminated,2,0,0,2,1715.0,1,3,2,1,0,3,0,7,2,2,0,4,2,2,0,2,2,3,7,2,2,0,4,2,2,4,2,2,2,2
4,905,1735.0,115,terminated,2,0,0,2,1735.0,1,2,1,1,1,4,1,9,2,2,1,5,2,2,1,3,2,4,8,2,2,5,4,2,2,4,2,2,2,2
4,906,1741.0,109,terminated,2,0,0,2,1741.0,1,1,0,1,1,4,1,9,2,2,1,5,2,2,1,3,2,4,8,2,2,2,4,2,2,4,2,2,2,2
4,907,1760.0,90,terminated,2,0,0,2,1760.0,1,0,0,0,0,4,0,8,2,2,0,4,2,2,0,2,2,4,8,2,2,0,4,2,2,4,2,2,2,2
4,908,1749.0,101,terminated,2,0,0,2,1749.0,1,1,1,0,0,4,0,8,2,2,0,4,2,2,0,2,2,4,8,2,2,1,4,2,2,4,2,2,2,2
4,909,1757.0,93,terminated,2,0,0,2,1757.0,1,3,1,2,1,4,1,9,2,2,1,5,2,2,1,3,2,4,8,2,2,9,4,2,2,4,2,2,2,2
4,910,1741.0,109,terminated,2,0,0,2,1741.0,1,1,0,1,1,4,1,9,2,2,1,5,2,2,1,3,2,4,8,2,2,16,4,2,2,4,2,2,2,2
4,911,1718.0,132,terminated,2,0,0,2,1718.0,1,1,0,1,1,3,1,8,2,2,1,5,2,2,1,3,2,3,7,2,2,0,4,2,2,4,2,2,2,2
4,912,1519.0,131,terminated,1,0,0,2,1519.0,1,1,0,1,0,3,0,6,1,2,0,3,1,2,0,2,2,3,6,1,2,1,3,1,2,3,1,2,1,2
4,913,1733.0,117,terminated,2,0,0,2,1733.0,1,1,0,1,0,4,0,8,2,2,0,4,2,2,0,2,2,4,8,2,2,2,4,2,2,4,2,2,2,2
4,914,1742.0,108,terminated,2,0,0,2,1742.0,1,2,1,1,1,2,1,7,2,2,1,5,2,2,1,3,2,2,6,2,2,0,4,2,2,4,2,2,2,2
4,915,1724.0,126,terminated,2,0,0,2,1724.0,1,3,1,2,1,4,1,9,2,2,1,5,2,2,1,3,2,4,8,2,2,0,4,2,2,4,2,2,2,2
4,916,1729.0,121,terminated,2,0,0,2,1729.0,1,3,1,2,1,4,1,9,2,2,1,5,2,2,1,3,2,4,8,2,2,6,4,2,2,4,2,2,2,2
4,917,1739.0,111,terminated,2,0,0,2,1739.0,1,2,2,0,0,4,0,8,2,2,0,4,2,2,0,2,2,4,8,2,2,5,4,2,2,4,2,2,2,2
4,918,1525.0,125,terminated,1,0,0,2,1525.0,1,2,1,1,1,3,1,7,1,2,1,4,1,2,1,3,2,3,6,1,2,4,3,1,2,3,1,2,1,2
4,919,1753.0,97,terminated,2,0,0,2,1753.0,1,1,0,1,0,4,0,8,2,2,0,4,2,2,0,2,2,4,8,2,2,0,4,2,2,4,2,2,2,2
4,920,1761.0,89,terminated,2,0,0,2,1761.0,1,3,1,2,1,4,1,9,2,2,1,5,2,2,1,3,2,4,8,2,2,4,4,2,2,4,2,2,2,2
4,921,1731.0,119,terminated,2,0,0,2,1731.0,1,1,1,0,1,4,1,9,2,2,1,5,2,2,1,3,2,4,8,2,2,6,4,2,2,4,2,2,2,2
4,922,1704.0,146,terminated,2,0,0,2,1704.0,1,2,1,1,1,4,1,9,2,2,1,5,2,2,1,3,2,4,8,2,2,3,4,2,2,4,2,2,2,2
4,923,1676.0,174,terminated,2,0,0,2,1676.0,1,3,1,2,0,4,0,8,2,2,0,4,2,2,0,2,2,4,8,2,2,12,4,2,2,4,2,2,2,2
4,924,1760.0,90,terminated,2,0,0,2,1760.0,1,2,1,1,1,4,1,9,2,2,1,5,2,2,1,3,2,4,8,2,2,4,4,2,2,4,2,2,2,2
4,925,1705.0,145,terminated,2,0,0,2,1705.0,1,0,0,0,1,4,1,9,2,2,1,5,2,2,1,3,2,4,8,2,2,15,4,2,2,4,2,2,2,2
4,926,1517.0,133,terminated,1,0,0,2,1517.0,1,0,0,0,0,3,0,6,1,2,0,3,1,2,0,2,2,3,6,1,2,12,3,1,2,3,1,2,1,2
4,927,1743.0,107,terminated,2,0,0,2,1743.0,1,0,0,0,1,4,1,9,2,2,1,5,2,2,1,3,2,4,8,2,2,0,4,2,2,4,2,2,2,2
4,928,1535.0,115,terminated,2,0,0,1,1535.0,1,3,2,1,1,3,1,7,2,1,1,4,2,1,1,2,1,3,6,2,1,10,3,2,1,3,2,1,2,1
4,929,1743.0,107,terminated,2,0,0,2,1743.0,1,2,1,1,0,4,0,8,2,2,0,4,2,2,0,2,2,4,8,2,2,7,4,2,2,4,2,2,2,2
4,930,1735.0,115,terminated,2,0,0,2,1735.0,1,4,2,2,1,3,1,8,2,2,1,5,2,2,1,3,2,3,7,2,2,0,4,2,2,4,2,2,2,2
4,931,1514.0,136,terminated,1,0,0,2,1514.0,1,1,0,1,1,3,1,7,1,2,1,4,1,2,1,3,2,3,6,1,2,5,3,1,2,3,1,2,1,2
4,932,1764.0,86,terminated,2,0,0,2,1764.0,1,1,0,1,0,3,0,7,2,2,0,4,2,2,0,2,2,3,7,2,2,0,4,2,2,4,2,2,2,2
4,933,1746.0,104,terminated,2,0,0,2,1746.0,1,3,1,2,1,3,1,8,2,2,1,5,2,2,1,3,2,3,7,2,2,2,4,2,2,4,2,2,2,2
4,934,1754.0,96,terminated,2,0,0,2,1754.0,1,1,0,1,1,4,1,9,2,2,1,5,2,2,1,3,2,4,8,2,2,2,4,2,2,4,2,2,2,2
4,935,1746.0,104,terminated,2,0,0,2,1746.0,1,2,1,1,1,4,1,9,2,2,1,5,2,2,1,3,2,4,8,2,2,8,4,2,2,4,2,2,2,2
4,936,1711.0,139,terminated,2,0,0,2,1711.0,1,3,2,1,1,4,1,9,2,2,1,5,2,2,1,3,2,4,8,2,2,8,4,2,2,4,2,2,2,2
4,937,1740.0,110,terminated,2,0,0,2,1740.0,1,2,2,0,0,3,0,7,2,2,0,4,2,2,0,2,2,3,7,2,2,7,4,2,2,4,2,2,2,2
4,938,1748.0,102,terminated,2,0,0,2,1748.0,1,3,2,1,1,4,1,9,2,2,1,5,2,2,1,3,2,4,8,2,2,4,4,2,2,4,2,2,2,2
4,939,1524.0,126,terminated,2,0,0,1,1524.0,1,2,1,1,1,3,1,7,2,1,1,4,2,1,1,2,1,3,6,2,1,5,3,2,1,3,2,1,2,1
4,940,1756.0,94,terminated,2,0,0,2,1756.0,1,2,0,2,1,4,1,9,2,2,1,5,2,2,1,3,2,4,8,2,2,9,4,2,2,4,2,2,2,2
4,941,1727.0,123,terminated,2,0,0,2,1727.0,1,3,2,1,0,4,0,8,2,2,0,4,2,2,0,2,2,4,8,2,2,5,4,2,2,4,2,2,2,2
4,942,687.0,123,terminated,2,4,1,2,687.0,0,3,1,2,1,4,1,9,2,2,1,5,2,2,1,3,2,4,8,2,2,8,4,2,2,4,2,2,2,2
4,943,1737.0,113,terminated,2,0,0,2,1737.0,1,2,1,1,1,4,1,9,2,2,1,5,2,2,1,3,2,4,8,2,2,0,4,2,2,4,2,2,2,2
4,944,1729.0,121,terminated,2,0,0,2,1729.0,1,0,0,0,1,3,1,8,2,2,1,5,2,2,1,3,2,3,7,2,2,0,4,2,2,4,2,2,2,2
4,945,29.0,21,terminated,1,40,1,1,29.0,0,1,1,0,0,1,0,3,1,1,0,2,1,1,0,1,1,1,3,1,1,5,2,1,1,2,1,1,1,1
4,946,1678.0,172,terminated,2,0,0,2,1678.0,1,2,1,1,1,4,1,9,2,2,1,5,2,2,1,3,2,4,8,2,2,10,4,2,2,4,2,2,2,2
4,947,1746.0,104,terminated,2,0,0,2,1746.0,1,1,0,1,0,3,0,7,2,2,0,4,2,2,0,2,2,3,7,2,2,11,4,2,2,4,2,2,2,2
4,948,1726.0,124,terminated,2,0,0,2,1726.0,1,3,1,2,1,3,1,8,2,2,1,5,2,2,1,3,2,3,7,2,2,0,4,2,2,4,2,2,2,2
4,949,1724.0,126,terminated,2,0,0,2,1724.0,1,1,1,0,1,4,1,9,2,2,1,5,2,2,1,3,2,4,8,2,2,0,4,2,2,4,2,2,2,2
4,950,1526.0,124,terminated,2,0,0,1,1526.0,1,2,1,1,0,3,0,6,2,1,0,3,2,1,0,1,1,3,6,2,1,8,3,2,1,3,2,1,2,1
4,951,1543.0,107,terminated,1,0,0,2,1543.0,1,1,0,1,0,3,0,6,1,2,0,3,1,2,0,2,2,3,6,1,2,0,3,1,2,3,1,2,1,2
4,952,1515.0,135,terminated,1,0,0,2,1515.0,1,2,1,1,1,3,1,7,1,2,1,4,1,2,1,3,2,3,6,1,2,21,3,1,2,3,1,2,1,2
4,953,1517.0,133,terminated,2,0,0,1,1517.0,1,2,1,1,1,3,1,7,2,1,1,4,2,1,1,2,1,3,6,2,1,4,3,2,1,3,2,1,2,1
4,954,1714.0,136,terminated,2,0,0,2,1714.0,1,2,1,1,1,4,1,9,2,2,1,5,2,2,1,3,2,4,8,2,2,3,4,2,2,4,2,2,2,2
4,955,659.0,91,terminated,2,10,1,2,659.0,0,1,0,1,0,4,0,8,2,2,0,4,2,2,0,2,2,4,8,2,2,5,4,2,2,4,2,2,2,2
4,956,1766.0,84,terminated,2,0,0,2,1766.0,1,2,1,1,0,4,0,8,2,2,0,4,2,2,0,2,2,4,8,2,2,0,4,2,2,4,2,2,2,2
4,957,1756.0,94,terminated,2,0,0,2,1756.0,1,2,1,1,1,4,1,9,2,2,1,5,2,2,1,3,2,4,8,2,2,6,4,2,2,4,2,2,2,2
4,958,1739.0,111,terminated,2,0,0,2,1739.0,1,1,1,0,0,4,0,8,2,2,0,4,2,2,0,2,2,4,8,2,2,0,4,2,2,4,2,2,2,2
4,959,1723.0,127,terminated,2,0,0,2,1723.0,1,2,1,1,0,4,0,8,2,2,0,4,2,2,0,2,2,4,8,2,2,0,4,2,2,4,2,2,2,2
4,960,1541.0,109,terminated,2,0,0,1,1541.0,1,1,1,0,0,3,0,6,2,1,0,3,2,1,0,1,1,3,6,2,1,8,3,2,1,3,2,1,2,1
4,961,1770.0,80,terminated,2,0,0,2,1770.0,1,3,2,1,1,4,1,9,2,2,1,5,2,2,1,3,2,4,8,2,2,5,4,2,2,4,2,2,2,2
4,962,1724.0,126,terminated,2,0,0,2,1724.0,1,0,0,0,1,4,1,9,2,2,1,5,2,2,1,3,2,4,8,2,2,0,4,2,2,4,2,2,2,2
4,963,1750.0,100,terminated,2,0,0,2,1750.0,1,0,0,0,1,4,1,9,2,2,1,5,2,2,1,3,2,4,8,2,2,0,4,2,2,4,2,2,2,2
4,964,1726.0,124,terminated,2,0,0,2,1726.0,1,4,2,2,1,4,1,9,2,2,1,5,2,2,1,3,2,4,8,2,2,6,4,2,2,4,2,2,2,2
4,965,1756.0,94,terminated,2,0,0,2,1756.0,1,1,1,0,1,4,1,9,2,2,1,5,2,2,1,3,2,4,8,2,2,0,4,2,2,4,2,2,2,2
4,966,1547.0,103,terminated,1,0,0,2,1547.0,1,1,1,0,1,3,1,7,1,2,1,4,1,2,1,3,2,3,6,1,2,5,3,1,2,3,1,2,1,2
4,967,437.0,63,terminated,1,15,1,2,437.0,0,2,1,1,0,3,0,6,1,2,0,3,1,2,0,2,2,3,6,1,2,4,3,1,2,3,1,2,1,2
4,968,1752.0,98,terminated,2,0,0,2,1752.0,1,2,2,0,0,4,0,8,2,2,0,4,2,2,0,2,2,4,8,2,2,1,4,2,2,4,2,2,2,2
4,969,1730.0,120,terminated,2,0,0,2,1730.0,1,2,1,1,1,4,1,9,2,2,1,5,2,2,1,3,2,4,8,2,2,6,4,2,2,4,2,2,2,2
4,970,1743.0,107,terminated,2,0,0,2,1743.0,1,3,1,2,1,4,1,9,2,2,1,5,2,2,1,3,2,4,8,2,2,8,4,2,2,4,2,2,2,2
4,971,1753.0,97,terminated,2,0,0,2,1753.0,1,0,0,0,1,3,1,8,2,2,1,5,2,2,1,3,2,3,7,2,2,0,4,2,2,4,2,2,2,2
4,972,1739.0,111,terminated,2,0,0,2,1739.0,1,1,0,1,1,4,1,9,2,2,1,5,2,2,1,3,2,4,8,2,2,6,4,2,2,4,2,2,2,2
4,973,-178.0,18,terminated,1,41,1,0,-178.0,0,0,0,0,1,0,1,2,1,0,1,2,1,0,1,1,0,0,1,1,0,0,1,1,0,1,1,0,1,0
4,974,1755.0,95,terminated,2,0,0,2,1755.0,1,1,0,1,1,4,1,9,2,2,1,5,2,2,1,3,2,4,8,2,2,1,4,2,2,4,2,2,2,2
4,975,1509.0,141,terminated,1,0,0,2,1509.0,1,3,1,2,1,3,1,7,1,2,1,4,1,2,1,3,2,3,6,1,2,12,3,1,2,3,1,2,1,2
4,976,1285.0,165,terminated,0,0,0,2,1285.0,1,0,0,0,0,2,0,4,0,2,0,2,0,2,0,2,2,2,4,0,2,29,2,0,2,2,0,2,0,2
4,977,1521.0,129,terminated,1,0,0,2,1521.0,1,2,1,1,0,3,0,6,1,2,0,3,1,2,0,2,2,3,6,1,2,21,3,1,2,3,1,2,1,2
4,978,1729.0,121,terminated,2,0,0,2,1729.0,1,3,1,2,1,4,1,9,2,2,1,5,2,2,1,3,2,4,8,2,2,6,4,2,2,4,2,2,2,2
4,979,1542.0,108,terminated,2,0,0,1,1542.0,1,2,1,1,1,3,1,7,2,1,1,4,2,1,1,2,1,3,6,2,1,6,3,2,1,3,2,1,2,1
4,980,1763.0,87,terminated,2,0,0,2,1763.0,1,2,1,1,0,4,0,8,2,2,0,4,2,2,0,2,2,4,8,2,2,3,4,2,2,4,2,2,2,2
4,981,1733.0,117,terminated,2,0,0,2,1733.0,1,3,2,1,1,4,1,9,2,2,1,5,2,2,1,3,2,4,8,2,2,7,4,2,2,4,2,2,2,2
4,982,-167.0,17,terminated,1,40,1,0,-167.0,0,0,0,0,0,1,0,2,1,0,0,1,1,0,0,0,0,1,2,1,0,1,1,1,0,1,1,0,1,0
4,983,1748.0,102,terminated,2,0,0,2,1748.0,1,2,1,1,1,4,1,9,2,2,1,5,2,2,1,3,2,4,8,2,2,7,4,2,2,4,2,2,2,2
4,984,1735.0,115,terminated,2,0,0,2,1735.0,1,1,0,1,0,3,0,7,2,2,0,4,2,2,0,2,2,3,7,2,2,1,4,2,2,4,2,2,2,2
4,985,1482.0,168,terminated,1,0,0,2,1482.0,1,1,0,1,1,3,1,7,1,2,1,4,1,2,1,3,2,3,6,1,2,38,3,1,2,3,1,2,1,2
4,986,1745.0,105,terminated,2,0,0,2,1745.0,1,3,1,2,1,3,1,8,2,2,1,5,2,2,1,3,2,3,7,2,2,4,4,2,2,4,2,2,2,2
4,987,1727.0,123,terminated,2,0,0,2,1727.0,1,2,0,2,0,4,0,8,2,2,0,4,2,2,0,2,2,4,8,2,2,5,4,2,2,4,2,2,2,2
4,988,611.0,89,terminated,2,15,1,2,611.0,0,2,1,1,1,4,1,9,2,2,1,5,2,2,1,3,2,4,8,2,2,0,4,2,2,4,2,2,2,2
4,989,1741.0,109,terminated,2,0,0,2,1741.0,1,0,0,0,0,4,0,8,2,2,0,4,2,2,0,2,2,4,8,2,2,0,4,2,2,4,2,2,2,2
4,990,1524.0,126,terminated,2,0,0,1,1524.0,1,1,1,0,0,3,0,6,2,1,0,3,2,1,0,1,1,3,6,2,1,20,3,2,1,3,2,1,2,1
4,991,1728.0,122,terminated,2,0,0,2,1728.0,1,2,0,2,1,4,1,9,2,2,1,5,2,2,1,3,2,4,8,2,2,2,4,2,2,4,2,2,2,2
4,992,-141.0,31,terminated,0,36,1,1,-141.0,0,0,0,0,1,1,1,3,0,1,1,2,0,1,1,2,1,1,2,0,1,12,1,0,1,1,0,1,0,1
4,993,1738.0,112,terminated,2,0,0,2,1738.0,1,2,0,2,1,4,1,9,2,2,1,5,2,2,1,3,2,4,8,2,2,6,4,2,2,4,2,2,2,2
4,994,1681.0,169,terminated,2,0,0,2,1681.0,1,3,2,1,1,4,1,9,2,2,1,5,2,2,1,3,2,4,8,2,2,3,4,2,2,4,2,2,2,2
4,995,1728.0,122,terminated,2,0,0,2,1728.0,1,2,1,1,1,3,1,8,2,2,1,5,2,2,1,3,2,3,7,2,2,0,4,2,2,4,2,2,2,2
4,996,1741.0,109,terminated,2,0,0,2,1741.0,1,2,1,1,1,4,1,9,2,2,1,5,2,2,1,3,2,4,8,2,2,1,4,2,2,4,2,2,2,2
4,997,1730.0,120,terminated,2,0,0,2,1730.0,1,1,0,1,1,4,1,9,2,2,1,5,2,2,1,3,2,4,8,2,2,0,4,2,2,4,2,2,2,2
4,998,1765.0,85,terminated,2,0,0,2,1765.0,1,3,2,1,0,4,0,8,2,2,0,4,2,2,0,2,2,4,8,2,2,4,4,2,2,4,2,2,2,2
4,999,1719.0,131,terminated,2,0,0,2,1719.0,1,3,1,2,1,4,1,9,2,2,1,5,2,2,1,3,2,4,8,2,2,6,4,2,2,4,2,2,2,2
