schema_version,episode,return,length,termination,metric/blue_eaten,metric/food_remaining,metric/lost,metric/orange_eaten,metric/score,metric/won,count/pacman%2Fconditional-vegan-v0/ConditionalVegan,count/pacman%2Fconditional-vegan-v0/ConditionalVegetarianBlue,count/pacman%2Fconditional-vegan-v0/ConditionalVegetarianOrange,count/pacman%2Fhungry-v0/count,count/pacman%2Fhungry-vegan-penalty-v1/CTD,count/pacman%2Fhungry-vegan-penalty-v1/Hungr,count/pacman%2Fhungry-vegan-penalty-v1/HungryVeganPenalty,count/pacman%2Fhungry-vegan-penalty-v1/VegetarianBlue,count/pacman%2Fhungry-vegan-penalty-v1/VegetarianOrange,count/pacman%2Fhungry-vegan-v0/Hungr,count/pacman%2Fhungry-vegan-v0/HungryVegan,count/pacman%2Fhungry-vegan-v0/VegetarianBlue,count/pacman%2Fhungry-vegan-v0/VegetarianOrange,count/pacman%2Fhungry-vegetarian-v0/Hungr,count/pacman%2Fhungry-vegetarian-v0/HungryVegetarian,count/pacman%2Fhungry-vegetarian-v0/VegetarianOrange,count/pacman%2Fpenalty-v0/CTD,count/pacman%2Fpenalty-v0/Penalty%28total%29,count/pacman%2Fpenalty-v0/VegetarianBlue,count/pacman%2Fpenalty-v0/VegetarianOrange,count/pacman%2Ftrapped-v1/count,count/pacman%2Fvegan-preference-v0/VeganPreference,count/pacman%2Fvegan-preference-v0/VegetarianBlue,count/pacman%2Fvegan-preference-v0/VegetarianOrange,count/pacman%2Fvegan-v0/Vegan,count/pacman%2Fvegan-v0/VegetarianBlue,count/pacman%2Fvegan-v0/VegetarianOrange,count/pacman%2Fvegetarian-blue-v0/count,count/pacman%2Fvegetarian-orange-v0/count
4,0,1528.0,122,terminated,1,0,0,2,1528.0,1,0,0,0,0,3,0,6,1,2,0,3,1,2,0,2,2,3,6,1,2,0,3,1,2,3,1,2,1,2
4,1,1721.0,129,terminated,2,0,0,2,1721.0,1,3,1,2,1,3,1,8,2,2,1,5,2,2,1,3,2,3,7,2,2,3,4,2,2,4,2,2,2,2
4,2,1760.0,90,terminated,2,0,0,2,1760.0,1,3,1,2,1,4,1,9,2,2,1,5,2,2,1,3,2,4,8,2,2,7,4,2,2,4,2,2,2,2
4,3,1698.0,152,terminated,2,0,0,2,1698.0,1,3,2,1,1,3,1,8,2,2,1,5,2,2,1,3,2,3,7,2,2,19,4,2,2,4,2,2,2,2
4,4,1687.0,163,terminated,2,0,0,2,1687.0,1,2,1,1,0,3,0,7,2,2,0,4,2,2,0,2,2,3,7,2,2,0,4,2,2,4,2,2,2,2
4,5,-176.0,26,terminated,1,40,1,0,-176.0,0,0,0,0,1,1,1,3,1,0,1,2,1,0,1,1,0,1,2,1,0,4,1,1,0,1,1,0,1,0
4,6,1763.0,87,terminated,2,0,0,2,1763.0,1,2,2,0,1,3,1,8,2,2,1,5,2,2,1,3,2,3,7,2,2,7,4,2,2,4,2,2,2,2
4,7,1746.0,104,terminated,2,0,0,2,1746.0,1,4,2,2,1,2,1,7,2,2,1,5,2,2,1,3,2,2,6,2,2,1,4,2,2,4,2,2,2,2
4,8,1725.0,125,terminated,2,0,0,2,1725.0,1,1,1,0,0,4,0,8,2,2,0,4,2,2,0,2,2,4,8,2,2,0,4,2,2,4,2,2,2,2
4,9,72.0,38,terminated,1,34,1,1,72.0,0,0,0,0,0,2,0,4,1,1,0,2,1,1,0,1,1,2,4,1,1,0,2,1,1,2,1,1,1,1
4,10,1719.0,131,terminated,2,0,0,2,1719.0,1,3,1,2,1,4,1,9,2,2,1,5,2,2,1,3,2,4,8,2,2,10,4,2,2,4,2,2,2,2
4,11,151.0,59,terminated,1,24,1,1,151.0,0,1,1,0,1,2,1,5,1,1,1,3,1,1,1,2,1,2,4,1,1,8,2,1,1,2,1,1,1,1
4,12,1719.0,131,terminated,2,0,0,2,1719.0,1,1,0,1,0,4,0,8,2,2,0,4,2,2,0,2,2,4,8,2,2,0,4,2,2,4,2,2,2,2
4,13,1536.0,114,terminated,2,0,0,1,1536.0,1,2,1,1,0,3,0,6,2,1,0,3,2,1,0,1,1,3,6,2,1,17,3,2,1,3,2,1,2,1
4,14,1680.0,170,terminated,2,0,0,2,1680.0,1,4,2,2,1,3,1,8,2,2,1,5,2,2,1,3,2,3,7,2,2,7,4,2,2,4,2,2,2,2
4,15,-178.0,18,terminated,1,41,1,0,-178.0,0,0,0,0,1,0,1,2,1,0,1,2,1,0,1,1,0,0,1,1,0,0,1,1,0,1,1,0,1,0
4,16,1736.0,114,terminated,2,0,0,2,1736.0,1,3,2,1,1,3,1,8,2,2,1,5,2,2,1,3,2,3,7,2,2,6,4,2,2,4,2,2,2,2
4,17,1738.0,112,terminated,2,0,0,2,1738.0,1,3,2,1,0,4,0,8,2,2,0,4,2,2,0,2,2,4,8,2,2,2,4,2,2,4,2,2,2,2
4,18,1727.0,123,terminated,2,0,0,2,1727.0,1,4,2,2,1,4,1,9,2,2,1,5,2,2,1,3,2,4,8,2,2,7,4,2,2,4,2,2,2,2
4,19,1761.0,89,terminated,2,0,0,2,1761.0,1,2,2,0,1,4,1,9,2,2,1,5,2,2,1,3,2,4,8,2,2,2,4,2,2,4,2,2,2,2
4,20,1729.0,121,terminated,2,0,0,2,1729.0,1,3,2,1,1,4,1,9,2,2,1,5,2,2,1,3,2,4,8,2,2,7,4,2,2,4,2,2,2,2
4,21,22.0,18,terminated,1,41,1,1,22.0,0,0,0,0,1,0,1,3,1,1,1,3,1,1,1,2,1,0,2,1,1,0,2,1,1,2,1,1,1,1
4,22,1718.0,132,terminated,2,0,0,2,1718.0,1,1,1,0,0,4,0,8,2,2,0,4,2,2,0,2,2,4,8,2,2,0,4,2,2,4,2,2,2,2
4,23,42.0,28,terminated,1,38,1,1,42.0,0,1,0,1,0,1,0,3,1,1,0,2,1,1,0,1,1,1,3,1,1,10,2,1,1,2,1,1,1,1
4,24,1729.0,121,terminated,2,0,0,2,1729.0,1,4,2,2,1,4,1,9,2,2,1,5,2,2,1,3,2,4,8,2,2,1,4,2,2,4,2,2,2,2
4,25,1437.0,213,terminated,2,0,0,1,1437.0,1,2,1,1,1,3,1,7,2,1,1,4,2,1,1,2,1,3,6,2,1,0,3,2,1,3,2,1,2,1
4,26,1723.0,127,terminated,2,0,0,2,1723.0,1,3,1,2,1,3,1,8,2,2,1,5,2,2,1,3,2,3,7,2,2,4,4,2,2,4,2,2,2,2
4,27,1743.0,107,terminated,2,0,0,2,1743.0,1,0,0,0,1,3,1,8,2,2,1,5,2,2,1,3,2,3,7,2,2,0,4,2,2,4,2,2,2,2
4,28,1536.0,114,terminated,2,0,0,1,1536.0,1,2,1,1,0,3,0,6,2,1,0,3,2,1,0,1,1,3,6,2,1,27,3,2,1,3,2,1,2,1
4,29,1736.0,114,terminated,2,0,0,2,1736.0,1,4,2,2,1,4,1,9,2,2,1,5,2,2,1,3,2,4,8,2,2,1,4,2,2,4,2,2,2,2
4,30,1736.0,114,terminated,2,0,0,2,1736.0,1,2,1,1,1,4,1,9,2,2,1,5,2,2,1,3,2,4,8,2,2,0,4,2,2,4,2,2,2,2
4,31,1736.0,114,terminated,2,0,0,2,1736.0,1,2,0,2,1,4,1,9,2,2,1,5,2,2,1,3,2,4,8,2,2,7,4,2,2,4,2,2,2,2
4,32,1760.0,90,terminated,2,0,0,2,1760.0,1,3,2,1,1,4,1,9,2,2,1,5,2,2,1,3,2,4,8,2,2,6,4,2,2,4,2,2,2,2
4,33,1418.0,232,terminated,2,0,0,1,1418.0,1,2,1,1,1,2,1,6,2,1,1,4,2,1,1,2,1,2,5,2,1,68,3,2,1,3,2,1,2,1
4,34,1745.0,105,terminated,2,0,0,2,1745.0,1,3,1,2,1,4,1,9,2,2,1,5,2,2,1,3,2,4,8,2,2,6,4,2,2,4,2,2,2,2
4,35,1650.0,200,terminated,2,0,0,2,1650.0,1,2,1,1,0,4,0,8,2,2,0,4,2,2,0,2,2,4,8,2,2,4,4,2,2,4,2,2,2,2
4,36,1702.0,148,terminated,2,0,0,2,1702.0,1,2,1,1,1,4,1,9,2,2,1,5,2,2,1,3,2,4,8,2,2,5,4,2,2,4,2,2,2,2
4,37,634.0,96,terminated,2,12,1,2,634.0,0,1,0,1,0,4,0,8,2,2,0,4,2,2,0,2,2,4,8,2,2,1,4,2,2,4,2,2,2,2
4,38,1663.0,187,terminated,2,0,0,2,1663.0,1,4,2,2,1,4,1,9,2,2,1,5,2,2,1,3,2,4,8,2,2,7,4,2,2,4,2,2,2,2
4,39,1751.0,99,terminated,2,0,0,2,1751.0,1,2,2,0,1,4,1,9,2,2,1,5,2,2,1,3,2,4,8,2,2,1,4,2,2,4,2,2,2,2
4,40,1724.0,126,terminated,2,0,0,2,1724.0,1,2,2,0,1,4,1,9,2,2,1,5,2,2,1,3,2,4,8,2,2,2,4,2,2,4,2,2,2,2
4,41,1736.0,114,terminated,2,0,0,2,1736.0,1,1,0,1,0,3,0,7,2,2,0,4,2,2,0,2,2,3,7,2,2,1,4,2,2,4,2,2,2,2
4,42,517.0,73,terminated,2,26,1,2,517.0,0,2,0,2,1,4,1,9,2,2,1,5,2,2,1,3,2,4,8,2,2,0,4,2,2,4,2,2,2,2
4,43,1690.0,160,terminated,2,0,0,2,1690.0,1,1,0,1,1,3,1,8,2,2,1,5,2,2,1,3,2,3,7,2,2,10,4,2,2,4,2,2,2,2
4,44,1757.0,93,terminated,2,0,0,2,1757.0,1,3,1,2,0,4,0,8,2,2,0,4,2,2,0,2,2,4,8,2,2,8,4,2,2,4,2,2,2,2
4,45,1689.0,161,terminated,2,0,0,2,1689.0,1,3,2,1,1,4,1,9,2,2,1,5,2,2,1,3,2,4,8,2,2,8,4,2,2,4,2,2,2,2
4,46,1715.0,135,terminated,2,0,0,2,1715.0,1,2,1,1,0,4,0,8,2,2,0,4,2,2,0,2,2,4,8,2,2,3,4,2,2,4,2,2,2,2
4,47,1720.0,130,terminated,2,0,0,2,1720.0,1,3,2,1,1,2,1,7,2,2,1,5,2,2,1,3,2,2,6,2,2,18,4,2,2,4,2,2,2,2
4,48,1733.0,117,terminated,2,0,0,2,1733.0,1,1,0,1,1,4,1,9,2,2,1,5,2,2,1,3,2,4,8,2,2,2,4,2,2,4,2,2,2,2
4,49,1559.0,91,terminated,2,0,0,1,1559.0,1,0,0,0,0,3,0,6,2,1,0,3,2,1,0,1,1,3,6,2,1,0,3,2,1,3,2,1,2,1
4,50,1721.0,129,terminated,2,0,0,2,1721.0,1,3,1,2,1,4,1,9,2,2,1,5,2,2,1,3,2,4,8,2,2,4,4,2,2,4,2,2,2,2
4,51,1733.0,117,terminated,2,0,0,2,1733.0,1,2,2,0,0,4,0,8,2,2,0,4,2,2,0,2,2,4,8,2,2,1,4,2,2,4,2,2,2,2
4,52,1761.0,89,terminated,2,0,0,2,1761.0,1,2,1,1,1,3,1,8,2,2,1,5,2,2,1,3,2,3,7,2,2,0,4,2,2,4,2,2,2,2
4,53,1700.0,150,terminated,2,0,0,2,1700.0,1,1,1,0,1,4,1,9,2,2,1,5,2,2,1,3,2,4,8,2,2,0,4,2,2,4,2,2,2,2
4,54,1745.0,105,terminated,2,0,0,2,1745.0,1,1,0,1,1,4,1,9,2,2,1,5,2,2,1,3,2,4,8,2,2,0,4,2,2,4,2,2,2,2
4,55,204.0,116,terminated,1,13,1,1,204.0,0,1,1,0,0,2,0,4,1,1,0,2,1,1,0,1,1,2,4,1,1,8,2,1,1,2,1,1,1,1
4,56,1750.0,100,terminated,2,0,0,2,1750.0,1,3,2,1,0,3,0,7,2,2,0,4,2,2,0,2,2,3,7,2,2,7,4,2,2,4,2,2,2,2
4,57,1755.0,95,terminated,2,0,0,2,1755.0,1,1,0,1,0,4,0,8,2,2,0,4,2,2,0,2,2,4,8,2,2,6,4,2,2,4,2,2,2,2
4,58,1730.0,120,terminated,2,0,0,2,1730.0,1,0,0,0,0,4,0,8,2,2,0,4,2,2,0,2,2,4,8,2,2,0,4,2,2,4,2,2,2,2
4,59,1493.0,157,terminated,1,0,0,2,1493.0,1,3,1,2,1,2,1,6,1,2,1,4,1,2,1,3,2,2,5,1,2,11,3,1,2,3,1,2,1,2
4,60,1405.0,245,terminated,1,0,0,2,1405.0,1,1,1,0,0,3,0,6,1,2,0,3,1,2,0,2,2,3,6,1,2,54,3,1,2,3,1,2,1,2
4,61,637.0,93,terminated,2,12,1,2,637.0,0,3,2,1,1,3,1,8,2,2,1,5,2,2,1,3,2,3,7,2,2,7,4,2,2,4,2,2,2,2
4,62,1736.0,114,terminated,2,0,0,2,1736.0,1,3,2,1,1,3,1,8,2,2,1,5,2,2,1,3,2,3,7,2,2,8,4,2,2,4,2,2,2,2
4,63,722.0,118,terminated,2,1,1,2,722.0,0,3,2,1,1,3,1,8,2,2,1,5,2,2,1,3,2,3,7,2,2,2,4,2,2,4,2,2,2,2
4,64,1504.0,146,terminated,1,0,0,2,1504.0,1,1,0,1,0,3,0,6,1,2,0,3,1,2,0,2,2,3,6,1,2,16,3,1,2,3,1,2,1,2
4,65,22.0,18,terminated,1,41,1,1,22.0,0,0,0,0,1,0,1,3,1,1,1,3,1,1,1,2,1,0,2,1,1,0,2,1,1,2,1,1,1,1
4,66,1736.0,114,terminated,2,0,0,2,1736.0,1,1,1,0,0,4,0,8,2,2,0,4,2,2,0,2,2,4,8,2,2,0,4,2,2,4,2,2,2,2
4,67,1730.0,120,terminated,2,0,0,2,1730.0,1,3,1,2,1,4,1,9,2,2,1,5,2,2,1,3,2,4,8,2,2,10,4,2,2,4,2,2,2,2
4,68,1693.0,157,terminated,2,0,0,2,1693.0,1,0,0,0,0,4,0,8,2,2,0,4,2,2,0,2,2,4,8,2,2,0,4,2,2,4,2,2,2,2
4,69,-167.0,17,terminated,1,40,1,0,-167.0,0,0,0,0,0,1,0,2,1,0,0,1,1,0,0,0,0,1,2,1,0,1,1,1,0,1,1,0,1,0
4,70,1743.0,107,terminated,2,0,0,2,1743.0,1,1,0,1,1,4,1,9,2,2,1,5,2,2,1,3,2,4,8,2,2,0,4,2,2,4,2,2,2,2
4,71,1561.0,89,terminated,2,0,0,1,1561.0,1,1,1,0,1,3,1,7,2,1,1,4,2,1,1,2,1,3,6,2,1,0,3,2,1,3,2,1,2,1
4,72,1545.0,105,terminated,1,0,0,2,1545.0,1,1,0,1,1,2,1,6,1,2,1,4,1,2,1,3,2,2,5,1,2,0,3,1,2,3,1,2,1,2
4,73,1712.0,138,terminated,2,0,0,2,1712.0,1,1,0,1,1,4,1,9,2,2,1,5,2,2,1,3,2,4,8,2,2,8,4,2,2,4,2,2,2,2
4,74,1662.0,188,terminated,2,0,0,2,1662.0,1,1,0,1,1,4,1,9,2,2,1,5,2,2,1,3,2,4,8,2,2,1,4,2,2,4,2,2,2,2
4,75,1735.0,115,terminated,2,0,0,2,1735.0,1,3,1,2,1,4,1,9,2,2,1,5,2,2,1,3,2,4,8,2,2,2,4,2,2,4,2,2,2,2
4,76,1706.0,144,terminated,2,0,0,2,1706.0,1,1,0,1,1,3,1,8,2,2,1,5,2,2,1,3,2,3,7,2,2,0,4,2,2,4,2,2,2,2
4,77,1720.0,130,terminated,2,0,0,2,1720.0,1,2,1,1,0,4,0,8,2,2,0,4,2,2,0,2,2,4,8,2,2,0,4,2,2,4,2,2,2,2
4,78,1726.0,124,terminated,2,0,0,2,1726.0,1,2,1,1,1,3,1,8,2,2,1,5,2,2,1,3,2,3,7,2,2,0,4,2,2,4,2,2,2,2
4,79,1750.0,100,terminated,2,0,0,2,1750.0,1,1,0,1,1,4,1,9,2,2,1,5,2,2,1,3,2,4,8,2,2,0,4,2,2,4,2,2,2,2
4,80,1476.0,174,terminated,1,0,0,2,1476.0,1,2,1,1,1,3,1,7,1,2,1,4,1,2,1,3,2,3,6,1,2,5,3,1,2,3,1,2,1,2
4,81,1751.0,99,terminated,2,0,0,2,1751.0,1,3,1,2,1,3,1,8,2,2,1,5,2,2,1,3,2,3,7,2,2,0,4,2,2,4,2,2,2,2
4,82,1722.0,128,terminated,2,0,0,2,1722.0,1,1,0,1,1,4,1,9,2,2,1,5,2,2,1,3,2,4,8,2,2,13,4,2,2,4,2,2,2,2
4,83,1703.0,147,terminated,2,0,0,2,1703.0,1,1,1,0,0,4,0,8,2,2,0,4,2,2,0,2,2,4,8,2,2,0,4,2,2,4,2,2,2,2
4,84,-172.0,22,terminated,1,40,1,0,-172.0,0,0,0,0,1,1,1,3,1,0,1,2,1,0,1,1,0,1,2,1,0,3,1,1,0,1,1,0,1,0
4,85,1457.0,193,terminated,1,0,0,2,1457.0,1,1,1,0,1,2,1,6,1,2,1,4,1,2,1,3,2,2,5,1,2,4,3,1,2,3,1,2,1,2
4,86,1750.0,100,terminated,2,0,0,2,1750.0,1,4,2,2,1,4,1,9,2,2,1,5,2,2,1,3,2,4,8,2,2,9,4,2,2,4,2,2,2,2
4,87,1507.0,143,terminated,1,0,0,2,1507.0,1,0,0,0,0,3,0,6,1,2,0,3,1,2,0,2,2,3,6,1,2,0,3,1,2,3,1,2,1,2
4,88,1719.0,131,terminated,2,0,0,2,1719.0,1,2,1,1,0,4,0,8,2,2,0,4,2,2,0,2,2,4,8,2,2,11,4,2,2,4,2,2,2,2
4,89,646.0,104,terminated,2,10,1,2,646.0,0,4,2,2,1,4,1,9,2,2,1,5,2,2,1,3,2,4,8,2,2,7,4,2,2,4,2,2,2,2
4,90,629.0,101,terminated,2,12,1,2,629.0,0,2,1,1,1,4,1,9,2,2,1,5,2,2,1,3,2,4,8,2,2,0,4,2,2,4,2,2,2,2
4,91,1713.0,137,terminated,2,0,0,2,1713.0,1,2,1,1,0,4,0,8,2,2,0,4,2,2,0,2,2,4,8,2,2,6,4,2,2,4,2,2,2,2
4,92,1738.0,112,terminated,2,0,0,2,1738.0,1,2,1,1,1,3,1,8,2,2,1,5,2,2,1,3,2,3,7,2,2,8,4,2,2,4,2,2,2,2
4,93,1748.0,102,terminated,2,0,0,2,1748.0,1,2,1,1,1,4,1,9,2,2,1,5,2,2,1,3,2,4,8,2,2,0,4,2,2,4,2,2,2,2
4,94,31.0,19,terminated,1,40,1,1,31.0,0,2,1,1,1,1,1,4,1,1,1,3,1,1,1,2,1,1,3,1,1,3,2,1,1,2,1,1,1,1
4,95,1694.0,156,terminated,2,0,0,2,1694.0,1,2,2,0,1,3,1,8,2,2,1,5,2,2,1,3,2,3,7,2,2,0,4,2,2,4,2,2,2,2
4,96,474.0,46,terminated,2,33,1,2,474.0,0,1,1,0,1,2,1,7,2,2,1,5,2,2,1,3,2,2,6,2,2,0,4,2,2,4,2,2,2,2
4,97,1584.0,266,terminated,2,0,0,2,1584.0,1,1,0,1,0,4,0,8,2,2,0,4,2,2,0,2,2,4,8,2,2,0,4,2,2,4,2,2,2,2
4,98,1678.0,172,terminated,2,0,0,2,1678.0,1,1,0,1,1,4,1,9,2,2,1,5,2,2,1,3,2,4,8,2,2,7,4,2,2,4,2,2,2,2
4,99,1722.0,128,terminated,2,0,0,2,1722.0,1,1,1,0,0,4,0,8,2,2,0,4,2,2,0,2,2,4,8,2,2,1,4,2,2,4,2,2,2,2
4,100,1730.0,120,terminated,2,0,0,2,1730.0,1,2,2,0,0,4,0,8,2,2,0,4,2,2,0,2,2,4,8,2,2,6,4,2,2,4,2,2,2,2
4,101,21.0,29,terminated,1,40,1,1,21.0,0,1,0,1,1,1,1,4,1,1,1,3,1,1,1,2,1,1,3,1,1,6,2,1,1,2,1,1,1,1
4,102,1742.0,108,terminated,2,0,0,2,1742.0,1,2,2,0,0,4,0,8,2,2,0,4,2,2,0,2,2,4,8,2,2,7,4,2,2,4,2,2,2,2
4,103,1673.0,177,terminated,2,0,0,2,1673.0,1,3,1,2,1,3,1,8,2,2,1,5,2,2,1,3,2,3,7,2,2,14,4,2,2,4,2,2,2,2
4,104,1747.0,103,terminated,2,0,0,2,1747.0,1,3,2,1,1,3,1,8,2,2,1,5,2,2,1,3,2,3,7,2,2,8,4,2,2,4,2,2,2,2
4,105,1638.0,212,terminated,2,0,0,2,1638.0,1,3,1,2,1,3,1,8,2,2,1,5,2,2,1,3,2,3,7,2,2,5,4,2,2,4,2,2,2,2
4,106,1513.0,137,terminated,1,0,0,2,1513.0,1,0,0,0,0,3,0,6,1,2,0,3,1,2,0,2,2,3,6,1,2,1,3,1,2,3,1,2,1,2
4,107,1749.0,101,terminated,2,0,0,2,1749.0,1,3,1,2,1,4,1,9,2,2,1,5,2,2,1,3,2,4,8,2,2,1,4,2,2,4,2,2,2,2
4,108,1726.0,124,terminated,2,0,0,2,1726.0,1,1,0,1,1,4,1,9,2,2,1,5,2,2,1,3,2,4,8,2,2,1,4,2,2,4,2,2,2,2
4,109,527.0,73,terminated,2,25,1,2,527.0,0,3,1,2,1,4,1,9,2,2,1,5,2,2,1,3,2,4,8,2,2,4,4,2,2,4,2,2,2,2
4,110,1735.0,115,terminated,2,0,0,2,1735.0,1,3,2,1,1,4,1,9,2,2,1,5,2,2,1,3,2,4,8,2,2,11,4,2,2,4,2,2,2,2
4,111,1747.0,103,terminated,2,0,0,2,1747.0,1,3,1,2,1,3,1,8,2,2,1,5,2,2,1,3,2,3,7,2,2,3,4,2,2,4,2,2,2,2
4,112,1733.0,117,terminated,2,0,0,2,1733.0,1,2,1,1,0,4,0,8,2,2,0,4,2,2,0,2,2,4,8,2,2,0,4,2,2,4,2,2,2,2
4,113,1731.0,119,terminated,2,0,0,2,1731.0,1,0,0,0,1,3,1,8,2,2,1,5,2,2,1,3,2,3,7,2,2,1,4,2,2,4,2,2,2,2
4,114,380.0,120,terminated,2,15,1,1,380.0,0,1,1,0,1,2,1,6,2,1,1,4,2,1,1,2,1,2,5,2,1,0,3,2,1,3,2,1,2,1
4,115,1739.0,111,terminated,2,0,0,2,1739.0,1,4,2,2,1,4,1,9,2,2,1,5,2,2,1,3,2,4,8,2,2,5,4,2,2,4,2,2,2,2
4,116,1728.0,122,terminated,2,0,0,2,1728.0,1,1,1,0,1,4,1,9,2,2,1,5,2,2,1,3,2,4,8,2,2,0,4,2,2,4,2,2,2,2
4,117,1479.0,171,terminated,2,0,0,1,1479.0,1,1,0,1,1,2,1,6,2,1,1,4,2,1,1,2,1,2,5,2,1,0,3,2,1,3,2,1,2,1
4,118,285.0,35,terminated,1,33,1,2,285.0,0,2,0,2,0,2,0,5,1,2,0,3,1,2,0,2,2,2,5,1,2,2,3,1,2,3,1,2,1,2
4,119,1740.0,110,terminated,2,0,0,2,1740.0,1,3,2,1,1,4,1,9,2,2,1,5,2,2,1,3,2,4,8,2,2,6,4,2,2,4,2,2,2,2
4,120,1685.0,165,terminated,2,0,0,2,1685.0,1,1,0,1,1,4,1,9,2,2,1,5,2,2,1,3,2,4,8,2,2,1,4,2,2,4,2,2,2,2
4,121,1684.0,166,terminated,2,0,0,2,1684.0,1,1,0,1,0,4,0,8,2,2,0,4,2,2,0,2,2,4,8,2,2,6,4,2,2,4,2,2,2,2
4,122,-178.0,18,terminated,1,41,1,0,-178.0,0,0,0,0,1,0,1,2,1,0,1,2,1,0,1,1,0,0,1,1,0,0,1,1,0,1,1,0,1,0
4,123,-178.0,18,terminated,1,41,1,0,-178.0,0,0,0,0,1,0,1,2,1,0,1,2,1,0,1,1,0,0,1,1,0,0,1,1,0,1,1,0,1,0
4,124,23.0,27,terminated,1,40,1,1,23.0,0,0,0,0,1,2,1,5,1,1,1,3,1,1,1,2,1,2,4,1,1,2,2,1,1,2,1,1,1,1
4,125,1702.0,148,terminated,2,0,0,2,1702.0,1,2,1,1,1,4,1,9,2,2,1,5,2,2,1,3,2,4,8,2,2,1,4,2,2,4,2,2,2,2
4,126,618.0,92,terminated,2,14,1,2,618.0,0,2,1,1,0,4,0,8,2,2,0,4,2,2,0,2,2,4,8,2,2,0,4,2,2,4,2,2,2,2
4,127,1698.0,152,terminated,2,0,0,2,1698.0,1,2,2,0,0,4,0,8,2,2,0,4,2,2,0,2,2,4,8,2,2,3,4,2,2,4,2,2,2,2
4,128,1589.0,261,terminated,2,0,0,2,1589.0,1,1,0,1,1,4,1,9,2,2,1,5,2,2,1,3,2,4,8,2,2,9,4,2,2,4,2,2,2,2
4,129,1766.0,84,terminated,2,0,0,2,1766.0,1,2,1,1,1,3,1,8,2,2,1,5,2,2,1,3,2,3,7,2,2,0,4,2,2,4,2,2,2,2
4,130,1746.0,104,terminated,2,0,0,2,1746.0,1,1,0,1,0,4,0,8,2,2,0,4,2,2,0,2,2,4,8,2,2,0,4,2,2,4,2,2,2,2
4,131,1642.0,208,terminated,2,0,0,2,1642.0,1,1,0,1,0,4,0,8,2,2,0,4,2,2,0,2,2,4,8,2,2,0,4,2,2,4,2,2,2,2
4,132,1740.0,110,terminated,2,0,0,2,1740.0,1,3,2,1,1,3,1,8,2,2,1,5,2,2,1,3,2,3,7,2,2,2,4,2,2,4,2,2,2,2
4,133,1733.0,117,terminated,2,0,0,2,1733.0,1,0,0,0,0,4,0,8,2,2,0,4,2,2,0,2,2,4,8,2,2,0,4,2,2,4,2,2,2,2
4,134,1759.0,91,terminated,2,0,0,2,1759.0,1,3,1,2,1,4,1,9,2,2,1,5,2,2,1,3,2,4,8,2,2,0,4,2,2,4,2,2,2,2
4,135,1684.0,166,terminated,2,0,0,2,1684.0,1,1,0,1,1,4,1,9,2,2,1,5,2,2,1,3,2,4,8,2,2,0,4,2,2,4,2,2,2,2
4,136,1506.0,144,terminated,2,0,0,1,1506.0,1,2,1,1,1,3,1,7,2,1,1,4,2,1,1,2,1,3,6,2,1,42,3,2,1,3,2,1,2,1
4,137,1687.0,163,terminated,2,0,0,2,1687.0,1,3,1,2,1,4,1,9,2,2,1,5,2,2,1,3,2,4,8,2,2,5,4,2,2,4,2,2,2,2
4,138,1748.0,102,terminated,2,0,0,2,1748.0,1,2,0,2,1,4,1,9,2,2,1,5,2,2,1,3,2,4,8,2,2,2,4,2,2,4,2,2,2,2
4,139,492.0,38,terminated,2,32,1,2,492.0,0,4,2,2,1,3,1,8,2,2,1,5,2,2,1,3,2,3,7,2,2,1,4,2,2,4,2,2,2,2
4,140,1695.0,155,terminated,2,0,0,2,1695.0,1,2,1,1,0,3,0,7,2,2,0,4,2,2,0,2,2,3,7,2,2,4,4,2,2,4,2,2,2,2
4,141,1688.0,162,terminated,2,0,0,2,1688.0,1,2,1,1,1,3,1,8,2,2,1,5,2,2,1,3,2,3,7,2,2,4,4,2,2,4,2,2,2,2
4,142,1690.0,160,terminated,2,0,0,2,1690.0,1,1,1,0,0,4,0,8,2,2,0,4,2,2,0,2,2,4,8,2,2,0,4,2,2,4,2,2,2,2
4,143,1710.0,140,terminated,2,0,0,2,1710.0,1,3,2,1,1,3,1,8,2,2,1,5,2,2,1,3,2,3,7,2,2,5,4,2,2,4,2,2,2,2
4,144,-180.0,20,terminated,1,41,1,0,-180.0,0,0,0,0,1,0,1,2,1,0,1,2,1,0,1,1,0,0,1,1,0,0,1,1,0,1,1,0,1,0
4,145,1733.0,117,terminated,2,0,0,2,1733.0,1,3,2,1,1,4,1,9,2,2,1,5,2,2,1,3,2,4,8,2,2,2,4,2,2,4,2,2,2,2
4,146,1737.0,113,terminated,2,0,0,2,1737.0,1,2,2,0,1,4,1,9,2,2,1,5,2,2,1,3,2,4,8,2,2,0,4,2,2,4,2,2,2,2
4,147,1747.0,103,terminated,2,0,0,2,1747.0,1,4,2,2,1,4,1,9,2,2,1,5,2,2,1,3,2,4,8,2,2,5,4,2,2,4,2,2,2,2
4,148,1530.0,120,terminated,2,0,0,1,1530.0,1,2,2,0,0,2,0,5,2,1,0,3,2,1,0,1,1,2,5,2,1,4,3,2,1,3,2,1,2,1
4,149,625.0,75,terminated,2,15,1,2,625.0,0,1,0,1,0,3,0,7,2,2,0,4,2,2,0,2,2,3,7,2,2,0,4,2,2,4,2,2,2,2
4,150,1484.0,166,terminated,2,0,0,1,1484.0,1,2,2,0,1,3,1,7,2,1,1,4,2,1,1,2,1,3,6,2,1,20,3,2,1,3,2,1,2,1
4,151,1731.0,119,terminated,2,0,0,2,1731.0,1,3,2,1,1,4,1,9,2,2,1,5,2,2,1,3,2,4,8,2,2,6,4,2,2,4,2,2,2,2
4,152,1756.0,94,terminated,2,0,0,2,1756.0,1,1,0,1,1,4,1,9,2,2,1,5,2,2,1,3,2,4,8,2,2,0,4,2,2,4,2,2,2,2
4,153,1724.0,126,terminated,2,0,0,2,1724.0,1,2,1,1,0,4,0,8,2,2,0,4,2,2,0,2,2,4,8,2,2,0,4,2,2,4,2,2,2,2
4,154,1703.0,147,terminated,2,0,0,2,1703.0,1,1,1,0,0,4,0,8,2,2,0,4,2,2,0,2,2,4,8,2,2,0,4,2,2,4,2,2,2,2
4,155,1703.0,147,terminated,2,0,0,2,1703.0,1,1,1,0,1,3,1,8,2,2,1,5,2,2,1,3,2,3,7,2,2,0,4,2,2,4,2,2,2,2
4,156,1727.0,123,terminated,2,0,0,2,1727.0,1,3,1,2,1,4,1,9,2,2,1,5,2,2,1,3,2,4,8,2,2,7,4,2,2,4,2,2,2,2
4,157,1538.0,112,terminated,1,0,0,2,1538.0,1,2,1,1,1,2,1,6,1,2,1,4,1,2,1,3,2,2,5,1,2,32,3,1,2,3,1,2,1,2
4,158,1684.0,166,terminated,2,0,0,2,1684.0,1,2,0,2,1,4,1,9,2,2,1,5,2,2,1,3,2,4,8,2,2,3,4,2,2,4,2,2,2,2
4,159,1744.0,106,terminated,2,0,0,2,1744.0,1,2,2,0,1,3,1,8,2,2,1,5,2,2,1,3,2,3,7,2,2,2,4,2,2,4,2,2,2,2
4,160,1687.0,163,terminated,2,0,0,2,1687.0,1,2,0,2,1,3,1,8,2,2,1,5,2,2,1,3,2,3,7,2,2,4,4,2,2,4,2,2,2,2
4,161,1752.0,98,terminated,2,0,0,2,1752.0,1,4,2,2,1,4,1,9,2,2,1,5,2,2,1,3,2,4,8,2,2,4,4,2,2,4,2,2,2,2
4,162,1745.0,105,terminated,2,0,0,2,1745.0,1,3,1,2,1,4,1,9,2,2,1,5,2,2,1,3,2,4,8,2,2,1,4,2,2,4,2,2,2,2
4,163,1686.0,164,terminated,2,0,0,2,1686.0,1,2,1,1,1,4,1,9,2,2,1,5,2,2,1,3,2,4,8,2,2,17,4,2,2,4,2,2,2,2
4,164,1682.0,168,terminated,2,0,0,2,1682.0,1,3,1,2,1,4,1,9,2,2,1,5,2,2,1,3,2,4,8,2,2,9,4,2,2,4,2,2,2,2
4,165,1740.0,110,terminated,2,0,0,2,1740.0,1,3,1,2,1,4,1,9,2,2,1,5,2,2,1,3,2,4,8,2,2,3,4,2,2,4,2,2,2,2
4,166,1688.0,162,terminated,2,0,0,2,1688.0,1,0,0,0,1,4,1,9,2,2,1,5,2,2,1,3,2,4,8,2,2,3,4,2,2,4,2,2,2,2
4,167,1734.0,116,terminated,2,0,0,2,1734.0,1,1,1,0,0,4,0,8,2,2,0,4,2,2,0,2,2,4,8,2,2,0,4,2,2,4,2,2,2,2
4,168,1735.0,115,terminated,2,0,0,2,1735.0,1,2,1,1,0,4,0,8,2,2,0,4,2,2,0,2,2,4,8,2,2,1,4,2,2,4,2,2,2,2
4,169,493.0,37,terminated,2,32,1,2,493.0,0,4,2,2,1,2,1,7,2,2,1,5,2,2,1,3,2,2,6,2,2,3,4,2,2,4,2,2,2,2
4,170,1701.0,149,terminated,2,0,0,2,1701.0,1,2,1,1,0,4,0,8,2,2,0,4,2,2,0,2,2,4,8,2,2,6,4,2,2,4,2,2,2,2
4,171,1755.0,95,terminated,2,0,0,2,1755.0,1,2,0,2,0,4,0,8,2,2,0,4,2,2,0,2,2,4,8,2,2,4,4,2,2,4,2,2,2,2
4,172,1727.0,123,terminated,2,0,0,2,1727.0,1,2,0,2,1,4,1,9,2,2,1,5,2,2,1,3,2,4,8,2,2,0,4,2,2,4,2,2,2,2
4,173,1743.0,107,terminated,2,0,0,2,1743.0,1,2,1,1,0,4,0,8,2,2,0,4,2,2,0,2,2,4,8,2,2,1,4,2,2,4,2,2,2,2
4,174,1733.0,117,terminated,2,0,0,2,1733.0,1,2,1,1,1,4,1,9,2,2,1,5,2,2,1,3,2,4,8,2,2,0,4,2,2,4,2,2,2,2
4,175,514.0,136,terminated,2,20,1,2,514.0,0,3,1,2,1,4,1,9,2,2,1,5,2,2,1,3,2,4,8,2,2,5,4,2,2,4,2,2,2,2
4,176,1712.0,138,terminated,2,0,0,2,1712.0,1,3,2,1,1,4,1,9,2,2,1,5,2,2,1,3,2,4,8,2,2,6,4,2,2,4,2,2,2,2
4,177,1718.0,132,terminated,2,0,0,2,1718.0,1,1,0,1,0,4,0,8,2,2,0,4,2,2,0,2,2,4,8,2,2,12,4,2,2,4,2,2,2,2
4,178,1481.0,169,terminated,1,0,0,2,1481.0,1,3,1,2,1,3,1,7,1,2,1,4,1,2,1,3,2,3,6,1,2,10,3,1,2,3,1,2,1,2
4,179,1732.0,118,terminated,2,0,0,2,1732.0,1,1,1,0,1,3,1,8,2,2,1,5,2,2,1,3,2,3,7,2,2,0,4,2,2,4,2,2,2,2
4,180,1724.0,126,terminated,2,0,0,2,1724.0,1,1,0,1,0,4,0,8,2,2,0,4,2,2,0,2,2,4,8,2,2,0,4,2,2,4,2,2,2,2
4,181,1713.0,137,terminated,2,0,0,2,1713.0,1,2,1,1,1,4,1,9,2,2,1,5,2,2,1,3,2,4,8,2,2,7,4,2,2,4,2,2,2,2
4,182,1729.0,121,terminated,2,0,0,2,1729.0,1,2,2,0,1,4,1,9,2,2,1,5,2,2,1,3,2,4,8,2,2,4,4,2,2,4,2,2,2,2
4,183,1755.0,95,terminated,2,0,0,2,1755.0,1,2,1,1,1,4,1,9,2,2,1,5,2,2,1,3,2,4,8,2,2,0,4,2,2,4,2,2,2,2
4,184,620.0,80,terminated,2,15,1,2,620.0,0,0,0,0,1,4,1,9,2,2,1,5,2,2,1,3,2,4,8,2,2,0,4,2,2,4,2,2,2,2
4,185,20.0,20,terminated,1,41,1,1,20.0,0,0,0,0,0,2,0,4,1,1,0,2,1,1,0,1,1,2,4,1,1,0,2,1,1,2,1,1,1,1
4,186,1752.0,98,terminated,2,0,0,2,1752.0,1,2,1,1,0,3,0,7,2,2,0,4,2,2,0,2,2,3,7,2,2,0,4,2,2,4,2,2,2,2
4,187,33.0,17,terminated,1,40,1,1,33.0,0,0,0,0,0,2,0,4,1,1,0,2,1,1,0,1,1,2,4,1,1,0,2,1,1,2,1,1,1,1
4,188,1740.0,110,terminated,2,0,0,2,1740.0,1,2,2,0,1,4,1,9,2,2,1,5,2,2,1,3,2,4,8,2,2,3,4,2,2,4,2,2,2,2
4,189,1745.0,105,terminated,2,0,0,2,1745.0,1,2,1,1,0,4,0,8,2,2,0,4,2,2,0,2,2,4,8,2,2,3,4,2,2,4,2,2,2,2
4,190,1744.0,106,terminated,2,0,0,2,1744.0,1,2,0,2,0,4,0,8,2,2,0,4,2,2,0,2,2,4,8,2,2,7,4,2,2,4,2,2,2,2
4,191,1521.0,129,terminated,2,0,0,1,1521.0,1,1,1,0,1,2,1,6,2,1,1,4,2,1,1,2,1,2,5,2,1,0,3,2,1,3,2,1,2,1
4,192,1737.0,113,terminated,2,0,0,2,1737.0,1,4,2,2,1,4,1,9,2,2,1,5,2,2,1,3,2,4,8,2,2,8,4,2,2,4,2,2,2,2
4,193,1723.0,127,terminated,2,0,0,2,1723.0,1,2,1,1,1,4,1,9,2,2,1,5,2,2,1,3,2,4,8,2,2,9,4,2,2,4,2,2,2,2
4,194,1729.0,121,terminated,2,0,0,2,1729.0,1,2,1,1,0,4,0,8,2,2,0,4,2,2,0,2,2,4,8,2,2,5,4,2,2,4,2,2,2,2
4,195,503.0,37,terminated,2,31,1,2,503.0,0,3,2,1,1,3,1,8,2,2,1,5,2,2,1,3,2,3,7,2,2,5,4,2,2,4,2,2,2,2
4,196,1747.0,103,terminated,2,0,0,2,1747.0,1,2,1,1,1,4,1,9,2,2,1,5,2,2,1,3,2,4,8,2,2,4,4,2,2,4,2,2,2,2
4,197,1688.0,162,terminated,2,0,0,2,1688.0,1,1,0,1,0,3,0,7,2,2,0,4,2,2,0,2,2,3,7,2,2,0,4,2,2,4,2,2,2,2
4,198,1704.0,146,terminated,2,0,0,2,1704.0,1,1,0,1,1,4,1,9,2,2,1,5,2,2,1,3,2,4,8,2,2,0,4,2,2,4,2,2,2,2
4,199,480.0,40,terminated,2,33,1,2,480.0,0,2,0,2,1,3,1,8,2,2,1,5,2,2,1,3,2,3,7,2,2,0,4,2,2,4,2,2,2,2
4,200,-178.0,18,terminated,1,41,1,0,-178.0,0,0,0,0,1,0,1,2,1,0,1,2,1,0,1,1,0,0,1,1,0,0,1,1,0,1,1,0,1,0
4,201,1529.0,121,terminated,1,0,0,2,1529.0,1,1,1,0,1,3,1,7,1,2,1,4,1,2,1,3,2,3,6,1,2,6,3,1,2,3,1,2,1,2
4,202,1696.0,154,terminated,2,0,0,2,1696.0,1,2,0,2,1,4,1,9,2,2,1,5,2,2,1,3,2,4,8,2,2,0,4,2,2,4,2,2,2,2
4,203,1750.0,100,terminated,2,0,0,2,1750.0,1,3,1,2,0,4,0,8,2,2,0,4,2,2,0,2,2,4,8,2,2,0,4,2,2,4,2,2,2,2
4,204,1705.0,145,terminated,2,0,0,2,1705.0,1,2,1,1,1,3,1,8,2,2,1,5,2,2,1,3,2,3,7,2,2,0,4,2,2,4,2,2,2,2
4,205,1744.0,106,terminated,2,0,0,2,1744.0,1,3,2,1,1,4,1,9,2,2,1,5,2,2,1,3,2,4,8,2,2,0,4,2,2,4,2,2,2,2
4,206,1734.0,116,terminated,2,0,0,2,1734.0,1,1,1,0,0,4,0,8,2,2,0,4,2,2,0,2,2,4,8,2,2,8,4,2,2,4,2,2,2,2
4,207,1702.0,148,terminated,2,0,0,2,1702.0,1,1,1,0,1,4,1,9,2,2,1,5,2,2,1,3,2,4,8,2,2,1,4,2,2,4,2,2,2,2
4,208,1684.0,166,terminated,2,0,0,2,1684.0,1,2,1,1,0,4,0,8,2,2,0,4,2,2,0,2,2,4,8,2,2,4,4,2,2,4,2,2,2,2
4,209,1727.0,123,terminated,2,0,0,2,1727.0,1,2,1,1,1,4,1,9,2,2,1,5,2,2,1,3,2,4,8,2,2,0,4,2,2,4,2,2,2,2
4,210,1749.0,101,terminated,2,0,0,2,1749.0,1,2,1,1,0,4,0,8,2,2,0,4,2,2,0,2,2,4,8,2,2,5,4,2,2,4,2,2,2,2
4,211,1748.0,102,terminated,2,0,0,2,1748.0,1,2,2,0,0,3,0,7,2,2,0,4,2,2,0,2,2,3,7,2,2,0,4,2,2,4,2,2,2,2
4,212,1744.0,106,terminated,2,0,0,2,1744.0,1,1,0,1,1,4,1,9,2,2,1,5,2,2,1,3,2,4,8,2,2,6,4,2,2,4,2,2,2,2
4,213,1519.0,131,terminated,1,0,0,2,1519.0,1,2,1,1,1,3,1,7,1,2,1,4,1,2,1,3,2,3,6,1,2,6,3,1,2,3,1,2,1,2
4,214,1753.0,97,terminated,2,0,0,2,1753.0,1,2,1,1,0,4,0,8,2,2,0,4,2,2,0,2,2,4,8,2,2,0,4,2,2,4,2,2,2,2
4,215,1724.0,126,terminated,2,0,0,2,1724.0,1,2,0,2,1,4,1,9,2,2,1,5,2,2,1,3,2,4,8,2,2,1,4,2,2,4,2,2,2,2
4,216,1693.0,157,terminated,2,0,0,2,1693.0,1,3,2,1,1,4,1,9,2,2,1,5,2,2,1,3,2,4,8,2,2,13,4,2,2,4,2,2,2,2
4,217,27.0,23,terminated,1,40,1,1,27.0,0,1,1,0,1,2,1,5,1,1,1,3,1,1,1,2,1,2,4,1,1,0,2,1,1,2,1,1,1,1
4,218,-176.0,16,terminated,1,41,1,0,-176.0,0,0,0,0,0,1,0,2,1,0,0,1,1,0,0,0,0,1,2,1,0,0,1,1,0,1,1,0,1,0
4,219,1730.0,120,terminated,2,0,0,2,1730.0,1,3,2,1,1,4,1,9,2,2,1,5,2,2,1,3,2,4,8,2,2,3,4,2,2,4,2,2,2,2
4,220,1752.0,98,terminated,2,0,0,2,1752.0,1,2,1,1,1,4,1,9,2,2,1,5,2,2,1,3,2,4,8,2,2,8,4,2,2,4,2,2,2,2
4,221,1693.0,157,terminated,2,0,0,2,1693.0,1,3,2,1,1,4,1,9,2,2,1,5,2,2,1,3,2,4,8,2,2,7,4,2,2,4,2,2,2,2
4,222,1725.0,125,terminated,2,0,0,2,1725.0,1,2,1,1,0,4,0,8,2,2,0,4,2,2,0,2,2,4,8,2,2,2,4,2,2,4,2,2,2,2
4,223,1741.0,109,terminated,2,0,0,2,1741.0,1,2,0,2,1,4,1,9,2,2,1,5,2,2,1,3,2,4,8,2,2,1,4,2,2,4,2,2,2,2
4,224,1706.0,144,terminated,2,0,0,2,1706.0,1,4,2,2,1,4,1,9,2,2,1,5,2,2,1,3,2,4,8,2,2,11,4,2,2,4,2,2,2,2
4,225,1715.0,135,terminated,2,0,0,2,1715.0,1,1,1,0,0,4,0,8,2,2,0,4,2,2,0,2,2,4,8,2,2,8,4,2,2,4,2,2,2,2
4,226,1664.0,186,terminated,2,0,0,2,1664.0,1,3,1,2,1,3,1,8,2,2,1,5,2,2,1,3,2,3,7,2,2,6,4,2,2,4,2,2,2,2
4,227,282.0,38,terminated,2,33,1,1,282.0,0,0,0,0,0,2,0,5,2,1,0,3,2,1,0,1,1,2,5,2,1,1,3,2,1,3,2,1,2,1
4,228,1738.0,112,terminated,2,0,0,2,1738.0,1,0,0,0,0,4,0,8,2,2,0,4,2,2,0,2,2,4,8,2,2,1,4,2,2,4,2,2,2,2
4,229,1712.0,138,terminated,2,0,0,2,1712.0,1,0,0,0,0,3,0,7,2,2,0,4,2,2,0,2,2,3,7,2,2,0,4,2,2,4,2,2,2,2
4,230,1681.0,169,terminated,2,0,0,2,1681.0,1,3,2,1,1,2,1,7,2,2,1,5,2,2,1,3,2,2,6,2,2,4,4,2,2,4,2,2,2,2
4,231,1655.0,195,terminated,2,0,0,2,1655.0,1,2,1,1,1,3,1,8,2,2,1,5,2,2,1,3,2,3,7,2,2,8,4,2,2,4,2,2,2,2
4,232,1666.0,184,terminated,2,0,0,2,1666.0,1,0,0,0,0,4,0,8,2,2,0,4,2,2,0,2,2,4,8,2,2,0,4,2,2,4,2,2,2,2
4,233,1705.0,145,terminated,2,0,0,2,1705.0,1,2,1,1,1,3,1,8,2,2,1,5,2,2,1,3,2,3,7,2,2,4,4,2,2,4,2,2,2,2
4,234,1689.0,161,terminated,2,0,0,2,1689.0,1,3,1,2,1,4,1,9,2,2,1,5,2,2,1,3,2,4,8,2,2,7,4,2,2,4,2,2,2,2
4,235,1739.0,111,terminated,2,0,0,2,1739.0,1,4,2,2,1,3,1,8,2,2,1,5,2,2,1,3,2,3,7,2,2,2,4,2,2,4,2,2,2,2
4,236,1737.0,113,terminated,2,0,0,2,1737.0,1,3,1,2,1,4,1,9,2,2,1,5,2,2,1,3,2,4,8,2,2,7,4,2,2,4,2,2,2,2
4,237,1765.0,85,terminated,2,0,0,2,1765.0,1,3,2,1,1,4,1,9,2,2,1,5,2,2,1,3,2,4,8,2,2,0,4,2,2,4,2,2,2,2
4,238,1738.0,112,terminated,2,0,0,2,1738.0,1,3,2,1,1,3,1,8,2,2,1,5,2,2,1,3,2,3,7,2,2,0,4,2,2,4,2,2,2,2
4,239,1639.0,211,terminated,2,0,0,2,1639.0,1,3,1,2,1,4,1,9,2,2,1,5,2,2,1,3,2,4,8,2,2,1,4,2,2,4,2,2,2,2
4,240,-178.0,18,terminated,1,41,1,0,-178.0,0,0,0,0,1,0,1,2,1,0,1,2,1,0,1,1,0,0,1,1,0,0,1,1,0,1,1,0,1,0
4,241,1745.0,105,terminated,2,0,0,2,1745.0,1,2,1,1,0,4,0,8,2,2,0,4,2,2,0,2,2,4,8,2,2,7,4,2,2,4,2,2,2,2
4,242,1723.0,127,terminated,2,0,0,2,1723.0,1,1,0,1,1,4,1,9,2,2,1,5,2,2,1,3,2,4,8,2,2,1,4,2,2,4,2,2,2,2
4,243,482.0,48,terminated,2,32,1,2,482.0,0,2,1,1,0,3,0,7,2,2,0,4,2,2,0,2,2,3,7,2,2,5,4,2,2,4,2,2,2,2
4,244,1528.0,122,terminated,1,0,0,2,1528.0,1,1,1,0,1,3,1,7,1,2,1,4,1,2,1,3,2,3,6,1,2,1,3,1,2,3,1,2,1,2
4,245,1658.0,192,terminated,2,0,0,2,1658.0,1,0,0,0,0,4,0,8,2,2,0,4,2,2,0,2,2,4,8,2,2,0,4,2,2,4,2,2,2,2
4,246,1748.0,102,terminated,2,0,0,2,1748.0,1,3,1,2,1,4,1,9,2,2,1,5,2,2,1,3,2,4,8,2,2,1,4,2,2,4,2,2,2,2
4,247,1706.0,144,terminated,2,0,0,2,1706.0,1,3,2,1,1,4,1,9,2,2,1,5,2,2,1,3,2,4,8,2,2,4,4,2,2,4,2,2,2,2
4,248,-175.0,25,terminated,1,40,1,0,-175.0,0,0,0,0,0,1,0,2,1,0,0,1,1,0,0,0,0,1,2,1,0,0,1,1,0,1,1,0,1,0
4,249,1726.0,124,terminated,2,0,0,2,1726.0,1,3,2,1,1,3,1,8,2,2,1,5,2,2,1,3,2,3,7,2,2,5,4,2,2,4,2,2,2,2
4,250,1719.0,131,terminated,2,0,0,2,1719.0,1,2,1,1,1,4,1,9,2,2,1,5,2,2,1,3,2,4,8,2,2,6,4,2,2,4,2,2,2,2
4,251,1709.0,141,terminated,2,0,0,2,1709.0,1,3,1,2,1,4,1,9,2,2,1,5,2,2,1,3,2,4,8,2,2,5,4,2,2,4,2,2,2,2
4,252,1761.0,89,terminated,2,0,0,2,1761.0,1,3,2,1,1,3,1,8,2,2,1,5,2,2,1,3,2,3,7,2,2,0,4,2,2,4,2,2,2,2
4,253,523.0,67,terminated,2,26,1,2,523.0,0,2,1,1,0,4,0,8,2,2,0,4,2,2,0,2,2,4,8,2,2,0,4,2,2,4,2,2,2,2
4,254,630.0,300,truncated,1,2,0,1,630.0,0,0,0,0,1,2,1,5,1,1,1,3,1,1,1,2,1,2,4,1,1,0,2,1,1,2,1,1,1,1
4,255,517.0,113,terminated,2,22,1,2,517.0,0,3,2,1,0,3,0,7,2,2,0,4,2,2,0,2,2,3,7,2,2,1,4,2,2,4,2,2,2,2
4,256,33.0,17,terminated,1,40,1,1,33.0,0,0,0,0,0,2,0,4,1,1,0,2,1,1,0,1,1,2,4,1,1,0,2,1,1,2,1,1,1,1
4,257,279.0,41,terminated,2,33,1,1,279.0,0,2,2,0,1,3,1,7,2,1,1,4,2,1,1,2,1,3,6,2,1,4,3,2,1,3,2,1,2,1
4,258,1637.0,213,terminated,2,0,0,2,1637.0,1,3,2,1,1,4,1,9,2,2,1,5,2,2,1,3,2,4,8,2,2,1,4,2,2,4,2,2,2,2
4,259,1727.0,123,terminated,2,0,0,2,1727.0,1,3,1,2,0,4,0,8,2,2,0,4,2,2,0,2,2,4,8,2,2,7,4,2,2,4,2,2,2,2
4,260,1505.0,145,terminated,1,0,0,2,1505.0,1,2,0,2,1,3,1,7,1,2,1,4,1,2,1,3,2,3,6,1,2,1,3,1,2,3,1,2,1,2
4,261,1691.0,159,terminated,2,0,0,2,1691.0,1,2,1,1,1,3,1,8,2,2,1,5,2,2,1,3,2,3,7,2,2,0,4,2,2,4,2,2,2,2
4,262,1765.0,85,terminated,2,0,0,2,1765.0,1,2,1,1,0,4,0,8,2,2,0,4,2,2,0,2,2,4,8,2,2,0,4,2,2,4,2,2,2,2
4,263,1745.0,105,terminated,2,0,0,2,1745.0,1,2,0,2,0,4,0,8,2,2,0,4,2,2,0,2,2,4,8,2,2,6,4,2,2,4,2,2,2,2
4,264,1636.0,214,terminated,2,0,0,2,1636.0,1,0,0,0,1,4,1,9,2,2,1,5,2,2,1,3,2,4,8,2,2,0,4,2,2,4,2,2,2,2
4,265,1010.0,300,truncated,2,4,0,2,1010.0,0,2,1,1,1,4,1,9,2,2,1,5,2,2,1,3,2,4,8,2,2,0,4,2,2,4,2,2,2,2
4,266,1552.0,98,terminated,1,0,0,2,1552.0,1,2,0,2,1,3,1,7,1,2,1,4,1,2,1,3,2,3,6,1,2,0,3,1,2,3,1,2,1,2
4,267,666.0,174,terminated,2,1,1,2,666.0,0,0,0,0,1,3,1,8,2,2,1,5,2,2,1,3,2,3,7,2,2,0,4,2,2,4,2,2,2,2
4,268,1713.0,137,terminated,2,0,0,2,1713.0,1,2,1,1,1,3,1,8,2,2,1,5,2,2,1,3,2,3,7,2,2,0,4,2,2,4,2,2,2,2
4,269,-167.0,17,terminated,1,40,1,0,-167.0,0,0,0,0,0,1,0,2,1,0,0,1,1,0,0,0,0,1,2,1,0,1,1,1,0,1,1,0,1,0
4,270,1725.0,125,terminated,2,0,0,2,1725.0,1,3,1,2,0,3,0,7,2,2,0,4,2,2,0,2,2,3,7,2,2,2,4,2,2,4,2,2,2,2
4,271,1664.0,186,terminated,2,0,0,2,1664.0,1,1,0,1,0,4,0,8,2,2,0,4,2,2,0,2,2,4,8,2,2,7,4,2,2,4,2,2,2,2
4,272,1643.0,207,terminated,2,0,0,2,1643.0,1,2,2,0,1,4,1,9,2,2,1,5,2,2,1,3,2,4,8,2,2,5,4,2,2,4,2,2,2,2
4,273,1491.0,159,terminated,1,0,0,2,1491.0,1,1,1,0,0,3,0,6,1,2,0,3,1,2,0,2,2,3,6,1,2,7,3,1,2,3,1,2,1,2
4,274,1651.0,199,terminated,2,0,0,2,1651.0,1,2,1,1,1,4,1,9,2,2,1,5,2,2,1,3,2,4,8,2,2,0,4,2,2,4,2,2,2,2
4,275,1718.0,132,terminated,2,0,0,2,1718.0,1,4,2,2,1,4,1,9,2,2,1,5,2,2,1,3,2,4,8,2,2,5,4,2,2,4,2,2,2,2
4,276,1674.0,176,terminated,2,0,0,2,1674.0,1,0,0,0,1,4,1,9,2,2,1,5,2,2,1,3,2,4,8,2,2,0,4,2,2,4,2,2,2,2
4,277,1662.0,188,terminated,2,0,0,2,1662.0,1,1,1,0,0,3,0,7,2,2,0,4,2,2,0,2,2,3,7,2,2,0,4,2,2,4,2,2,2,2
4,278,1716.0,134,terminated,2,0,0,2,1716.0,1,3,2,1,1,3,1,8,2,2,1,5,2,2,1,3,2,3,7,2,2,0,4,2,2,4,2,2,2,2
4,279,1699.0,151,terminated,2,0,0,2,1699.0,1,2,1,1,1,4,1,9,2,2,1,5,2,2,1,3,2,4,8,2,2,11,4,2,2,4,2,2,2,2
4,280,1721.0,129,terminated,2,0,0,2,1721.0,1,2,2,0,1,4,1,9,2,2,1,5,2,2,1,3,2,4,8,2,2,8,4,2,2,4,2,2,2,2
4,281,1758.0,92,terminated,2,0,0,2,1758.0,1,3,2,1,1,4,1,9,2,2,1,5,2,2,1,3,2,4,8,2,2,12,4,2,2,4,2,2,2,2
4,282,17.0,23,terminated,1,41,1,1,17.0,0,0,0,0,0,2,0,4,1,1,0,2,1,1,0,1,1,2,4,1,1,0,2,1,1,2,1,1,1,1
4,283,1740.0,110,terminated,2,0,0,2,1740.0,1,2,1,1,1,4,1,9,2,2,1,5,2,2,1,3,2,4,8,2,2,9,4,2,2,4,2,2,2,2
4,284,1722.0,128,terminated,2,0,0,2,1722.0,1,1,1,0,1,4,1,9,2,2,1,5,2,2,1,3,2,4,8,2,2,0,4,2,2,4,2,2,2,2
4,285,1700.0,150,terminated,2,0,0,2,1700.0,1,2,1,1,1,4,1,9,2,2,1,5,2,2,1,3,2,4,8,2,2,0,4,2,2,4,2,2,2,2
4,286,1741.0,109,terminated,2,0,0,2,1741.0,1,2,1,1,1,4,1,9,2,2,1,5,2,2,1,3,2,4,8,2,2,0,4,2,2,4,2,2,2,2
4,287,1732.0,118,terminated,2,0,0,2,1732.0,1,1,1,0,1,4,1,9,2,2,1,5,2,2,1,3,2,4,8,2,2,0,4,2,2,4,2,2,2,2
4,288,1641.0,209,terminated,2,0,0,2,1641.0,1,1,1,0,0,3,0,7,2,2,0,4,2,2,0,2,2,3,7,2,2,7,4,2,2,4,2,2,2,2
4,289,1726.0,124,terminated,2,0,0,2,1726.0,1,1,0,1,1,4,1,9,2,2,1,5,2,2,1,3,2,4,8,2,2,4,4,2,2,4,2,2,2,2
4,290,17.0,23,terminated,1,41,1,1,17.0,0,0,0,0,0,1,0,3,1,1,0,2,1,1,0,1,1,1,3,1,1,0,2,1,1,2,1,1,1,1
4,291,1744.0,106,terminated,2,0,0,2,1744.0,1,2,1,1,0,4,0,8,2,2,0,4,2,2,0,2,2,4,8,2,2,0,4,2,2,4,2,2,2,2
4,292,477.0,73,terminated,2,30,1,2,477.0,0,3,2,1,1,4,1,9,2,2,1,5,2,2,1,3,2,4,8,2,2,16,4,2,2,4,2,2,2,2
4,293,-179.0,19,terminated,0,41,1,1,-179.0,0,1,0,1,1,0,1,2,0,1,1,2,0,1,1,2,1,0,1,0,1,1,1,0,1,1,0,1,0,1
4,294,1741.0,109,terminated,2,0,0,2,1741.0,1,3,1,2,1,4,1,9,2,2,1,5,2,2,1,3,2,4,8,2,2,0,4,2,2,4,2,2,2,2
4,295,1461.0,189,terminated,1,0,0,2,1461.0,1,0,0,0,1,3,1,7,1,2,1,4,1,2,1,3,2,3,6,1,2,10,3,1,2,3,1,2,1,2
4,296,31.0,19,terminated,1,40,1,1,31.0,0,0,0,0,1,1,1,4,1,1,1,3,1,1,1,2,1,1,3,1,1,0,2,1,1,2,1,1,1,1
4,297,1751.0,99,terminated,2,0,0,2,1751.0,1,1,0,1,0,4,0,8,2,2,0,4,2,2,0,2,2,4,8,2,2,0,4,2,2,4,2,2,2,2
4,298,26.0,24,terminated,1,40,1,1,26.0,0,0,0,0,0,1,0,3,1,1,0,2,1,1,0,1,1,1,3,1,1,6,2,1,1,2,1,1,1,1
4,299,1729.0,121,terminated,2,0,0,2,1729.0,1,4,2,2,1,4,1,9,2,2,1,5,2,2,1,3,2,4,8,2,2,2,4,2,2,4,2,2,2,2
4,300,1721.0,129,terminated,2,0,0,2,1721.0,1,3,1,2,0,4,0,8,2,2,0,4,2,2,0,2,2,4,8,2,2,5,4,2,2,4,2,2,2,2
4,301,1680.0,170,terminated,2,0,0,2,1680.0,1,2,2,0,0,3,0,7,2,2,0,4,2,2,0,2,2,3,7,2,2,4,4,2,2,4,2,2,2,2
4,302,1721.0,129,terminated,2,0,0,2,1721.0,1,2,1,1,1,2,1,7,2,2,1,5,2,2,1,3,2,2,6,2,2,8,4,2,2,4,2,2,2,2
4,303,1751.0,99,terminated,2,0,0,2,1751.0,1,3,2,1,1,2,1,7,2,2,1,5,2,2,1,3,2,2,6,2,2,0,4,2,2,4,2,2,2,2
4,304,1746.0,104,terminated,2,0,0,2,1746.0,1,2,2,0,1,4,1,9,2,2,1,5,2,2,1,3,2,4,8,2,2,8,4,2,2,4,2,2,2,2
4,305,1687.0,163,terminated,2,0,0,2,1687.0,1,3,2,1,1,3,1,8,2,2,1,5,2,2,1,3,2,3,7,2,2,6,4,2,2,4,2,2,2,2
4,306,1553.0,97,terminated,1,0,0,2,1553.0,1,3,1,2,1,3,1,7,1,2,1,4,1,2,1,3,2,3,6,1,2,11,3,1,2,3,1,2,1,2
4,307,-176.0,16,terminated,1,41,1,0,-176.0,0,0,0,0,0,1,0,2,1,0,0,1,1,0,0,0,0,1,2,1,0,0,1,1,0,1,1,0,1,0
4,308,540.0,300,truncated,0,11,0,2,540.0,0,0,0,0,1,2,1,5,0,2,1,3,0,2,1,3,2,2,4,0,2,9,2,0,2,2,0,2,0,2
4,309,1743.0,107,terminated,2,0,0,2,1743.0,1,1,0,1,1,4,1,9,2,2,1,5,2,2,1,3,2,4,8,2,2,0,4,2,2,4,2,2,2,2
4,310,1725.0,125,terminated,2,0,0,2,1725.0,1,2,0,2,1,4,1,9,2,2,1,5,2,2,1,3,2,4,8,2,2,6,4,2,2,4,2,2,2,2
4,311,1676.0,174,terminated,2,0,0,2,1676.0,1,1,1,0,1,3,1,8,2,2,1,5,2,2,1,3,2,3,7,2,2,0,4,2,2,4,2,2,2,2
4,312,1494.0,156,terminated,1,0,0,2,1494.0,1,2,1,1,0,3,0,6,1,2,0,3,1,2,0,2,2,3,6,1,2,0,3,1,2,3,1,2,1,2
4,313,1741.0,109,terminated,2,0,0,2,1741.0,1,3,2,1,1,4,1,9,2,2,1,5,2,2,1,3,2,4,8,2,2,3,4,2,2,4,2,2,2,2
4,314,1721.0,129,terminated,2,0,0,2,1721.0,1,2,1,1,1,3,1,8,2,2,1,5,2,2,1,3,2,3,7,2,2,0,4,2,2,4,2,2,2,2
4,315,1693.0,157,terminated,2,0,0,2,1693.0,1,0,0,0,0,3,0,7,2,2,0,4,2,2,0,2,2,3,7,2,2,14,4,2,2,4,2,2,2,2
4,316,1693.0,157,terminated,2,0,0,2,1693.0,1,2,0,2,1,4,1,9,2,2,1,5,2,2,1,3,2,4,8,2,2,4,4,2,2,4,2,2,2,2
4,317,1712.0,138,terminated,2,0,0,2,1712.0,1,2,1,1,1,3,1,8,2,2,1,5,2,2,1,3,2,3,7,2,2,0,4,2,2,4,2,2,2,2
4,318,1452.0,198,terminated,2,0,0,1,1452.0,1,1,0,1,1,3,1,7,2,1,1,4,2,1,1,2,1,3,6,2,1,19,3,2,1,3,2,1,2,1
4,319,1718.0,132,terminated,2,0,0,2,1718.0,1,2,1,1,1,3,1,8,2,2,1,5,2,2,1,3,2,3,7,2,2,0,4,2,2,4,2,2,2,2
4,320,220.0,110,terminated,1,12,1,1,220.0,0,1,1,0,0,2,0,4,1,1,0,2,1,1,0,1,1,2,4,1,1,15,2,1,1,2,1,1,1,1
4,321,1735.0,115,terminated,2,0,0,2,1735.0,1,3,1,2,0,4,0,8,2,2,0,4,2,2,0,2,2,4,8,2,2,3,4,2,2,4,2,2,2,2
4,322,1744.0,106,terminated,2,0,0,2,1744.0,1,2,1,1,1,3,1,8,2,2,1,5,2,2,1,3,2,3,7,2,2,0,4,2,2,4,2,2,2,2
4,323,1701.0,149,terminated,2,0,0,2,1701.0,1,1,1,0,1,4,1,9,2,2,1,5,2,2,1,3,2,4,8,2,2,0,4,2,2,4,2,2,2,2
4,324,1698.0,152,terminated,2,0,0,2,1698.0,1,1,1,0,0,4,0,8,2,2,0,4,2,2,0,2,2,4,8,2,2,0,4,2,2,4,2,2,2,2
4,325,1721.0,129,terminated,2,0,0,2,1721.0,1,2,1,1,1,4,1,9,2,2,1,5,2,2,1,3,2,4,8,2,2,2,4,2,2,4,2,2,2,2
4,326,1700.0,150,terminated,2,0,0,2,1700.0,1,1,1,0,1,3,1,8,2,2,1,5,2,2,1,3,2,3,7,2,2,0,4,2,2,4,2,2,2,2
4,327,580.0,140,terminated,2,13,1,2,580.0,0,3,2,1,1,4,1,9,2,2,1,5,2,2,1,3,2,4,8,2,2,9,4,2,2,4,2,2,2,2
4,328,580.0,300,truncated,1,7,0,1,580.0,0,1,0,1,1,1,1,4,1,1,1,3,1,1,1,2,1,1,3,1,1,0,2,1,1,2,1,1,1,1
4,329,1737.0,113,terminated,2,0,0,2,1737.0,1,1,1,0,0,4,0,8,2,2,0,4,2,2,0,2,2,4,8,2,2,6,4,2,2,4,2,2,2,2
4,330,661.0,149,terminated,2,4,1,2,661.0,0,2,2,0,1,4,1,9,2,2,1,5,2,2,1,3,2,4,8,2,2,8,4,2,2,4,2,2,2,2
4,331,1702.0,148,terminated,2,0,0,2,1702.0,1,3,2,1,1,4,1,9,2,2,1,5,2,2,1,3,2,4,8,2,2,4,4,2,2,4,2,2,2,2
4,332,1694.0,156,terminated,2,0,0,2,1694.0,1,1,1,0,0,4,0,8,2,2,0,4,2,2,0,2,2,4,8,2,2,0,4,2,2,4,2,2,2,2
4,333,32.0,18,terminated,1,40,1,1,32.0,0,1,1,0,0,1,0,3,1,1,0,2,1,1,0,1,1,1,3,1,1,1,2,1,1,2,1,1,1,1
4,334,35.0,25,terminated,1,39,1,1,35.0,0,1,1,0,1,1,1,4,1,1,1,3,1,1,1,2,1,1,3,1,1,4,2,1,1,2,1,1,1,1
4,335,1745.0,105,terminated,2,0,0,2,1745.0,1,2,2,0,1,4,1,9,2,2,1,5,2,2,1,3,2,4,8,2,2,2,4,2,2,4,2,2,2,2
4,336,1640.0,210,terminated,2,0,0,2,1640.0,1,2,0,2,1,3,1,8,2,2,1,5,2,2,1,3,2,3,7,2,2,11,4,2,2,4,2,2,2,2
4,337,1751.0,99,terminated,2,0,0,2,1751.0,1,3,2,1,1,2,1,7,2,2,1,5,2,2,1,3,2,2,6,2,2,0,4,2,2,4,2,2,2,2
4,338,320.0,50,terminated,2,28,1,1,320.0,0,2,2,0,1,3,1,7,2,1,1,4,2,1,1,2,1,3,6,2,1,13,3,2,1,3,2,1,2,1
4,339,1708.0,142,terminated,2,0,0,2,1708.0,1,1,0,1,0,4,0,8,2,2,0,4,2,2,0,2,2,4,8,2,2,11,4,2,2,4,2,2,2,2
4,340,1691.0,159,terminated,2,0,0,2,1691.0,1,1,0,1,0,3,0,7,2,2,0,4,2,2,0,2,2,3,7,2,2,0,4,2,2,4,2,2,2,2
4,341,1742.0,108,terminated,2,0,0,2,1742.0,1,2,1,1,1,4,1,9,2,2,1,5,2,2,1,3,2,4,8,2,2,8,4,2,2,4,2,2,2,2
4,342,1735.0,115,terminated,2,0,0,2,1735.0,1,3,2,1,1,4,1,9,2,2,1,5,2,2,1,3,2,4,8,2,2,3,4,2,2,4,2,2,2,2
4,343,1389.0,261,terminated,1,0,0,2,1389.0,1,3,1,2,1,3,1,7,1,2,1,4,1,2,1,3,2,3,6,1,2,5,3,1,2,3,1,2,1,2
4,344,1751.0,99,terminated,2,0,0,2,1751.0,1,2,1,1,1,4,1,9,2,2,1,5,2,2,1,3,2,4,8,2,2,1,4,2,2,4,2,2,2,2
4,345,1522.0,128,terminated,1,0,0,2,1522.0,1,2,0,2,0,3,0,6,1,2,0,3,1,2,0,2,2,3,6,1,2,1,3,1,2,3,1,2,1,2
4,346,1754.0,96,terminated,2,0,0,2,1754.0,1,2,1,1,0,4,0,8,2,2,0,4,2,2,0,2,2,4,8,2,2,4,4,2,2,4,2,2,2,2
4,347,1717.0,133,terminated,2,0,0,2,1717.0,1,4,2,2,1,4,1,9,2,2,1,5,2,2,1,3,2,4,8,2,2,3,4,2,2,4,2,2,2,2
4,348,1718.0,132,terminated,2,0,0,2,1718.0,1,4,2,2,1,4,1,9,2,2,1,5,2,2,1,3,2,4,8,2,2,10,4,2,2,4,2,2,2,2
4,349,1717.0,133,terminated,2,0,0,2,1717.0,1,2,0,2,1,4,1,9,2,2,1,5,2,2,1,3,2,4,8,2,2,4,4,2,2,4,2,2,2,2
4,350,1736.0,114,terminated,2,0,0,2,1736.0,1,3,2,1,1,4,1,9,2,2,1,5,2,2,1,3,2,4,8,2,2,3,4,2,2,4,2,2,2,2
4,351,1707.0,143,terminated,2,0,0,2,1707.0,1,3,2,1,0,4,0,8,2,2,0,4,2,2,0,2,2,4,8,2,2,0,4,2,2,4,2,2,2,2
4,352,1740.0,110,terminated,2,0,0,2,1740.0,1,3,1,2,1,4,1,9,2,2,1,5,2,2,1,3,2,4,8,2,2,3,4,2,2,4,2,2,2,2
4,353,1706.0,144,terminated,2,0,0,2,1706.0,1,4,2,2,1,4,1,9,2,2,1,5,2,2,1,3,2,4,8,2,2,1,4,2,2,4,2,2,2,2
4,354,34.0,26,terminated,1,39,1,1,34.0,0,0,0,0,0,1,0,3,1,1,0,2,1,1,0,1,1,1,3,1,1,0,2,1,1,2,1,1,1,1
4,355,1753.0,97,terminated,2,0,0,2,1753.0,1,3,2,1,0,3,0,7,2,2,0,4,2,2,0,2,2,3,7,2,2,8,4,2,2,4,2,2,2,2
4,356,405.0,215,terminated,2,3,1,1,405.0,0,0,0,0,0,3,0,6,2,1,0,3,2,1,0,1,1,3,6,2,1,0,3,2,1,3,2,1,2,1
4,357,1745.0,105,terminated,2,0,0,2,1745.0,1,2,1,1,0,4,0,8,2,2,0,4,2,2,0,2,2,4,8,2,2,3,4,2,2,4,2,2,2,2
4,358,1521.0,129,terminated,2,0,0,1,1521.0,1,0,0,0,0,3,0,6,2,1,0,3,2,1,0,1,1,3,6,2,1,0,3,2,1,3,2,1,2,1
4,359,1487.0,163,terminated,1,0,0,2,1487.0,1,2,1,1,0,3,0,6,1,2,0,3,1,2,0,2,2,3,6,1,2,7,3,1,2,3,1,2,1,2
4,360,1714.0,136,terminated,2,0,0,2,1714.0,1,3,2,1,0,4,0,8,2,2,0,4,2,2,0,2,2,4,8,2,2,5,4,2,2,4,2,2,2,2
4,361,1764.0,86,terminated,2,0,0,2,1764.0,1,2,1,1,1,4,1,9,2,2,1,5,2,2,1,3,2,4,8,2,2,0,4,2,2,4,2,2,2,2
4,362,1433.0,217,terminated,1,0,0,2,1433.0,1,2,1,1,0,3,0,6,1,2,0,3,1,2,0,2,2,3,6,1,2,22,3,1,2,3,1,2,1,2
4,363,482.0,38,terminated,2,33,1,2,482.0,0,4,2,2,1,3,1,8,2,2,1,5,2,2,1,3,2,3,7,2,2,3,4,2,2,4,2,2,2,2
4,364,1729.0,121,terminated,2,0,0,2,1729.0,1,2,2,0,1,4,1,9,2,2,1,5,2,2,1,3,2,4,8,2,2,0,4,2,2,4,2,2,2,2
4,365,1736.0,114,terminated,2,0,0,2,1736.0,1,2,1,1,1,4,1,9,2,2,1,5,2,2,1,3,2,4,8,2,2,6,4,2,2,4,2,2,2,2
4,366,1743.0,107,terminated,2,0,0,2,1743.0,1,2,1,1,1,3,1,8,2,2,1,5,2,2,1,3,2,3,7,2,2,0,4,2,2,4,2,2,2,2
4,367,475.0,45,terminated,2,33,1,2,475.0,0,3,2,1,1,3,1,8,2,2,1,5,2,2,1,3,2,3,7,2,2,1,4,2,2,4,2,2,2,2
4,368,1707.0,143,terminated,2,0,0,2,1707.0,1,2,1,1,1,4,1,9,2,2,1,5,2,2,1,3,2,4,8,2,2,0,4,2,2,4,2,2,2,2
4,369,1742.0,108,terminated,2,0,0,2,1742.0,1,2,1,1,1,4,1,9,2,2,1,5,2,2,1,3,2,4,8,2,2,7,4,2,2,4,2,2,2,2
4,370,1745.0,105,terminated,2,0,0,2,1745.0,1,0,0,0,0,4,0,8,2,2,0,4,2,2,0,2,2,4,8,2,2,0,4,2,2,4,2,2,2,2
4,371,1010.0,300,truncated,2,4,0,2,1010.0,0,2,1,1,1,4,1,9,2,2,1,5,2,2,1,3,2,4,8,2,2,8,4,2,2,4,2,2,2,2
4,372,1360.0,290,terminated,2,0,0,1,1360.0,1,1,1,0,0,3,0,6,2,1,0,3,2,1,0,1,1,3,6,2,1,0,3,2,1,3,2,1,2,1
4,373,1667.0,183,terminated,2,0,0,2,1667.0,1,2,1,1,0,3,0,7,2,2,0,4,2,2,0,2,2,3,7,2,2,1,4,2,2,4,2,2,2,2
4,374,1690.0,160,terminated,2,0,0,2,1690.0,1,1,0,1,1,4,1,9,2,2,1,5,2,2,1,3,2,4,8,2,2,0,4,2,2,4,2,2,2,2
4,375,1727.0,123,terminated,2,0,0,2,1727.0,1,0,0,0,1,4,1,9,2,2,1,5,2,2,1,3,2,4,8,2,2,0,4,2,2,4,2,2,2,2
4,376,1725.0,125,terminated,2,0,0,2,1725.0,1,2,2,0,1,4,1,9,2,2,1,5,2,2,1,3,2,4,8,2,2,4,4,2,2,4,2,2,2,2
4,377,1516.0,134,terminated,2,0,0,1,1516.0,1,3,2,1,1,3,1,7,2,1,1,4,2,1,1,2,1,3,6,2,1,31,3,2,1,3,2,1,2,1
4,378,-178.0,18,terminated,1,41,1,0,-178.0,0,0,0,0,1,0,1,2,1,0,1,2,1,0,1,1,0,0,1,1,0,0,1,1,0,1,1,0,1,0
4,379,1747.0,103,terminated,2,0,0,2,1747.0,1,3,1,2,1,3,1,8,2,2,1,5,2,2,1,3,2,3,7,2,2,3,4,2,2,4,2,2,2,2
4,380,1743.0,107,terminated,2,0,0,2,1743.0,1,2,1,1,0,4,0,8,2,2,0,4,2,2,0,2,2,4,8,2,2,0,4,2,2,4,2,2,2,2
4,381,271.0,49,terminated,1,33,1,2,271.0,0,2,0,2,0,3,0,6,1,2,0,3,1,2,0,2,2,3,6,1,2,4,3,1,2,3,1,2,1,2
4,382,1728.0,122,terminated,2,0,0,2,1728.0,1,2,1,1,0,3,0,7,2,2,0,4,2,2,0,2,2,3,7,2,2,0,4,2,2,4,2,2,2,2
4,383,1758.0,92,terminated,2,0,0,2,1758.0,1,2,1,1,1,4,1,9,2,2,1,5,2,2,1,3,2,4,8,2,2,10,4,2,2,4,2,2,2,2
4,384,1743.0,107,terminated,2,0,0,2,1743.0,1,2,1,1,0,4,0,8,2,2,0,4,2,2,0,2,2,4,8,2,2,8,4,2,2,4,2,2,2,2
4,385,329.0,41,terminated,2,28,1,1,329.0,0,2,2,0,0,2,0,5,2,1,0,3,2,1,0,1,1,2,5,2,1,4,3,2,1,3,2,1,2,1
4,386,630.0,300,truncated,1,2,0,1,630.0,0,0,0,0,1,2,1,5,1,1,1,3,1,1,1,2,1,2,4,1,1,8,2,1,1,2,1,1,1,1
4,387,1764.0,86,terminated,2,0,0,2,1764.0,1,3,1,2,1,4,1,9,2,2,1,5,2,2,1,3,2,4,8,2,2,5,4,2,2,4,2,2,2,2
4,388,1711.0,139,terminated,2,0,0,2,1711.0,1,3,1,2,1,3,1,8,2,2,1,5,2,2,1,3,2,3,7,2,2,8,4,2,2,4,2,2,2,2
4,389,611.0,69,terminated,2,17,1,2,611.0,0,2,0,2,0,4,0,8,2,2,0,4,2,2,0,2,2,4,8,2,2,1,4,2,2,4,2,2,2,2
4,390,1714.0,136,terminated,2,0,0,2,1714.0,1,1,1,0,1,4,1,9,2,2,1,5,2,2,1,3,2,4,8,2,2,0,4,2,2,4,2,2,2,2
4,391,1721.0,129,terminated,2,0,0,2,1721.0,1,2,2,0,0,4,0,8,2,2,0,4,2,2,0,2,2,4,8,2,2,1,4,2,2,4,2,2,2,2
4,392,472.0,48,terminated,2,33,1,2,472.0,0,3,2,1,1,3,1,8,2,2,1,5,2,2,1,3,2,3,7,2,2,7,4,2,2,4,2,2,2,2
4,393,1723.0,127,terminated,2,0,0,2,1723.0,1,2,2,0,1,4,1,9,2,2,1,5,2,2,1,3,2,4,8,2,2,1,4,2,2,4,2,2,2,2
4,394,1674.0,176,terminated,2,0,0,2,1674.0,1,1,1,0,0,4,0,8,2,2,0,4,2,2,0,2,2,4,8,2,2,0,4,2,2,4,2,2,2,2
4,395,1738.0,112,terminated,2,0,0,2,1738.0,1,4,2,2,1,4,1,9,2,2,1,5,2,2,1,3,2,4,8,2,2,4,4,2,2,4,2,2,2,2
4,396,1751.0,99,terminated,2,0,0,2,1751.0,1,2,1,1,1,3,1,8,2,2,1,5,2,2,1,3,2,3,7,2,2,0,4,2,2,4,2,2,2,2
4,397,592.0,88,terminated,2,17,1,2,592.0,0,2,0,2,1,4,1,9,2,2,1,5,2,2,1,3,2,4,8,2,2,1,4,2,2,4,2,2,2,2
4,398,1543.0,107,terminated,2,0,0,1,1543.0,1,1,1,0,1,3,1,7,2,1,1,4,2,1,1,2,1,3,6,2,1,0,3,2,1,3,2,1,2,1
4,399,29.0,21,terminated,1,40,1,1,29.0,0,0,0,0,0,2,0,4,1,1,0,2,1,1,0,1,1,2,4,1,1,0,2,1,1,2,1,1,1,1
4,400,1733.0,117,terminated,2,0,0,2,1733.0,1,3,1,2,1,4,1,9,2,2,1,5,2,2,1,3,2,4,8,2,2,1,4,2,2,4,2,2,2,2
4,401,1721.0,129,terminated,2,0,0,2,1721.0,1,3,2,1,1,4,1,9,2,2,1,5,2,2,1,3,2,4,8,2,2,3,4,2,2,4,2,2,2,2
4,402,1708.0,142,terminated,2,0,0,2,1708.0,1,2,1,1,1,3,1,8,2,2,1,5,2,2,1,3,2,3,7,2,2,4,4,2,2,4,2,2,2,2
4,403,1676.0,174,terminated,2,0,0,2,1676.0,1,0,0,0,0,4,0,8,2,2,0,4,2,2,0,2,2,4,8,2,2,0,4,2,2,4,2,2,2,2
4,404,1662.0,188,terminated,2,0,0,2,1662.0,1,1,1,0,1,4,1,9,2,2,1,5,2,2,1,3,2,4,8,2,2,0,4,2,2,4,2,2,2,2
4,405,1756.0,94,terminated,2,0,0,2,1756.0,1,3,1,2,1,4,1,9,2,2,1,5,2,2,1,3,2,4,8,2,2,8,4,2,2,4,2,2,2,2
4,406,1741.0,109,terminated,2,0,0,2,1741.0,1,1,1,0,0,4,0,8,2,2,0,4,2,2,0,2,2,4,8,2,2,10,4,2,2,4,2,2,2,2
4,407,1709.0,141,terminated,2,0,0,2,1709.0,1,2,1,1,0,4,0,8,2,2,0,4,2,2,0,2,2,4,8,2,2,0,4,2,2,4,2,2,2,2
4,408,1732.0,118,terminated,2,0,0,2,1732.0,1,0,0,0,0,3,0,7,2,2,0,4,2,2,0,2,2,3,7,2,2,0,4,2,2,4,2,2,2,2
4,409,1737.0,113,terminated,2,0,0,2,1737.0,1,3,1,2,1,3,1,8,2,2,1,5,2,2,1,3,2,3,7,2,2,1,4,2,2,4,2,2,2,2
4,410,1730.0,120,terminated,2,0,0,2,1730.0,1,2,1,1,0,4,0,8,2,2,0,4,2,2,0,2,2,4,8,2,2,4,4,2,2,4,2,2,2,2
4,411,1747.0,103,terminated,2,0,0,2,1747.0,1,3,1,2,0,4,0,8,2,2,0,4,2,2,0,2,2,4,8,2,2,5,4,2,2,4,2,2,2,2
4,412,1752.0,98,terminated,2,0,0,2,1752.0,1,2,1,1,1,4,1,9,2,2,1,5,2,2,1,3,2,4,8,2,2,0,4,2,2,4,2,2,2,2
4,413,8.0,32,terminated,1,41,1,1,8.0,0,0,0,0,1,1,1,4,1,1,1,3,1,1,1,2,1,1,3,1,1,0,2,1,1,2,1,1,1,1
4,414,1766.0,84,terminated,2,0,0,2,1766.0,1,2,0,2,1,4,1,9,2,2,1,5,2,2,1,3,2,4,8,2,2,0,4,2,2,4,2,2,2,2
4,415,1724.0,126,terminated,2,0,0,2,1724.0,1,1,0,1,1,4,1,9,2,2,1,5,2,2,1,3,2,4,8,2,2,7,4,2,2,4,2,2,2,2
4,416,1719.0,131,terminated,2,0,0,2,1719.0,1,3,2,1,0,4,0,8,2,2,0,4,2,2,0,2,2,4,8,2,2,0,4,2,2,4,2,2,2,2
4,417,1727.0,123,terminated,2,0,0,2,1727.0,1,3,2,1,1,2,1,7,2,2,1,5,2,2,1,3,2,2,6,2,2,9,4,2,2,4,2,2,2,2
4,418,1698.0,152,terminated,2,0,0,2,1698.0,1,3,1,2,0,2,0,6,2,2,0,4,2,2,0,2,2,2,6,2,2,8,4,2,2,4,2,2,2,2
4,419,1715.0,135,terminated,2,0,0,2,1715.0,1,2,1,1,0,4,0,8,2,2,0,4,2,2,0,2,2,4,8,2,2,6,4,2,2,4,2,2,2,2
4,420,20.0,30,terminated,1,40,1,1,20.0,0,0,0,0,1,2,1,5,1,1,1,3,1,1,1,2,1,2,4,1,1,3,2,1,1,2,1,1,1,1
4,421,1737.0,113,terminated,2,0,0,2,1737.0,1,2,2,0,0,4,0,8,2,2,0,4,2,2,0,2,2,4,8,2,2,2,4,2,2,4,2,2,2,2
4,422,1473.0,177,terminated,1,0,0,2,1473.0,1,1,0,1,1,2,1,6,1,2,1,4,1,2,1,3,2,2,5,1,2,0,3,1,2,3,1,2,1,2
4,423,1711.0,139,terminated,2,0,0,2,1711.0,1,3,2,1,1,4,1,9,2,2,1,5,2,2,1,3,2,4,8,2,2,5,4,2,2,4,2,2,2,2
4,424,1743.0,107,terminated,2,0,0,2,1743.0,1,2,1,1,0,4,0,8,2,2,0,4,2,2,0,2,2,4,8,2,2,0,4,2,2,4,2,2,2,2
4,425,1748.0,102,terminated,2,0,0,2,1748.0,1,2,1,1,0,4,0,8,2,2,0,4,2,2,0,2,2,4,8,2,2,0,4,2,2,4,2,2,2,2
4,426,1749.0,101,terminated,2,0,0,2,1749.0,1,1,1,0,0,4,0,8,2,2,0,4,2,2,0,2,2,4,8,2,2,0,4,2,2,4,2,2,2,2
4,427,1731.0,119,terminated,2,0,0,2,1731.0,1,1,1,0,1,3,1,8,2,2,1,5,2,2,1,3,2,3,7,2,2,0,4,2,2,4,2,2,2,2
4,428,1732.0,118,terminated,2,0,0,2,1732.0,1,2,2,0,1,4,1,9,2,2,1,5,2,2,1,3,2,4,8,2,2,2,4,2,2,4,2,2,2,2
4,429,1735.0,115,terminated,2,0,0,2,1735.0,1,2,1,1,1,4,1,9,2,2,1,5,2,2,1,3,2,4,8,2,2,7,4,2,2,4,2,2,2,2
4,430,1753.0,97,terminated,2,0,0,2,1753.0,1,1,1,0,1,3,1,8,2,2,1,5,2,2,1,3,2,3,7,2,2,0,4,2,2,4,2,2,2,2
4,431,1673.0,177,terminated,2,0,0,2,1673.0,1,3,1,2,1,4,1,9,2,2,1,5,2,2,1,3,2,4,8,2,2,11,4,2,2,4,2,2,2,2
4,432,1702.0,148,terminated,2,0,0,2,1702.0,1,3,2,1,1,3,1,8,2,2,1,5,2,2,1,3,2,3,7,2,2,6,4,2,2,4,2,2,2,2
4,433,1717.0,133,terminated,2,0,0,2,1717.0,1,2,1,1,1,3,1,8,2,2,1,5,2,2,1,3,2,3,7,2,2,7,4,2,2,4,2,2,2,2
4,434,18.0,42,terminated,1,39,1,1,18.0,0,0,0,0,0,1,0,3,1,1,0,2,1,1,0,1,1,1,3,1,1,13,2,1,1,2,1,1,1,1
4,435,1695.0,155,terminated,2,0,0,2,1695.0,1,1,0,1,1,4,1,9,2,2,1,5,2,2,1,3,2,4,8,2,2,4,4,2,2,4,2,2,2,2
4,436,1745.0,105,terminated,2,0,0,2,1745.0,1,3,1,2,1,4,1,9,2,2,1,5,2,2,1,3,2,4,8,2,2,8,4,2,2,4,2,2,2,2
4,437,1762.0,88,terminated,2,0,0,2,1762.0,1,2,1,1,0,4,0,8,2,2,0,4,2,2,0,2,2,4,8,2,2,6,4,2,2,4,2,2,2,2
4,438,1691.0,159,terminated,2,0,0,2,1691.0,1,2,2,0,1,4,1,9,2,2,1,5,2,2,1,3,2,4,8,2,2,0,4,2,2,4,2,2,2,2
4,439,1656.0,194,terminated,2,0,0,2,1656.0,1,1,0,1,1,4,1,9,2,2,1,5,2,2,1,3,2,4,8,2,2,8,4,2,2,4,2,2,2,2
4,440,1661.0,189,terminated,2,0,0,2,1661.0,1,1,0,1,1,4,1,9,2,2,1,5,2,2,1,3,2,4,8,2,2,0,4,2,2,4,2,2,2,2
4,441,1742.0,108,terminated,2,0,0,2,1742.0,1,1,0,1,1,3,1,8,2,2,1,5,2,2,1,3,2,3,7,2,2,0,4,2,2,4,2,2,2,2
4,442,1728.0,122,terminated,2,0,0,2,1728.0,1,1,0,1,0,4,0,8,2,2,0,4,2,2,0,2,2,4,8,2,2,2,4,2,2,4,2,2,2,2
4,443,-178.0,18,terminated,0,41,1,1,-178.0,0,0,0,0,0,1,0,2,0,1,0,1,0,1,0,1,1,1,2,0,1,0,1,0,1,1,0,1,0,1
4,444,1719.0,131,terminated,2,0,0,2,1719.0,1,3,2,1,0,4,0,8,2,2,0,4,2,2,0,2,2,4,8,2,2,4,4,2,2,4,2,2,2,2
4,445,1725.0,125,terminated,2,0,0,2,1725.0,1,2,2,0,1,4,1,9,2,2,1,5,2,2,1,3,2,4,8,2,2,6,4,2,2,4,2,2,2,2
4,446,1735.0,115,terminated,2,0,0,2,1735.0,1,2,1,1,1,4,1,9,2,2,1,5,2,2,1,3,2,4,8,2,2,8,4,2,2,4,2,2,2,2
4,447,1731.0,119,terminated,2,0,0,2,1731.0,1,3,2,1,0,4,0,8,2,2,0,4,2,2,0,2,2,4,8,2,2,0,4,2,2,4,2,2,2,2
4,448,1738.0,112,terminated,2,0,0,2,1738.0,1,4,2,2,1,4,1,9,2,2,1,5,2,2,1,3,2,4,8,2,2,5,4,2,2,4,2,2,2,2
4,449,647.0,153,terminated,2,5,1,2,647.0,0,2,1,1,1,4,1,9,2,2,1,5,2,2,1,3,2,4,8,2,2,6,4,2,2,4,2,2,2,2
4,450,-176.0,16,terminated,1,41,1,0,-176.0,0,0,0,0,0,1,0,2,1,0,0,1,1,0,0,0,0,1,2,1,0,0,1,1,0,1,1,0,1,0
4,451,-179.0,19,terminated,0,41,1,1,-179.0,0,1,0,1,1,0,1,2,0,1,1,2,0,1,1,2,1,0,1,0,1,1,1,0,1,1,0,1,0,1
4,452,1696.0,154,terminated,2,0,0,2,1696.0,1,3,2,1,1,4,1,9,2,2,1,5,2,2,1,3,2,4,8,2,2,5,4,2,2,4,2,2,2,2
4,453,1721.0,129,terminated,2,0,0,2,1721.0,1,2,2,0,1,4,1,9,2,2,1,5,2,2,1,3,2,4,8,2,2,9,4,2,2,4,2,2,2,2
4,454,1749.0,101,terminated,2,0,0,2,1749.0,1,3,1,2,1,4,1,9,2,2,1,5,2,2,1,3,2,4,8,2,2,5,4,2,2,4,2,2,2,2
4,455,1476.0,174,terminated,1,0,0,2,1476.0,1,2,1,1,1,3,1,7,1,2,1,4,1,2,1,3,2,3,6,1,2,10,3,1,2,3,1,2,1,2
4,456,1738.0,112,terminated,2,0,0,2,1738.0,1,3,1,2,1,3,1,8,2,2,1,5,2,2,1,3,2,3,7,2,2,4,4,2,2,4,2,2,2,2
4,457,1728.0,122,terminated,2,0,0,2,1728.0,1,2,1,1,1,4,1,9,2,2,1,5,2,2,1,3,2,4,8,2,2,1,4,2,2,4,2,2,2,2
4,458,1661.0,189,terminated,2,0,0,2,1661.0,1,2,0,2,1,4,1,9,2,2,1,5,2,2,1,3,2,4,8,2,2,6,4,2,2,4,2,2,2,2
4,459,1406.0,244,terminated,1,0,0,2,1406.0,1,1,1,0,1,3,1,7,1,2,1,4,1,2,1,3,2,3,6,1,2,13,3,1,2,3,1,2,1,2
4,460,1747.0,103,terminated,2,0,0,2,1747.0,1,1,1,0,0,4,0,8,2,2,0,4,2,2,0,2,2,4,8,2,2,6,4,2,2,4,2,2,2,2
4,461,1735.0,115,terminated,2,0,0,2,1735.0,1,1,1,0,1,4,1,9,2,2,1,5,2,2,1,3,2,4,8,2,2,6,4,2,2,4,2,2,2,2
4,462,33.0,27,terminated,1,39,1,1,33.0,0,0,0,0,1,1,1,4,1,1,1,3,1,1,1,2,1,1,3,1,1,0,2,1,1,2,1,1,1,1
4,463,1744.0,106,terminated,2,0,0,2,1744.0,1,2,1,1,1,4,1,9,2,2,1,5,2,2,1,3,2,4,8,2,2,0,4,2,2,4,2,2,2,2
4,464,1735.0,115,terminated,2,0,0,2,1735.0,1,2,1,1,1,4,1,9,2,2,1,5,2,2,1,3,2,4,8,2,2,6,4,2,2,4,2,2,2,2
4,465,1689.0,161,terminated,2,0,0,2,1689.0,1,1,0,1,1,4,1,9,2,2,1,5,2,2,1,3,2,4,8,2,2,0,4,2,2,4,2,2,2,2
4,466,694.0,86,terminated,2,7,1,2,694.0,0,2,1,1,0,4,0,8,2,2,0,4,2,2,0,2,2,4,8,2,2,4,4,2,2,4,2,2,2,2
4,467,1695.0,155,terminated,2,0,0,2,1695.0,1,2,2,0,1,4,1,9,2,2,1,5,2,2,1,3,2,4,8,2,2,8,4,2,2,4,2,2,2,2
4,468,1745.0,105,terminated,2,0,0,2,1745.0,1,2,1,1,1,3,1,8,2,2,1,5,2,2,1,3,2,3,7,2,2,0,4,2,2,4,2,2,2,2
4,469,1728.0,122,terminated,2,0,0,2,1728.0,1,4,2,2,1,3,1,8,2,2,1,5,2,2,1,3,2,3,7,2,2,4,4,2,2,4,2,2,2,2
4,470,1744.0,106,terminated,2,0,0,2,1744.0,1,4,2,2,1,4,1,9,2,2,1,5,2,2,1,3,2,4,8,2,2,6,4,2,2,4,2,2,2,2
4,471,1709.0,141,terminated,2,0,0,2,1709.0,1,1,0,1,0,3,0,7,2,2,0,4,2,2,0,2,2,3,7,2,2,0,4,2,2,4,2,2,2,2
4,472,1453.0,197,terminated,2,0,0,1,1453.0,1,1,0,1,1,3,1,7,2,1,1,4,2,1,1,2,1,3,6,2,1,6,3,2,1,3,2,1,2,1
4,473,1721.0,129,terminated,2,0,0,2,1721.0,1,4,2,2,1,4,1,9,2,2,1,5,2,2,1,3,2,4,8,2,2,9,4,2,2,4,2,2,2,2
4,474,1710.0,140,terminated,2,0,0,2,1710.0,1,4,2,2,1,4,1,9,2,2,1,5,2,2,1,3,2,4,8,2,2,2,4,2,2,4,2,2,2,2
4,475,1528.0,122,terminated,1,0,0,2,1528.0,1,1,0,1,0,3,0,6,1,2,0,3,1,2,0,2,2,3,6,1,2,0,3,1,2,3,1,2,1,2
4,476,29.0,21,terminated,1,40,1,1,29.0,0,0,0,0,1,1,1,4,1,1,1,3,1,1,1,2,1,1,3,1,1,0,2,1,1,2,1,1,1,1
4,477,1693.0,157,terminated,2,0,0,2,1693.0,1,4,2,2,1,4,1,9,2,2,1,5,2,2,1,3,2,4,8,2,2,8,4,2,2,4,2,2,2,2
4,478,1708.0,142,terminated,2,0,0,2,1708.0,1,0,0,0,0,4,0,8,2,2,0,4,2,2,0,2,2,4,8,2,2,7,4,2,2,4,2,2,2,2
4,479,1558.0,92,terminated,1,0,0,2,1558.0,1,2,1,1,0,3,0,6,1,2,0,3,1,2,0,2,2,3,6,1,2,2,3,1,2,3,1,2,1,2
4,480,1529.0,121,terminated,2,0,0,1,1529.0,1,1,1,0,1,2,1,6,2,1,1,4,2,1,1,2,1,2,5,2,1,0,3,2,1,3,2,1,2,1
4,481,1730.0,120,terminated,2,0,0,2,1730.0,1,3,1,2,1,4,1,9,2,2,1,5,2,2,1,3,2,4,8,2,2,6,4,2,2,4,2,2,2,2
4,482,583.0,87,terminated,2,18,1,2,583.0,0,1,1,0,1,4,1,9,2,2,1,5,2,2,1,3,2,4,8,2,2,6,4,2,2,4,2,2,2,2
4,483,1716.0,134,terminated,2,0,0,2,1716.0,1,1,1,0,1,4,1,9,2,2,1,5,2,2,1,3,2,4,8,2,2,0,4,2,2,4,2,2,2,2
4,484,1621.0,229,terminated,2,0,0,2,1621.0,1,0,0,0,0,4,0,8,2,2,0,4,2,2,0,2,2,4,8,2,2,0,4,2,2,4,2,2,2,2
4,485,1542.0,108,terminated,2,0,0,1,1542.0,1,1,1,0,0,2,0,5,2,1,0,3,2,1,0,1,1,2,5,2,1,0,3,2,1,3,2,1,2,1
4,486,1179.0,271,terminated,0,0,0,2,1179.0,1,0,0,0,1,2,1,5,0,2,1,3,0,2,1,3,2,2,4,0,2,100,2,0,2,2,0,2,0,2
4,487,1714.0,136,terminated,2,0,0,2,1714.0,1,3,2,1,1,3,1,8,2,2,1,5,2,2,1,3,2,3,7,2,2,6,4,2,2,4,2,2,2,2
4,488,1493.0,157,terminated,2,0,0,1,1493.0,1,1,1,0,1,3,1,7,2,1,1,4,2,1,1,2,1,3,6,2,1,19,3,2,1,3,2,1,2,1
4,489,1737.0,113,terminated,2,0,0,2,1737.0,1,4,2,2,1,4,1,9,2,2,1,5,2,2,1,3,2,4,8,2,2,11,4,2,2,4,2,2,2,2
4,490,479.0,41,terminated,2,33,1,2,479.0,0,2,1,1,0,3,0,7,2,2,0,4,2,2,0,2,2,3,7,2,2,0,4,2,2,4,2,2,2,2
4,491,1722.0,128,terminated,2,0,0,2,1722.0,1,1,0,1,1,4,1,9,2,2,1,5,2,2,1,3,2,4,8,2,2,0,4,2,2,4,2,2,2,2
4,492,1729.0,121,terminated,2,0,0,2,1729.0,1,1,0,1,1,3,1,8,2,2,1,5,2,2,1,3,2,3,7,2,2,0,4,2,2,4,2,2,2,2
4,493,33.0,17,terminated,1,40,1,1,33.0,0,0,0,0,0,2,0,4,1,1,0,2,1,1,0,1,1,2,4,1,1,0,2,1,1,2,1,1,1,1
4,494,1758.0,92,terminated,2,0,0,2,1758.0,1,2,1,1,0,4,0,8,2,2,0,4,2,2,0,2,2,4,8,2,2,0,4,2,2,4,2,2,2,2
4,495,1763.0,87,terminated,2,0,0,2,1763.0,1,2,1,1,0,4,0,8,2,2,0,4,2,2,0,2,2,4,8,2,2,0,4,2,2,4,2,2,2,2
4,496,1732.0,118,terminated,2,0,0,2,1732.0,1,2,1,1,0,4,0,8,2,2,0,4,2,2,0,2,2,4,8,2,2,0,4,2,2,4,2,2,2,2
4,497,24.0,36,terminated,1,39,1,1,24.0,0,1,0,1,1,1,1,4,1,1,1,3,1,1,1,2,1,1,3,1,1,14,2,1,1,2,1,1,1,1
4,498,1692.0,158,terminated,2,0,0,2,1692.0,1,1,0,1,1,4,1,9,2,2,1,5,2,2,1,3,2,4,8,2,2,1,4,2,2,4,2,2,2,2
4,499,1750.0,100,terminated,2,0,0,2,1750.0,1,3,2,1,1,4,1,9,2,2,1,5,2,2,1,3,2,4,8,2,2,1,4,2,2,4,2,2,2,2
4,500,1720.0,130,terminated,2,0,0,2,1720.0,1,3,1,2,1,2,1,7,2,2,1,5,2,2,1,3,2,2,6,2,2,0,4,2,2,4,2,2,2,2
4,501,1745.0,105,terminated,2,0,0,2,1745.0,1,1,1,0,1,3,1,8,2,2,1,5,2,2,1,3,2,3,7,2,2,0,4,2,2,4,2,2,2,2
4,502,1701.0,149,terminated,2,0,0,2,1701.0,1,3,2,1,1,3,1,8,2,2,1,5,2,2,1,3,2,3,7,2,2,0,4,2,2,4,2,2,2,2
4,503,1731.0,119,terminated,2,0,0,2,1731.0,1,1,0,1,1,3,1,8,2,2,1,5,2,2,1,3,2,3,7,2,2,0,4,2,2,4,2,2,2,2
4,504,1040.0,300,truncated,2,1,0,2,1040.0,0,2,2,0,0,4,0,8,2,2,0,4,2,2,0,2,2,4,8,2,2,14,4,2,2,4,2,2,2,2
4,505,1683.0,167,terminated,2,0,0,2,1683.0,1,2,1,1,0,4,0,8,2,2,0,4,2,2,0,2,2,4,8,2,2,0,4,2,2,4,2,2,2,2
4,506,638.0,162,terminated,2,5,1,2,638.0,0,1,1,0,0,4,0,8,2,2,0,4,2,2,0,2,2,4,8,2,2,0,4,2,2,4,2,2,2,2
4,507,1650.0,200,terminated,2,0,0,2,1650.0,1,2,1,1,1,4,1,9,2,2,1,5,2,2,1,3,2,4,8,2,2,0,4,2,2,4,2,2,2,2
4,508,-178.0,18,terminated,1,41,1,0,-178.0,0,0,0,0,1,0,1,2,1,0,1,2,1,0,1,1,0,0,1,1,0,0,1,1,0,1,1,0,1,0
4,509,1679.0,171,terminated,2,0,0,2,1679.0,1,1,1,0,1,3,1,8,2,2,1,5,2,2,1,3,2,3,7,2,2,7,4,2,2,4,2,2,2,2
4,510,1735.0,115,terminated,2,0,0,2,1735.0,1,0,0,0,1,4,1,9,2,2,1,5,2,2,1,3,2,4,8,2,2,0,4,2,2,4,2,2,2,2
4,511,699.0,131,terminated,2,2,1,2,699.0,0,3,2,1,1,4,1,9,2,2,1,5,2,2,1,3,2,4,8,2,2,7,4,2,2,4,2,2,2,2
4,512,1720.0,130,terminated,2,0,0,2,1720.0,1,1,0,1,0,4,0,8,2,2,0,4,2,2,0,2,2,4,8,2,2,0,4,2,2,4,2,2,2,2
4,513,1668.0,182,terminated,2,0,0,2,1668.0,1,2,1,1,0,4,0,8,2,2,0,4,2,2,0,2,2,4,8,2,2,4,4,2,2,4,2,2,2,2
4,514,1724.0,126,terminated,2,0,0,2,1724.0,1,2,1,1,1,4,1,9,2,2,1,5,2,2,1,3,2,4,8,2,2,0,4,2,2,4,2,2,2,2
4,515,1759.0,91,terminated,2,0,0,2,1759.0,1,2,1,1,1,4,1,9,2,2,1,5,2,2,1,3,2,4,8,2,2,7,4,2,2,4,2,2,2,2
4,516,1749.0,101,terminated,2,0,0,2,1749.0,1,3,2,1,1,3,1,8,2,2,1,5,2,2,1,3,2,3,7,2,2,0,4,2,2,4,2,2,2,2
4,517,1724.0,126,terminated,2,0,0,2,1724.0,1,3,2,1,1,4,1,9,2,2,1,5,2,2,1,3,2,4,8,2,2,5,4,2,2,4,2,2,2,2
4,518,1686.0,164,terminated,2,0,0,2,1686.0,1,2,1,1,1,3,1,8,2,2,1,5,2,2,1,3,2,3,7,2,2,12,4,2,2,4,2,2,2,2
4,519,1674.0,176,terminated,2,0,0,2,1674.0,1,3,1,2,1,4,1,9,2,2,1,5,2,2,1,3,2,4,8,2,2,11,4,2,2,4,2,2,2,2
4,520,320.0,230,terminated,2,10,1,1,320.0,0,2,1,1,1,3,1,7,2,1,1,4,2,1,1,2,1,3,6,2,1,6,3,2,1,3,2,1,2,1
4,521,1724.0,126,terminated,2,0,0,2,1724.0,1,0,0,0,0,3,0,7,2,2,0,4,2,2,0,2,2,3,7,2,2,0,4,2,2,4,2,2,2,2
4,522,1729.0,121,terminated,2,0,0,2,1729.0,1,3,1,2,1,3,1,8,2,2,1,5,2,2,1,3,2,3,7,2,2,6,4,2,2,4,2,2,2,2
4,523,1767.0,83,terminated,2,0,0,2,1767.0,1,2,1,1,0,4,0,8,2,2,0,4,2,2,0,2,2,4,8,2,2,0,4,2,2,4,2,2,2,2
4,524,1660.0,190,terminated,2,0,0,2,1660.0,1,3,1,2,1,4,1,9,2,2,1,5,2,2,1,3,2,4,8,2,2,8,4,2,2,4,2,2,2,2
4,525,1535.0,115,terminated,1,0,0,2,1535.0,1,1,0,1,1,3,1,7,1,2,1,4,1,2,1,3,2,3,6,1,2,3,3,1,2,3,1,2,1,2
4,526,1747.0,103,terminated,2,0,0,2,1747.0,1,1,0,1,1,3,1,8,2,2,1,5,2,2,1,3,2,3,7,2,2,2,4,2,2,4,2,2,2,2
4,527,1697.0,153,terminated,2,0,0,2,1697.0,1,2,1,1,1,4,1,9,2,2,1,5,2,2,1,3,2,4,8,2,2,7,4,2,2,4,2,2,2,2
4,528,1697.0,153,terminated,2,0,0,2,1697.0,1,2,2,0,1,4,1,9,2,2,1,5,2,2,1,3,2,4,8,2,2,6,4,2,2,4,2,2,2,2
4,529,1729.0,121,terminated,2,0,0,2,1729.0,1,2,2,0,1,4,1,9,2,2,1,5,2,2,1,3,2,4,8,2,2,8,4,2,2,4,2,2,2,2
4,530,1737.0,113,terminated,2,0,0,2,1737.0,1,3,2,1,1,3,1,8,2,2,1,5,2,2,1,3,2,3,7,2,2,12,4,2,2,4,2,2,2,2
4,531,1693.0,157,terminated,2,0,0,2,1693.0,1,4,2,2,1,3,1,8,2,2,1,5,2,2,1,3,2,3,7,2,2,3,4,2,2,4,2,2,2,2
4,532,1719.0,131,terminated,2,0,0,2,1719.0,1,1,0,1,1,3,1,8,2,2,1,5,2,2,1,3,2,3,7,2,2,0,4,2,2,4,2,2,2,2
4,533,1663.0,187,terminated,2,0,0,2,1663.0,1,2,1,1,1,4,1,9,2,2,1,5,2,2,1,3,2,4,8,2,2,6,4,2,2,4,2,2,2,2
4,534,1719.0,131,terminated,2,0,0,2,1719.0,1,0,0,0,0,4,0,8,2,2,0,4,2,2,0,2,2,4,8,2,2,4,4,2,2,4,2,2,2,2
4,535,366.0,104,terminated,1,18,1,2,366.0,0,1,1,0,1,3,1,7,1,2,1,4,1,2,1,3,2,3,6,1,2,4,3,1,2,3,1,2,1,2
4,536,1717.0,133,terminated,2,0,0,2,1717.0,1,2,1,1,1,3,1,8,2,2,1,5,2,2,1,3,2,3,7,2,2,17,4,2,2,4,2,2,2,2
4,537,1748.0,102,terminated,2,0,0,2,1748.0,1,2,1,1,0,3,0,7,2,2,0,4,2,2,0,2,2,3,7,2,2,4,4,2,2,4,2,2,2,2
4,538,328.0,192,terminated,1,13,1,2,328.0,0,1,0,1,1,3,1,7,1,2,1,4,1,2,1,3,2,3,6,1,2,6,3,1,2,3,1,2,1,2
4,539,1736.0,114,terminated,2,0,0,2,1736.0,1,1,0,1,1,4,1,9,2,2,1,5,2,2,1,3,2,4,8,2,2,0,4,2,2,4,2,2,2,2
4,540,1733.0,117,terminated,2,0,0,2,1733.0,1,3,1,2,1,4,1,9,2,2,1,5,2,2,1,3,2,4,8,2,2,2,4,2,2,4,2,2,2,2
4,541,250.0,300,truncated,0,20,0,1,250.0,0,1,0,1,1,1,1,3,0,1,1,2,0,1,1,2,1,1,2,0,1,23,1,0,1,1,0,1,0,1
4,542,1495.0,155,terminated,1,0,0,2,1495.0,1,3,1,2,1,3,1,7,1,2,1,4,1,2,1,3,2,3,6,1,2,8,3,1,2,3,1,2,1,2
4,543,738.0,102,terminated,2,1,1,2,738.0,0,4,2,2,1,3,1,8,2,2,1,5,2,2,1,3,2,3,7,2,2,0,4,2,2,4,2,2,2,2
4,544,1722.0,128,terminated,2,0,0,2,1722.0,1,2,1,1,0,4,0,8,2,2,0,4,2,2,0,2,2,4,8,2,2,4,4,2,2,4,2,2,2,2
4,545,1753.0,97,terminated,2,0,0,2,1753.0,1,1,0,1,1,4,1,9,2,2,1,5,2,2,1,3,2,4,8,2,2,6,4,2,2,4,2,2,2,2
4,546,1715.0,135,terminated,2,0,0,2,1715.0,1,2,1,1,0,3,0,7,2,2,0,4,2,2,0,2,2,3,7,2,2,4,4,2,2,4,2,2,2,2
4,547,1666.0,184,terminated,2,0,0,2,1666.0,1,1,0,1,1,3,1,8,2,2,1,5,2,2,1,3,2,3,7,2,2,0,4,2,2,4,2,2,2,2
4,548,1508.0,142,terminated,1,0,0,2,1508.0,1,1,0,1,0,3,0,6,1,2,0,3,1,2,0,2,2,3,6,1,2,6,3,1,2,3,1,2,1,2
4,549,1718.0,132,terminated,2,0,0,2,1718.0,1,4,2,2,1,4,1,9,2,2,1,5,2,2,1,3,2,4,8,2,2,6,4,2,2,4,2,2,2,2
4,550,1422.0,228,terminated,2,0,0,1,1422.0,1,2,1,1,1,3,1,7,2,1,1,4,2,1,1,2,1,3,6,2,1,7,3,2,1,3,2,1,2,1
4,551,277.0,43,terminated,2,33,1,1,277.0,0,1,1,0,0,2,0,5,2,1,0,3,2,1,0,1,1,2,5,2,1,3,3,2,1,3,2,1,2,1
4,552,1725.0,125,terminated,2,0,0,2,1725.0,1,2,1,1,1,4,1,9,2,2,1,5,2,2,1,3,2,4,8,2,2,7,4,2,2,4,2,2,2,2
4,553,1723.0,127,terminated,2,0,0,2,1723.0,1,2,2,0,0,4,0,8,2,2,0,4,2,2,0,2,2,4,8,2,2,26,4,2,2,4,2,2,2,2
4,554,1507.0,143,terminated,2,0,0,1,1507.0,1,1,0,1,1,3,1,7,2,1,1,4,2,1,1,2,1,3,6,2,1,0,3,2,1,3,2,1,2,1
4,555,1709.0,141,terminated,2,0,0,2,1709.0,1,2,2,0,1,4,1,9,2,2,1,5,2,2,1,3,2,4,8,2,2,0,4,2,2,4,2,2,2,2
4,556,1762.0,88,terminated,2,0,0,2,1762.0,1,3,1,2,0,4,0,8,2,2,0,4,2,2,0,2,2,4,8,2,2,1,4,2,2,4,2,2,2,2
4,557,1740.0,110,terminated,2,0,0,2,1740.0,1,3,2,1,0,4,0,8,2,2,0,4,2,2,0,2,2,4,8,2,2,6,4,2,2,4,2,2,2,2
4,558,430.0,140,terminated,1,8,1,2,430.0,0,2,1,1,1,3,1,7,1,2,1,4,1,2,1,3,2,3,6,1,2,15,3,1,2,3,1,2,1,2
4,559,1750.0,100,terminated,2,0,0,2,1750.0,1,3,1,2,1,4,1,9,2,2,1,5,2,2,1,3,2,4,8,2,2,7,4,2,2,4,2,2,2,2
4,560,540.0,300,truncated,1,11,0,1,540.0,0,0,0,0,0,2,0,4,1,1,0,2,1,1,0,1,1,2,4,1,1,0,2,1,1,2,1,1,1,1
4,561,1685.0,165,terminated,2,0,0,2,1685.0,1,1,1,0,1,3,1,8,2,2,1,5,2,2,1,3,2,3,7,2,2,6,4,2,2,4,2,2,2,2
4,562,1701.0,149,terminated,2,0,0,2,1701.0,1,3,2,1,1,4,1,9,2,2,1,5,2,2,1,3,2,4,8,2,2,6,4,2,2,4,2,2,2,2
4,563,1471.0,179,terminated,1,0,0,2,1471.0,1,3,1,2,1,2,1,6,1,2,1,4,1,2,1,3,2,2,5,1,2,8,3,1,2,3,1,2,1,2
4,564,1709.0,141,terminated,2,0,0,2,1709.0,1,1,0,1,0,3,0,7,2,2,0,4,2,2,0,2,2,3,7,2,2,2,4,2,2,4,2,2,2,2
4,565,1755.0,95,terminated,2,0,0,2,1755.0,1,3,2,1,1,4,1,9,2,2,1,5,2,2,1,3,2,4,8,2,2,8,4,2,2,4,2,2,2,2
4,566,1741.0,109,terminated,2,0,0,2,1741.0,1,3,1,2,1,4,1,9,2,2,1,5,2,2,1,3,2,4,8,2,2,0,4,2,2,4,2,2,2,2
4,567,1721.0,129,terminated,2,0,0,2,1721.0,1,3,1,2,1,3,1,8,2,2,1,5,2,2,1,3,2,3,7,2,2,4,4,2,2,4,2,2,2,2
4,568,1519.0,131,terminated,1,0,0,2,1519.0,1,0,0,0,0,3,0,6,1,2,0,3,1,2,0,2,2,3,6,1,2,0,3,1,2,3,1,2,1,2
4,569,1624.0,226,terminated,2,0,0,2,1624.0,1,1,0,1,1,4,1,9,2,2,1,5,2,2,1,3,2,4,8,2,2,0,4,2,2,4,2,2,2,2
4,570,-176.0,16,terminated,0,41,1,1,-176.0,0,0,0,0,0,1,0,2,0,1,0,1,0,1,0,1,1,1,2,0,1,0,1,0,1,1,0,1,0,1
4,571,1756.0,94,terminated,2,0,0,2,1756.0,1,3,1,2,1,4,1,9,2,2,1,5,2,2,1,3,2,4,8,2,2,1,4,2,2,4,2,2,2,2
4,572,1499.0,151,terminated,1,0,0,2,1499.0,1,1,0,1,1,3,1,7,1,2,1,4,1,2,1,3,2,3,6,1,2,1,3,1,2,3,1,2,1,2
4,573,1705.0,145,terminated,2,0,0,2,1705.0,1,3,2,1,0,4,0,8,2,2,0,4,2,2,0,2,2,4,8,2,2,1,4,2,2,4,2,2,2,2
4,574,1506.0,144,terminated,1,0,0,2,1506.0,1,2,0,2,1,2,1,6,1,2,1,4,1,2,1,3,2,2,5,1,2,2,3,1,2,3,1,2,1,2
4,575,-179.0,19,terminated,1,41,1,0,-179.0,0,0,0,0,1,0,1,2,1,0,1,2,1,0,1,1,0,0,1,1,0,0,1,1,0,1,1,0,1,0
4,576,1753.0,97,terminated,2,0,0,2,1753.0,1,2,0,2,1,4,1,9,2,2,1,5,2,2,1,3,2,4,8,2,2,6,4,2,2,4,2,2,2,2
4,577,1735.0,115,terminated,2,0,0,2,1735.0,1,2,2,0,1,4,1,9,2,2,1,5,2,2,1,3,2,4,8,2,2,1,4,2,2,4,2,2,2,2
4,578,1490.0,160,terminated,1,0,0,2,1490.0,1,3,1,2,1,3,1,7,1,2,1,4,1,2,1,3,2,3,6,1,2,6,3,1,2,3,1,2,1,2
4,579,1668.0,182,terminated,2,0,0,2,1668.0,1,1,1,0,1,4,1,9,2,2,1,5,2,2,1,3,2,4,8,2,2,5,4,2,2,4,2,2,2,2
4,580,33.0,17,terminated,1,40,1,1,33.0,0,0,0,0,0,2,0,4,1,1,0,2,1,1,0,1,1,2,4,1,1,0,2,1,1,2,1,1,1,1
4,581,790.0,300,truncated,2,6,0,1,790.0,0,2,1,1,1,3,1,7,2,1,1,4,2,1,1,2,1,3,6,2,1,9,3,2,1,3,2,1,2,1
4,582,1678.0,172,terminated,2,0,0,2,1678.0,1,1,0,1,0,2,0,6,2,2,0,4,2,2,0,2,2,2,6,2,2,0,4,2,2,4,2,2,2,2
4,583,1718.0,132,terminated,2,0,0,2,1718.0,1,3,2,1,0,4,0,8,2,2,0,4,2,2,0,2,2,4,8,2,2,16,4,2,2,4,2,2,2,2
4,584,377.0,133,terminated,1,14,1,2,377.0,0,3,1,2,1,3,1,7,1,2,1,4,1,2,1,3,2,3,6,1,2,8,3,1,2,3,1,2,1,2
4,585,1704.0,146,terminated,2,0,0,2,1704.0,1,2,0,2,0,4,0,8,2,2,0,4,2,2,0,2,2,4,8,2,2,3,4,2,2,4,2,2,2,2
4,586,1743.0,107,terminated,2,0,0,2,1743.0,1,4,2,2,1,3,1,8,2,2,1,5,2,2,1,3,2,3,7,2,2,5,4,2,2,4,2,2,2,2
4,587,1715.0,135,terminated,2,0,0,2,1715.0,1,3,1,2,1,4,1,9,2,2,1,5,2,2,1,3,2,4,8,2,2,15,4,2,2,4,2,2,2,2
4,588,710.0,90,terminated,2,5,1,2,710.0,0,2,1,1,1,4,1,9,2,2,1,5,2,2,1,3,2,4,8,2,2,2,4,2,2,4,2,2,2,2
4,589,1702.0,148,terminated,2,0,0,2,1702.0,1,0,0,0,0,4,0,8,2,2,0,4,2,2,0,2,2,4,8,2,2,0,4,2,2,4,2,2,2,2
4,590,1727.0,123,terminated,2,0,0,2,1727.0,1,1,0,1,1,4,1,9,2,2,1,5,2,2,1,3,2,4,8,2,2,1,4,2,2,4,2,2,2,2
4,591,1527.0,123,terminated,1,0,0,2,1527.0,1,1,1,0,0,3,0,6,1,2,0,3,1,2,0,2,2,3,6,1,2,7,3,1,2,3,1,2,1,2
4,592,1752.0,98,terminated,2,0,0,2,1752.0,1,3,1,2,1,4,1,9,2,2,1,5,2,2,1,3,2,4,8,2,2,5,4,2,2,4,2,2,2,2
4,593,-178.0,18,terminated,1,41,1,0,-178.0,0,0,0,0,1,0,1,2,1,0,1,2,1,0,1,1,0,0,1,1,0,0,1,1,0,1,1,0,1,0
4,594,-181.0,21,terminated,1,41,1,0,-181.0,0,0,0,0,0,1,0,2,1,0,0,1,1,0,0,0,0,1,2,1,0,0,1,1,0,1,1,0,1,0
4,595,1736.0,114,terminated,2,0,0,2,1736.0,1,3,2,1,1,3,1,8,2,2,1,5,2,2,1,3,2,3,7,2,2,7,4,2,2,4,2,2,2,2
4,596,1709.0,141,terminated,2,0,0,2,1709.0,1,3,2,1,1,4,1,9,2,2,1,5,2,2,1,3,2,4,8,2,2,0,4,2,2,4,2,2,2,2
4,597,1732.0,118,terminated,2,0,0,2,1732.0,1,3,2,1,1,4,1,9,2,2,1,5,2,2,1,3,2,4,8,2,2,13,4,2,2,4,2,2,2,2
4,598,1681.0,169,terminated,2,0,0,2,1681.0,1,2,2,0,1,4,1,9,2,2,1,5,2,2,1,3,2,4,8,2,2,5,4,2,2,4,2,2,2,2
4,599,1729.0,121,terminated,2,0,0,2,1729.0,1,1,1,0,1,3,1,8,2,2,1,5,2,2,1,3,2,3,7,2,2,6,4,2,2,4,2,2,2,2
4,600,1608.0,242,terminated,2,0,0,2,1608.0,1,3,1,2,0,4,0,8,2,2,0,4,2,2,0,2,2,4,8,2,2,6,4,2,2,4,2,2,2,2
4,601,1490.0,160,terminated,2,0,0,1,1490.0,1,1,1,0,0,3,0,6,2,1,0,3,2,1,0,1,1,3,6,2,1,38,3,2,1,3,2,1,2,1
4,602,1744.0,106,terminated,2,0,0,2,1744.0,1,1,0,1,1,3,1,8,2,2,1,5,2,2,1,3,2,3,7,2,2,0,4,2,2,4,2,2,2,2
4,603,1710.0,140,terminated,2,0,0,2,1710.0,1,1,1,0,0,4,0,8,2,2,0,4,2,2,0,2,2,4,8,2,2,3,4,2,2,4,2,2,2,2
4,604,1501.0,149,terminated,2,0,0,1,1501.0,1,2,1,1,1,3,1,7,2,1,1,4,2,1,1,2,1,3,6,2,1,7,3,2,1,3,2,1,2,1
4,605,33.0,17,terminated,1,40,1,1,33.0,0,0,0,0,0,2,0,4,1,1,0,2,1,1,0,1,1,2,4,1,1,0,2,1,1,2,1,1,1,1
4,606,1711.0,139,terminated,2,0,0,2,1711.0,1,1,0,1,1,3,1,8,2,2,1,5,2,2,1,3,2,3,7,2,2,3,4,2,2,4,2,2,2,2
4,607,620.0,70,terminated,2,16,1,2,620.0,0,3,2,1,1,4,1,9,2,2,1,5,2,2,1,3,2,4,8,2,2,0,4,2,2,4,2,2,2,2
4,608,1526.0,124,terminated,1,0,0,2,1526.0,1,1,1,0,1,3,1,7,1,2,1,4,1,2,1,3,2,3,6,1,2,3,3,1,2,3,1,2,1,2
4,609,679.0,101,terminated,2,7,1,2,679.0,0,1,0,1,0,4,0,8,2,2,0,4,2,2,0,2,2,4,8,2,2,0,4,2,2,4,2,2,2,2
4,610,1529.0,121,terminated,2,0,0,1,1529.0,1,2,1,1,1,3,1,7,2,1,1,4,2,1,1,2,1,3,6,2,1,6,3,2,1,3,2,1,2,1
4,611,1491.0,159,terminated,1,0,0,2,1491.0,1,2,0,2,0,3,0,6,1,2,0,3,1,2,0,2,2,3,6,1,2,5,3,1,2,3,1,2,1,2
4,612,1701.0,149,terminated,2,0,0,2,1701.0,1,1,0,1,0,3,0,7,2,2,0,4,2,2,0,2,2,3,7,2,2,0,4,2,2,4,2,2,2,2
4,613,1686.0,164,terminated,2,0,0,2,1686.0,1,2,1,1,0,4,0,8,2,2,0,4,2,2,0,2,2,4,8,2,2,0,4,2,2,4,2,2,2,2
4,614,27.0,33,terminated,1,39,1,1,27.0,0,2,1,1,1,1,1,4,1,1,1,3,1,1,1,2,1,1,3,1,1,8,2,1,1,2,1,1,1,1
4,615,1754.0,96,terminated,2,0,0,2,1754.0,1,3,2,1,1,4,1,9,2,2,1,5,2,2,1,3,2,4,8,2,2,8,4,2,2,4,2,2,2,2
4,616,405.0,145,terminated,2,10,1,1,405.0,0,1,1,0,0,3,0,6,2,1,0,3,2,1,0,1,1,3,6,2,1,0,3,2,1,3,2,1,2,1
4,617,1708.0,142,terminated,2,0,0,2,1708.0,1,1,0,1,1,4,1,9,2,2,1,5,2,2,1,3,2,4,8,2,2,0,4,2,2,4,2,2,2,2
4,618,669.0,121,terminated,2,6,1,2,669.0,0,1,1,0,1,4,1,9,2,2,1,5,2,2,1,3,2,4,8,2,2,1,4,2,2,4,2,2,2,2
4,619,1683.0,167,terminated,2,0,0,2,1683.0,1,2,0,2,0,4,0,8,2,2,0,4,2,2,0,2,2,4,8,2,2,1,4,2,2,4,2,2,2,2
4,620,1771.0,79,terminated,2,0,0,2,1771.0,1,0,0,0,0,4,0,8,2,2,0,4,2,2,0,2,2,4,8,2,2,0,4,2,2,4,2,2,2,2
4,621,1710.0,140,terminated,2,0,0,2,1710.0,1,3,1,2,1,4,1,9,2,2,1,5,2,2,1,3,2,4,8,2,2,0,4,2,2,4,2,2,2,2
4,622,1705.0,145,terminated,2,0,0,2,1705.0,1,3,1,2,0,4,0,8,2,2,0,4,2,2,0,2,2,4,8,2,2,6,4,2,2,4,2,2,2,2
4,623,1664.0,186,terminated,2,0,0,2,1664.0,1,2,1,1,1,3,1,8,2,2,1,5,2,2,1,3,2,3,7,2,2,8,4,2,2,4,2,2,2,2
4,624,1530.0,120,terminated,1,0,0,2,1530.0,1,1,0,1,1,3,1,7,1,2,1,4,1,2,1,3,2,3,6,1,2,0,3,1,2,3,1,2,1,2
4,625,1472.0,178,terminated,1,0,0,2,1472.0,1,0,0,0,1,3,1,7,1,2,1,4,1,2,1,3,2,3,6,1,2,42,3,1,2,3,1,2,1,2
4,626,1709.0,141,terminated,2,0,0,2,1709.0,1,4,2,2,1,4,1,9,2,2,1,5,2,2,1,3,2,4,8,2,2,17,4,2,2,4,2,2,2,2
4,627,1742.0,108,terminated,2,0,0,2,1742.0,1,2,1,1,1,3,1,8,2,2,1,5,2,2,1,3,2,3,7,2,2,0,4,2,2,4,2,2,2,2
4,628,-171.0,21,terminated,0,40,1,1,-171.0,0,1,0,1,1,0,1,2,0,1,1,2,0,1,1,2,1,0,1,0,1,5,1,0,1,1,0,1,0,1
4,629,1713.0,137,terminated,2,0,0,2,1713.0,1,1,0,1,0,4,0,8,2,2,0,4,2,2,0,2,2,4,8,2,2,0,4,2,2,4,2,2,2,2
4,630,1731.0,119,terminated,2,0,0,2,1731.0,1,1,0,1,0,3,0,7,2,2,0,4,2,2,0,2,2,3,7,2,2,0,4,2,2,4,2,2,2,2
4,631,1683.0,167,terminated,2,0,0,2,1683.0,1,2,0,2,0,4,0,8,2,2,0,4,2,2,0,2,2,4,8,2,2,0,4,2,2,4,2,2,2,2
4,632,1656.0,194,terminated,2,0,0,2,1656.0,1,0,0,0,1,4,1,9,2,2,1,5,2,2,1,3,2,4,8,2,2,3,4,2,2,4,2,2,2,2
4,633,1637.0,213,terminated,2,0,0,2,1637.0,1,2,1,1,1,4,1,9,2,2,1,5,2,2,1,3,2,4,8,2,2,7,4,2,2,4,2,2,2,2
4,634,1607.0,243,terminated,2,0,0,2,1607.0,1,1,0,1,1,3,1,8,2,2,1,5,2,2,1,3,2,3,7,2,2,8,4,2,2,4,2,2,2,2
4,635,1760.0,90,terminated,2,0,0,2,1760.0,1,4,2,2,1,4,1,9,2,2,1,5,2,2,1,3,2,4,8,2,2,9,4,2,2,4,2,2,2,2
4,636,1686.0,164,terminated,2,0,0,2,1686.0,1,3,2,1,1,4,1,9,2,2,1,5,2,2,1,3,2,4,8,2,2,2,4,2,2,4,2,2,2,2
4,637,1724.0,126,terminated,2,0,0,2,1724.0,1,2,1,1,1,2,1,7,2,2,1,5,2,2,1,3,2,2,6,2,2,0,4,2,2,4,2,2,2,2
4,638,23.0,27,terminated,1,40,1,1,23.0,0,0,0,0,1,2,1,5,1,1,1,3,1,1,1,2,1,2,4,1,1,4,2,1,1,2,1,1,1,1
4,639,1735.0,115,terminated,2,0,0,2,1735.0,1,2,0,2,1,4,1,9,2,2,1,5,2,2,1,3,2,4,8,2,2,5,4,2,2,4,2,2,2,2
4,640,1713.0,137,terminated,2,0,0,2,1713.0,1,3,1,2,1,4,1,9,2,2,1,5,2,2,1,3,2,4,8,2,2,11,4,2,2,4,2,2,2,2
4,641,1752.0,98,terminated,2,0,0,2,1752.0,1,3,2,1,1,4,1,9,2,2,1,5,2,2,1,3,2,4,8,2,2,6,4,2,2,4,2,2,2,2
4,642,1520.0,130,terminated,2,0,0,1,1520.0,1,1,1,0,1,2,1,6,2,1,1,4,2,1,1,2,1,2,5,2,1,0,3,2,1,3,2,1,2,1
4,643,600.0,70,terminated,2,18,1,2,600.0,0,3,2,1,1,4,1,9,2,2,1,5,2,2,1,3,2,4,8,2,2,4,4,2,2,4,2,2,2,2
4,644,1694.0,156,terminated,2,0,0,2,1694.0,1,2,2,0,0,3,0,7,2,2,0,4,2,2,0,2,2,3,7,2,2,4,4,2,2,4,2,2,2,2
4,645,1545.0,105,terminated,1,0,0,2,1545.0,1,1,0,1,1,3,1,7,1,2,1,4,1,2,1,3,2,3,6,1,2,22,3,1,2,3,1,2,1,2
4,646,1704.0,146,terminated,2,0,0,2,1704.0,1,0,0,0,1,3,1,8,2,2,1,5,2,2,1,3,2,3,7,2,2,0,4,2,2,4,2,2,2,2
4,647,1732.0,118,terminated,2,0,0,2,1732.0,1,2,2,0,0,4,0,8,2,2,0,4,2,2,0,2,2,4,8,2,2,0,4,2,2,4,2,2,2,2
4,648,1678.0,172,terminated,2,0,0,2,1678.0,1,2,2,0,1,4,1,9,2,2,1,5,2,2,1,3,2,4,8,2,2,6,4,2,2,4,2,2,2,2
4,649,1732.0,118,terminated,2,0,0,2,1732.0,1,2,1,1,1,4,1,9,2,2,1,5,2,2,1,3,2,4,8,2,2,6,4,2,2,4,2,2,2,2
4,650,1714.0,136,terminated,2,0,0,2,1714.0,1,2,0,2,0,4,0,8,2,2,0,4,2,2,0,2,2,4,8,2,2,7,4,2,2,4,2,2,2,2
4,651,1743.0,107,terminated,2,0,0,2,1743.0,1,3,1,2,1,4,1,9,2,2,1,5,2,2,1,3,2,4,8,2,2,3,4,2,2,4,2,2,2,2
4,652,1744.0,106,terminated,2,0,0,2,1744.0,1,1,0,1,1,4,1,9,2,2,1,5,2,2,1,3,2,4,8,2,2,0,4,2,2,4,2,2,2,2
4,653,1737.0,113,terminated,2,0,0,2,1737.0,1,1,1,0,0,3,0,7,2,2,0,4,2,2,0,2,2,3,7,2,2,4,4,2,2,4,2,2,2,2
4,654,1732.0,118,terminated,2,0,0,2,1732.0,1,1,1,0,1,4,1,9,2,2,1,5,2,2,1,3,2,4,8,2,2,0,4,2,2,4,2,2,2,2
4,655,1542.0,108,terminated,1,0,0,2,1542.0,1,1,0,1,1,3,1,7,1,2,1,4,1,2,1,3,2,3,6,1,2,0,3,1,2,3,1,2,1,2
4,656,1689.0,161,terminated,2,0,0,2,1689.0,1,3,2,1,1,3,1,8,2,2,1,5,2,2,1,3,2,3,7,2,2,11,4,2,2,4,2,2,2,2
4,657,1733.0,117,terminated,2,0,0,2,1733.0,1,3,2,1,1,4,1,9,2,2,1,5,2,2,1,3,2,4,8,2,2,7,4,2,2,4,2,2,2,2
4,658,1742.0,108,terminated,2,0,0,2,1742.0,1,1,0,1,0,4,0,8,2,2,0,4,2,2,0,2,2,4,8,2,2,7,4,2,2,4,2,2,2,2
4,659,1498.0,152,terminated,1,0,0,2,1498.0,1,0,0,0,1,3,1,7,1,2,1,4,1,2,1,3,2,3,6,1,2,0,3,1,2,3,1,2,1,2
4,660,1757.0,93,terminated,2,0,0,2,1757.0,1,3,2,1,1,3,1,8,2,2,1,5,2,2,1,3,2,3,7,2,2,8,4,2,2,4,2,2,2,2
4,661,1731.0,119,terminated,2,0,0,2,1731.0,1,2,1,1,1,3,1,8,2,2,1,5,2,2,1,3,2,3,7,2,2,0,4,2,2,4,2,2,2,2
4,662,1459.0,191,terminated,2,0,0,1,1459.0,1,1,1,0,0,3,0,6,2,1,0,3,2,1,0,1,1,3,6,2,1,0,3,2,1,3,2,1,2,1
4,663,1740.0,110,terminated,2,0,0,2,1740.0,1,3,2,1,1,4,1,9,2,2,1,5,2,2,1,3,2,4,8,2,2,5,4,2,2,4,2,2,2,2
4,664,1739.0,111,terminated,2,0,0,2,1739.0,1,2,1,1,1,4,1,9,2,2,1,5,2,2,1,3,2,4,8,2,2,8,4,2,2,4,2,2,2,2
4,665,1751.0,99,terminated,2,0,0,2,1751.0,1,2,1,1,1,3,1,8,2,2,1,5,2,2,1,3,2,3,7,2,2,9,4,2,2,4,2,2,2,2
4,666,17.0,23,terminated,1,41,1,1,17.0,0,1,1,0,0,2,0,4,1,1,0,2,1,1,0,1,1,2,4,1,1,1,2,1,1,2,1,1,1,1
4,667,1750.0,100,terminated,2,0,0,2,1750.0,1,2,1,1,0,3,0,7,2,2,0,4,2,2,0,2,2,3,7,2,2,0,4,2,2,4,2,2,2,2
4,668,1539.0,111,terminated,1,0,0,2,1539.0,1,1,0,1,0,3,0,6,1,2,0,3,1,2,0,2,2,3,6,1,2,4,3,1,2,3,1,2,1,2
4,669,1754.0,96,terminated,2,0,0,2,1754.0,1,0,0,0,0,4,0,8,2,2,0,4,2,2,0,2,2,4,8,2,2,0,4,2,2,4,2,2,2,2
4,670,1766.0,84,terminated,2,0,0,2,1766.0,1,3,2,1,1,4,1,9,2,2,1,5,2,2,1,3,2,4,8,2,2,7,4,2,2,4,2,2,2,2
4,671,-178.0,18,terminated,1,41,1,0,-178.0,0,0,0,0,1,0,1,2,1,0,1,2,1,0,1,1,0,0,1,1,0,0,1,1,0,1,1,0,1,0
4,672,1525.0,125,terminated,2,0,0,1,1525.0,1,2,1,1,1,2,1,6,2,1,1,4,2,1,1,2,1,2,5,2,1,4,3,2,1,3,2,1,2,1
4,673,1702.0,148,terminated,2,0,0,2,1702.0,1,3,2,1,1,4,1,9,2,2,1,5,2,2,1,3,2,4,8,2,2,5,4,2,2,4,2,2,2,2
4,674,1733.0,117,terminated,2,0,0,2,1733.0,1,2,0,2,0,4,0,8,2,2,0,4,2,2,0,2,2,4,8,2,2,0,4,2,2,4,2,2,2,2
4,675,1722.0,128,terminated,2,0,0,2,1722.0,1,4,2,2,1,3,1,8,2,2,1,5,2,2,1,3,2,3,7,2,2,0,4,2,2,4,2,2,2,2
4,676,595.0,125,terminated,2,13,1,2,595.0,0,2,1,1,0,4,0,8,2,2,0,4,2,2,0,2,2,4,8,2,2,0,4,2,2,4,2,2,2,2
4,677,1648.0,202,terminated,2,0,0,2,1648.0,1,1,1,0,1,3,1,8,2,2,1,5,2,2,1,3,2,3,7,2,2,0,4,2,2,4,2,2,2,2
4,678,640.0,300,truncated,1,1,0,1,640.0,0,0,0,0,1,2,1,5,1,1,1,3,1,1,1,2,1,2,4,1,1,8,2,1,1,2,1,1,1,1
4,679,1729.0,121,terminated,2,0,0,2,1729.0,1,2,1,1,1,4,1,9,2,2,1,5,2,2,1,3,2,4,8,2,2,6,4,2,2,4,2,2,2,2
4,680,1482.0,168,terminated,2,0,0,1,1482.0,1,0,0,0,0,3,0,6,2,1,0,3,2,1,0,1,1,3,6,2,1,0,3,2,1,3,2,1,2,1
4,681,1735.0,115,terminated,2,0,0,2,1735.0,1,3,1,2,1,3,1,8,2,2,1,5,2,2,1,3,2,3,7,2,2,6,4,2,2,4,2,2,2,2
4,682,1541.0,109,terminated,2,0,0,1,1541.0,1,1,1,0,0,3,0,6,2,1,0,3,2,1,0,1,1,3,6,2,1,2,3,2,1,3,2,1,2,1
4,683,1704.0,146,terminated,2,0,0,2,1704.0,1,2,1,1,0,4,0,8,2,2,0,4,2,2,0,2,2,4,8,2,2,0,4,2,2,4,2,2,2,2
4,684,1467.0,183,terminated,1,0,0,2,1467.0,1,1,0,1,1,3,1,7,1,2,1,4,1,2,1,3,2,3,6,1,2,2,3,1,2,3,1,2,1,2
4,685,1708.0,142,terminated,2,0,0,2,1708.0,1,0,0,0,1,4,1,9,2,2,1,5,2,2,1,3,2,4,8,2,2,0,4,2,2,4,2,2,2,2
4,686,1742.0,108,terminated,2,0,0,2,1742.0,1,2,1,1,1,4,1,9,2,2,1,5,2,2,1,3,2,4,8,2,2,7,4,2,2,4,2,2,2,2
4,687,601.0,129,terminated,2,12,1,2,601.0,0,2,2,0,1,4,1,9,2,2,1,5,2,2,1,3,2,4,8,2,2,5,4,2,2,4,2,2,2,2
4,688,1538.0,112,terminated,1,0,0,2,1538.0,1,1,1,0,0,3,0,6,1,2,0,3,1,2,0,2,2,3,6,1,2,11,3,1,2,3,1,2,1,2
4,689,1736.0,114,terminated,2,0,0,2,1736.0,1,1,0,1,0,3,0,7,2,2,0,4,2,2,0,2,2,3,7,2,2,0,4,2,2,4,2,2,2,2
4,690,1734.0,116,terminated,2,0,0,2,1734.0,1,3,2,1,0,2,0,6,2,2,0,4,2,2,0,2,2,2,6,2,2,0,4,2,2,4,2,2,2,2
4,691,1538.0,112,terminated,2,0,0,1,1538.0,1,0,0,0,1,3,1,7,2,1,1,4,2,1,1,2,1,3,6,2,1,0,3,2,1,3,2,1,2,1
4,692,1718.0,132,terminated,2,0,0,2,1718.0,1,1,0,1,0,3,0,7,2,2,0,4,2,2,0,2,2,3,7,2,2,0,4,2,2,4,2,2,2,2
4,693,1696.0,154,terminated,2,0,0,2,1696.0,1,3,1,2,1,4,1,9,2,2,1,5,2,2,1,3,2,4,8,2,2,8,4,2,2,4,2,2,2,2
4,694,29.0,21,terminated,1,40,1,1,29.0,0,0,0,0,1,1,1,4,1,1,1,3,1,1,1,2,1,1,3,1,1,0,2,1,1,2,1,1,1,1
4,695,1725.0,125,terminated,2,0,0,2,1725.0,1,1,1,0,0,4,0,8,2,2,0,4,2,2,0,2,2,4,8,2,2,0,4,2,2,4,2,2,2,2
4,696,1727.0,123,terminated,2,0,0,2,1727.0,1,2,1,1,0,4,0,8,2,2,0,4,2,2,0,2,2,4,8,2,2,0,4,2,2,4,2,2,2,2
4,697,1759.0,91,terminated,2,0,0,2,1759.0,1,2,1,1,1,4,1,9,2,2,1,5,2,2,1,3,2,4,8,2,2,8,4,2,2,4,2,2,2,2
4,698,1661.0,189,terminated,2,0,0,2,1661.0,1,4,2,2,1,4,1,9,2,2,1,5,2,2,1,3,2,4,8,2,2,12,4,2,2,4,2,2,2,2
4,699,1754.0,96,terminated,2,0,0,2,1754.0,1,3,2,1,1,4,1,9,2,2,1,5,2,2,1,3,2,4,8,2,2,0,4,2,2,4,2,2,2,2
4,700,477.0,43,terminated,2,33,1,2,477.0,0,2,1,1,0,3,0,7,2,2,0,4,2,2,0,2,2,3,7,2,2,7,4,2,2,4,2,2,2,2
4,701,702.0,138,terminated,2,1,1,2,702.0,0,2,1,1,0,4,0,8,2,2,0,4,2,2,0,2,2,4,8,2,2,0,4,2,2,4,2,2,2,2
4,702,1744.0,106,terminated,2,0,0,2,1744.0,1,1,0,1,0,4,0,8,2,2,0,4,2,2,0,2,2,4,8,2,2,0,4,2,2,4,2,2,2,2
4,703,1521.0,129,terminated,2,0,0,1,1521.0,1,1,1,0,0,3,0,6,2,1,0,3,2,1,0,1,1,3,6,2,1,22,3,2,1,3,2,1,2,1
4,704,1705.0,145,terminated,2,0,0,2,1705.0,1,3,1,2,1,4,1,9,2,2,1,5,2,2,1,3,2,4,8,2,2,6,4,2,2,4,2,2,2,2
4,705,328.0,42,terminated,2,28,1,1,328.0,0,1,1,0,1,2,1,6,2,1,1,4,2,1,1,2,1,2,5,2,1,7,3,2,1,3,2,1,2,1
4,706,1656.0,194,terminated,2,0,0,2,1656.0,1,2,0,2,1,4,1,9,2,2,1,5,2,2,1,3,2,4,8,2,2,3,4,2,2,4,2,2,2,2
4,707,1749.0,101,terminated,2,0,0,2,1749.0,1,3,2,1,0,4,0,8,2,2,0,4,2,2,0,2,2,4,8,2,2,0,4,2,2,4,2,2,2,2
4,708,1764.0,86,terminated,2,0,0,2,1764.0,1,4,2,2,1,3,1,8,2,2,1,5,2,2,1,3,2,3,7,2,2,5,4,2,2,4,2,2,2,2
4,709,-167.0,17,terminated,0,40,1,1,-167.0,0,0,0,0,0,1,0,2,0,1,0,1,0,1,0,1,1,1,2,0,1,1,1,0,1,1,0,1,0,1
4,710,1664.0,186,terminated,2,0,0,2,1664.0,1,2,1,1,1,4,1,9,2,2,1,5,2,2,1,3,2,4,8,2,2,0,4,2,2,4,2,2,2,2
4,711,1729.0,121,terminated,2,0,0,2,1729.0,1,4,2,2,1,3,1,8,2,2,1,5,2,2,1,3,2,3,7,2,2,5,4,2,2,4,2,2,2,2
4,712,1735.0,115,terminated,2,0,0,2,1735.0,1,4,2,2,1,4,1,9,2,2,1,5,2,2,1,3,2,4,8,2,2,1,4,2,2,4,2,2,2,2
4,713,479.0,51,terminated,2,32,1,2,479.0,0,1,1,0,1,3,1,8,2,2,1,5,2,2,1,3,2,3,7,2,2,0,4,2,2,4,2,2,2,2
4,714,1752.0,98,terminated,2,0,0,2,1752.0,1,2,1,1,1,4,1,9,2,2,1,5,2,2,1,3,2,4,8,2,2,0,4,2,2,4,2,2,2,2
4,715,1739.0,111,terminated,2,0,0,2,1739.0,1,3,2,1,1,4,1,9,2,2,1,5,2,2,1,3,2,4,8,2,2,8,4,2,2,4,2,2,2,2
4,716,1704.0,146,terminated,2,0,0,2,1704.0,1,1,0,1,1,4,1,9,2,2,1,5,2,2,1,3,2,4,8,2,2,1,4,2,2,4,2,2,2,2
4,717,303.0,37,terminated,1,31,1,2,303.0,0,3,1,2,1,2,1,6,1,2,1,4,1,2,1,3,2,2,5,1,2,6,3,1,2,3,1,2,1,2
4,718,1570.0,280,terminated,2,0,0,2,1570.0,1,2,0,2,1,3,1,8,2,2,1,5,2,2,1,3,2,3,7,2,2,4,4,2,2,4,2,2,2,2
4,719,32.0,18,terminated,1,40,1,1,32.0,0,0,0,0,0,1,0,3,1,1,0,2,1,1,0,1,1,1,3,1,1,0,2,1,1,2,1,1,1,1
4,720,1710.0,140,terminated,2,0,0,2,1710.0,1,1,0,1,1,4,1,9,2,2,1,5,2,2,1,3,2,4,8,2,2,7,4,2,2,4,2,2,2,2
4,721,1743.0,107,terminated,2,0,0,2,1743.0,1,3,2,1,0,4,0,8,2,2,0,4,2,2,0,2,2,4,8,2,2,7,4,2,2,4,2,2,2,2
4,722,571.0,79,terminated,2,20,1,2,571.0,0,4,2,2,1,3,1,8,2,2,1,5,2,2,1,3,2,3,7,2,2,10,4,2,2,4,2,2,2,2
4,723,1742.0,108,terminated,2,0,0,2,1742.0,1,4,2,2,1,4,1,9,2,2,1,5,2,2,1,3,2,4,8,2,2,11,4,2,2,4,2,2,2,2
4,724,1735.0,115,terminated,2,0,0,2,1735.0,1,2,2,0,1,4,1,9,2,2,1,5,2,2,1,3,2,4,8,2,2,1,4,2,2,4,2,2,2,2
4,725,1728.0,122,terminated,2,0,0,2,1728.0,1,2,1,1,0,3,0,7,2,2,0,4,2,2,0,2,2,3,7,2,2,0,4,2,2,4,2,2,2,2
4,726,1735.0,115,terminated,2,0,0,2,1735.0,1,2,2,0,1,4,1,9,2,2,1,5,2,2,1,3,2,4,8,2,2,1,4,2,2,4,2,2,2,2
4,727,1764.0,86,terminated,2,0,0,2,1764.0,1,2,0,2,0,4,0,8,2,2,0,4,2,2,0,2,2,4,8,2,2,7,4,2,2,4,2,2,2,2
4,728,1729.0,121,terminated,2,0,0,2,1729.0,1,1,1,0,0,4,0,8,2,2,0,4,2,2,0,2,2,4,8,2,2,0,4,2,2,4,2,2,2,2
4,729,1726.0,124,terminated,2,0,0,2,1726.0,1,1,1,0,0,4,0,8,2,2,0,4,2,2,0,2,2,4,8,2,2,0,4,2,2,4,2,2,2,2
4,730,1020.0,300,truncated,2,3,0,2,1020.0,0,1,1,0,0,4,0,8,2,2,0,4,2,2,0,2,2,4,8,2,2,7,4,2,2,4,2,2,2,2
4,731,1712.0,138,terminated,2,0,0,2,1712.0,1,2,1,1,1,3,1,8,2,2,1,5,2,2,1,3,2,3,7,2,2,2,4,2,2,4,2,2,2,2
4,732,1700.0,150,terminated,2,0,0,2,1700.0,1,2,1,1,1,4,1,9,2,2,1,5,2,2,1,3,2,4,8,2,2,1,4,2,2,4,2,2,2,2
4,733,1629.0,221,terminated,2,0,0,2,1629.0,1,3,1,2,1,3,1,8,2,2,1,5,2,2,1,3,2,3,7,2,2,8,4,2,2,4,2,2,2,2
4,734,1530.0,120,terminated,2,0,0,1,1530.0,1,2,1,1,1,3,1,7,2,1,1,4,2,1,1,2,1,3,6,2,1,5,3,2,1,3,2,1,2,1
4,735,-178.0,18,terminated,1,41,1,0,-178.0,0,0,0,0,1,0,1,2,1,0,1,2,1,0,1,1,0,0,1,1,0,0,1,1,0,1,1,0,1,0
4,736,1211.0,239,terminated,1,0,0,1,1211.0,1,1,1,0,0,1,0,3,1,1,0,2,1,1,0,1,1,1,3,1,1,4,2,1,1,2,1,1,1,1
4,737,1714.0,136,terminated,2,0,0,2,1714.0,1,1,0,1,1,3,1,8,2,2,1,5,2,2,1,3,2,3,7,2,2,2,4,2,2,4,2,2,2,2
4,738,1740.0,110,terminated,2,0,0,2,1740.0,1,0,0,0,1,3,1,8,2,2,1,5,2,2,1,3,2,3,7,2,2,0,4,2,2,4,2,2,2,2
4,739,33.0,17,terminated,1,40,1,1,33.0,0,0,0,0,0,2,0,4,1,1,0,2,1,1,0,1,1,2,4,1,1,0,2,1,1,2,1,1,1,1
4,740,1744.0,106,terminated,2,0,0,2,1744.0,1,2,1,1,1,4,1,9,2,2,1,5,2,2,1,3,2,4,8,2,2,4,4,2,2,4,2,2,2,2
4,741,1741.0,109,terminated,2,0,0,2,1741.0,1,4,2,2,1,4,1,9,2,2,1,5,2,2,1,3,2,4,8,2,2,9,4,2,2,4,2,2,2,2
4,742,1725.0,125,terminated,2,0,0,2,1725.0,1,3,1,2,1,4,1,9,2,2,1,5,2,2,1,3,2,4,8,2,2,15,4,2,2,4,2,2,2,2
4,743,1707.0,143,terminated,2,0,0,2,1707.0,1,2,1,1,1,2,1,7,2,2,1,5,2,2,1,3,2,2,6,2,2,0,4,2,2,4,2,2,2,2
4,744,1685.0,165,terminated,2,0,0,2,1685.0,1,4,2,2,1,4,1,9,2,2,1,5,2,2,1,3,2,4,8,2,2,7,4,2,2,4,2,2,2,2
4,745,1733.0,117,terminated,2,0,0,2,1733.0,1,2,1,1,1,4,1,9,2,2,1,5,2,2,1,3,2,4,8,2,2,1,4,2,2,4,2,2,2,2
4,746,1511.0,139,terminated,1,0,0,2,1511.0,1,1,0,1,1,3,1,7,1,2,1,4,1,2,1,3,2,3,6,1,2,1,3,1,2,3,1,2,1,2
4,747,1754.0,96,terminated,2,0,0,2,1754.0,1,2,1,1,0,4,0,8,2,2,0,4,2,2,0,2,2,4,8,2,2,0,4,2,2,4,2,2,2,2
4,748,1725.0,125,terminated,2,0,0,2,1725.0,1,2,1,1,1,3,1,8,2,2,1,5,2,2,1,3,2,3,7,2,2,5,4,2,2,4,2,2,2,2
4,749,1745.0,105,terminated,2,0,0,2,1745.0,1,2,1,1,0,4,0,8,2,2,0,4,2,2,0,2,2,4,8,2,2,3,4,2,2,4,2,2,2,2
4,750,1712.0,138,terminated,2,0,0,2,1712.0,1,1,0,1,1,4,1,9,2,2,1,5,2,2,1,3,2,4,8,2,2,0,4,2,2,4,2,2,2,2
4,751,1733.0,117,terminated,2,0,0,2,1733.0,1,2,1,1,1,4,1,9,2,2,1,5,2,2,1,3,2,4,8,2,2,7,4,2,2,4,2,2,2,2
4,752,1747.0,103,terminated,2,0,0,2,1747.0,1,2,1,1,1,3,1,8,2,2,1,5,2,2,1,3,2,3,7,2,2,0,4,2,2,4,2,2,2,2
4,753,1646.0,204,terminated,2,0,0,2,1646.0,1,2,0,2,1,4,1,9,2,2,1,5,2,2,1,3,2,4,8,2,2,1,4,2,2,4,2,2,2,2
4,754,1735.0,115,terminated,2,0,0,2,1735.0,1,2,0,2,0,3,0,7,2,2,0,4,2,2,0,2,2,3,7,2,2,2,4,2,2,4,2,2,2,2
4,755,1764.0,86,terminated,2,0,0,2,1764.0,1,1,0,1,0,4,0,8,2,2,0,4,2,2,0,2,2,4,8,2,2,0,4,2,2,4,2,2,2,2
4,756,1663.0,187,terminated,2,0,0,2,1663.0,1,3,1,2,1,4,1,9,2,2,1,5,2,2,1,3,2,4,8,2,2,3,4,2,2,4,2,2,2,2
4,757,1587.0,263,terminated,2,0,0,2,1587.0,1,1,1,0,0,4,0,8,2,2,0,4,2,2,0,2,2,4,8,2,2,0,4,2,2,4,2,2,2,2
4,758,1542.0,108,terminated,2,0,0,1,1542.0,1,2,1,1,1,3,1,7,2,1,1,4,2,1,1,2,1,3,6,2,1,5,3,2,1,3,2,1,2,1
4,759,27.0,23,terminated,1,40,1,1,27.0,0,0,0,0,0,2,0,4,1,1,0,2,1,1,0,1,1,2,4,1,1,1,2,1,1,2,1,1,1,1
4,760,1743.0,107,terminated,2,0,0,2,1743.0,1,3,1,2,1,4,1,9,2,2,1,5,2,2,1,3,2,4,8,2,2,1,4,2,2,4,2,2,2,2
4,761,1759.0,91,terminated,2,0,0,2,1759.0,1,1,1,0,1,4,1,9,2,2,1,5,2,2,1,3,2,4,8,2,2,1,4,2,2,4,2,2,2,2
4,762,1739.0,111,terminated,2,0,0,2,1739.0,1,3,2,1,1,4,1,9,2,2,1,5,2,2,1,3,2,4,8,2,2,1,4,2,2,4,2,2,2,2
4,763,609.0,161,terminated,2,8,1,2,609.0,0,3,2,1,1,4,1,9,2,2,1,5,2,2,1,3,2,4,8,2,2,8,4,2,2,4,2,2,2,2
4,764,1739.0,111,terminated,2,0,0,2,1739.0,1,3,2,1,1,4,1,9,2,2,1,5,2,2,1,3,2,4,8,2,2,8,4,2,2,4,2,2,2,2
4,765,1496.0,154,terminated,1,0,0,2,1496.0,1,1,0,1,1,3,1,7,1,2,1,4,1,2,1,3,2,3,6,1,2,23,3,1,2,3,1,2,1,2
4,766,652.0,128,terminated,2,7,1,2,652.0,0,4,2,2,1,3,1,8,2,2,1,5,2,2,1,3,2,3,7,2,2,2,4,2,2,4,2,2,2,2
4,767,1717.0,133,terminated,2,0,0,2,1717.0,1,4,2,2,1,3,1,8,2,2,1,5,2,2,1,3,2,3,7,2,2,4,4,2,2,4,2,2,2,2
4,768,-176.0,16,terminated,1,41,1,0,-176.0,0,0,0,0,0,1,0,2,1,0,0,1,1,0,0,0,0,1,2,1,0,0,1,1,0,1,1,0,1,0
4,769,393.0,97,terminated,2,16,1,1,393.0,0,3,2,1,1,3,1,7,2,1,1,4,2,1,1,2,1,3,6,2,1,1,3,2,1,3,2,1,2,1
4,770,-178.0,18,terminated,1,41,1,0,-178.0,0,0,0,0,1,0,1,2,1,0,1,2,1,0,1,1,0,0,1,1,0,0,1,1,0,1,1,0,1,0
4,771,1737.0,113,terminated,2,0,0,2,1737.0,1,3,1,2,1,4,1,9,2,2,1,5,2,2,1,3,2,4,8,2,2,6,4,2,2,4,2,2,2,2
4,772,1733.0,117,terminated,2,0,0,2,1733.0,1,3,2,1,1,4,1,9,2,2,1,5,2,2,1,3,2,4,8,2,2,6,4,2,2,4,2,2,2,2
4,773,1634.0,216,terminated,2,0,0,2,1634.0,1,2,1,1,1,4,1,9,2,2,1,5,2,2,1,3,2,4,8,2,2,6,4,2,2,4,2,2,2,2
4,774,1749.0,101,terminated,2,0,0,2,1749.0,1,3,2,1,0,4,0,8,2,2,0,4,2,2,0,2,2,4,8,2,2,5,4,2,2,4,2,2,2,2
4,775,476.0,44,terminated,2,33,1,2,476.0,0,0,0,0,1,2,1,7,2,2,1,5,2,2,1,3,2,2,6,2,2,0,4,2,2,4,2,2,2,2
4,776,1761.0,89,terminated,2,0,0,2,1761.0,1,4,2,2,1,3,1,8,2,2,1,5,2,2,1,3,2,3,7,2,2,8,4,2,2,4,2,2,2,2
4,777,1694.0,156,terminated,2,0,0,2,1694.0,1,0,0,0,0,4,0,8,2,2,0,4,2,2,0,2,2,4,8,2,2,5,4,2,2,4,2,2,2,2
4,778,1727.0,123,terminated,2,0,0,2,1727.0,1,2,1,1,0,4,0,8,2,2,0,4,2,2,0,2,2,4,8,2,2,6,4,2,2,4,2,2,2,2
4,779,1737.0,113,terminated,2,0,0,2,1737.0,1,1,0,1,0,2,0,6,2,2,0,4,2,2,0,2,2,2,6,2,2,8,4,2,2,4,2,2,2,2
4,780,1707.0,143,terminated,2,0,0,2,1707.0,1,2,1,1,1,4,1,9,2,2,1,5,2,2,1,3,2,4,8,2,2,0,4,2,2,4,2,2,2,2
4,781,1674.0,176,terminated,2,0,0,2,1674.0,1,1,1,0,1,4,1,9,2,2,1,5,2,2,1,3,2,4,8,2,2,8,4,2,2,4,2,2,2,2
4,782,1663.0,187,terminated,2,0,0,2,1663.0,1,1,0,1,1,3,1,8,2,2,1,5,2,2,1,3,2,3,7,2,2,4,4,2,2,4,2,2,2,2
4,783,1692.0,158,terminated,2,0,0,2,1692.0,1,3,1,2,0,4,0,8,2,2,0,4,2,2,0,2,2,4,8,2,2,18,4,2,2,4,2,2,2,2
4,784,1755.0,95,terminated,2,0,0,2,1755.0,1,2,1,1,1,4,1,9,2,2,1,5,2,2,1,3,2,4,8,2,2,12,4,2,2,4,2,2,2,2
4,785,17.0,23,terminated,1,41,1,1,17.0,0,2,1,1,1,1,1,4,1,1,1,3,1,1,1,2,1,1,3,1,1,4,2,1,1,2,1,1,1,1
4,786,1616.0,234,terminated,2,0,0,2,1616.0,1,3,2,1,1,3,1,8,2,2,1,5,2,2,1,3,2,3,7,2,2,8,4,2,2,4,2,2,2,2
4,787,1731.0,119,terminated,2,0,0,2,1731.0,1,1,0,1,1,4,1,9,2,2,1,5,2,2,1,3,2,4,8,2,2,9,4,2,2,4,2,2,2,2
4,788,1411.0,239,terminated,1,0,0,2,1411.0,1,2,1,1,1,3,1,7,1,2,1,4,1,2,1,3,2,3,6,1,2,5,3,1,2,3,1,2,1,2
4,789,1715.0,135,terminated,2,0,0,2,1715.0,1,2,2,0,0,3,0,7,2,2,0,4,2,2,0,2,2,3,7,2,2,8,4,2,2,4,2,2,2,2
4,790,1756.0,94,terminated,2,0,0,2,1756.0,1,1,0,1,0,4,0,8,2,2,0,4,2,2,0,2,2,4,8,2,2,0,4,2,2,4,2,2,2,2
4,791,-178.0,18,terminated,1,41,1,0,-178.0,0,0,0,0,1,0,1,2,1,0,1,2,1,0,1,1,0,0,1,1,0,0,1,1,0,1,1,0,1,0
4,792,1721.0,129,terminated,2,0,0,2,1721.0,1,3,1,2,0,3,0,7,2,2,0,4,2,2,0,2,2,3,7,2,2,8,4,2,2,4,2,2,2,2
4,793,1756.0,94,terminated,2,0,0,2,1756.0,1,2,1,1,0,3,0,7,2,2,0,4,2,2,0,2,2,3,7,2,2,0,4,2,2,4,2,2,2,2
4,794,1552.0,98,terminated,2,0,0,1,1552.0,1,1,1,0,1,3,1,7,2,1,1,4,2,1,1,2,1,3,6,2,1,0,3,2,1,3,2,1,2,1
4,795,1758.0,92,terminated,2,0,0,2,1758.0,1,4,2,2,1,4,1,9,2,2,1,5,2,2,1,3,2,4,8,2,2,14,4,2,2,4,2,2,2,2
4,796,1715.0,135,terminated,2,0,0,2,1715.0,1,2,1,1,1,4,1,9,2,2,1,5,2,2,1,3,2,4,8,2,2,5,4,2,2,4,2,2,2,2
4,797,1732.0,118,terminated,2,0,0,2,1732.0,1,3,1,2,1,4,1,9,2,2,1,5,2,2,1,3,2,4,8,2,2,1,4,2,2,4,2,2,2,2
4,798,1724.0,126,terminated,2,0,0,2,1724.0,1,3,2,1,1,4,1,9,2,2,1,5,2,2,1,3,2,4,8,2,2,4,4,2,2,4,2,2,2,2
4,799,1663.0,187,terminated,2,0,0,2,1663.0,1,1,0,1,1,4,1,9,2,2,1,5,2,2,1,3,2,4,8,2,2,1,4,2,2,4,2,2,2,2
4,800,1697.0,153,terminated,2,0,0,2,1697.0,1,1,0,1,0,4,0,8,2,2,0,4,2,2,0,2,2,4,8,2,2,0,4,2,2,4,2,2,2,2
4,801,1422.0,228,terminated,1,0,0,2,1422.0,1,0,0,0,0,3,0,6,1,2,0,3,1,2,0,2,2,3,6,1,2,0,3,1,2,3,1,2,1,2
4,802,1706.0,144,terminated,2,0,0,2,1706.0,1,3,2,1,0,4,0,8,2,2,0,4,2,2,0,2,2,4,8,2,2,4,4,2,2,4,2,2,2,2
4,803,1486.0,164,terminated,2,0,0,1,1486.0,1,1,1,0,1,2,1,6,2,1,1,4,2,1,1,2,1,2,5,2,1,28,3,2,1,3,2,1,2,1
4,804,1754.0,96,terminated,2,0,0,2,1754.0,1,2,1,1,0,4,0,8,2,2,0,4,2,2,0,2,2,4,8,2,2,0,4,2,2,4,2,2,2,2
4,805,1681.0,169,terminated,2,0,0,2,1681.0,1,1,0,1,1,4,1,9,2,2,1,5,2,2,1,3,2,4,8,2,2,1,4,2,2,4,2,2,2,2
4,806,1734.0,116,terminated,2,0,0,2,1734.0,1,0,0,0,1,4,1,9,2,2,1,5,2,2,1,3,2,4,8,2,2,0,4,2,2,4,2,2,2,2
4,807,1652.0,198,terminated,2,0,0,2,1652.0,1,1,1,0,0,3,0,7,2,2,0,4,2,2,0,2,2,3,7,2,2,0,4,2,2,4,2,2,2,2
4,808,1712.0,138,terminated,2,0,0,2,1712.0,1,2,1,1,1,3,1,8,2,2,1,5,2,2,1,3,2,3,7,2,2,5,4,2,2,4,2,2,2,2
4,809,1754.0,96,terminated,2,0,0,2,1754.0,1,4,2,2,1,4,1,9,2,2,1,5,2,2,1,3,2,4,8,2,2,1,4,2,2,4,2,2,2,2
4,810,678.0,152,terminated,2,2,1,2,678.0,0,4,2,2,1,3,1,8,2,2,1,5,2,2,1,3,2,3,7,2,2,3,4,2,2,4,2,2,2,2
4,811,-167.0,17,terminated,1,40,1,0,-167.0,0,0,0,0,0,1,0,2,1,0,0,1,1,0,0,0,0,1,2,1,0,1,1,1,0,1,1,0,1,0
4,812,-169.0,19,terminated,1,40,1,0,-169.0,0,0,0,0,0,1,0,2,1,0,0,1,1,0,0,0,0,1,2,1,0,1,1,1,0,1,1,0,1,0
4,813,1735.0,115,terminated,2,0,0,2,1735.0,1,3,1,2,1,4,1,9,2,2,1,5,2,2,1,3,2,4,8,2,2,7,4,2,2,4,2,2,2,2
4,814,1704.0,146,terminated,2,0,0,2,1704.0,1,2,0,2,1,4,1,9,2,2,1,5,2,2,1,3,2,4,8,2,2,6,4,2,2,4,2,2,2,2
4,815,1753.0,97,terminated,2,0,0,2,1753.0,1,2,1,1,0,4,0,8,2,2,0,4,2,2,0,2,2,4,8,2,2,10,4,2,2,4,2,2,2,2
4,816,1491.0,159,terminated,1,0,0,2,1491.0,1,1,0,1,1,3,1,7,1,2,1,4,1,2,1,3,2,3,6,1,2,14,3,1,2,3,1,2,1,2
4,817,1718.0,132,terminated,2,0,0,2,1718.0,1,2,1,1,1,4,1,9,2,2,1,5,2,2,1,3,2,4,8,2,2,8,4,2,2,4,2,2,2,2
4,818,1751.0,99,terminated,2,0,0,2,1751.0,1,1,1,0,1,3,1,8,2,2,1,5,2,2,1,3,2,3,7,2,2,0,4,2,2,4,2,2,2,2
4,819,1727.0,123,terminated,2,0,0,2,1727.0,1,2,1,1,0,4,0,8,2,2,0,4,2,2,0,2,2,4,8,2,2,6,4,2,2,4,2,2,2,2
4,820,1672.0,178,terminated,2,0,0,2,1672.0,1,1,1,0,1,4,1,9,2,2,1,5,2,2,1,3,2,4,8,2,2,3,4,2,2,4,2,2,2,2
4,821,587.0,93,terminated,2,17,1,2,587.0,0,1,1,0,1,4,1,9,2,2,1,5,2,2,1,3,2,4,8,2,2,3,4,2,2,4,2,2,2,2
4,822,1692.0,158,terminated,2,0,0,2,1692.0,1,3,1,2,1,4,1,9,2,2,1,5,2,2,1,3,2,4,8,2,2,0,4,2,2,4,2,2,2,2
4,823,1398.0,252,terminated,2,0,0,1,1398.0,1,2,1,1,0,3,0,6,2,1,0,3,2,1,0,1,1,3,6,2,1,5,3,2,1,3,2,1,2,1
4,824,1663.0,187,terminated,2,0,0,2,1663.0,1,3,1,2,1,3,1,8,2,2,1,5,2,2,1,3,2,3,7,2,2,8,4,2,2,4,2,2,2,2
4,825,1707.0,143,terminated,2,0,0,2,1707.0,1,2,0,2,1,3,1,8,2,2,1,5,2,2,1,3,2,3,7,2,2,5,4,2,2,4,2,2,2,2
4,826,1714.0,136,terminated,2,0,0,2,1714.0,1,0,0,0,1,3,1,8,2,2,1,5,2,2,1,3,2,3,7,2,2,0,4,2,2,4,2,2,2,2
4,827,1740.0,110,terminated,2,0,0,2,1740.0,1,1,1,0,1,4,1,9,2,2,1,5,2,2,1,3,2,4,8,2,2,0,4,2,2,4,2,2,2,2
4,828,1730.0,120,terminated,2,0,0,2,1730.0,1,1,0,1,1,4,1,9,2,2,1,5,2,2,1,3,2,4,8,2,2,0,4,2,2,4,2,2,2,2
4,829,1720.0,130,terminated,2,0,0,2,1720.0,1,2,1,1,1,4,1,9,2,2,1,5,2,2,1,3,2,4,8,2,2,0,4,2,2,4,2,2,2,2
4,830,1741.0,109,terminated,2,0,0,2,1741.0,1,3,1,2,1,4,1,9,2,2,1,5,2,2,1,3,2,4,8,2,2,6,4,2,2,4,2,2,2,2
4,831,1536.0,114,terminated,1,0,0,2,1536.0,1,1,0,1,0,3,0,6,1,2,0,3,1,2,0,2,2,3,6,1,2,0,3,1,2,3,1,2,1,2
4,832,1734.0,116,terminated,2,0,0,2,1734.0,1,2,1,1,0,4,0,8,2,2,0,4,2,2,0,2,2,4,8,2,2,0,4,2,2,4,2,2,2,2
4,833,1744.0,106,terminated,2,0,0,2,1744.0,1,3,1,2,1,4,1,9,2,2,1,5,2,2,1,3,2,4,8,2,2,8,4,2,2,4,2,2,2,2
4,834,1701.0,149,terminated,2,0,0,2,1701.0,1,1,1,0,1,2,1,7,2,2,1,5,2,2,1,3,2,2,6,2,2,0,4,2,2,4,2,2,2,2
4,835,1678.0,172,terminated,2,0,0,2,1678.0,1,2,1,1,1,4,1,9,2,2,1,5,2,2,1,3,2,4,8,2,2,0,4,2,2,4,2,2,2,2
4,836,1514.0,136,terminated,1,0,0,2,1514.0,1,2,0,2,1,2,1,6,1,2,1,4,1,2,1,3,2,2,5,1,2,4,3,1,2,3,1,2,1,2
4,837,1708.0,142,terminated,2,0,0,2,1708.0,1,2,1,1,0,2,0,6,2,2,0,4,2,2,0,2,2,2,6,2,2,0,4,2,2,4,2,2,2,2
4,838,1729.0,121,terminated,2,0,0,2,1729.0,1,1,1,0,0,3,0,7,2,2,0,4,2,2,0,2,2,3,7,2,2,3,4,2,2,4,2,2,2,2
4,839,1672.0,178,terminated,2,0,0,2,1672.0,1,0,0,0,0,4,0,8,2,2,0,4,2,2,0,2,2,4,8,2,2,0,4,2,2,4,2,2,2,2
4,840,1724.0,126,terminated,2,0,0,2,1724.0,1,2,2,0,1,4,1,9,2,2,1,5,2,2,1,3,2,4,8,2,2,3,4,2,2,4,2,2,2,2
4,841,577.0,93,terminated,2,18,1,2,577.0,0,4,2,2,1,4,1,9,2,2,1,5,2,2,1,3,2,4,8,2,2,4,4,2,2,4,2,2,2,2
4,842,39.0,111,terminated,1,30,1,1,39.0,0,0,0,0,1,2,1,5,1,1,1,3,1,1,1,2,1,2,4,1,1,12,2,1,1,2,1,1,1,1
4,843,1641.0,209,terminated,2,0,0,2,1641.0,1,2,1,1,1,3,1,8,2,2,1,5,2,2,1,3,2,3,7,2,2,19,4,2,2,4,2,2,2,2
4,844,1748.0,102,terminated,2,0,0,2,1748.0,1,0,0,0,0,4,0,8,2,2,0,4,2,2,0,2,2,4,8,2,2,0,4,2,2,4,2,2,2,2
4,845,711.0,119,terminated,2,2,1,2,711.0,0,2,1,1,1,4,1,9,2,2,1,5,2,2,1,3,2,4,8,2,2,6,4,2,2,4,2,2,2,2
4,846,1740.0,110,terminated,2,0,0,2,1740.0,1,1,1,0,0,4,0,8,2,2,0,4,2,2,0,2,2,4,8,2,2,0,4,2,2,4,2,2,2,2
4,847,-170.0,20,terminated,1,40,1,0,-170.0,0,0,0,0,1,1,1,3,1,0,1,2,1,0,1,1,0,1,2,1,0,3,1,1,0,1,1,0,1,0
4,848,548.0,102,terminated,2,20,1,2,548.0,0,1,0,1,1,3,1,8,2,2,1,5,2,2,1,3,2,3,7,2,2,0,4,2,2,4,2,2,2,2
4,849,1729.0,121,terminated,2,0,0,2,1729.0,1,1,1,0,1,3,1,8,2,2,1,5,2,2,1,3,2,3,7,2,2,7,4,2,2,4,2,2,2,2
4,850,1762.0,88,terminated,2,0,0,2,1762.0,1,4,2,2,1,3,1,8,2,2,1,5,2,2,1,3,2,3,7,2,2,7,4,2,2,4,2,2,2,2
4,851,1753.0,97,terminated,2,0,0,2,1753.0,1,3,2,1,0,4,0,8,2,2,0,4,2,2,0,2,2,4,8,2,2,9,4,2,2,4,2,2,2,2
4,852,1739.0,111,terminated,2,0,0,2,1739.0,1,2,1,1,1,4,1,9,2,2,1,5,2,2,1,3,2,4,8,2,2,11,4,2,2,4,2,2,2,2
4,853,1753.0,97,terminated,2,0,0,2,1753.0,1,3,2,1,1,4,1,9,2,2,1,5,2,2,1,3,2,4,8,2,2,18,4,2,2,4,2,2,2,2
4,854,1473.0,177,terminated,2,0,0,1,1473.0,1,1,1,0,1,3,1,7,2,1,1,4,2,1,1,2,1,3,6,2,1,21,3,2,1,3,2,1,2,1
4,855,1732.0,118,terminated,2,0,0,2,1732.0,1,1,0,1,0,3,0,7,2,2,0,4,2,2,0,2,2,3,7,2,2,0,4,2,2,4,2,2,2,2
4,856,1591.0,259,terminated,2,0,0,2,1591.0,1,1,0,1,0,4,0,8,2,2,0,4,2,2,0,2,2,4,8,2,2,1,4,2,2,4,2,2,2,2
4,857,626.0,94,terminated,2,13,1,2,626.0,0,3,1,2,1,4,1,9,2,2,1,5,2,2,1,3,2,4,8,2,2,2,4,2,2,4,2,2,2,2
4,858,1515.0,135,terminated,1,0,0,2,1515.0,1,2,1,1,1,3,1,7,1,2,1,4,1,2,1,3,2,3,6,1,2,9,3,1,2,3,1,2,1,2
4,859,520.0,300,truncated,1,13,0,1,520.0,0,1,1,0,1,2,1,5,1,1,1,3,1,1,1,2,1,2,4,1,1,34,2,1,1,2,1,1,1,1
4,860,1030.0,300,truncated,2,2,0,2,1030.0,0,2,2,0,1,4,1,9,2,2,1,5,2,2,1,3,2,4,8,2,2,8,4,2,2,4,2,2,2,2
4,861,1710.0,140,terminated,2,0,0,2,1710.0,1,1,1,0,1,4,1,9,2,2,1,5,2,2,1,3,2,4,8,2,2,0,4,2,2,4,2,2,2,2
4,862,250.0,300,truncated,1,20,0,0,250.0,0,0,0,0,1,1,1,3,1,0,1,2,1,0,1,1,0,1,2,1,0,24,1,1,0,1,1,0,1,0
4,863,1684.0,166,terminated,2,0,0,2,1684.0,1,2,1,1,1,4,1,9,2,2,1,5,2,2,1,3,2,4,8,2,2,1,4,2,2,4,2,2,2,2
4,864,1762.0,88,terminated,2,0,0,2,1762.0,1,4,2,2,1,4,1,9,2,2,1,5,2,2,1,3,2,4,8,2,2,5,4,2,2,4,2,2,2,2
4,865,1528.0,122,terminated,1,0,0,2,1528.0,1,2,0,2,1,3,1,7,1,2,1,4,1,2,1,3,2,3,6,1,2,8,3,1,2,3,1,2,1,2
4,866,-178.0,18,terminated,1,41,1,0,-178.0,0,0,0,0,1,0,1,2,1,0,1,2,1,0,1,1,0,0,1,1,0,0,1,1,0,1,1,0,1,0
4,867,634.0,86,terminated,2,13,1,2,634.0,0,1,0,1,0,4,0,8,2,2,0,4,2,2,0,2,2,4,8,2,2,0,4,2,2,4,2,2,2,2
4,868,1758.0,92,terminated,2,0,0,2,1758.0,1,3,2,1,0,4,0,8,2,2,0,4,2,2,0,2,2,4,8,2,2,11,4,2,2,4,2,2,2,2
4,869,1706.0,144,terminated,2,0,0,2,1706.0,1,0,0,0,0,4,0,8,2,2,0,4,2,2,0,2,2,4,8,2,2,0,4,2,2,4,2,2,2,2
4,870,1743.0,107,terminated,2,0,0,2,1743.0,1,3,2,1,0,4,0,8,2,2,0,4,2,2,0,2,2,4,8,2,2,0,4,2,2,4,2,2,2,2
4,871,1730.0,120,terminated,2,0,0,2,1730.0,1,3,1,2,1,2,1,7,2,2,1,5,2,2,1,3,2,2,6,2,2,9,4,2,2,4,2,2,2,2
4,872,481.0,39,terminated,2,33,1,2,481.0,0,4,2,2,1,3,1,8,2,2,1,5,2,2,1,3,2,3,7,2,2,3,4,2,2,4,2,2,2,2
4,873,1677.0,173,terminated,2,0,0,2,1677.0,1,3,1,2,1,4,1,9,2,2,1,5,2,2,1,3,2,4,8,2,2,17,4,2,2,4,2,2,2,2
4,874,1751.0,99,terminated,2,0,0,2,1751.0,1,2,1,1,1,4,1,9,2,2,1,5,2,2,1,3,2,4,8,2,2,0,4,2,2,4,2,2,2,2
4,875,1727.0,123,terminated,2,0,0,2,1727.0,1,3,1,2,1,4,1,9,2,2,1,5,2,2,1,3,2,4,8,2,2,11,4,2,2,4,2,2,2,2
4,876,1527.0,123,terminated,2,0,0,1,1527.0,1,1,0,1,1,3,1,7,2,1,1,4,2,1,1,2,1,3,6,2,1,1,3,2,1,3,2,1,2,1
4,877,1742.0,108,terminated,2,0,0,2,1742.0,1,2,1,1,1,3,1,8,2,2,1,5,2,2,1,3,2,3,7,2,2,2,4,2,2,4,2,2,2,2
4,878,1725.0,125,terminated,2,0,0,2,1725.0,1,2,1,1,1,4,1,9,2,2,1,5,2,2,1,3,2,4,8,2,2,0,4,2,2,4,2,2,2,2
4,879,1739.0,111,terminated,2,0,0,2,1739.0,1,3,1,2,1,4,1,9,2,2,1,5,2,2,1,3,2,4,8,2,2,4,4,2,2,4,2,2,2,2
4,880,1438.0,212,terminated,1,0,0,2,1438.0,1,2,1,1,1,3,1,7,1,2,1,4,1,2,1,3,2,3,6,1,2,27,3,1,2,3,1,2,1,2
4,881,1501.0,149,terminated,1,0,0,2,1501.0,1,3,1,2,1,3,1,7,1,2,1,4,1,2,1,3,2,3,6,1,2,18,3,1,2,3,1,2,1,2
4,882,1740.0,110,terminated,2,0,0,2,1740.0,1,2,1,1,0,4,0,8,2,2,0,4,2,2,0,2,2,4,8,2,2,3,4,2,2,4,2,2,2,2
4,883,1733.0,117,terminated,2,0,0,2,1733.0,1,3,1,2,1,4,1,9,2,2,1,5,2,2,1,3,2,4,8,2,2,10,4,2,2,4,2,2,2,2
4,884,-176.0,16,terminated,1,41,1,0,-176.0,0,0,0,0,0,1,0,2,1,0,0,1,1,0,0,0,0,1,2,1,0,0,1,1,0,1,1,0,1,0
4,885,1768.0,82,terminated,2,0,0,2,1768.0,1,1,1,0,0,4,0,8,2,2,0,4,2,2,0,2,2,4,8,2,2,0,4,2,2,4,2,2,2,2
4,886,1595.0,255,terminated,2,0,0,2,1595.0,1,1,1,0,0,4,0,8,2,2,0,4,2,2,0,2,2,4,8,2,2,0,4,2,2,4,2,2,2,2
4,887,1724.0,126,terminated,2,0,0,2,1724.0,1,3,1,2,1,4,1,9,2,2,1,5,2,2,1,3,2,4,8,2,2,1,4,2,2,4,2,2,2,2
4,888,1761.0,89,terminated,2,0,0,2,1761.0,1,2,1,1,1,4,1,9,2,2,1,5,2,2,1,3,2,4,8,2,2,4,4,2,2,4,2,2,2,2
4,889,1727.0,123,terminated,2,0,0,2,1727.0,1,3,2,1,1,4,1,9,2,2,1,5,2,2,1,3,2,4,8,2,2,8,4,2,2,4,2,2,2,2
4,890,1655.0,195,terminated,2,0,0,2,1655.0,1,2,1,1,1,4,1,9,2,2,1,5,2,2,1,3,2,4,8,2,2,10,4,2,2,4,2,2,2,2
4,891,1635.0,215,terminated,2,0,0,2,1635.0,1,3,1,2,1,3,1,8,2,2,1,5,2,2,1,3,2,3,7,2,2,8,4,2,2,4,2,2,2,2
4,892,1729.0,121,terminated,2,0,0,2,1729.0,1,3,1,2,1,4,1,9,2,2,1,5,2,2,1,3,2,4,8,2,2,14,4,2,2,4,2,2,2,2
4,893,1706.0,144,terminated,2,0,0,2,1706.0,1,2,0,2,1,4,1,9,2,2,1,5,2,2,1,3,2,4,8,2,2,6,4,2,2,4,2,2,2,2
4,894,1715.0,135,terminated,2,0,0,2,1715.0,1,1,1,0,1,4,1,9,2,2,1,5,2,2,1,3,2,4,8,2,2,2,4,2,2,4,2,2,2,2
4,895,485.0,35,terminated,2,33,1,2,485.0,0,4,2,2,1,2,1,7,2,2,1,5,2,2,1,3,2,2,6,2,2,6,4,2,2,4,2,2,2,2
4,896,1621.0,229,terminated,2,0,0,2,1621.0,1,1,1,0,1,4,1,9,2,2,1,5,2,2,1,3,2,4,8,2,2,17,4,2,2,4,2,2,2,2
4,897,1386.0,264,terminated,2,0,0,1,1386.0,1,2,2,0,1,3,1,7,2,1,1,4,2,1,1,2,1,3,6,2,1,8,3,2,1,3,2,1,2,1
4,898,1506.0,144,terminated,1,0,0,2,1506.0,1,2,1,1,0,3,0,6,1,2,0,3,1,2,0,2,2,3,6,1,2,17,3,1,2,3,1,2,1,2
4,899,1728.0,122,terminated,2,0,0,2,1728.0,1,0,0,0,1,3,1,8,2,2,1,5,2,2,1,3,2,3,7,2,2,0,4,2,2,4,2,2,2,2
4,900,1758.0,92,terminated,2,0,0,2,1758.0,1,3,2,1,0,4,0,8,2,2,0,4,2,2,0,2,2,4,8,2,2,6,4,2,2,4,2,2,2,2
4,901,1746.0,104,terminated,2,0,0,2,1746.0,1,3,2,1,1,4,1,9,2,2,1,5,2,2,1,3,2,4,8,2,2,7,4,2,2,4,2,2,2,2
4,902,1753.0,97,terminated,2,0,0,2,1753.0,1,2,1,1,1,4,1,9,2,2,1,5,2,2,1,3,2,4,8,2,2,1,4,2,2,4,2,2,2,2
4,903,720.0,300,truncated,1,13,0,2,720.0,0,0,0,0,0,3,0,6,1,2,0,3,1,2,0,2,2,3,6,1,2,11,3,1,2,3,1,2,1,2
4,904,1443.0,207,terminated,1,0,0,2,1443.0,1,1,0,1,0,3,0,6,1,2,0,3,1,2,0,2,2,3,6,1,2,1,3,1,2,3,1,2,1,2
4,905,1697.0,153,terminated,2,0,0,2,1697.0,1,1,1,0,1,4,1,9,2,2,1,5,2,2,1,3,2,4,8,2,2,0,4,2,2,4,2,2,2,2
4,906,359.0,201,terminated,1,9,1,2,359.0,0,1,1,0,0,2,0,5,1,2,0,3,1,2,0,2,2,2,5,1,2,10,3,1,2,3,1,2,1,2
4,907,1742.0,108,terminated,2,0,0,2,1742.0,1,2,1,1,1,4,1,9,2,2,1,5,2,2,1,3,2,4,8,2,2,1,4,2,2,4,2,2,2,2
4,908,1720.0,130,terminated,2,0,0,2,1720.0,1,2,0,2,0,4,0,8,2,2,0,4,2,2,0,2,2,4,8,2,2,1,4,2,2,4,2,2,2,2
4,909,1509.0,141,terminated,1,0,0,2,1509.0,1,2,1,1,1,3,1,7,1,2,1,4,1,2,1,3,2,3,6,1,2,45,3,1,2,3,1,2,1,2
4,910,1735.0,115,terminated,2,0,0,2,1735.0,1,1,0,1,1,4,1,9,2,2,1,5,2,2,1,3,2,4,8,2,2,0,4,2,2,4,2,2,2,2
4,911,408.0,112,terminated,2,13,1,1,408.0,0,1,0,1,0,3,0,6,2,1,0,3,2,1,0,1,1,3,6,2,1,3,3,2,1,3,2,1,2,1
4,912,630.0,300,truncated,1,2,0,1,630.0,0,1,0,1,0,2,0,4,1,1,0,2,1,1,0,1,1,2,4,1,1,14,2,1,1,2,1,1,1,1
4,913,1762.0,88,terminated,2,0,0,2,1762.0,1,2,1,1,1,4,1,9,2,2,1,5,2,2,1,3,2,4,8,2,2,0,4,2,2,4,2,2,2,2
4,914,30.0,20,terminated,1,40,1,1,30.0,0,0,0,0,1,1,1,4,1,1,1,3,1,1,1,2,1,1,3,1,1,0,2,1,1,2,1,1,1,1
4,915,1728.0,122,terminated,2,0,0,2,1728.0,1,1,1,0,0,4,0,8,2,2,0,4,2,2,0,2,2,4,8,2,2,0,4,2,2,4,2,2,2,2
4,916,1531.0,119,terminated,2,0,0,1,1531.0,1,3,2,1,1,3,1,7,2,1,1,4,2,1,1,2,1,3,6,2,1,10,3,2,1,3,2,1,2,1
4,917,1730.0,120,terminated,2,0,0,2,1730.0,1,2,1,1,1,3,1,8,2,2,1,5,2,2,1,3,2,3,7,2,2,11,4,2,2,4,2,2,2,2
4,918,1655.0,195,terminated,2,0,0,2,1655.0,1,1,1,0,0,3,0,7,2,2,0,4,2,2,0,2,2,3,7,2,2,18,4,2,2,4,2,2,2,2
4,919,324.0,76,terminated,2,25,1,1,324.0,0,3,2,1,1,3,1,7,2,1,1,4,2,1,1,2,1,3,6,2,1,8,3,2,1,3,2,1,2,1
4,920,1728.0,122,terminated,2,0,0,2,1728.0,1,3,2,1,1,4,1,9,2,2,1,5,2,2,1,3,2,4,8,2,2,7,4,2,2,4,2,2,2,2
4,921,-180.0,20,terminated,1,41,1,0,-180.0,0,0,0,0,1,0,1,2,1,0,1,2,1,0,1,1,0,0,1,1,0,0,1,1,0,1,1,0,1,0
4,922,1700.0,150,terminated,2,0,0,2,1700.0,1,1,0,1,1,4,1,9,2,2,1,5,2,2,1,3,2,4,8,2,2,3,4,2,2,4,2,2,2,2
4,923,1512.0,138,terminated,1,0,0,2,1512.0,1,2,1,1,1,3,1,7,1,2,1,4,1,2,1,3,2,3,6,1,2,24,3,1,2,3,1,2,1,2
4,924,1704.0,146,terminated,2,0,0,2,1704.0,1,2,2,0,1,4,1,9,2,2,1,5,2,2,1,3,2,4,8,2,2,2,4,2,2,4,2,2,2,2
4,925,31.0,39,terminated,1,38,1,1,31.0,0,0,0,0,1,1,1,4,1,1,1,3,1,1,1,2,1,1,3,1,1,16,2,1,1,2,1,1,1,1
4,926,1742.0,108,terminated,2,0,0,2,1742.0,1,2,1,1,1,3,1,8,2,2,1,5,2,2,1,3,2,3,7,2,2,12,4,2,2,4,2,2,2,2
4,927,1645.0,205,terminated,2,0,0,2,1645.0,1,2,2,0,1,4,1,9,2,2,1,5,2,2,1,3,2,4,8,2,2,7,4,2,2,4,2,2,2,2
4,928,31.0,19,terminated,1,40,1,1,31.0,0,1,0,1,0,1,0,3,1,1,0,2,1,1,0,1,1,1,3,1,1,1,2,1,1,2,1,1,1,1
4,929,1729.0,121,terminated,2,0,0,2,1729.0,1,2,1,1,1,4,1,9,2,2,1,5,2,2,1,3,2,4,8,2,2,10,4,2,2,4,2,2,2,2
4,930,1715.0,135,terminated,2,0,0,2,1715.0,1,3,1,2,1,4,1,9,2,2,1,5,2,2,1,3,2,4,8,2,2,6,4,2,2,4,2,2,2,2
4,931,1734.0,116,terminated,2,0,0,2,1734.0,1,3,1,2,0,4,0,8,2,2,0,4,2,2,0,2,2,4,8,2,2,4,4,2,2,4,2,2,2,2
4,932,1744.0,106,terminated,2,0,0,2,1744.0,1,2,1,1,0,4,0,8,2,2,0,4,2,2,0,2,2,4,8,2,2,1,4,2,2,4,2,2,2,2
4,933,1689.0,161,terminated,2,0,0,2,1689.0,1,1,0,1,1,4,1,9,2,2,1,5,2,2,1,3,2,4,8,2,2,7,4,2,2,4,2,2,2,2
4,934,1743.0,107,terminated,2,0,0,2,1743.0,1,2,0,2,1,4,1,9,2,2,1,5,2,2,1,3,2,4,8,2,2,4,4,2,2,4,2,2,2,2
4,935,1683.0,167,terminated,2,0,0,2,1683.0,1,2,0,2,1,4,1,9,2,2,1,5,2,2,1,3,2,4,8,2,2,8,4,2,2,4,2,2,2,2
4,936,1530.0,120,terminated,1,0,0,2,1530.0,1,1,1,0,1,3,1,7,1,2,1,4,1,2,1,3,2,3,6,1,2,7,3,1,2,3,1,2,1,2
4,937,840.0,300,truncated,1,1,0,2,840.0,0,2,1,1,1,2,1,6,1,2,1,4,1,2,1,3,2,2,5,1,2,2,3,1,2,3,1,2,1,2
4,938,1314.0,136,terminated,1,0,0,1,1314.0,1,1,0,1,0,1,0,3,1,1,0,2,1,1,0,1,1,1,3,1,1,16,2,1,1,2,1,1,1,1
4,939,1536.0,114,terminated,1,0,0,2,1536.0,1,2,1,1,1,3,1,7,1,2,1,4,1,2,1,3,2,3,6,1,2,31,3,1,2,3,1,2,1,2
4,940,1684.0,166,terminated,2,0,0,2,1684.0,1,1,1,0,0,4,0,8,2,2,0,4,2,2,0,2,2,4,8,2,2,0,4,2,2,4,2,2,2,2
4,941,1734.0,116,terminated,2,0,0,2,1734.0,1,3,1,2,1,4,1,9,2,2,1,5,2,2,1,3,2,4,8,2,2,13,4,2,2,4,2,2,2,2
4,942,1727.0,123,terminated,2,0,0,2,1727.0,1,3,1,2,1,4,1,9,2,2,1,5,2,2,1,3,2,4,8,2,2,1,4,2,2,4,2,2,2,2
4,943,1398.0,252,terminated,1,0,0,2,1398.0,1,3,1,2,1,3,1,7,1,2,1,4,1,2,1,3,2,3,6,1,2,3,3,1,2,3,1,2,1,2
4,944,1718.0,132,terminated,2,0,0,2,1718.0,1,3,1,2,1,4,1,9,2,2,1,5,2,2,1,3,2,4,8,2,2,8,4,2,2,4,2,2,2,2
4,945,1703.0,147,terminated,2,0,0,2,1703.0,1,3,1,2,1,3,1,8,2,2,1,5,2,2,1,3,2,3,7,2,2,0,4,2,2,4,2,2,2,2
4,946,1748.0,102,terminated,2,0,0,2,1748.0,1,1,0,1,1,4,1,9,2,2,1,5,2,2,1,3,2,4,8,2,2,13,4,2,2,4,2,2,2,2
4,947,1713.0,137,terminated,2,0,0,2,1713.0,1,3,1,2,0,4,0,8,2,2,0,4,2,2,0,2,2,4,8,2,2,7,4,2,2,4,2,2,2,2
4,948,1722.0,128,terminated,2,0,0,2,1722.0,1,1,0,1,0,2,0,6,2,2,0,4,2,2,0,2,2,2,6,2,2,1,4,2,2,4,2,2,2,2
4,949,1665.0,185,terminated,2,0,0,2,1665.0,1,3,2,1,0,4,0,8,2,2,0,4,2,2,0,2,2,4,8,2,2,1,4,2,2,4,2,2,2,2
4,950,1723.0,127,terminated,2,0,0,2,1723.0,1,1,0,1,0,4,0,8,2,2,0,4,2,2,0,2,2,4,8,2,2,0,4,2,2,4,2,2,2,2
4,951,1486.0,164,terminated,1,0,0,2,1486.0,1,1,0,1,0,3,0,6,1,2,0,3,1,2,0,2,2,3,6,1,2,9,3,1,2,3,1,2,1,2
4,952,1755.0,95,terminated,2,0,0,2,1755.0,1,2,0,2,0,4,0,8,2,2,0,4,2,2,0,2,2,4,8,2,2,6,4,2,2,4,2,2,2,2
4,953,1744.0,106,terminated,2,0,0,2,1744.0,1,2,0,2,1,2,1,7,2,2,1,5,2,2,1,3,2,2,6,2,2,0,4,2,2,4,2,2,2,2
4,954,1727.0,123,terminated,2,0,0,2,1727.0,1,2,1,1,1,4,1,9,2,2,1,5,2,2,1,3,2,4,8,2,2,5,4,2,2,4,2,2,2,2
4,955,-176.0,16,terminated,1,41,1,0,-176.0,0,0,0,0,0,1,0,2,1,0,0,1,1,0,0,0,0,1,2,1,0,0,1,1,0,1,1,0,1,0
4,956,651.0,89,terminated,2,11,1,2,651.0,0,3,1,2,1,4,1,9,2,2,1,5,2,2,1,3,2,4,8,2,2,5,4,2,2,4,2,2,2,2
4,957,1580.0,270,terminated,2,0,0,2,1580.0,1,2,1,1,1,3,1,8,2,2,1,5,2,2,1,3,2,3,7,2,2,12,4,2,2,4,2,2,2,2
4,958,1466.0,184,terminated,2,0,0,1,1466.0,1,3,2,1,1,2,1,6,2,1,1,4,2,1,1,2,1,2,5,2,1,6,3,2,1,3,2,1,2,1
4,959,1758.0,92,terminated,2,0,0,2,1758.0,1,2,1,1,0,4,0,8,2,2,0,4,2,2,0,2,2,4,8,2,2,2,4,2,2,4,2,2,2,2
4,960,1040.0,300,truncated,2,1,0,2,1040.0,0,1,0,1,0,4,0,8,2,2,0,4,2,2,0,2,2,4,8,2,2,5,4,2,2,4,2,2,2,2
4,961,1723.0,127,terminated,2,0,0,2,1723.0,1,3,1,2,1,4,1,9,2,2,1,5,2,2,1,3,2,4,8,2,2,2,4,2,2,4,2,2,2,2
4,962,28.0,22,terminated,1,40,1,1,28.0,0,1,0,1,1,2,1,5,1,1,1,3,1,1,1,2,1,2,4,1,1,1,2,1,1,2,1,1,1,1
4,963,1612.0,238,terminated,2,0,0,2,1612.0,1,2,1,1,0,4,0,8,2,2,0,4,2,2,0,2,2,4,8,2,2,2,4,2,2,4,2,2,2,2
4,964,1517.0,133,terminated,1,0,0,2,1517.0,1,0,0,0,0,2,0,5,1,2,0,3,1,2,0,2,2,2,5,1,2,29,3,1,2,3,1,2,1,2
4,965,1731.0,119,terminated,2,0,0,2,1731.0,1,3,1,2,1,4,1,9,2,2,1,5,2,2,1,3,2,4,8,2,2,1,4,2,2,4,2,2,2,2
4,966,1713.0,137,terminated,2,0,0,2,1713.0,1,3,2,1,1,4,1,9,2,2,1,5,2,2,1,3,2,4,8,2,2,1,4,2,2,4,2,2,2,2
4,967,1723.0,127,terminated,2,0,0,2,1723.0,1,3,1,2,1,3,1,8,2,2,1,5,2,2,1,3,2,3,7,2,2,0,4,2,2,4,2,2,2,2
4,968,1679.0,171,terminated,2,0,0,2,1679.0,1,2,0,2,1,4,1,9,2,2,1,5,2,2,1,3,2,4,8,2,2,7,4,2,2,4,2,2,2,2
4,969,1689.0,161,terminated,2,0,0,2,1689.0,1,2,1,1,1,3,1,8,2,2,1,5,2,2,1,3,2,3,7,2,2,2,4,2,2,4,2,2,2,2
4,970,1706.0,144,terminated,2,0,0,2,1706.0,1,3,2,1,0,4,0,8,2,2,0,4,2,2,0,2,2,4,8,2,2,10,4,2,2,4,2,2,2,2
4,971,1761.0,89,terminated,2,0,0,2,1761.0,1,2,2,0,1,4,1,9,2,2,1,5,2,2,1,3,2,4,8,2,2,5,4,2,2,4,2,2,2,2
4,972,45.0,95,terminated,1,31,1,1,45.0,0,0,0,0,1,1,1,4,1,1,1,3,1,1,1,2,1,1,3,1,1,7,2,1,1,2,1,1,1,1
4,973,1480.0,170,terminated,1,0,0,2,1480.0,1,2,1,1,0,3,0,6,1,2,0,3,1,2,0,2,2,3,6,1,2,1,3,1,2,3,1,2,1,2
4,974,1443.0,207,terminated,1,0,0,2,1443.0,1,2,1,1,1,3,1,7,1,2,1,4,1,2,1,3,2,3,6,1,2,9,3,1,2,3,1,2,1,2
4,975,1499.0,151,terminated,2,0,0,1,1499.0,1,2,1,1,1,3,1,7,2,1,1,4,2,1,1,2,1,3,6,2,1,10,3,2,1,3,2,1,2,1
4,976,1555.0,95,terminated,1,0,0,2,1555.0,1,2,1,1,0,3,0,6,1,2,0,3,1,2,0,2,2,3,6,1,2,21,3,1,2,3,1,2,1,2
4,977,1732.0,118,terminated,2,0,0,2,1732.0,1,3,1,2,1,4,1,9,2,2,1,5,2,2,1,3,2,4,8,2,2,6,4,2,2,4,2,2,2,2
4,978,1757.0,93,terminated,2,0,0,2,1757.0,1,1,1,0,0,4,0,8,2,2,0,4,2,2,0,2,2,4,8,2,2,0,4,2,2,4,2,2,2,2
4,979,1510.0,140,terminated,1,0,0,2,1510.0,1,1,0,1,1,3,1,7,1,2,1,4,1,2,1,3,2,3,6,1,2,0,3,1,2,3,1,2,1,2
4,980,1733.0,117,terminated,2,0,0,2,1733.0,1,4,2,2,1,3,1,8,2,2,1,5,2,2,1,3,2,3,7,2,2,4,4,2,2,4,2,2,2,2
4,981,1737.0,113,terminated,2,0,0,2,1737.0,1,4,2,2,1,3,1,8,2,2,1,5,2,2,1,3,2,3,7,2,2,5,4,2,2,4,2,2,2,2
4,982,1729.0,121,terminated,2,0,0,2,1729.0,1,1,0,1,0,4,0,8,2,2,0,4,2,2,0,2,2,4,8,2,2,5,4,2,2,4,2,2,2,2
4,983,1732.0,118,terminated,2,0,0,2,1732.0,1,2,1,1,0,3,0,7,2,2,0,4,2,2,0,2,2,3,7,2,2,0,4,2,2,4,2,2,2,2
4,984,609.0,121,terminated,2,12,1,2,609.0,0,1,0,1,0,4,0,8,2,2,0,4,2,2,0,2,2,4,8,2,2,14,4,2,2,4,2,2,2,2
4,985,1533.0,117,terminated,2,0,0,1,1533.0,1,2,1,1,1,3,1,7,2,1,1,4,2,1,1,2,1,3,6,2,1,5,3,2,1,3,2,1,2,1
4,986,1726.0,124,terminated,2,0,0,2,1726.0,1,3,1,2,1,4,1,9,2,2,1,5,2,2,1,3,2,4,8,2,2,1,4,2,2,4,2,2,2,2
4,987,1712.0,138,terminated,2,0,0,2,1712.0,1,3,1,2,1,2,1,7,2,2,1,5,2,2,1,3,2,2,6,2,2,4,4,2,2,4,2,2,2,2
4,988,1727.0,123,terminated,2,0,0,2,1727.0,1,3,2,1,1,4,1,9,2,2,1,5,2,2,1,3,2,4,8,2,2,7,4,2,2,4,2,2,2,2
4,989,1703.0,147,terminated,2,0,0,2,1703.0,1,1,0,1,0,4,0,8,2,2,0,4,2,2,0,2,2,4,8,2,2,0,4,2,2,4,2,2,2,2
4,990,1742.0,108,terminated,2,0,0,2,1742.0,1,2,1,1,1,4,1,9,2,2,1,5,2,2,1,3,2,4,8,2,2,3,4,2,2,4,2,2,2,2
4,991,477.0,43,terminated,2,33,1,2,477.0,0,2,1,1,0,3,0,7,2,2,0,4,2,2,0,2,2,3,7,2,2,0,4,2,2,4,2,2,2,2
4,992,1725.0,125,terminated,2,0,0,2,1725.0,1,2,1,1,1,4,1,9,2,2,1,5,2,2,1,3,2,4,8,2,2,7,4,2,2,4,2,2,2,2
4,993,1734.0,116,terminated,2,0,0,2,1734.0,1,1,1,0,0,4,0,8,2,2,0,4,2,2,0,2,2,4,8,2,2,6,4,2,2,4,2,2,2,2
4,994,1509.0,141,terminated,1,0,0,2,1509.0,1,2,1,1,1,3,1,7,1,2,1,4,1,2,1,3,2,3,6,1,2,8,3,1,2,3,1,2,1,2
4,995,1707.0,143,terminated,2,0,0,2,1707.0,1,1,1,0,0,4,0,8,2,2,0,4,2,2,0,2,2,4,8,2,2,0,4,2,2,4,2,2,2,2
4,996,1738.0,112,terminated,2,0,0,2,1738.0,1,3,2,1,1,4,1,9,2,2,1,5,2,2,1,3,2,4,8,2,2,8,4,2,2,4,2,2,2,2
4,997,1712.0,138,terminated,2,0,0,2,1712.0,1,2,1,1,0,4,0,8,2,2,0,4,2,2,0,2,2,4,8,2,2,15,4,2,2,4,2,2,2,2
4,998,1740.0,110,terminated,2,0,0,2,1740.0,1,4,2,2,1,2,1,7,2,2,1,5,2,2,1,3,2,2,6,2,2,0,4,2,2,4,2,2,2,2
4,999,1672.0,178,terminated,2,0,0,2,1672.0,1,3,2,1,1,4,1,9,2,2,1,5,2,2,1,3,2,4,8,2,2,8,4,2,2,4,2,2,2,2
