schema_version,episode,return,length,termination,metric/blue_eaten,metric/food_remaining,metric/lost,metric/orange_eaten,metric/score,metric/won,count/pacman%2Fconditional-vegan-v0/ConditionalVegan,count/pacman%2Fconditional-vegan-v0/ConditionalVegetarianBlue,count/pacman%2Fconditional-vegan-v0/ConditionalVegetarianOrange,count/pacman%2Fhungry-v0/count,count/pacman%2Fhungry-vegan-penalty-v1/CTD,count/pacman%2Fhungry-vegan-penalty-v1/Hungr,count/pacman%2Fhungry-vegan-penalty-v1/HungryVeganPenalty,count/pacman%2Fhungry-vegan-penalty-v1/VegetarianBlue,count/pacman%2Fhungry-vegan-penalty-v1/VegetarianOrange,count/pacman%2Fhungry-vegan-v0/Hungr,count/pacman%2Fhungry-vegan-v0/HungryVegan,count/pacman%2Fhungry-vegan-v0/VegetarianBlue,count/pacman%2Fhungry-vegan-v0/VegetarianOrange,count/pacman%2Fhungry-vegetarian-v0/Hungr,count/pacman%2Fhungry-vegetarian-v0/HungryVegetarian,count/pacman%2Fhungry-vegetarian-v0/VegetarianOrange,count/pacman%2Fpenalty-v0/CTD,count/pacman%2Fpenalty-v0/Penalty%28total%29,count/pacman%2Fpenalty-v0/VegetarianBlue,count/pacman%2Fpenalty-v0/VegetarianOrange,count/pacman%2Ftrapped-v1/count,count/pacman%2Fvegan-preference-v0/VeganPreference,count/pacman%2Fvegan-preference-v0/VegetarianBlue,count/pacman%2Fvegan-preference-v0/VegetarianOrange,count/pacman%2Fvegan-v0/Vegan,count/pacman%2Fvegan-v0/VegetarianBlue,count/pacman%2Fvegan-v0/VegetarianOrange,count/pacman%2Fvegetarian-blue-v0/count,count/pacman%2Fvegetarian-orange-v0/count
4,0,1529.0,121,terminated,2,0,0,1,1529.0,1,1,1,0,0,3,0,6,2,1,0,3,2,1,0,1,1,3,6,2,1,0,3,2,1,3,2,1,2,1
4,1,1541.0,109,terminated,1,0,0,2,1541.0,1,1,0,1,1,3,1,7,1,2,1,4,1,2,1,3,2,3,6,1,2,21,3,1,2,3,1,2,1,2
4,2,1535.0,115,terminated,1,0,0,2,1535.0,1,3,1,2,1,3,1,7,1,2,1,4,1,2,1,3,2,3,6,1,2,6,3,1,2,3,1,2,1,2
4,3,1311.0,139,terminated,1,0,0,1,1311.0,1,1,1,0,0,2,0,4,1,1,0,2,1,1,0,1,1,2,4,1,1,14,2,1,1,2,1,1,1,1
4,4,1547.0,103,terminated,2,0,0,1,1547.0,1,1,1,0,0,3,0,6,2,1,0,3,2,1,0,1,1,3,6,2,1,0,3,2,1,3,2,1,2,1
4,5,-186.0,16,terminated,1,42,1,0,-186.0,0,0,0,0,0,1,0,2,1,0,0,1,1,0,0,0,0,1,2,1,0,0,1,1,0,1,1,0,1,0
4,6,1762.0,88,terminated,2,0,0,2,1762.0,1,0,0,0,0,4,0,8,2,2,0,4,2,2,0,2,2,4,8,2,2,0,4,2,2,4,2,2,2,2
4,7,1752.0,98,terminated,2,0,0,2,1752.0,1,2,1,1,1,4,1,9,2,2,1,5,2,2,1,3,2,4,8,2,2,7,4,2,2,4,2,2,2,2
4,8,500.0,40,terminated,2,31,1,2,500.0,0,2,0,2,0,3,0,7,2,2,0,4,2,2,0,2,2,3,7,2,2,6,4,2,2,4,2,2,2,2
4,9,-176.0,16,terminated,1,41,1,0,-176.0,0,0,0,0,0,1,0,2,1,0,0,1,1,0,0,0,0,1,2,1,0,0,1,1,0,1,1,0,1,0
4,10,1754.0,96,terminated,2,0,0,2,1754.0,1,3,1,2,1,3,1,8,2,2,1,5,2,2,1,3,2,3,7,2,2,0,4,2,2,4,2,2,2,2
4,11,1537.0,113,terminated,2,0,0,1,1537.0,1,3,2,1,1,3,1,7,2,1,1,4,2,1,1,2,1,3,6,2,1,31,3,2,1,3,2,1,2,1
4,12,1699.0,151,terminated,2,0,0,2,1699.0,1,3,1,2,0,3,0,7,2,2,0,4,2,2,0,2,2,3,7,2,2,11,4,2,2,4,2,2,2,2
4,13,1766.0,84,terminated,2,0,0,2,1766.0,1,3,2,1,1,4,1,9,2,2,1,5,2,2,1,3,2,4,8,2,2,9,4,2,2,4,2,2,2,2
4,14,1538.0,112,terminated,1,0,0,2,1538.0,1,1,1,0,1,3,1,7,1,2,1,4,1,2,1,3,2,3,6,1,2,14,3,1,2,3,1,2,1,2
4,15,1715.0,135,terminated,2,0,0,2,1715.0,1,3,1,2,1,4,1,9,2,2,1,5,2,2,1,3,2,4,8,2,2,1,4,2,2,4,2,2,2,2
4,16,1754.0,96,terminated,2,0,0,2,1754.0,1,2,1,1,0,3,0,7,2,2,0,4,2,2,0,2,2,3,7,2,2,0,4,2,2,4,2,2,2,2
4,17,1519.0,131,terminated,1,0,0,2,1519.0,1,1,0,1,0,3,0,6,1,2,0,3,1,2,0,2,2,3,6,1,2,0,3,1,2,3,1,2,1,2
4,18,1551.0,99,terminated,1,0,0,2,1551.0,1,2,0,2,1,3,1,7,1,2,1,4,1,2,1,3,2,3,6,1,2,6,3,1,2,3,1,2,1,2
4,19,-178.0,18,terminated,1,41,1,0,-178.0,0,0,0,0,1,0,1,2,1,0,1,2,1,0,1,1,0,0,1,1,0,0,1,1,0,1,1,0,1,0
4,20,1748.0,102,terminated,2,0,0,2,1748.0,1,2,1,1,0,4,0,8,2,2,0,4,2,2,0,2,2,4,8,2,2,1,4,2,2,4,2,2,2,2
4,21,467.0,113,terminated,2,7,1,1,467.0,0,2,1,1,1,3,1,7,2,1,1,4,2,1,1,2,1,3,6,2,1,0,3,2,1,3,2,1,2,1
4,22,1531.0,119,terminated,1,0,0,2,1531.0,1,2,0,2,1,3,1,7,1,2,1,4,1,2,1,3,2,3,6,1,2,4,3,1,2,3,1,2,1,2
4,23,1731.0,119,terminated,2,0,0,2,1731.0,1,2,0,2,1,4,1,9,2,2,1,5,2,2,1,3,2,4,8,2,2,3,4,2,2,4,2,2,2,2
4,24,1554.0,96,terminated,1,0,0,2,1554.0,1,3,1,2,1,3,1,7,1,2,1,4,1,2,1,3,2,3,6,1,2,3,3,1,2,3,1,2,1,2
4,25,1513.0,137,terminated,2,0,0,1,1513.0,1,2,2,0,0,3,0,6,2,1,0,3,2,1,0,1,1,3,6,2,1,4,3,2,1,3,2,1,2,1
4,26,501.0,49,terminated,2,30,1,2,501.0,0,3,1,2,1,3,1,8,2,2,1,5,2,2,1,3,2,3,7,2,2,7,4,2,2,4,2,2,2,2
4,27,1702.0,148,terminated,2,0,0,2,1702.0,1,1,1,0,0,3,0,7,2,2,0,4,2,2,0,2,2,3,7,2,2,0,4,2,2,4,2,2,2,2
4,28,481.0,39,terminated,2,33,1,2,481.0,0,3,2,1,1,2,1,7,2,2,1,5,2,2,1,3,2,2,6,2,2,6,4,2,2,4,2,2,2,2
4,29,1757.0,93,terminated,2,0,0,2,1757.0,1,2,0,2,1,4,1,9,2,2,1,5,2,2,1,3,2,4,8,2,2,8,4,2,2,4,2,2,2,2
4,30,1753.0,97,terminated,2,0,0,2,1753.0,1,3,2,1,1,4,1,9,2,2,1,5,2,2,1,3,2,4,8,2,2,6,4,2,2,4,2,2,2,2
4,31,1729.0,121,terminated,2,0,0,2,1729.0,1,3,2,1,1,3,1,8,2,2,1,5,2,2,1,3,2,3,7,2,2,24,4,2,2,4,2,2,2,2
4,32,1498.0,152,terminated,2,0,0,1,1498.0,1,2,2,0,1,3,1,7,2,1,1,4,2,1,1,2,1,3,6,2,1,1,3,2,1,3,2,1,2,1
4,33,1553.0,97,terminated,1,0,0,2,1553.0,1,2,1,1,1,3,1,7,1,2,1,4,1,2,1,3,2,3,6,1,2,8,3,1,2,3,1,2,1,2
4,34,475.0,45,terminated,2,33,1,2,475.0,0,3,1,2,1,3,1,8,2,2,1,5,2,2,1,3,2,3,7,2,2,11,4,2,2,4,2,2,2,2
4,35,579.0,151,terminated,2,12,1,2,579.0,0,2,2,0,0,4,0,8,2,2,0,4,2,2,0,2,2,4,8,2,2,10,4,2,2,4,2,2,2,2
4,36,1754.0,96,terminated,2,0,0,2,1754.0,1,2,2,0,1,4,1,9,2,2,1,5,2,2,1,3,2,4,8,2,2,4,4,2,2,4,2,2,2,2
4,37,602.0,88,terminated,2,16,1,2,602.0,0,2,0,2,1,4,1,9,2,2,1,5,2,2,1,3,2,4,8,2,2,1,4,2,2,4,2,2,2,2
4,38,1747.0,103,terminated,2,0,0,2,1747.0,1,1,1,0,1,4,1,9,2,2,1,5,2,2,1,3,2,4,8,2,2,0,4,2,2,4,2,2,2,2
4,39,1531.0,119,terminated,2,0,0,1,1531.0,1,0,0,0,0,3,0,6,2,1,0,3,2,1,0,1,1,3,6,2,1,40,3,2,1,3,2,1,2,1
4,40,1527.0,123,terminated,1,0,0,2,1527.0,1,2,1,1,1,3,1,7,1,2,1,4,1,2,1,3,2,3,6,1,2,14,3,1,2,3,1,2,1,2
4,41,1721.0,129,terminated,2,0,0,2,1721.0,1,0,0,0,1,3,1,8,2,2,1,5,2,2,1,3,2,3,7,2,2,0,4,2,2,4,2,2,2,2
4,42,525.0,45,terminated,2,28,1,2,525.0,0,3,1,2,1,3,1,8,2,2,1,5,2,2,1,3,2,3,7,2,2,8,4,2,2,4,2,2,2,2
4,43,1563.0,87,terminated,1,0,0,2,1563.0,1,3,1,2,1,3,1,7,1,2,1,4,1,2,1,3,2,3,6,1,2,8,3,1,2,3,1,2,1,2
4,44,1748.0,102,terminated,2,0,0,2,1748.0,1,1,1,0,1,4,1,9,2,2,1,5,2,2,1,3,2,4,8,2,2,8,4,2,2,4,2,2,2,2
4,45,1723.0,127,terminated,2,0,0,2,1723.0,1,1,0,1,1,4,1,9,2,2,1,5,2,2,1,3,2,4,8,2,2,0,4,2,2,4,2,2,2,2
4,46,1691.0,159,terminated,2,0,0,2,1691.0,1,3,1,2,1,4,1,9,2,2,1,5,2,2,1,3,2,4,8,2,2,9,4,2,2,4,2,2,2,2
4,47,1517.0,133,terminated,1,0,0,2,1517.0,1,2,0,2,0,3,0,6,1,2,0,3,1,2,0,2,2,3,6,1,2,4,3,1,2,3,1,2,1,2
4,48,608.0,72,terminated,2,17,1,2,608.0,0,3,1,2,1,4,1,9,2,2,1,5,2,2,1,3,2,4,8,2,2,6,4,2,2,4,2,2,2,2
4,49,1733.0,117,terminated,2,0,0,2,1733.0,1,2,0,2,0,4,0,8,2,2,0,4,2,2,0,2,2,4,8,2,2,3,4,2,2,4,2,2,2,2
4,50,1753.0,97,terminated,2,0,0,2,1753.0,1,3,2,1,0,4,0,8,2,2,0,4,2,2,0,2,2,4,8,2,2,5,4,2,2,4,2,2,2,2
4,51,-176.0,16,terminated,1,41,1,0,-176.0,0,0,0,0,0,1,0,2,1,0,0,1,1,0,0,0,0,1,2,1,0,0,1,1,0,1,1,0,1,0
4,52,1531.0,119,terminated,2,0,0,1,1531.0,1,1,1,0,0,3,0,6,2,1,0,3,2,1,0,1,1,3,6,2,1,32,3,2,1,3,2,1,2,1
4,53,1444.0,206,terminated,2,0,0,1,1444.0,1,3,2,1,1,2,1,6,2,1,1,4,2,1,1,2,1,2,5,2,1,8,3,2,1,3,2,1,2,1
4,54,420.0,100,terminated,2,13,1,1,420.0,0,2,1,1,1,3,1,7,2,1,1,4,2,1,1,2,1,3,6,2,1,0,3,2,1,3,2,1,2,1
4,55,1305.0,145,terminated,0,0,0,2,1305.0,1,2,0,2,1,1,1,4,0,2,1,3,0,2,1,3,2,1,3,0,2,18,2,0,2,2,0,2,0,2
4,56,1743.0,107,terminated,2,0,0,2,1743.0,1,2,1,1,1,4,1,9,2,2,1,5,2,2,1,3,2,4,8,2,2,10,4,2,2,4,2,2,2,2
4,57,840.0,300,truncated,2,1,0,1,840.0,0,1,1,0,0,3,0,6,2,1,0,3,2,1,0,1,1,3,6,2,1,0,3,2,1,3,2,1,2,1
4,58,1724.0,126,terminated,2,0,0,2,1724.0,1,0,0,0,0,4,0,8,2,2,0,4,2,2,0,2,2,4,8,2,2,0,4,2,2,4,2,2,2,2
4,59,464.0,66,terminated,1,12,1,2,464.0,0,2,0,2,0,3,0,6,1,2,0,3,1,2,0,2,2,3,6,1,2,4,3,1,2,3,1,2,1,2
4,60,1752.0,98,terminated,2,0,0,2,1752.0,1,2,1,1,1,4,1,9,2,2,1,5,2,2,1,3,2,4,8,2,2,0,4,2,2,4,2,2,2,2
4,61,1533.0,117,terminated,1,0,0,2,1533.0,1,1,0,1,1,2,1,6,1,2,1,4,1,2,1,3,2,2,5,1,2,22,3,1,2,3,1,2,1,2
4,62,1765.0,85,terminated,2,0,0,2,1765.0,1,2,0,2,0,4,0,8,2,2,0,4,2,2,0,2,2,4,8,2,2,1,4,2,2,4,2,2,2,2
4,63,1762.0,88,terminated,2,0,0,2,1762.0,1,3,1,2,1,4,1,9,2,2,1,5,2,2,1,3,2,4,8,2,2,7,4,2,2,4,2,2,2,2
4,64,1739.0,111,terminated,2,0,0,2,1739.0,1,2,1,1,1,4,1,9,2,2,1,5,2,2,1,3,2,4,8,2,2,1,4,2,2,4,2,2,2,2
4,65,1511.0,139,terminated,2,0,0,1,1511.0,1,2,1,1,1,3,1,7,2,1,1,4,2,1,1,2,1,3,6,2,1,5,3,2,1,3,2,1,2,1
4,66,382.0,68,terminated,1,20,1,2,382.0,0,1,0,1,1,2,1,6,1,2,1,4,1,2,1,3,2,2,5,1,2,20,3,1,2,3,1,2,1,2
4,67,21.0,19,terminated,1,41,1,1,21.0,0,2,1,1,1,0,1,3,1,1,1,3,1,1,1,2,1,0,2,1,1,1,2,1,1,2,1,1,1,1
4,68,1715.0,135,terminated,2,0,0,2,1715.0,1,1,0,1,0,4,0,8,2,2,0,4,2,2,0,2,2,4,8,2,2,0,4,2,2,4,2,2,2,2
4,69,1730.0,120,terminated,2,0,0,2,1730.0,1,2,1,1,1,4,1,9,2,2,1,5,2,2,1,3,2,4,8,2,2,14,4,2,2,4,2,2,2,2
4,70,1338.0,112,terminated,0,0,0,2,1338.0,1,2,0,2,1,0,1,3,0,2,1,3,0,2,1,3,2,0,2,0,2,18,2,0,2,2,0,2,0,2
4,71,1558.0,92,terminated,2,0,0,1,1558.0,1,2,2,0,1,3,1,7,2,1,1,4,2,1,1,2,1,3,6,2,1,1,3,2,1,3,2,1,2,1
4,72,21.0,19,terminated,1,41,1,1,21.0,0,0,0,0,1,0,1,3,1,1,1,3,1,1,1,2,1,0,2,1,1,0,2,1,1,2,1,1,1,1
4,73,418.0,192,terminated,1,4,1,2,418.0,0,2,0,2,1,3,1,7,1,2,1,4,1,2,1,3,2,3,6,1,2,1,3,1,2,3,1,2,1,2
4,74,20.0,20,terminated,1,41,1,1,20.0,0,0,0,0,1,1,1,4,1,1,1,3,1,1,1,2,1,1,3,1,1,0,2,1,1,2,1,1,1,1
4,75,1531.0,119,terminated,2,0,0,1,1531.0,1,1,1,0,0,3,0,6,2,1,0,3,2,1,0,1,1,3,6,2,1,0,3,2,1,3,2,1,2,1
4,76,1739.0,111,terminated,2,0,0,2,1739.0,1,3,1,2,1,4,1,9,2,2,1,5,2,2,1,3,2,4,8,2,2,4,4,2,2,4,2,2,2,2
4,77,1549.0,101,terminated,2,0,0,1,1549.0,1,1,1,0,1,3,1,7,2,1,1,4,2,1,1,2,1,3,6,2,1,6,3,2,1,3,2,1,2,1
4,78,1734.0,116,terminated,2,0,0,2,1734.0,1,2,1,1,1,4,1,9,2,2,1,5,2,2,1,3,2,4,8,2,2,2,4,2,2,4,2,2,2,2
4,79,-169.0,19,terminated,0,40,1,1,-169.0,0,0,0,0,1,1,1,3,0,1,1,2,0,1,1,2,1,1,2,0,1,1,1,0,1,1,0,1,0,1
4,80,1751.0,99,terminated,2,0,0,2,1751.0,1,1,1,0,0,4,0,8,2,2,0,4,2,2,0,2,2,4,8,2,2,1,4,2,2,4,2,2,2,2
4,81,1559.0,91,terminated,2,0,0,1,1559.0,1,1,1,0,0,3,0,6,2,1,0,3,2,1,0,1,1,3,6,2,1,14,3,2,1,3,2,1,2,1
4,82,1745.0,105,terminated,2,0,0,2,1745.0,1,1,0,1,1,3,1,8,2,2,1,5,2,2,1,3,2,3,7,2,2,0,4,2,2,4,2,2,2,2
4,83,1740.0,110,terminated,2,0,0,2,1740.0,1,1,1,0,1,4,1,9,2,2,1,5,2,2,1,3,2,4,8,2,2,5,4,2,2,4,2,2,2,2
4,84,1334.0,116,terminated,2,0,0,0,1334.0,1,1,1,0,0,2,0,4,2,0,0,2,2,0,0,0,0,2,4,2,0,30,2,2,0,2,2,0,2,0
4,85,1764.0,86,terminated,2,0,0,2,1764.0,1,3,1,2,1,4,1,9,2,2,1,5,2,2,1,3,2,4,8,2,2,5,4,2,2,4,2,2,2,2
4,86,1306.0,144,terminated,1,0,0,1,1306.0,1,1,0,1,1,2,1,5,1,1,1,3,1,1,1,2,1,2,4,1,1,22,2,1,1,2,1,1,1,1
4,87,1766.0,84,terminated,2,0,0,2,1766.0,1,3,1,2,0,4,0,8,2,2,0,4,2,2,0,2,2,4,8,2,2,4,4,2,2,4,2,2,2,2
4,88,1720.0,130,terminated,2,0,0,2,1720.0,1,0,0,0,0,4,0,8,2,2,0,4,2,2,0,2,2,4,8,2,2,0,4,2,2,4,2,2,2,2
4,89,1685.0,165,terminated,2,0,0,2,1685.0,1,0,0,0,0,3,0,7,2,2,0,4,2,2,0,2,2,3,7,2,2,4,4,2,2,4,2,2,2,2
4,90,1306.0,144,terminated,2,0,0,0,1306.0,1,0,0,0,1,1,1,4,2,0,1,3,2,0,1,1,0,1,3,2,0,21,2,2,0,2,2,0,2,0
4,91,1544.0,106,terminated,2,0,0,1,1544.0,1,1,1,0,0,2,0,5,2,1,0,3,2,1,0,1,1,2,5,2,1,0,3,2,1,3,2,1,2,1
4,92,1764.0,86,terminated,2,0,0,2,1764.0,1,3,2,1,1,3,1,8,2,2,1,5,2,2,1,3,2,3,7,2,2,2,4,2,2,4,2,2,2,2
4,93,1736.0,114,terminated,2,0,0,2,1736.0,1,4,2,2,1,3,1,8,2,2,1,5,2,2,1,3,2,3,7,2,2,0,4,2,2,4,2,2,2,2
4,94,1767.0,83,terminated,2,0,0,2,1767.0,1,3,2,1,1,4,1,9,2,2,1,5,2,2,1,3,2,4,8,2,2,8,4,2,2,4,2,2,2,2
4,95,1770.0,80,terminated,2,0,0,2,1770.0,1,3,2,1,1,4,1,9,2,2,1,5,2,2,1,3,2,4,8,2,2,0,4,2,2,4,2,2,2,2
4,96,-181.0,21,terminated,0,41,1,1,-181.0,0,0,0,0,0,1,0,2,0,1,0,1,0,1,0,1,1,1,2,0,1,0,1,0,1,1,0,1,0,1
4,97,1768.0,82,terminated,2,0,0,2,1768.0,1,2,1,1,1,4,1,9,2,2,1,5,2,2,1,3,2,4,8,2,2,0,4,2,2,4,2,2,2,2
4,98,1528.0,122,terminated,1,0,0,2,1528.0,1,1,0,1,1,3,1,7,1,2,1,4,1,2,1,3,2,3,6,1,2,9,3,1,2,3,1,2,1,2
4,99,1542.0,108,terminated,1,0,0,2,1542.0,1,0,0,0,0,3,0,6,1,2,0,3,1,2,0,2,2,3,6,1,2,0,3,1,2,3,1,2,1,2
4,100,1260.0,190,terminated,2,0,0,0,1260.0,1,1,1,0,1,1,1,4,2,0,1,3,2,0,1,1,0,1,3,2,0,9,2,2,0,2,2,0,2,0
4,101,1758.0,92,terminated,2,0,0,2,1758.0,1,2,1,1,1,4,1,9,2,2,1,5,2,2,1,3,2,4,8,2,2,4,4,2,2,4,2,2,2,2
4,102,1485.0,165,terminated,2,0,0,1,1485.0,1,2,2,0,1,2,1,6,2,1,1,4,2,1,1,2,1,2,5,2,1,41,3,2,1,3,2,1,2,1
4,103,1689.0,161,terminated,2,0,0,2,1689.0,1,2,2,0,1,4,1,9,2,2,1,5,2,2,1,3,2,4,8,2,2,8,4,2,2,4,2,2,2,2
4,104,1774.0,76,terminated,2,0,0,2,1774.0,1,2,0,2,0,4,0,8,2,2,0,4,2,2,0,2,2,4,8,2,2,0,4,2,2,4,2,2,2,2
4,105,666.0,84,terminated,2,10,1,2,666.0,0,0,0,0,1,3,1,8,2,2,1,5,2,2,1,3,2,3,7,2,2,0,4,2,2,4,2,2,2,2
4,106,1736.0,114,terminated,2,0,0,2,1736.0,1,2,2,0,0,4,0,8,2,2,0,4,2,2,0,2,2,4,8,2,2,3,4,2,2,4,2,2,2,2
4,107,1491.0,159,terminated,2,0,0,1,1491.0,1,2,2,0,1,3,1,7,2,1,1,4,2,1,1,2,1,3,6,2,1,44,3,2,1,3,2,1,2,1
4,108,1537.0,113,terminated,1,0,0,2,1537.0,1,1,0,1,1,3,1,7,1,2,1,4,1,2,1,3,2,3,6,1,2,1,3,1,2,3,1,2,1,2
4,109,1741.0,109,terminated,2,0,0,2,1741.0,1,2,1,1,0,3,0,7,2,2,0,4,2,2,0,2,2,3,7,2,2,0,4,2,2,4,2,2,2,2
4,110,1545.0,105,terminated,1,0,0,2,1545.0,1,1,0,1,0,3,0,6,1,2,0,3,1,2,0,2,2,3,6,1,2,0,3,1,2,3,1,2,1,2
4,111,39.0,21,terminated,1,39,1,1,39.0,0,0,0,0,1,1,1,4,1,1,1,3,1,1,1,2,1,1,3,1,1,0,2,1,1,2,1,1,1,1
4,112,1559.0,91,terminated,2,0,0,1,1559.0,1,2,2,0,1,3,1,7,2,1,1,4,2,1,1,2,1,3,6,2,1,0,3,2,1,3,2,1,2,1
4,113,1712.0,138,terminated,2,0,0,2,1712.0,1,3,1,2,1,4,1,9,2,2,1,5,2,2,1,3,2,4,8,2,2,11,4,2,2,4,2,2,2,2
4,114,1727.0,123,terminated,2,0,0,2,1727.0,1,1,0,1,0,4,0,8,2,2,0,4,2,2,0,2,2,4,8,2,2,0,4,2,2,4,2,2,2,2
4,115,1761.0,89,terminated,2,0,0,2,1761.0,1,1,1,0,1,4,1,9,2,2,1,5,2,2,1,3,2,4,8,2,2,0,4,2,2,4,2,2,2,2
4,116,445.0,75,terminated,2,13,1,1,445.0,0,0,0,0,0,3,0,6,2,1,0,3,2,1,0,1,1,3,6,2,1,0,3,2,1,3,2,1,2,1
4,117,1542.0,108,terminated,1,0,0,2,1542.0,1,2,0,2,1,2,1,6,1,2,1,4,1,2,1,3,2,2,5,1,2,4,3,1,2,3,1,2,1,2
4,118,1509.0,141,terminated,1,0,0,2,1509.0,1,2,1,1,1,3,1,7,1,2,1,4,1,2,1,3,2,3,6,1,2,5,3,1,2,3,1,2,1,2
4,119,1751.0,99,terminated,2,0,0,2,1751.0,1,4,2,2,1,4,1,9,2,2,1,5,2,2,1,3,2,4,8,2,2,6,4,2,2,4,2,2,2,2
4,120,1748.0,102,terminated,2,0,0,2,1748.0,1,4,2,2,1,4,1,9,2,2,1,5,2,2,1,3,2,4,8,2,2,3,4,2,2,4,2,2,2,2
4,121,1718.0,132,terminated,2,0,0,2,1718.0,1,0,0,0,0,4,0,8,2,2,0,4,2,2,0,2,2,4,8,2,2,0,4,2,2,4,2,2,2,2
4,122,1739.0,111,terminated,2,0,0,2,1739.0,1,2,1,1,1,4,1,9,2,2,1,5,2,2,1,3,2,4,8,2,2,0,4,2,2,4,2,2,2,2
4,123,1730.0,120,terminated,2,0,0,2,1730.0,1,3,2,1,1,3,1,8,2,2,1,5,2,2,1,3,2,3,7,2,2,8,4,2,2,4,2,2,2,2
4,124,-176.0,16,terminated,1,41,1,0,-176.0,0,0,0,0,0,1,0,2,1,0,0,1,1,0,0,0,0,1,2,1,0,0,1,1,0,1,1,0,1,0
4,125,1545.0,105,terminated,1,0,0,2,1545.0,1,0,0,0,1,3,1,7,1,2,1,4,1,2,1,3,2,3,6,1,2,14,3,1,2,3,1,2,1,2
4,126,1739.0,111,terminated,2,0,0,2,1739.0,1,3,2,1,1,3,1,8,2,2,1,5,2,2,1,3,2,3,7,2,2,6,4,2,2,4,2,2,2,2
4,127,1717.0,133,terminated,2,0,0,2,1717.0,1,4,2,2,1,3,1,8,2,2,1,5,2,2,1,3,2,3,7,2,2,7,4,2,2,4,2,2,2,2
4,128,1701.0,149,terminated,2,0,0,2,1701.0,1,1,1,0,1,4,1,9,2,2,1,5,2,2,1,3,2,4,8,2,2,3,4,2,2,4,2,2,2,2
4,129,1688.0,162,terminated,2,0,0,2,1688.0,1,3,1,2,1,4,1,9,2,2,1,5,2,2,1,3,2,4,8,2,2,6,4,2,2,4,2,2,2,2
4,130,469.0,51,terminated,2,33,1,2,469.0,0,3,2,1,1,4,1,9,2,2,1,5,2,2,1,3,2,4,8,2,2,6,4,2,2,4,2,2,2,2
4,131,1761.0,89,terminated,2,0,0,2,1761.0,1,2,2,0,0,4,0,8,2,2,0,4,2,2,0,2,2,4,8,2,2,1,4,2,2,4,2,2,2,2
4,132,1549.0,101,terminated,2,0,0,1,1549.0,1,1,1,0,0,3,0,6,2,1,0,3,2,1,0,1,1,3,6,2,1,0,3,2,1,3,2,1,2,1
4,133,577.0,73,terminated,2,20,1,2,577.0,0,2,1,1,0,4,0,8,2,2,0,4,2,2,0,2,2,4,8,2,2,1,4,2,2,4,2,2,2,2
4,134,1732.0,118,terminated,2,0,0,2,1732.0,1,1,1,0,1,4,1,9,2,2,1,5,2,2,1,3,2,4,8,2,2,0,4,2,2,4,2,2,2,2
4,135,1730.0,120,terminated,2,0,0,2,1730.0,1,3,2,1,1,3,1,8,2,2,1,5,2,2,1,3,2,3,7,2,2,7,4,2,2,4,2,2,2,2
4,136,1730.0,120,terminated,2,0,0,2,1730.0,1,4,2,2,1,3,1,8,2,2,1,5,2,2,1,3,2,3,7,2,2,1,4,2,2,4,2,2,2,2
4,137,1767.0,83,terminated,2,0,0,2,1767.0,1,2,1,1,1,4,1,9,2,2,1,5,2,2,1,3,2,4,8,2,2,7,4,2,2,4,2,2,2,2
4,138,1725.0,125,terminated,2,0,0,2,1725.0,1,3,1,2,1,4,1,9,2,2,1,5,2,2,1,3,2,4,8,2,2,1,4,2,2,4,2,2,2,2
4,139,1699.0,151,terminated,2,0,0,2,1699.0,1,2,1,1,1,4,1,9,2,2,1,5,2,2,1,3,2,4,8,2,2,9,4,2,2,4,2,2,2,2
4,140,1514.0,136,terminated,1,0,0,2,1514.0,1,0,0,0,1,3,1,7,1,2,1,4,1,2,1,3,2,3,6,1,2,22,3,1,2,3,1,2,1,2
4,141,1546.0,104,terminated,1,0,0,2,1546.0,1,2,1,1,1,3,1,7,1,2,1,4,1,2,1,3,2,3,6,1,2,3,3,1,2,3,1,2,1,2
4,142,1553.0,97,terminated,2,0,0,1,1553.0,1,3,2,1,1,3,1,7,2,1,1,4,2,1,1,2,1,3,6,2,1,12,3,2,1,3,2,1,2,1
4,143,1535.0,115,terminated,1,0,0,2,1535.0,1,2,1,1,1,3,1,7,1,2,1,4,1,2,1,3,2,3,6,1,2,18,3,1,2,3,1,2,1,2
4,144,1710.0,140,terminated,2,0,0,2,1710.0,1,3,2,1,1,3,1,8,2,2,1,5,2,2,1,3,2,3,7,2,2,0,4,2,2,4,2,2,2,2
4,145,1763.0,87,terminated,2,0,0,2,1763.0,1,3,2,1,1,3,1,8,2,2,1,5,2,2,1,3,2,3,7,2,2,2,4,2,2,4,2,2,2,2
4,146,1515.0,135,terminated,1,0,0,2,1515.0,1,2,0,2,1,3,1,7,1,2,1,4,1,2,1,3,2,3,6,1,2,4,3,1,2,3,1,2,1,2
4,147,1562.0,88,terminated,2,0,0,1,1562.0,1,1,0,1,1,3,1,7,2,1,1,4,2,1,1,2,1,3,6,2,1,7,3,2,1,3,2,1,2,1
4,148,484.0,36,terminated,2,33,1,2,484.0,0,2,1,1,1,3,1,8,2,2,1,5,2,2,1,3,2,3,7,2,2,4,4,2,2,4,2,2,2,2
4,149,1756.0,94,terminated,2,0,0,2,1756.0,1,2,1,1,1,4,1,9,2,2,1,5,2,2,1,3,2,4,8,2,2,4,4,2,2,4,2,2,2,2
4,150,1747.0,103,terminated,2,0,0,2,1747.0,1,3,2,1,0,4,0,8,2,2,0,4,2,2,0,2,2,4,8,2,2,1,4,2,2,4,2,2,2,2
4,151,1526.0,124,terminated,1,0,0,2,1526.0,1,2,1,1,0,3,0,6,1,2,0,3,1,2,0,2,2,3,6,1,2,3,3,1,2,3,1,2,1,2
4,152,1701.0,149,terminated,2,0,0,2,1701.0,1,3,2,1,1,4,1,9,2,2,1,5,2,2,1,3,2,4,8,2,2,0,4,2,2,4,2,2,2,2
4,153,1518.0,132,terminated,2,0,0,1,1518.0,1,3,2,1,1,3,1,7,2,1,1,4,2,1,1,2,1,3,6,2,1,24,3,2,1,3,2,1,2,1
4,154,1741.0,109,terminated,2,0,0,2,1741.0,1,1,1,0,1,4,1,9,2,2,1,5,2,2,1,3,2,4,8,2,2,1,4,2,2,4,2,2,2,2
4,155,1522.0,128,terminated,1,0,0,2,1522.0,1,1,0,1,0,3,0,6,1,2,0,3,1,2,0,2,2,3,6,1,2,0,3,1,2,3,1,2,1,2
4,156,1564.0,86,terminated,1,0,0,2,1564.0,1,2,0,2,1,2,1,6,1,2,1,4,1,2,1,3,2,2,5,1,2,21,3,1,2,3,1,2,1,2
4,157,255.0,65,terminated,2,33,1,1,255.0,0,1,1,0,1,2,1,6,2,1,1,4,2,1,1,2,1,2,5,2,1,18,3,2,1,3,2,1,2,1
4,158,471.0,159,terminated,1,2,1,2,471.0,0,2,0,2,1,3,1,7,1,2,1,4,1,2,1,3,2,3,6,1,2,19,3,1,2,3,1,2,1,2
4,159,1534.0,116,terminated,2,0,0,1,1534.0,1,3,2,1,1,1,1,5,2,1,1,4,2,1,1,2,1,1,4,2,1,19,3,2,1,3,2,1,2,1
4,160,1551.0,99,terminated,1,0,0,2,1551.0,1,2,1,1,1,3,1,7,1,2,1,4,1,2,1,3,2,3,6,1,2,1,3,1,2,3,1,2,1,2
4,161,1749.0,101,terminated,2,0,0,2,1749.0,1,2,1,1,1,4,1,9,2,2,1,5,2,2,1,3,2,4,8,2,2,0,4,2,2,4,2,2,2,2
4,162,364.0,76,terminated,2,21,1,1,364.0,0,1,0,1,1,3,1,7,2,1,1,4,2,1,1,2,1,3,6,2,1,23,3,2,1,3,2,1,2,1
4,163,1526.0,124,terminated,2,0,0,1,1526.0,1,2,1,1,0,3,0,6,2,1,0,3,2,1,0,1,1,3,6,2,1,10,3,2,1,3,2,1,2,1
4,164,1743.0,107,terminated,2,0,0,2,1743.0,1,3,1,2,1,4,1,9,2,2,1,5,2,2,1,3,2,4,8,2,2,0,4,2,2,4,2,2,2,2
4,165,1535.0,115,terminated,1,0,0,2,1535.0,1,2,1,1,1,2,1,6,1,2,1,4,1,2,1,3,2,2,5,1,2,20,3,1,2,3,1,2,1,2
4,166,1548.0,102,terminated,1,0,0,2,1548.0,1,1,1,0,1,3,1,7,1,2,1,4,1,2,1,3,2,3,6,1,2,4,3,1,2,3,1,2,1,2
4,167,1528.0,122,terminated,2,0,0,1,1528.0,1,2,1,1,1,3,1,7,2,1,1,4,2,1,1,2,1,3,6,2,1,10,3,2,1,3,2,1,2,1
4,168,1484.0,166,terminated,2,0,0,1,1484.0,1,1,1,0,0,3,0,6,2,1,0,3,2,1,0,1,1,3,6,2,1,0,3,2,1,3,2,1,2,1
4,169,31.0,19,terminated,1,40,1,1,31.0,0,1,0,1,1,2,1,5,1,1,1,3,1,1,1,2,1,2,4,1,1,1,2,1,1,2,1,1,1,1
4,170,1731.0,119,terminated,2,0,0,2,1731.0,1,0,0,0,0,4,0,8,2,2,0,4,2,2,0,2,2,4,8,2,2,7,4,2,2,4,2,2,2,2
4,171,1544.0,106,terminated,2,0,0,1,1544.0,1,0,0,0,1,2,1,6,2,1,1,4,2,1,1,2,1,2,5,2,1,28,3,2,1,3,2,1,2,1
4,172,1745.0,105,terminated,2,0,0,2,1745.0,1,3,1,2,1,3,1,8,2,2,1,5,2,2,1,3,2,3,7,2,2,1,4,2,2,4,2,2,2,2
4,173,1347.0,103,terminated,2,0,0,0,1347.0,1,1,1,0,1,2,1,5,2,0,1,3,2,0,1,1,0,2,4,2,0,12,2,2,0,2,2,0,2,0
4,174,-178.0,18,terminated,1,41,1,0,-178.0,0,0,0,0,1,0,1,2,1,0,1,2,1,0,1,1,0,0,1,1,0,0,1,1,0,1,1,0,1,0
4,175,17.0,23,terminated,1,41,1,1,17.0,0,0,0,0,0,2,0,4,1,1,0,2,1,1,0,1,1,2,4,1,1,0,2,1,1,2,1,1,1,1
4,176,1547.0,103,terminated,1,0,0,2,1547.0,1,3,1,2,1,2,1,6,1,2,1,4,1,2,1,3,2,2,5,1,2,0,3,1,2,3,1,2,1,2
4,177,267.0,53,terminated,1,33,1,2,267.0,0,2,0,2,1,2,1,6,1,2,1,4,1,2,1,3,2,2,5,1,2,18,3,1,2,3,1,2,1,2
4,178,1470.0,180,terminated,2,0,0,1,1470.0,1,2,1,1,1,2,1,6,2,1,1,4,2,1,1,2,1,2,5,2,1,35,3,2,1,3,2,1,2,1
4,179,1539.0,111,terminated,2,0,0,1,1539.0,1,2,1,1,1,2,1,6,2,1,1,4,2,1,1,2,1,2,5,2,1,19,3,2,1,3,2,1,2,1
4,180,1701.0,149,terminated,2,0,0,2,1701.0,1,1,1,0,0,4,0,8,2,2,0,4,2,2,0,2,2,4,8,2,2,4,4,2,2,4,2,2,2,2
4,181,1753.0,97,terminated,2,0,0,2,1753.0,1,2,2,0,1,4,1,9,2,2,1,5,2,2,1,3,2,4,8,2,2,0,4,2,2,4,2,2,2,2
4,182,673.0,167,terminated,2,1,1,2,673.0,0,1,0,1,0,4,0,8,2,2,0,4,2,2,0,2,2,4,8,2,2,0,4,2,2,4,2,2,2,2
4,183,270.0,50,terminated,2,33,1,1,270.0,0,2,1,1,0,1,0,4,2,1,0,3,2,1,0,1,1,1,4,2,1,31,3,2,1,3,2,1,2,1
4,184,-167.0,17,terminated,1,40,1,0,-167.0,0,0,0,0,0,1,0,2,1,0,0,1,1,0,0,0,0,1,2,1,0,1,1,1,0,1,1,0,1,0
4,185,1504.0,146,terminated,1,0,0,2,1504.0,1,2,1,1,1,3,1,7,1,2,1,4,1,2,1,3,2,3,6,1,2,3,3,1,2,3,1,2,1,2
4,186,1759.0,91,terminated,2,0,0,2,1759.0,1,2,1,1,0,4,0,8,2,2,0,4,2,2,0,2,2,4,8,2,2,0,4,2,2,4,2,2,2,2
4,187,1768.0,82,terminated,2,0,0,2,1768.0,1,3,2,1,0,4,0,8,2,2,0,4,2,2,0,2,2,4,8,2,2,0,4,2,2,4,2,2,2,2
4,188,1739.0,111,terminated,2,0,0,2,1739.0,1,2,1,1,1,4,1,9,2,2,1,5,2,2,1,3,2,4,8,2,2,0,4,2,2,4,2,2,2,2
4,189,1694.0,156,terminated,2,0,0,2,1694.0,1,2,1,1,0,3,0,7,2,2,0,4,2,2,0,2,2,3,7,2,2,1,4,2,2,4,2,2,2,2
4,190,1533.0,117,terminated,2,0,0,1,1533.0,1,1,1,0,0,2,0,5,2,1,0,3,2,1,0,1,1,2,5,2,1,0,3,2,1,3,2,1,2,1
4,191,1753.0,97,terminated,2,0,0,2,1753.0,1,2,1,1,1,4,1,9,2,2,1,5,2,2,1,3,2,4,8,2,2,1,4,2,2,4,2,2,2,2
4,192,1437.0,213,terminated,1,0,0,2,1437.0,1,1,0,1,0,3,0,6,1,2,0,3,1,2,0,2,2,3,6,1,2,0,3,1,2,3,1,2,1,2
4,193,1519.0,131,terminated,1,0,0,2,1519.0,1,3,1,2,1,3,1,7,1,2,1,4,1,2,1,3,2,3,6,1,2,21,3,1,2,3,1,2,1,2
4,194,1713.0,137,terminated,2,0,0,2,1713.0,1,2,1,1,1,3,1,8,2,2,1,5,2,2,1,3,2,3,7,2,2,0,4,2,2,4,2,2,2,2
4,195,-176.0,16,terminated,1,41,1,0,-176.0,0,0,0,0,0,1,0,2,1,0,0,1,1,0,0,0,0,1,2,1,0,0,1,1,0,1,1,0,1,0
4,196,1563.0,87,terminated,2,0,0,1,1563.0,1,1,1,0,1,3,1,7,2,1,1,4,2,1,1,2,1,3,6,2,1,11,3,2,1,3,2,1,2,1
4,197,1454.0,196,terminated,2,0,0,1,1454.0,1,2,1,1,1,3,1,7,2,1,1,4,2,1,1,2,1,3,6,2,1,29,3,2,1,3,2,1,2,1
4,198,472.0,48,terminated,2,33,1,2,472.0,0,3,1,2,1,3,1,8,2,2,1,5,2,2,1,3,2,3,7,2,2,7,4,2,2,4,2,2,2,2
4,199,436.0,94,terminated,2,12,1,1,436.0,0,1,1,0,1,3,1,7,2,1,1,4,2,1,1,2,1,3,6,2,1,12,3,2,1,3,2,1,2,1
4,200,1763.0,87,terminated,2,0,0,2,1763.0,1,1,0,1,0,4,0,8,2,2,0,4,2,2,0,2,2,4,8,2,2,0,4,2,2,4,2,2,2,2
4,201,1528.0,122,terminated,2,0,0,1,1528.0,1,2,1,1,1,3,1,7,2,1,1,4,2,1,1,2,1,3,6,2,1,1,3,2,1,3,2,1,2,1
4,202,1762.0,88,terminated,2,0,0,2,1762.0,1,2,1,1,0,4,0,8,2,2,0,4,2,2,0,2,2,4,8,2,2,0,4,2,2,4,2,2,2,2
4,203,1545.0,105,terminated,2,0,0,1,1545.0,1,2,1,1,1,2,1,6,2,1,1,4,2,1,1,2,1,2,5,2,1,0,3,2,1,3,2,1,2,1
4,204,1505.0,145,terminated,2,0,0,1,1505.0,1,2,1,1,0,3,0,6,2,1,0,3,2,1,0,1,1,3,6,2,1,37,3,2,1,3,2,1,2,1
4,205,1712.0,138,terminated,2,0,0,2,1712.0,1,2,1,1,1,4,1,9,2,2,1,5,2,2,1,3,2,4,8,2,2,3,4,2,2,4,2,2,2,2
4,206,1741.0,109,terminated,2,0,0,2,1741.0,1,1,1,0,1,4,1,9,2,2,1,5,2,2,1,3,2,4,8,2,2,0,4,2,2,4,2,2,2,2
4,207,1722.0,128,terminated,2,0,0,2,1722.0,1,1,0,1,0,3,0,7,2,2,0,4,2,2,0,2,2,3,7,2,2,0,4,2,2,4,2,2,2,2
4,208,1755.0,95,terminated,2,0,0,2,1755.0,1,3,2,1,1,4,1,9,2,2,1,5,2,2,1,3,2,4,8,2,2,7,4,2,2,4,2,2,2,2
4,209,1760.0,90,terminated,2,0,0,2,1760.0,1,3,1,2,1,4,1,9,2,2,1,5,2,2,1,3,2,4,8,2,2,9,4,2,2,4,2,2,2,2
4,210,1748.0,102,terminated,2,0,0,2,1748.0,1,2,1,1,1,4,1,9,2,2,1,5,2,2,1,3,2,4,8,2,2,2,4,2,2,4,2,2,2,2
4,211,1740.0,110,terminated,2,0,0,2,1740.0,1,3,1,2,1,3,1,8,2,2,1,5,2,2,1,3,2,3,7,2,2,0,4,2,2,4,2,2,2,2
4,212,1737.0,113,terminated,2,0,0,2,1737.0,1,3,1,2,1,4,1,9,2,2,1,5,2,2,1,3,2,4,8,2,2,22,4,2,2,4,2,2,2,2
4,213,82.0,38,terminated,1,33,1,1,82.0,0,2,1,1,1,1,1,4,1,1,1,3,1,1,1,2,1,1,3,1,1,22,2,1,1,2,1,1,1,1
4,214,1538.0,112,terminated,2,0,0,1,1538.0,1,1,1,0,1,2,1,6,2,1,1,4,2,1,1,2,1,2,5,2,1,28,3,2,1,3,2,1,2,1
4,215,1485.0,165,terminated,1,0,0,2,1485.0,1,1,0,1,0,3,0,6,1,2,0,3,1,2,0,2,2,3,6,1,2,15,3,1,2,3,1,2,1,2
4,216,478.0,102,terminated,1,7,1,2,478.0,0,3,1,2,1,3,1,7,1,2,1,4,1,2,1,3,2,3,6,1,2,1,3,1,2,3,1,2,1,2
4,217,1499.0,151,terminated,1,0,0,2,1499.0,1,2,1,1,1,3,1,7,1,2,1,4,1,2,1,3,2,3,6,1,2,1,3,1,2,3,1,2,1,2
4,218,1747.0,103,terminated,2,0,0,2,1747.0,1,2,1,1,0,4,0,8,2,2,0,4,2,2,0,2,2,4,8,2,2,0,4,2,2,4,2,2,2,2
4,219,1592.0,258,terminated,2,0,0,2,1592.0,1,3,1,2,1,3,1,8,2,2,1,5,2,2,1,3,2,3,7,2,2,8,4,2,2,4,2,2,2,2
4,220,1768.0,82,terminated,2,0,0,2,1768.0,1,3,1,2,0,4,0,8,2,2,0,4,2,2,0,2,2,4,8,2,2,1,4,2,2,4,2,2,2,2
4,221,357.0,43,terminated,1,25,1,2,357.0,0,2,1,1,1,2,1,6,1,2,1,4,1,2,1,3,2,2,5,1,2,8,3,1,2,3,1,2,1,2
4,222,1768.0,82,terminated,2,0,0,2,1768.0,1,3,2,1,1,4,1,9,2,2,1,5,2,2,1,3,2,4,8,2,2,1,4,2,2,4,2,2,2,2
4,223,397.0,143,terminated,1,11,1,2,397.0,0,3,1,2,1,3,1,7,1,2,1,4,1,2,1,3,2,3,6,1,2,7,3,1,2,3,1,2,1,2
4,224,1714.0,136,terminated,2,0,0,2,1714.0,1,1,1,0,1,4,1,9,2,2,1,5,2,2,1,3,2,4,8,2,2,4,4,2,2,4,2,2,2,2
4,225,1682.0,168,terminated,2,0,0,2,1682.0,1,1,0,1,1,4,1,9,2,2,1,5,2,2,1,3,2,4,8,2,2,0,4,2,2,4,2,2,2,2
4,226,1536.0,114,terminated,1,0,0,2,1536.0,1,3,1,2,1,3,1,7,1,2,1,4,1,2,1,3,2,3,6,1,2,6,3,1,2,3,1,2,1,2
4,227,1730.0,120,terminated,2,0,0,2,1730.0,1,3,2,1,0,4,0,8,2,2,0,4,2,2,0,2,2,4,8,2,2,0,4,2,2,4,2,2,2,2
4,228,1719.0,131,terminated,2,0,0,2,1719.0,1,2,1,1,1,4,1,9,2,2,1,5,2,2,1,3,2,4,8,2,2,4,4,2,2,4,2,2,2,2
4,229,1731.0,119,terminated,2,0,0,2,1731.0,1,0,0,0,1,4,1,9,2,2,1,5,2,2,1,3,2,4,8,2,2,0,4,2,2,4,2,2,2,2
4,230,1740.0,110,terminated,2,0,0,2,1740.0,1,0,0,0,1,4,1,9,2,2,1,5,2,2,1,3,2,4,8,2,2,0,4,2,2,4,2,2,2,2
4,231,-186.0,16,terminated,1,42,1,0,-186.0,0,0,0,0,0,1,0,2,1,0,0,1,1,0,0,0,0,1,2,1,0,0,1,1,0,1,1,0,1,0
4,232,1522.0,128,terminated,2,0,0,1,1522.0,1,2,2,0,1,3,1,7,2,1,1,4,2,1,1,2,1,3,6,2,1,0,3,2,1,3,2,1,2,1
4,233,1766.0,84,terminated,2,0,0,2,1766.0,1,3,2,1,1,4,1,9,2,2,1,5,2,2,1,3,2,4,8,2,2,0,4,2,2,4,2,2,2,2
4,234,1544.0,106,terminated,1,0,0,2,1544.0,1,1,0,1,1,3,1,7,1,2,1,4,1,2,1,3,2,3,6,1,2,2,3,1,2,3,1,2,1,2
4,235,1731.0,119,terminated,2,0,0,2,1731.0,1,2,1,1,0,3,0,7,2,2,0,4,2,2,0,2,2,3,7,2,2,0,4,2,2,4,2,2,2,2
4,236,1729.0,121,terminated,2,0,0,2,1729.0,1,2,2,0,1,4,1,9,2,2,1,5,2,2,1,3,2,4,8,2,2,4,4,2,2,4,2,2,2,2
4,237,1488.0,162,terminated,1,0,0,2,1488.0,1,2,1,1,1,3,1,7,1,2,1,4,1,2,1,3,2,3,6,1,2,5,3,1,2,3,1,2,1,2
4,238,1734.0,116,terminated,2,0,0,2,1734.0,1,0,0,0,0,4,0,8,2,2,0,4,2,2,0,2,2,4,8,2,2,0,4,2,2,4,2,2,2,2
4,239,1317.0,133,terminated,0,0,0,2,1317.0,1,1,0,1,0,1,0,3,0,2,0,2,0,2,0,2,2,1,3,0,2,28,2,0,2,2,0,2,0,2
4,240,1515.0,135,terminated,2,0,0,1,1515.0,1,0,0,0,0,3,0,6,2,1,0,3,2,1,0,1,1,3,6,2,1,24,3,2,1,3,2,1,2,1
4,241,1756.0,94,terminated,2,0,0,2,1756.0,1,1,0,1,1,4,1,9,2,2,1,5,2,2,1,3,2,4,8,2,2,5,4,2,2,4,2,2,2,2
4,242,22.0,18,terminated,1,41,1,1,22.0,0,0,0,0,1,0,1,3,1,1,1,3,1,1,1,2,1,0,2,1,1,0,2,1,1,2,1,1,1,1
4,243,1713.0,137,terminated,2,0,0,2,1713.0,1,2,1,1,0,4,0,8,2,2,0,4,2,2,0,2,2,4,8,2,2,4,4,2,2,4,2,2,2,2
4,244,1552.0,98,terminated,1,0,0,2,1552.0,1,1,0,1,0,3,0,6,1,2,0,3,1,2,0,2,2,3,6,1,2,0,3,1,2,3,1,2,1,2
4,245,1701.0,149,terminated,2,0,0,2,1701.0,1,1,0,1,1,4,1,9,2,2,1,5,2,2,1,3,2,4,8,2,2,0,4,2,2,4,2,2,2,2
4,246,1564.0,86,terminated,1,0,0,2,1564.0,1,1,0,1,0,3,0,6,1,2,0,3,1,2,0,2,2,3,6,1,2,9,3,1,2,3,1,2,1,2
4,247,1772.0,78,terminated,2,0,0,2,1772.0,1,2,1,1,0,4,0,8,2,2,0,4,2,2,0,2,2,4,8,2,2,0,4,2,2,4,2,2,2,2
4,248,1465.0,185,terminated,1,0,0,2,1465.0,1,1,0,1,1,3,1,7,1,2,1,4,1,2,1,3,2,3,6,1,2,13,3,1,2,3,1,2,1,2
4,249,386.0,84,terminated,1,18,1,2,386.0,0,0,0,0,0,2,0,5,1,2,0,3,1,2,0,2,2,2,5,1,2,17,3,1,2,3,1,2,1,2
4,250,1705.0,145,terminated,2,0,0,2,1705.0,1,3,2,1,1,4,1,9,2,2,1,5,2,2,1,3,2,4,8,2,2,0,4,2,2,4,2,2,2,2
4,251,355.0,225,terminated,1,7,1,2,355.0,0,2,1,1,1,3,1,7,1,2,1,4,1,2,1,3,2,3,6,1,2,23,3,1,2,3,1,2,1,2
4,252,1558.0,92,terminated,1,0,0,2,1558.0,1,2,1,1,0,3,0,6,1,2,0,3,1,2,0,2,2,3,6,1,2,5,3,1,2,3,1,2,1,2
4,253,1533.0,117,terminated,2,0,0,1,1533.0,1,1,1,0,0,3,0,6,2,1,0,3,2,1,0,1,1,3,6,2,1,0,3,2,1,3,2,1,2,1
4,254,1745.0,105,terminated,2,0,0,2,1745.0,1,0,0,0,0,3,0,7,2,2,0,4,2,2,0,2,2,3,7,2,2,0,4,2,2,4,2,2,2,2
4,255,1559.0,91,terminated,1,0,0,2,1559.0,1,1,0,1,1,3,1,7,1,2,1,4,1,2,1,3,2,3,6,1,2,2,3,1,2,3,1,2,1,2
4,256,1704.0,146,terminated,2,0,0,2,1704.0,1,4,2,2,1,4,1,9,2,2,1,5,2,2,1,3,2,4,8,2,2,8,4,2,2,4,2,2,2,2
4,257,1723.0,127,terminated,2,0,0,2,1723.0,1,1,1,0,0,4,0,8,2,2,0,4,2,2,0,2,2,4,8,2,2,1,4,2,2,4,2,2,2,2
4,258,1689.0,161,terminated,2,0,0,2,1689.0,1,3,1,2,0,4,0,8,2,2,0,4,2,2,0,2,2,4,8,2,2,5,4,2,2,4,2,2,2,2
4,259,1489.0,161,terminated,1,0,0,2,1489.0,1,1,0,1,1,3,1,7,1,2,1,4,1,2,1,3,2,3,6,1,2,29,3,1,2,3,1,2,1,2
4,260,1323.0,127,terminated,1,0,0,1,1323.0,1,2,1,1,1,2,1,5,1,1,1,3,1,1,1,2,1,2,4,1,1,22,2,1,1,2,1,1,1,1
4,261,1557.0,93,terminated,1,0,0,2,1557.0,1,2,1,1,1,3,1,7,1,2,1,4,1,2,1,3,2,3,6,1,2,18,3,1,2,3,1,2,1,2
4,262,1545.0,105,terminated,1,0,0,2,1545.0,1,0,0,0,1,3,1,7,1,2,1,4,1,2,1,3,2,3,6,1,2,0,3,1,2,3,1,2,1,2
4,263,1533.0,117,terminated,2,0,0,1,1533.0,1,1,1,0,1,3,1,7,2,1,1,4,2,1,1,2,1,3,6,2,1,5,3,2,1,3,2,1,2,1
4,264,1734.0,116,terminated,2,0,0,2,1734.0,1,3,1,2,1,4,1,9,2,2,1,5,2,2,1,3,2,4,8,2,2,2,4,2,2,4,2,2,2,2
4,265,31.0,19,terminated,1,40,1,1,31.0,0,0,0,0,1,1,1,4,1,1,1,3,1,1,1,2,1,1,3,1,1,0,2,1,1,2,1,1,1,1
4,266,1549.0,101,terminated,2,0,0,1,1549.0,1,3,2,1,1,3,1,7,2,1,1,4,2,1,1,2,1,3,6,2,1,29,3,2,1,3,2,1,2,1
4,267,1724.0,126,terminated,2,0,0,2,1724.0,1,3,1,2,1,4,1,9,2,2,1,5,2,2,1,3,2,4,8,2,2,10,4,2,2,4,2,2,2,2
4,268,1755.0,95,terminated,2,0,0,2,1755.0,1,2,2,0,1,4,1,9,2,2,1,5,2,2,1,3,2,4,8,2,2,1,4,2,2,4,2,2,2,2
4,269,1757.0,93,terminated,2,0,0,2,1757.0,1,3,2,1,1,3,1,8,2,2,1,5,2,2,1,3,2,3,7,2,2,1,4,2,2,4,2,2,2,2
4,270,1736.0,114,terminated,2,0,0,2,1736.0,1,2,1,1,1,4,1,9,2,2,1,5,2,2,1,3,2,4,8,2,2,3,4,2,2,4,2,2,2,2
4,271,1548.0,102,terminated,2,0,0,1,1548.0,1,2,1,1,1,3,1,7,2,1,1,4,2,1,1,2,1,3,6,2,1,10,3,2,1,3,2,1,2,1
4,272,1730.0,120,terminated,2,0,0,2,1730.0,1,2,1,1,1,3,1,8,2,2,1,5,2,2,1,3,2,3,7,2,2,12,4,2,2,4,2,2,2,2
4,273,1533.0,117,terminated,1,0,0,2,1533.0,1,1,0,1,1,3,1,7,1,2,1,4,1,2,1,3,2,3,6,1,2,0,3,1,2,3,1,2,1,2
4,274,709.0,111,terminated,2,3,1,2,709.0,0,0,0,0,1,3,1,8,2,2,1,5,2,2,1,3,2,3,7,2,2,0,4,2,2,4,2,2,2,2
4,275,1726.0,124,terminated,2,0,0,2,1726.0,1,2,2,0,1,2,1,7,2,2,1,5,2,2,1,3,2,2,6,2,2,2,4,2,2,4,2,2,2,2
4,276,1750.0,100,terminated,2,0,0,2,1750.0,1,3,2,1,1,4,1,9,2,2,1,5,2,2,1,3,2,4,8,2,2,6,4,2,2,4,2,2,2,2
4,277,1709.0,141,terminated,2,0,0,2,1709.0,1,3,2,1,1,4,1,9,2,2,1,5,2,2,1,3,2,4,8,2,2,1,4,2,2,4,2,2,2,2
4,278,1724.0,126,terminated,2,0,0,2,1724.0,1,2,0,2,1,4,1,9,2,2,1,5,2,2,1,3,2,4,8,2,2,0,4,2,2,4,2,2,2,2
4,279,1743.0,107,terminated,2,0,0,2,1743.0,1,2,0,2,1,4,1,9,2,2,1,5,2,2,1,3,2,4,8,2,2,2,4,2,2,4,2,2,2,2
4,280,1505.0,145,terminated,1,0,0,2,1505.0,1,2,0,2,1,3,1,7,1,2,1,4,1,2,1,3,2,3,6,1,2,4,3,1,2,3,1,2,1,2
4,281,1733.0,117,terminated,2,0,0,2,1733.0,1,2,0,2,0,4,0,8,2,2,0,4,2,2,0,2,2,4,8,2,2,1,4,2,2,4,2,2,2,2
4,282,1727.0,123,terminated,2,0,0,2,1727.0,1,3,2,1,1,4,1,9,2,2,1,5,2,2,1,3,2,4,8,2,2,2,4,2,2,4,2,2,2,2
4,283,1544.0,106,terminated,1,0,0,2,1544.0,1,1,0,1,1,2,1,6,1,2,1,4,1,2,1,3,2,2,5,1,2,0,3,1,2,3,1,2,1,2
4,284,1323.0,127,terminated,2,0,0,0,1323.0,1,0,0,0,1,2,1,5,2,0,1,3,2,0,1,1,0,2,4,2,0,36,2,2,0,2,2,0,2,0
4,285,1744.0,106,terminated,2,0,0,2,1744.0,1,3,1,2,1,3,1,8,2,2,1,5,2,2,1,3,2,3,7,2,2,1,4,2,2,4,2,2,2,2
4,286,1710.0,140,terminated,2,0,0,2,1710.0,1,2,0,2,0,4,0,8,2,2,0,4,2,2,0,2,2,4,8,2,2,16,4,2,2,4,2,2,2,2
4,287,1714.0,136,terminated,2,0,0,2,1714.0,1,0,0,0,0,4,0,8,2,2,0,4,2,2,0,2,2,4,8,2,2,0,4,2,2,4,2,2,2,2
4,288,1516.0,134,terminated,1,0,0,2,1516.0,1,2,0,2,1,2,1,6,1,2,1,4,1,2,1,3,2,2,5,1,2,8,3,1,2,3,1,2,1,2
4,289,1754.0,96,terminated,2,0,0,2,1754.0,1,2,1,1,0,4,0,8,2,2,0,4,2,2,0,2,2,4,8,2,2,2,4,2,2,4,2,2,2,2
4,290,29.0,21,terminated,1,40,1,1,29.0,0,1,0,1,1,2,1,5,1,1,1,3,1,1,1,2,1,2,4,1,1,1,2,1,1,2,1,1,1,1
4,291,1711.0,139,terminated,2,0,0,2,1711.0,1,0,0,0,1,3,1,8,2,2,1,5,2,2,1,3,2,3,7,2,2,0,4,2,2,4,2,2,2,2
4,292,42.0,28,terminated,1,38,1,1,42.0,0,0,0,0,0,1,0,3,1,1,0,2,1,1,0,1,1,1,3,1,1,0,2,1,1,2,1,1,1,1
4,293,1767.0,83,terminated,2,0,0,2,1767.0,1,1,0,1,1,4,1,9,2,2,1,5,2,2,1,3,2,4,8,2,2,3,4,2,2,4,2,2,2,2
4,294,1534.0,116,terminated,1,0,0,2,1534.0,1,0,0,0,1,3,1,7,1,2,1,4,1,2,1,3,2,3,6,1,2,22,3,1,2,3,1,2,1,2
4,295,610.0,80,terminated,2,16,1,2,610.0,0,3,1,2,0,3,0,7,2,2,0,4,2,2,0,2,2,3,7,2,2,3,4,2,2,4,2,2,2,2
4,296,1435.0,215,terminated,2,0,0,1,1435.0,1,2,1,1,1,3,1,7,2,1,1,4,2,1,1,2,1,3,6,2,1,3,3,2,1,3,2,1,2,1
4,297,1758.0,92,terminated,2,0,0,2,1758.0,1,4,2,2,1,4,1,9,2,2,1,5,2,2,1,3,2,4,8,2,2,1,4,2,2,4,2,2,2,2
4,298,1683.0,167,terminated,2,0,0,2,1683.0,1,2,1,1,0,3,0,7,2,2,0,4,2,2,0,2,2,3,7,2,2,1,4,2,2,4,2,2,2,2
4,299,1539.0,111,terminated,2,0,0,1,1539.0,1,1,0,1,0,3,0,6,2,1,0,3,2,1,0,1,1,3,6,2,1,4,3,2,1,3,2,1,2,1
4,300,1735.0,115,terminated,2,0,0,2,1735.0,1,1,1,0,1,4,1,9,2,2,1,5,2,2,1,3,2,4,8,2,2,5,4,2,2,4,2,2,2,2
4,301,1734.0,116,terminated,2,0,0,2,1734.0,1,3,2,1,1,3,1,8,2,2,1,5,2,2,1,3,2,3,7,2,2,4,4,2,2,4,2,2,2,2
4,302,-169.0,19,terminated,0,40,1,1,-169.0,0,0,0,0,1,1,1,3,0,1,1,2,0,1,1,2,1,1,2,0,1,1,1,0,1,1,0,1,0,1
4,303,1484.0,166,terminated,1,0,0,2,1484.0,1,1,0,1,1,2,1,6,1,2,1,4,1,2,1,3,2,2,5,1,2,0,3,1,2,3,1,2,1,2
4,304,1720.0,130,terminated,2,0,0,2,1720.0,1,3,1,2,1,4,1,9,2,2,1,5,2,2,1,3,2,4,8,2,2,7,4,2,2,4,2,2,2,2
4,305,1565.0,85,terminated,1,0,0,2,1565.0,1,1,0,1,1,2,1,6,1,2,1,4,1,2,1,3,2,2,5,1,2,0,3,1,2,3,1,2,1,2
4,306,1212.0,238,terminated,2,0,0,0,1212.0,1,2,2,0,1,2,1,5,2,0,1,3,2,0,1,1,0,2,4,2,0,17,2,2,0,2,2,0,2,0
4,307,1757.0,93,terminated,2,0,0,2,1757.0,1,3,1,2,1,3,1,8,2,2,1,5,2,2,1,3,2,3,7,2,2,0,4,2,2,4,2,2,2,2
4,308,22.0,18,terminated,1,41,1,1,22.0,0,0,0,0,1,0,1,3,1,1,1,3,1,1,1,2,1,0,2,1,1,0,2,1,1,2,1,1,1,1
4,309,1737.0,113,terminated,2,0,0,2,1737.0,1,3,1,2,1,4,1,9,2,2,1,5,2,2,1,3,2,4,8,2,2,10,4,2,2,4,2,2,2,2
4,310,1532.0,118,terminated,2,0,0,1,1532.0,1,2,1,1,0,3,0,6,2,1,0,3,2,1,0,1,1,3,6,2,1,2,3,2,1,3,2,1,2,1
4,311,416.0,84,terminated,2,15,1,1,416.0,0,2,1,1,0,3,0,6,2,1,0,3,2,1,0,1,1,3,6,2,1,3,3,2,1,3,2,1,2,1
4,312,1483.0,167,terminated,1,0,0,2,1483.0,1,2,0,2,1,3,1,7,1,2,1,4,1,2,1,3,2,3,6,1,2,3,3,1,2,3,1,2,1,2
4,313,1742.0,108,terminated,2,0,0,2,1742.0,1,3,1,2,0,4,0,8,2,2,0,4,2,2,0,2,2,4,8,2,2,0,4,2,2,4,2,2,2,2
4,314,1766.0,84,terminated,2,0,0,2,1766.0,1,3,1,2,1,4,1,9,2,2,1,5,2,2,1,3,2,4,8,2,2,5,4,2,2,4,2,2,2,2
4,315,1522.0,128,terminated,2,0,0,1,1522.0,1,2,1,1,0,3,0,6,2,1,0,3,2,1,0,1,1,3,6,2,1,13,3,2,1,3,2,1,2,1
4,316,616.0,104,terminated,2,13,1,2,616.0,0,2,1,1,1,4,1,9,2,2,1,5,2,2,1,3,2,4,8,2,2,7,4,2,2,4,2,2,2,2
4,317,1716.0,134,terminated,2,0,0,2,1716.0,1,3,2,1,1,4,1,9,2,2,1,5,2,2,1,3,2,4,8,2,2,12,4,2,2,4,2,2,2,2
4,318,1539.0,111,terminated,1,0,0,2,1539.0,1,1,1,0,1,3,1,7,1,2,1,4,1,2,1,3,2,3,6,1,2,19,3,1,2,3,1,2,1,2
4,319,367.0,143,terminated,1,14,1,2,367.0,0,2,0,2,1,3,1,7,1,2,1,4,1,2,1,3,2,3,6,1,2,1,3,1,2,3,1,2,1,2
4,320,1733.0,117,terminated,2,0,0,2,1733.0,1,2,1,1,1,4,1,9,2,2,1,5,2,2,1,3,2,4,8,2,2,3,4,2,2,4,2,2,2,2
4,321,1476.0,174,terminated,2,0,0,1,1476.0,1,1,0,1,0,3,0,6,2,1,0,3,2,1,0,1,1,3,6,2,1,43,3,2,1,3,2,1,2,1
4,322,1763.0,87,terminated,2,0,0,2,1763.0,1,1,0,1,1,4,1,9,2,2,1,5,2,2,1,3,2,4,8,2,2,5,4,2,2,4,2,2,2,2
4,323,1512.0,138,terminated,1,0,0,2,1512.0,1,2,1,1,1,3,1,7,1,2,1,4,1,2,1,3,2,3,6,1,2,3,3,1,2,3,1,2,1,2
4,324,377.0,133,terminated,1,14,1,2,377.0,0,2,1,1,0,3,0,6,1,2,0,3,1,2,0,2,2,3,6,1,2,1,3,1,2,3,1,2,1,2
4,325,1348.0,102,terminated,2,0,0,0,1348.0,1,1,1,0,0,2,0,4,2,0,0,2,2,0,0,0,0,2,4,2,0,31,2,2,0,2,2,0,2,0
4,326,1535.0,115,terminated,1,0,0,2,1535.0,1,1,0,1,1,3,1,7,1,2,1,4,1,2,1,3,2,3,6,1,2,9,3,1,2,3,1,2,1,2
4,327,1316.0,134,terminated,2,0,0,0,1316.0,1,1,1,0,0,1,0,3,2,0,0,2,2,0,0,0,0,1,3,2,0,9,2,2,0,2,2,0,2,0
4,328,1710.0,140,terminated,2,0,0,2,1710.0,1,1,1,0,1,4,1,9,2,2,1,5,2,2,1,3,2,4,8,2,2,5,4,2,2,4,2,2,2,2
4,329,1750.0,100,terminated,2,0,0,2,1750.0,1,2,1,1,1,4,1,9,2,2,1,5,2,2,1,3,2,4,8,2,2,11,4,2,2,4,2,2,2,2
4,330,1724.0,126,terminated,2,0,0,2,1724.0,1,1,0,1,1,4,1,9,2,2,1,5,2,2,1,3,2,4,8,2,2,5,4,2,2,4,2,2,2,2
4,331,1554.0,96,terminated,2,0,0,1,1554.0,1,2,1,1,0,3,0,6,2,1,0,3,2,1,0,1,1,3,6,2,1,1,3,2,1,3,2,1,2,1
4,332,1534.0,116,terminated,2,0,0,1,1534.0,1,1,1,0,0,3,0,6,2,1,0,3,2,1,0,1,1,3,6,2,1,0,3,2,1,3,2,1,2,1
4,333,1758.0,92,terminated,2,0,0,2,1758.0,1,1,1,0,1,4,1,9,2,2,1,5,2,2,1,3,2,4,8,2,2,0,4,2,2,4,2,2,2,2
4,334,1523.0,127,terminated,2,0,0,1,1523.0,1,0,0,0,0,3,0,6,2,1,0,3,2,1,0,1,1,3,6,2,1,0,3,2,1,3,2,1,2,1
4,335,1691.0,159,terminated,2,0,0,2,1691.0,1,1,0,1,0,4,0,8,2,2,0,4,2,2,0,2,2,4,8,2,2,0,4,2,2,4,2,2,2,2
4,336,22.0,18,terminated,1,41,1,1,22.0,0,0,0,0,1,0,1,3,1,1,1,3,1,1,1,2,1,0,2,1,1,0,2,1,1,2,1,1,1,1
4,337,1669.0,181,terminated,2,0,0,2,1669.0,1,3,2,1,0,3,0,7,2,2,0,4,2,2,0,2,2,3,7,2,2,2,4,2,2,4,2,2,2,2
4,338,1532.0,118,terminated,2,0,0,1,1532.0,1,2,1,1,1,2,1,6,2,1,1,4,2,1,1,2,1,2,5,2,1,34,3,2,1,3,2,1,2,1
4,339,1719.0,131,terminated,2,0,0,2,1719.0,1,2,1,1,1,4,1,9,2,2,1,5,2,2,1,3,2,4,8,2,2,8,4,2,2,4,2,2,2,2
4,340,1696.0,154,terminated,2,0,0,2,1696.0,1,4,2,2,1,3,1,8,2,2,1,5,2,2,1,3,2,3,7,2,2,7,4,2,2,4,2,2,2,2
4,341,1678.0,172,terminated,2,0,0,2,1678.0,1,3,1,2,1,4,1,9,2,2,1,5,2,2,1,3,2,4,8,2,2,0,4,2,2,4,2,2,2,2
4,342,1737.0,113,terminated,2,0,0,2,1737.0,1,2,1,1,1,4,1,9,2,2,1,5,2,2,1,3,2,4,8,2,2,1,4,2,2,4,2,2,2,2
4,343,1738.0,112,terminated,2,0,0,2,1738.0,1,3,2,1,1,4,1,9,2,2,1,5,2,2,1,3,2,4,8,2,2,1,4,2,2,4,2,2,2,2
4,344,1743.0,107,terminated,2,0,0,2,1743.0,1,3,2,1,1,3,1,8,2,2,1,5,2,2,1,3,2,3,7,2,2,15,4,2,2,4,2,2,2,2
4,345,1763.0,87,terminated,2,0,0,2,1763.0,1,2,1,1,1,4,1,9,2,2,1,5,2,2,1,3,2,4,8,2,2,6,4,2,2,4,2,2,2,2
4,346,1711.0,139,terminated,2,0,0,2,1711.0,1,1,0,1,1,3,1,8,2,2,1,5,2,2,1,3,2,3,7,2,2,0,4,2,2,4,2,2,2,2
4,347,1769.0,81,terminated,2,0,0,2,1769.0,1,3,2,1,1,4,1,9,2,2,1,5,2,2,1,3,2,4,8,2,2,9,4,2,2,4,2,2,2,2
4,348,1565.0,85,terminated,1,0,0,2,1565.0,1,1,1,0,1,3,1,7,1,2,1,4,1,2,1,3,2,3,6,1,2,13,3,1,2,3,1,2,1,2
4,349,1766.0,84,terminated,2,0,0,2,1766.0,1,2,1,1,1,3,1,8,2,2,1,5,2,2,1,3,2,3,7,2,2,0,4,2,2,4,2,2,2,2
4,350,1713.0,137,terminated,2,0,0,2,1713.0,1,1,0,1,0,4,0,8,2,2,0,4,2,2,0,2,2,4,8,2,2,0,4,2,2,4,2,2,2,2
4,351,-167.0,17,terminated,1,40,1,0,-167.0,0,0,0,0,0,1,0,2,1,0,0,1,1,0,0,0,0,1,2,1,0,1,1,1,0,1,1,0,1,0
4,352,632.0,158,terminated,2,6,1,2,632.0,0,2,1,1,0,4,0,8,2,2,0,4,2,2,0,2,2,4,8,2,2,0,4,2,2,4,2,2,2,2
4,353,1506.0,144,terminated,2,0,0,1,1506.0,1,2,2,0,1,3,1,7,2,1,1,4,2,1,1,2,1,3,6,2,1,11,3,2,1,3,2,1,2,1
4,354,1748.0,102,terminated,2,0,0,2,1748.0,1,3,1,2,1,4,1,9,2,2,1,5,2,2,1,3,2,4,8,2,2,4,4,2,2,4,2,2,2,2
4,355,397.0,83,terminated,1,17,1,2,397.0,0,3,1,2,1,3,1,7,1,2,1,4,1,2,1,3,2,3,6,1,2,7,3,1,2,3,1,2,1,2
4,356,1765.0,85,terminated,2,0,0,2,1765.0,1,4,2,2,1,3,1,8,2,2,1,5,2,2,1,3,2,3,7,2,2,0,4,2,2,4,2,2,2,2
4,357,1508.0,142,terminated,2,0,0,1,1508.0,1,1,1,0,0,2,0,5,2,1,0,3,2,1,0,1,1,2,5,2,1,5,3,2,1,3,2,1,2,1
4,358,1762.0,88,terminated,2,0,0,2,1762.0,1,2,1,1,1,4,1,9,2,2,1,5,2,2,1,3,2,4,8,2,2,0,4,2,2,4,2,2,2,2
4,359,1561.0,89,terminated,2,0,0,1,1561.0,1,2,1,1,1,3,1,7,2,1,1,4,2,1,1,2,1,3,6,2,1,0,3,2,1,3,2,1,2,1
4,360,1321.0,129,terminated,0,0,0,2,1321.0,1,1,0,1,0,2,0,4,0,2,0,2,0,2,0,2,2,2,4,0,2,21,2,0,2,2,0,2,0,2
4,361,1508.0,142,terminated,2,0,0,1,1508.0,1,0,0,0,0,3,0,6,2,1,0,3,2,1,0,1,1,3,6,2,1,0,3,2,1,3,2,1,2,1
4,362,1552.0,98,terminated,1,0,0,2,1552.0,1,3,1,2,1,3,1,7,1,2,1,4,1,2,1,3,2,3,6,1,2,4,3,1,2,3,1,2,1,2
4,363,1635.0,215,terminated,2,0,0,2,1635.0,1,1,0,1,1,3,1,8,2,2,1,5,2,2,1,3,2,3,7,2,2,0,4,2,2,4,2,2,2,2
4,364,1551.0,99,terminated,2,0,0,1,1551.0,1,2,1,1,1,2,1,6,2,1,1,4,2,1,1,2,1,2,5,2,1,33,3,2,1,3,2,1,2,1
4,365,1739.0,111,terminated,2,0,0,2,1739.0,1,1,1,0,1,3,1,8,2,2,1,5,2,2,1,3,2,3,7,2,2,4,4,2,2,4,2,2,2,2
4,366,1750.0,100,terminated,2,0,0,2,1750.0,1,2,1,1,0,4,0,8,2,2,0,4,2,2,0,2,2,4,8,2,2,0,4,2,2,4,2,2,2,2
4,367,1337.0,113,terminated,0,0,0,2,1337.0,1,2,0,2,1,1,1,4,0,2,1,3,0,2,1,3,2,1,3,0,2,19,2,0,2,2,0,2,0,2
4,368,1639.0,211,terminated,2,0,0,2,1639.0,1,2,0,2,1,4,1,9,2,2,1,5,2,2,1,3,2,4,8,2,2,2,4,2,2,4,2,2,2,2
4,369,1561.0,89,terminated,2,0,0,1,1561.0,1,2,1,1,1,2,1,6,2,1,1,4,2,1,1,2,1,2,5,2,1,7,3,2,1,3,2,1,2,1
4,370,1324.0,126,terminated,2,0,0,0,1324.0,1,2,2,0,1,1,1,4,2,0,1,3,2,0,1,1,0,1,3,2,0,14,2,2,0,2,2,0,2,0
4,371,1700.0,150,terminated,2,0,0,2,1700.0,1,3,1,2,0,4,0,8,2,2,0,4,2,2,0,2,2,4,8,2,2,0,4,2,2,4,2,2,2,2
4,372,1733.0,117,terminated,2,0,0,2,1733.0,1,3,1,2,1,4,1,9,2,2,1,5,2,2,1,3,2,4,8,2,2,6,4,2,2,4,2,2,2,2
4,373,1556.0,94,terminated,2,0,0,1,1556.0,1,2,1,1,1,2,1,6,2,1,1,4,2,1,1,2,1,2,5,2,1,10,3,2,1,3,2,1,2,1
4,374,1520.0,130,terminated,1,0,0,2,1520.0,1,1,0,1,1,3,1,7,1,2,1,4,1,2,1,3,2,3,6,1,2,0,3,1,2,3,1,2,1,2
4,375,1542.0,108,terminated,2,0,0,1,1542.0,1,1,1,0,1,2,1,6,2,1,1,4,2,1,1,2,1,2,5,2,1,0,3,2,1,3,2,1,2,1
4,376,1755.0,95,terminated,2,0,0,2,1755.0,1,2,1,1,0,4,0,8,2,2,0,4,2,2,0,2,2,4,8,2,2,0,4,2,2,4,2,2,2,2
4,377,1534.0,116,terminated,2,0,0,1,1534.0,1,1,1,0,1,2,1,6,2,1,1,4,2,1,1,2,1,2,5,2,1,0,3,2,1,3,2,1,2,1
4,378,1535.0,115,terminated,1,0,0,2,1535.0,1,1,1,0,1,3,1,7,1,2,1,4,1,2,1,3,2,3,6,1,2,0,3,1,2,3,1,2,1,2
4,379,1708.0,142,terminated,2,0,0,2,1708.0,1,1,0,1,1,4,1,9,2,2,1,5,2,2,1,3,2,4,8,2,2,10,4,2,2,4,2,2,2,2
4,380,1739.0,111,terminated,2,0,0,2,1739.0,1,3,1,2,1,3,1,8,2,2,1,5,2,2,1,3,2,3,7,2,2,17,4,2,2,4,2,2,2,2
4,381,1714.0,136,terminated,2,0,0,2,1714.0,1,4,2,2,1,4,1,9,2,2,1,5,2,2,1,3,2,4,8,2,2,13,4,2,2,4,2,2,2,2
4,382,1699.0,151,terminated,2,0,0,2,1699.0,1,1,0,1,0,4,0,8,2,2,0,4,2,2,0,2,2,4,8,2,2,0,4,2,2,4,2,2,2,2
4,383,1757.0,93,terminated,2,0,0,2,1757.0,1,3,1,2,1,4,1,9,2,2,1,5,2,2,1,3,2,4,8,2,2,7,4,2,2,4,2,2,2,2
4,384,1758.0,92,terminated,2,0,0,2,1758.0,1,3,2,1,1,3,1,8,2,2,1,5,2,2,1,3,2,3,7,2,2,8,4,2,2,4,2,2,2,2
4,385,1753.0,97,terminated,2,0,0,2,1753.0,1,3,1,2,1,4,1,9,2,2,1,5,2,2,1,3,2,4,8,2,2,5,4,2,2,4,2,2,2,2
4,386,1742.0,108,terminated,2,0,0,2,1742.0,1,1,0,1,0,4,0,8,2,2,0,4,2,2,0,2,2,4,8,2,2,0,4,2,2,4,2,2,2,2
4,387,33.0,17,terminated,1,40,1,1,33.0,0,0,0,0,0,2,0,4,1,1,0,2,1,1,0,1,1,2,4,1,1,0,2,1,1,2,1,1,1,1
4,388,1524.0,126,terminated,2,0,0,1,1524.0,1,0,0,0,1,3,1,7,2,1,1,4,2,1,1,2,1,3,6,2,1,26,3,2,1,3,2,1,2,1
4,389,450.0,130,terminated,2,7,1,1,450.0,0,3,2,1,1,3,1,7,2,1,1,4,2,1,1,2,1,3,6,2,1,39,3,2,1,3,2,1,2,1
4,390,21.0,19,terminated,1,41,1,1,21.0,0,2,1,1,1,0,1,3,1,1,1,3,1,1,1,2,1,0,2,1,1,1,2,1,1,2,1,1,1,1
4,391,1754.0,96,terminated,2,0,0,2,1754.0,1,3,2,1,1,4,1,9,2,2,1,5,2,2,1,3,2,4,8,2,2,4,4,2,2,4,2,2,2,2
4,392,1720.0,130,terminated,2,0,0,2,1720.0,1,3,2,1,0,3,0,7,2,2,0,4,2,2,0,2,2,3,7,2,2,0,4,2,2,4,2,2,2,2
4,393,1543.0,107,terminated,2,0,0,1,1543.0,1,1,1,0,1,1,1,5,2,1,1,4,2,1,1,2,1,1,4,2,1,21,3,2,1,3,2,1,2,1
4,394,1746.0,104,terminated,2,0,0,2,1746.0,1,2,1,1,1,4,1,9,2,2,1,5,2,2,1,3,2,4,8,2,2,2,4,2,2,4,2,2,2,2
4,395,1537.0,113,terminated,2,0,0,1,1537.0,1,0,0,0,0,3,0,6,2,1,0,3,2,1,0,1,1,3,6,2,1,36,3,2,1,3,2,1,2,1
4,396,1526.0,124,terminated,1,0,0,2,1526.0,1,1,1,0,0,3,0,6,1,2,0,3,1,2,0,2,2,3,6,1,2,6,3,1,2,3,1,2,1,2
4,397,1739.0,111,terminated,2,0,0,2,1739.0,1,3,2,1,1,3,1,8,2,2,1,5,2,2,1,3,2,3,7,2,2,0,4,2,2,4,2,2,2,2
4,398,1505.0,145,terminated,2,0,0,1,1505.0,1,1,0,1,0,3,0,6,2,1,0,3,2,1,0,1,1,3,6,2,1,34,3,2,1,3,2,1,2,1
4,399,1769.0,81,terminated,2,0,0,2,1769.0,1,3,1,2,1,4,1,9,2,2,1,5,2,2,1,3,2,4,8,2,2,4,4,2,2,4,2,2,2,2
4,400,1713.0,137,terminated,2,0,0,2,1713.0,1,3,1,2,1,4,1,9,2,2,1,5,2,2,1,3,2,4,8,2,2,7,4,2,2,4,2,2,2,2
4,401,1742.0,108,terminated,2,0,0,2,1742.0,1,2,1,1,0,4,0,8,2,2,0,4,2,2,0,2,2,4,8,2,2,1,4,2,2,4,2,2,2,2
4,402,1705.0,145,terminated,2,0,0,2,1705.0,1,1,1,0,0,3,0,7,2,2,0,4,2,2,0,2,2,3,7,2,2,1,4,2,2,4,2,2,2,2
4,403,1558.0,92,terminated,2,0,0,1,1558.0,1,2,2,0,1,3,1,7,2,1,1,4,2,1,1,2,1,3,6,2,1,11,3,2,1,3,2,1,2,1
4,404,1762.0,88,terminated,2,0,0,2,1762.0,1,2,1,1,1,4,1,9,2,2,1,5,2,2,1,3,2,4,8,2,2,1,4,2,2,4,2,2,2,2
4,405,10.0,30,terminated,1,41,1,1,10.0,0,0,0,0,1,2,1,5,1,1,1,3,1,1,1,2,1,2,4,1,1,0,2,1,1,2,1,1,1,1
4,406,-176.0,16,terminated,1,41,1,0,-176.0,0,0,0,0,0,1,0,2,1,0,0,1,1,0,0,0,0,1,2,1,0,0,1,1,0,1,1,0,1,0
4,407,581.0,69,terminated,2,20,1,2,581.0,0,1,1,0,1,4,1,9,2,2,1,5,2,2,1,3,2,4,8,2,2,2,4,2,2,4,2,2,2,2
4,408,258.0,62,terminated,2,33,1,1,258.0,0,2,1,1,1,2,1,6,2,1,1,4,2,1,1,2,1,2,5,2,1,0,3,2,1,3,2,1,2,1
4,409,1454.0,196,terminated,2,0,0,1,1454.0,1,1,1,0,1,3,1,7,2,1,1,4,2,1,1,2,1,3,6,2,1,55,3,2,1,3,2,1,2,1
4,410,430.0,100,terminated,1,12,1,2,430.0,0,2,1,1,1,3,1,7,1,2,1,4,1,2,1,3,2,3,6,1,2,6,3,1,2,3,1,2,1,2
4,411,1552.0,98,terminated,2,0,0,1,1552.0,1,1,1,0,0,3,0,6,2,1,0,3,2,1,0,1,1,3,6,2,1,0,3,2,1,3,2,1,2,1
4,412,1541.0,109,terminated,2,0,0,1,1541.0,1,2,1,1,1,2,1,6,2,1,1,4,2,1,1,2,1,2,5,2,1,1,3,2,1,3,2,1,2,1
4,413,-176.0,26,terminated,0,40,1,1,-176.0,0,1,0,1,1,0,1,2,0,1,1,2,0,1,1,2,1,0,1,0,1,10,1,0,1,1,0,1,0,1
4,414,1523.0,127,terminated,2,0,0,1,1523.0,1,2,1,1,1,3,1,7,2,1,1,4,2,1,1,2,1,3,6,2,1,2,3,2,1,3,2,1,2,1
4,415,1541.0,109,terminated,2,0,0,1,1541.0,1,2,1,1,1,3,1,7,2,1,1,4,2,1,1,2,1,3,6,2,1,9,3,2,1,3,2,1,2,1
4,416,1731.0,119,terminated,2,0,0,2,1731.0,1,3,1,2,1,4,1,9,2,2,1,5,2,2,1,3,2,4,8,2,2,5,4,2,2,4,2,2,2,2
4,417,1754.0,96,terminated,2,0,0,2,1754.0,1,3,2,1,1,4,1,9,2,2,1,5,2,2,1,3,2,4,8,2,2,0,4,2,2,4,2,2,2,2
4,418,1759.0,91,terminated,2,0,0,2,1759.0,1,1,0,1,0,4,0,8,2,2,0,4,2,2,0,2,2,4,8,2,2,0,4,2,2,4,2,2,2,2
4,419,1728.0,122,terminated,2,0,0,2,1728.0,1,2,1,1,0,4,0,8,2,2,0,4,2,2,0,2,2,4,8,2,2,0,4,2,2,4,2,2,2,2
4,420,1719.0,131,terminated,2,0,0,2,1719.0,1,4,2,2,1,3,1,8,2,2,1,5,2,2,1,3,2,3,7,2,2,5,4,2,2,4,2,2,2,2
4,421,1731.0,119,terminated,2,0,0,2,1731.0,1,4,2,2,1,3,1,8,2,2,1,5,2,2,1,3,2,3,7,2,2,7,4,2,2,4,2,2,2,2
4,422,1544.0,106,terminated,1,0,0,2,1544.0,1,3,1,2,1,3,1,7,1,2,1,4,1,2,1,3,2,3,6,1,2,5,3,1,2,3,1,2,1,2
4,423,1730.0,120,terminated,2,0,0,2,1730.0,1,4,2,2,1,4,1,9,2,2,1,5,2,2,1,3,2,4,8,2,2,9,4,2,2,4,2,2,2,2
4,424,275.0,45,terminated,1,33,1,2,275.0,0,1,1,0,1,3,1,7,1,2,1,4,1,2,1,3,2,3,6,1,2,19,3,1,2,3,1,2,1,2
4,425,586.0,134,terminated,2,13,1,2,586.0,0,1,0,1,1,4,1,9,2,2,1,5,2,2,1,3,2,4,8,2,2,0,4,2,2,4,2,2,2,2
4,426,1727.0,123,terminated,2,0,0,2,1727.0,1,4,2,2,1,3,1,8,2,2,1,5,2,2,1,3,2,3,7,2,2,8,4,2,2,4,2,2,2,2
4,427,1569.0,281,terminated,2,0,0,2,1569.0,1,2,1,1,1,4,1,9,2,2,1,5,2,2,1,3,2,4,8,2,2,8,4,2,2,4,2,2,2,2
4,428,1743.0,107,terminated,2,0,0,2,1743.0,1,2,0,2,1,4,1,9,2,2,1,5,2,2,1,3,2,4,8,2,2,11,4,2,2,4,2,2,2,2
4,429,-167.0,17,terminated,1,40,1,0,-167.0,0,0,0,0,0,1,0,2,1,0,0,1,1,0,0,0,0,1,2,1,0,1,1,1,0,1,1,0,1,0
4,430,1301.0,149,terminated,2,0,0,0,1301.0,1,1,1,0,0,1,0,3,2,0,0,2,2,0,0,0,0,1,3,2,0,9,2,2,0,2,2,0,2,0
4,431,1517.0,133,terminated,1,0,0,2,1517.0,1,2,1,1,1,3,1,7,1,2,1,4,1,2,1,3,2,3,6,1,2,21,3,1,2,3,1,2,1,2
4,432,-183.0,23,terminated,0,41,1,1,-183.0,0,0,0,0,0,1,0,2,0,1,0,1,0,1,0,1,1,1,2,0,1,4,1,0,1,1,0,1,0,1
4,433,1741.0,109,terminated,2,0,0,2,1741.0,1,1,1,0,0,4,0,8,2,2,0,4,2,2,0,2,2,4,8,2,2,19,4,2,2,4,2,2,2,2
4,434,1684.0,166,terminated,2,0,0,2,1684.0,1,2,2,0,1,4,1,9,2,2,1,5,2,2,1,3,2,4,8,2,2,6,4,2,2,4,2,2,2,2
4,435,1523.0,127,terminated,2,0,0,1,1523.0,1,1,1,0,1,3,1,7,2,1,1,4,2,1,1,2,1,3,6,2,1,30,3,2,1,3,2,1,2,1
4,436,1508.0,142,terminated,2,0,0,1,1508.0,1,1,1,0,0,2,0,5,2,1,0,3,2,1,0,1,1,2,5,2,1,0,3,2,1,3,2,1,2,1
4,437,1755.0,95,terminated,2,0,0,2,1755.0,1,4,2,2,1,4,1,9,2,2,1,5,2,2,1,3,2,4,8,2,2,4,4,2,2,4,2,2,2,2
4,438,1761.0,89,terminated,2,0,0,2,1761.0,1,2,1,1,0,3,0,7,2,2,0,4,2,2,0,2,2,3,7,2,2,0,4,2,2,4,2,2,2,2
4,439,641.0,129,terminated,2,8,1,2,641.0,0,1,0,1,1,4,1,9,2,2,1,5,2,2,1,3,2,4,8,2,2,5,4,2,2,4,2,2,2,2
4,440,645.0,155,terminated,2,5,1,2,645.0,0,3,2,1,1,4,1,9,2,2,1,5,2,2,1,3,2,4,8,2,2,5,4,2,2,4,2,2,2,2
4,441,1717.0,133,terminated,2,0,0,2,1717.0,1,3,2,1,1,3,1,8,2,2,1,5,2,2,1,3,2,3,7,2,2,0,4,2,2,4,2,2,2,2
4,442,1467.0,183,terminated,1,0,0,2,1467.0,1,0,0,0,1,2,1,6,1,2,1,4,1,2,1,3,2,2,5,1,2,8,3,1,2,3,1,2,1,2
4,443,1703.0,147,terminated,2,0,0,2,1703.0,1,2,2,0,1,4,1,9,2,2,1,5,2,2,1,3,2,4,8,2,2,0,4,2,2,4,2,2,2,2
4,444,1707.0,143,terminated,2,0,0,2,1707.0,1,0,0,0,0,4,0,8,2,2,0,4,2,2,0,2,2,4,8,2,2,0,4,2,2,4,2,2,2,2
4,445,1565.0,85,terminated,1,0,0,2,1565.0,1,2,1,1,1,3,1,7,1,2,1,4,1,2,1,3,2,3,6,1,2,18,3,1,2,3,1,2,1,2
4,446,1734.0,116,terminated,2,0,0,2,1734.0,1,1,1,0,1,2,1,7,2,2,1,5,2,2,1,3,2,2,6,2,2,0,4,2,2,4,2,2,2,2
4,447,464.0,146,terminated,1,4,1,2,464.0,0,3,1,2,1,3,1,7,1,2,1,4,1,2,1,3,2,3,6,1,2,5,3,1,2,3,1,2,1,2
4,448,483.0,37,terminated,2,33,1,2,483.0,0,4,2,2,1,2,1,7,2,2,1,5,2,2,1,3,2,2,6,2,2,5,4,2,2,4,2,2,2,2
4,449,1538.0,112,terminated,2,0,0,1,1538.0,1,2,2,0,0,3,0,6,2,1,0,3,2,1,0,1,1,3,6,2,1,4,3,2,1,3,2,1,2,1
4,450,22.0,18,terminated,1,41,1,1,22.0,0,0,0,0,1,0,1,3,1,1,1,3,1,1,1,2,1,0,2,1,1,0,2,1,1,2,1,1,1,1
4,451,1697.0,153,terminated,2,0,0,2,1697.0,1,2,0,2,1,4,1,9,2,2,1,5,2,2,1,3,2,4,8,2,2,21,4,2,2,4,2,2,2,2
4,452,1755.0,95,terminated,2,0,0,2,1755.0,1,0,0,0,0,4,0,8,2,2,0,4,2,2,0,2,2,4,8,2,2,0,4,2,2,4,2,2,2,2
4,453,1720.0,130,terminated,2,0,0,2,1720.0,1,2,2,0,0,4,0,8,2,2,0,4,2,2,0,2,2,4,8,2,2,7,4,2,2,4,2,2,2,2
4,454,1556.0,94,terminated,1,0,0,2,1556.0,1,2,1,1,1,3,1,7,1,2,1,4,1,2,1,3,2,3,6,1,2,17,3,1,2,3,1,2,1,2
4,455,1750.0,100,terminated,2,0,0,2,1750.0,1,3,2,1,1,4,1,9,2,2,1,5,2,2,1,3,2,4,8,2,2,3,4,2,2,4,2,2,2,2
4,456,1535.0,115,terminated,2,0,0,1,1535.0,1,1,1,0,0,3,0,6,2,1,0,3,2,1,0,1,1,3,6,2,1,25,3,2,1,3,2,1,2,1
4,457,38.0,32,terminated,1,38,1,1,38.0,0,1,1,0,0,1,0,3,1,1,0,2,1,1,0,1,1,1,3,1,1,13,2,1,1,2,1,1,1,1
4,458,1729.0,121,terminated,2,0,0,2,1729.0,1,1,0,1,1,4,1,9,2,2,1,5,2,2,1,3,2,4,8,2,2,0,4,2,2,4,2,2,2,2
4,459,31.0,19,terminated,1,40,1,1,31.0,0,0,0,0,0,2,0,4,1,1,0,2,1,1,0,1,1,2,4,1,1,0,2,1,1,2,1,1,1,1
4,460,1530.0,120,terminated,1,0,0,2,1530.0,1,3,1,2,1,3,1,7,1,2,1,4,1,2,1,3,2,3,6,1,2,6,3,1,2,3,1,2,1,2
4,461,606.0,104,terminated,2,14,1,2,606.0,0,2,2,0,0,3,0,7,2,2,0,4,2,2,0,2,2,3,7,2,2,3,4,2,2,4,2,2,2,2
4,462,445.0,155,terminated,2,5,1,1,445.0,0,2,2,0,0,3,0,6,2,1,0,3,2,1,0,1,1,3,6,2,1,3,3,2,1,3,2,1,2,1
4,463,1534.0,116,terminated,1,0,0,2,1534.0,1,2,1,1,0,3,0,6,1,2,0,3,1,2,0,2,2,3,6,1,2,1,3,1,2,3,1,2,1,2
4,464,1768.0,82,terminated,2,0,0,2,1768.0,1,2,1,1,1,4,1,9,2,2,1,5,2,2,1,3,2,4,8,2,2,3,4,2,2,4,2,2,2,2
4,465,1700.0,150,terminated,2,0,0,2,1700.0,1,1,0,1,1,4,1,9,2,2,1,5,2,2,1,3,2,4,8,2,2,5,4,2,2,4,2,2,2,2
4,466,1760.0,90,terminated,2,0,0,2,1760.0,1,1,0,1,1,4,1,9,2,2,1,5,2,2,1,3,2,4,8,2,2,4,4,2,2,4,2,2,2,2
4,467,1726.0,124,terminated,2,0,0,2,1726.0,1,2,1,1,1,4,1,9,2,2,1,5,2,2,1,3,2,4,8,2,2,4,4,2,2,4,2,2,2,2
4,468,22.0,18,terminated,1,41,1,1,22.0,0,0,0,0,1,1,1,4,1,1,1,3,1,1,1,2,1,1,3,1,1,0,2,1,1,2,1,1,1,1
4,469,1526.0,124,terminated,1,0,0,2,1526.0,1,2,1,1,1,2,1,6,1,2,1,4,1,2,1,3,2,2,5,1,2,1,3,1,2,3,1,2,1,2
4,470,1681.0,169,terminated,2,0,0,2,1681.0,1,1,0,1,1,4,1,9,2,2,1,5,2,2,1,3,2,4,8,2,2,1,4,2,2,4,2,2,2,2
4,471,1530.0,120,terminated,2,0,0,1,1530.0,1,1,0,1,1,3,1,7,2,1,1,4,2,1,1,2,1,3,6,2,1,36,3,2,1,3,2,1,2,1
4,472,1735.0,115,terminated,2,0,0,2,1735.0,1,4,2,2,1,4,1,9,2,2,1,5,2,2,1,3,2,4,8,2,2,8,4,2,2,4,2,2,2,2
4,473,1517.0,133,terminated,2,0,0,1,1517.0,1,2,2,0,1,3,1,7,2,1,1,4,2,1,1,2,1,3,6,2,1,20,3,2,1,3,2,1,2,1
4,474,1760.0,90,terminated,2,0,0,2,1760.0,1,2,1,1,1,3,1,8,2,2,1,5,2,2,1,3,2,3,7,2,2,0,4,2,2,4,2,2,2,2
4,475,673.0,137,terminated,2,4,1,2,673.0,0,1,0,1,0,4,0,8,2,2,0,4,2,2,0,2,2,4,8,2,2,0,4,2,2,4,2,2,2,2
4,476,1682.0,168,terminated,2,0,0,2,1682.0,1,3,1,2,1,4,1,9,2,2,1,5,2,2,1,3,2,4,8,2,2,6,4,2,2,4,2,2,2,2
4,477,1519.0,131,terminated,2,0,0,1,1519.0,1,2,2,0,0,3,0,6,2,1,0,3,2,1,0,1,1,3,6,2,1,8,3,2,1,3,2,1,2,1
4,478,1745.0,105,terminated,2,0,0,2,1745.0,1,1,1,0,0,4,0,8,2,2,0,4,2,2,0,2,2,4,8,2,2,0,4,2,2,4,2,2,2,2
4,479,1751.0,99,terminated,2,0,0,2,1751.0,1,3,1,2,1,4,1,9,2,2,1,5,2,2,1,3,2,4,8,2,2,20,4,2,2,4,2,2,2,2
4,480,1767.0,83,terminated,2,0,0,2,1767.0,1,2,1,1,1,3,1,8,2,2,1,5,2,2,1,3,2,3,7,2,2,0,4,2,2,4,2,2,2,2
4,481,1755.0,95,terminated,2,0,0,2,1755.0,1,2,0,2,0,4,0,8,2,2,0,4,2,2,0,2,2,4,8,2,2,0,4,2,2,4,2,2,2,2
4,482,1735.0,115,terminated,2,0,0,2,1735.0,1,2,0,2,1,4,1,9,2,2,1,5,2,2,1,3,2,4,8,2,2,3,4,2,2,4,2,2,2,2
4,483,1763.0,87,terminated,2,0,0,2,1763.0,1,1,0,1,0,4,0,8,2,2,0,4,2,2,0,2,2,4,8,2,2,2,4,2,2,4,2,2,2,2
4,484,29.0,21,terminated,1,40,1,1,29.0,0,1,1,0,0,2,0,4,1,1,0,2,1,1,0,1,1,2,4,1,1,2,2,1,1,2,1,1,1,1
4,485,1466.0,184,terminated,1,0,0,2,1466.0,1,3,1,2,1,3,1,7,1,2,1,4,1,2,1,3,2,3,6,1,2,7,3,1,2,3,1,2,1,2
4,486,1697.0,153,terminated,2,0,0,2,1697.0,1,2,2,0,1,4,1,9,2,2,1,5,2,2,1,3,2,4,8,2,2,1,4,2,2,4,2,2,2,2
4,487,1534.0,116,terminated,2,0,0,1,1534.0,1,3,2,1,1,3,1,7,2,1,1,4,2,1,1,2,1,3,6,2,1,16,3,2,1,3,2,1,2,1
4,488,1736.0,114,terminated,2,0,0,2,1736.0,1,2,0,2,1,4,1,9,2,2,1,5,2,2,1,3,2,4,8,2,2,9,4,2,2,4,2,2,2,2
4,489,-191.0,21,terminated,1,42,1,0,-191.0,0,0,0,0,0,0,0,1,1,0,0,1,1,0,0,0,0,0,1,1,0,0,1,1,0,1,1,0,1,0
4,490,1742.0,108,terminated,2,0,0,2,1742.0,1,2,1,1,0,4,0,8,2,2,0,4,2,2,0,2,2,4,8,2,2,0,4,2,2,4,2,2,2,2
4,491,1716.0,134,terminated,2,0,0,2,1716.0,1,3,1,2,1,4,1,9,2,2,1,5,2,2,1,3,2,4,8,2,2,2,4,2,2,4,2,2,2,2
4,492,1525.0,125,terminated,2,0,0,1,1525.0,1,3,2,1,1,3,1,7,2,1,1,4,2,1,1,2,1,3,6,2,1,10,3,2,1,3,2,1,2,1
4,493,1733.0,117,terminated,2,0,0,2,1733.0,1,0,0,0,1,3,1,8,2,2,1,5,2,2,1,3,2,3,7,2,2,6,4,2,2,4,2,2,2,2
4,494,1526.0,124,terminated,1,0,0,2,1526.0,1,0,0,0,1,3,1,7,1,2,1,4,1,2,1,3,2,3,6,1,2,19,3,1,2,3,1,2,1,2
4,495,1767.0,83,terminated,2,0,0,2,1767.0,1,2,1,1,1,4,1,9,2,2,1,5,2,2,1,3,2,4,8,2,2,3,4,2,2,4,2,2,2,2
4,496,41.0,19,terminated,1,39,1,1,41.0,0,1,1,0,0,1,0,3,1,1,0,2,1,1,0,1,1,1,3,1,1,1,2,1,1,2,1,1,1,1
4,497,1530.0,120,terminated,2,0,0,1,1530.0,1,1,1,0,1,2,1,6,2,1,1,4,2,1,1,2,1,2,5,2,1,0,3,2,1,3,2,1,2,1
4,498,1763.0,87,terminated,2,0,0,2,1763.0,1,2,1,1,1,4,1,9,2,2,1,5,2,2,1,3,2,4,8,2,2,6,4,2,2,4,2,2,2,2
4,499,1517.0,133,terminated,2,0,0,1,1517.0,1,2,2,0,1,3,1,7,2,1,1,4,2,1,1,2,1,3,6,2,1,1,3,2,1,3,2,1,2,1
4,500,1479.0,171,terminated,1,0,0,2,1479.0,1,0,0,0,1,3,1,7,1,2,1,4,1,2,1,3,2,3,6,1,2,26,3,1,2,3,1,2,1,2
4,501,1759.0,91,terminated,2,0,0,2,1759.0,1,1,0,1,1,4,1,9,2,2,1,5,2,2,1,3,2,4,8,2,2,7,4,2,2,4,2,2,2,2
4,502,1699.0,151,terminated,2,0,0,2,1699.0,1,2,0,2,0,4,0,8,2,2,0,4,2,2,0,2,2,4,8,2,2,1,4,2,2,4,2,2,2,2
4,503,1565.0,85,terminated,2,0,0,1,1565.0,1,3,2,1,1,3,1,7,2,1,1,4,2,1,1,2,1,3,6,2,1,10,3,2,1,3,2,1,2,1
4,504,1681.0,169,terminated,2,0,0,2,1681.0,1,3,1,2,1,3,1,8,2,2,1,5,2,2,1,3,2,3,7,2,2,8,4,2,2,4,2,2,2,2
4,505,1711.0,139,terminated,2,0,0,2,1711.0,1,4,2,2,1,3,1,8,2,2,1,5,2,2,1,3,2,3,7,2,2,1,4,2,2,4,2,2,2,2
4,506,1750.0,100,terminated,2,0,0,2,1750.0,1,2,1,1,1,3,1,8,2,2,1,5,2,2,1,3,2,3,7,2,2,1,4,2,2,4,2,2,2,2
4,507,1753.0,97,terminated,2,0,0,2,1753.0,1,3,2,1,1,4,1,9,2,2,1,5,2,2,1,3,2,4,8,2,2,4,4,2,2,4,2,2,2,2
4,508,468.0,52,terminated,2,33,1,2,468.0,0,3,2,1,1,3,1,8,2,2,1,5,2,2,1,3,2,3,7,2,2,3,4,2,2,4,2,2,2,2
4,509,1759.0,91,terminated,2,0,0,2,1759.0,1,0,0,0,1,3,1,8,2,2,1,5,2,2,1,3,2,3,7,2,2,0,4,2,2,4,2,2,2,2
4,510,1723.0,127,terminated,2,0,0,2,1723.0,1,1,0,1,0,3,0,7,2,2,0,4,2,2,0,2,2,3,7,2,2,13,4,2,2,4,2,2,2,2
4,511,1528.0,122,terminated,2,0,0,1,1528.0,1,1,1,0,0,3,0,6,2,1,0,3,2,1,0,1,1,3,6,2,1,17,3,2,1,3,2,1,2,1
4,512,1336.0,114,terminated,2,0,0,0,1336.0,1,2,2,0,1,1,1,4,2,0,1,3,2,0,1,1,0,1,3,2,0,38,2,2,0,2,2,0,2,0
4,513,1519.0,131,terminated,2,0,0,1,1519.0,1,1,0,1,1,3,1,7,2,1,1,4,2,1,1,2,1,3,6,2,1,15,3,2,1,3,2,1,2,1
4,514,1750.0,100,terminated,2,0,0,2,1750.0,1,1,1,0,0,4,0,8,2,2,0,4,2,2,0,2,2,4,8,2,2,6,4,2,2,4,2,2,2,2
4,515,1760.0,90,terminated,2,0,0,2,1760.0,1,2,1,1,0,4,0,8,2,2,0,4,2,2,0,2,2,4,8,2,2,0,4,2,2,4,2,2,2,2
4,516,1754.0,96,terminated,2,0,0,2,1754.0,1,2,1,1,0,3,0,7,2,2,0,4,2,2,0,2,2,3,7,2,2,0,4,2,2,4,2,2,2,2
4,517,612.0,118,terminated,2,12,1,2,612.0,0,4,2,2,1,3,1,8,2,2,1,5,2,2,1,3,2,3,7,2,2,4,4,2,2,4,2,2,2,2
4,518,342.0,58,terminated,2,25,1,1,342.0,0,1,0,1,0,2,0,5,2,1,0,3,2,1,0,1,1,2,5,2,1,27,3,2,1,3,2,1,2,1
4,519,1744.0,106,terminated,2,0,0,2,1744.0,1,2,1,1,1,4,1,9,2,2,1,5,2,2,1,3,2,4,8,2,2,20,4,2,2,4,2,2,2,2
4,520,1705.0,145,terminated,2,0,0,2,1705.0,1,1,0,1,0,4,0,8,2,2,0,4,2,2,0,2,2,4,8,2,2,0,4,2,2,4,2,2,2,2
4,521,1741.0,109,terminated,2,0,0,2,1741.0,1,2,1,1,1,4,1,9,2,2,1,5,2,2,1,3,2,4,8,2,2,5,4,2,2,4,2,2,2,2
4,522,1744.0,106,terminated,2,0,0,2,1744.0,1,1,1,0,0,4,0,8,2,2,0,4,2,2,0,2,2,4,8,2,2,0,4,2,2,4,2,2,2,2
4,523,281.0,39,terminated,1,33,1,2,281.0,0,1,0,1,1,2,1,6,1,2,1,4,1,2,1,3,2,2,5,1,2,0,3,1,2,3,1,2,1,2
4,524,33.0,17,terminated,1,40,1,1,33.0,0,0,0,0,0,2,0,4,1,1,0,2,1,1,0,1,1,2,4,1,1,0,2,1,1,2,1,1,1,1
4,525,1671.0,179,terminated,2,0,0,2,1671.0,1,2,1,1,0,4,0,8,2,2,0,4,2,2,0,2,2,4,8,2,2,7,4,2,2,4,2,2,2,2
4,526,1742.0,108,terminated,2,0,0,2,1742.0,1,3,1,2,1,4,1,9,2,2,1,5,2,2,1,3,2,4,8,2,2,8,4,2,2,4,2,2,2,2
4,527,-167.0,17,terminated,1,40,1,0,-167.0,0,0,0,0,0,1,0,2,1,0,0,1,1,0,0,0,0,1,2,1,0,1,1,1,0,1,1,0,1,0
4,528,-178.0,28,terminated,0,40,1,1,-178.0,0,0,0,0,1,1,1,3,0,1,1,2,0,1,1,2,1,1,2,0,1,10,1,0,1,1,0,1,0,1
4,529,1750.0,100,terminated,2,0,0,2,1750.0,1,3,2,1,1,4,1,9,2,2,1,5,2,2,1,3,2,4,8,2,2,6,4,2,2,4,2,2,2,2
4,530,1531.0,119,terminated,2,0,0,1,1531.0,1,1,1,0,1,3,1,7,2,1,1,4,2,1,1,2,1,3,6,2,1,24,3,2,1,3,2,1,2,1
4,531,1772.0,78,terminated,2,0,0,2,1772.0,1,1,1,0,1,4,1,9,2,2,1,5,2,2,1,3,2,4,8,2,2,5,4,2,2,4,2,2,2,2
4,532,1768.0,82,terminated,2,0,0,2,1768.0,1,3,2,1,0,4,0,8,2,2,0,4,2,2,0,2,2,4,8,2,2,2,4,2,2,4,2,2,2,2
4,533,27.0,23,terminated,1,40,1,1,27.0,0,1,1,0,1,2,1,5,1,1,1,3,1,1,1,2,1,2,4,1,1,2,2,1,1,2,1,1,1,1
4,534,1737.0,113,terminated,2,0,0,2,1737.0,1,2,1,1,0,4,0,8,2,2,0,4,2,2,0,2,2,4,8,2,2,0,4,2,2,4,2,2,2,2
4,535,1542.0,108,terminated,2,0,0,1,1542.0,1,2,1,1,0,3,0,6,2,1,0,3,2,1,0,1,1,3,6,2,1,10,3,2,1,3,2,1,2,1
4,536,1325.0,125,terminated,1,0,0,1,1325.0,1,1,1,0,1,2,1,5,1,1,1,3,1,1,1,2,1,2,4,1,1,15,2,1,1,2,1,1,1,1
4,537,1739.0,111,terminated,2,0,0,2,1739.0,1,1,1,0,0,4,0,8,2,2,0,4,2,2,0,2,2,4,8,2,2,0,4,2,2,4,2,2,2,2
4,538,1530.0,120,terminated,1,0,0,2,1530.0,1,2,1,1,1,2,1,6,1,2,1,4,1,2,1,3,2,2,5,1,2,8,3,1,2,3,1,2,1,2
4,539,1757.0,93,terminated,2,0,0,2,1757.0,1,0,0,0,1,3,1,8,2,2,1,5,2,2,1,3,2,3,7,2,2,0,4,2,2,4,2,2,2,2
4,540,283.0,37,terminated,1,33,1,2,283.0,0,2,0,2,1,2,1,6,1,2,1,4,1,2,1,3,2,2,5,1,2,1,3,1,2,3,1,2,1,2
4,541,1732.0,118,terminated,2,0,0,2,1732.0,1,4,2,2,1,4,1,9,2,2,1,5,2,2,1,3,2,4,8,2,2,6,4,2,2,4,2,2,2,2
4,542,586.0,144,terminated,2,12,1,2,586.0,0,3,1,2,1,4,1,9,2,2,1,5,2,2,1,3,2,4,8,2,2,5,4,2,2,4,2,2,2,2
4,543,1539.0,111,terminated,2,0,0,1,1539.0,1,2,2,0,0,3,0,6,2,1,0,3,2,1,0,1,1,3,6,2,1,5,3,2,1,3,2,1,2,1
4,544,1542.0,108,terminated,1,0,0,2,1542.0,1,2,0,2,1,2,1,6,1,2,1,4,1,2,1,3,2,2,5,1,2,19,3,1,2,3,1,2,1,2
4,545,1541.0,109,terminated,2,0,0,1,1541.0,1,2,1,1,1,3,1,7,2,1,1,4,2,1,1,2,1,3,6,2,1,3,3,2,1,3,2,1,2,1
4,546,-176.0,16,terminated,1,41,1,0,-176.0,0,0,0,0,0,1,0,2,1,0,0,1,1,0,0,0,0,1,2,1,0,0,1,1,0,1,1,0,1,0
4,547,618.0,72,terminated,2,16,1,2,618.0,0,2,1,1,1,2,1,7,2,2,1,5,2,2,1,3,2,2,6,2,2,0,4,2,2,4,2,2,2,2
4,548,1746.0,104,terminated,2,0,0,2,1746.0,1,4,2,2,1,3,1,8,2,2,1,5,2,2,1,3,2,3,7,2,2,3,4,2,2,4,2,2,2,2
4,549,1549.0,101,terminated,1,0,0,2,1549.0,1,1,0,1,1,3,1,7,1,2,1,4,1,2,1,3,2,3,6,1,2,11,3,1,2,3,1,2,1,2
4,550,1718.0,132,terminated,2,0,0,2,1718.0,1,2,1,1,1,4,1,9,2,2,1,5,2,2,1,3,2,4,8,2,2,1,4,2,2,4,2,2,2,2
4,551,1719.0,131,terminated,2,0,0,2,1719.0,1,2,1,1,1,4,1,9,2,2,1,5,2,2,1,3,2,4,8,2,2,8,4,2,2,4,2,2,2,2
4,552,1543.0,107,terminated,2,0,0,1,1543.0,1,3,2,1,1,3,1,7,2,1,1,4,2,1,1,2,1,3,6,2,1,3,3,2,1,3,2,1,2,1
4,553,530.0,170,terminated,2,15,1,2,530.0,0,2,0,2,1,4,1,9,2,2,1,5,2,2,1,3,2,4,8,2,2,0,4,2,2,4,2,2,2,2
4,554,1761.0,89,terminated,2,0,0,2,1761.0,1,3,1,2,1,4,1,9,2,2,1,5,2,2,1,3,2,4,8,2,2,4,4,2,2,4,2,2,2,2
4,555,1744.0,106,terminated,2,0,0,2,1744.0,1,1,1,0,0,4,0,8,2,2,0,4,2,2,0,2,2,4,8,2,2,0,4,2,2,4,2,2,2,2
4,556,1529.0,121,terminated,1,0,0,2,1529.0,1,1,0,1,0,3,0,6,1,2,0,3,1,2,0,2,2,3,6,1,2,0,3,1,2,3,1,2,1,2
4,557,520.0,50,terminated,2,28,1,2,520.0,0,2,1,1,1,4,1,9,2,2,1,5,2,2,1,3,2,4,8,2,2,8,4,2,2,4,2,2,2,2
4,558,614.0,116,terminated,2,12,1,2,614.0,0,2,1,1,1,4,1,9,2,2,1,5,2,2,1,3,2,4,8,2,2,0,4,2,2,4,2,2,2,2
4,559,417.0,83,terminated,1,15,1,2,417.0,0,1,1,0,1,3,1,7,1,2,1,4,1,2,1,3,2,3,6,1,2,22,3,1,2,3,1,2,1,2
4,560,1539.0,111,terminated,1,0,0,2,1539.0,1,2,0,2,1,3,1,7,1,2,1,4,1,2,1,3,2,3,6,1,2,30,3,1,2,3,1,2,1,2
4,561,1725.0,125,terminated,2,0,0,2,1725.0,1,1,0,1,0,4,0,8,2,2,0,4,2,2,0,2,2,4,8,2,2,0,4,2,2,4,2,2,2,2
4,562,1301.0,149,terminated,1,0,0,1,1301.0,1,1,0,1,1,2,1,5,1,1,1,3,1,1,1,2,1,2,4,1,1,18,2,1,1,2,1,1,1,1
4,563,1653.0,197,terminated,2,0,0,2,1653.0,1,2,0,2,0,4,0,8,2,2,0,4,2,2,0,2,2,4,8,2,2,0,4,2,2,4,2,2,2,2
4,564,477.0,123,terminated,1,5,1,2,477.0,0,2,0,2,1,2,1,6,1,2,1,4,1,2,1,3,2,2,5,1,2,16,3,1,2,3,1,2,1,2
4,565,1513.0,137,terminated,1,0,0,2,1513.0,1,2,1,1,0,3,0,6,1,2,0,3,1,2,0,2,2,3,6,1,2,20,3,1,2,3,1,2,1,2
4,566,1750.0,100,terminated,2,0,0,2,1750.0,1,4,2,2,1,4,1,9,2,2,1,5,2,2,1,3,2,4,8,2,2,10,4,2,2,4,2,2,2,2
4,567,204.0,86,terminated,0,16,1,2,204.0,0,1,0,1,1,2,1,5,0,2,1,3,0,2,1,3,2,2,4,0,2,13,2,0,2,2,0,2,0,2
4,568,-171.0,21,terminated,0,40,1,1,-171.0,0,0,0,0,1,1,1,3,0,1,1,2,0,1,1,2,1,1,2,0,1,1,1,0,1,1,0,1,0,1
4,569,1739.0,111,terminated,2,0,0,2,1739.0,1,3,2,1,1,4,1,9,2,2,1,5,2,2,1,3,2,4,8,2,2,1,4,2,2,4,2,2,2,2
4,570,1711.0,139,terminated,2,0,0,2,1711.0,1,1,1,0,0,4,0,8,2,2,0,4,2,2,0,2,2,4,8,2,2,1,4,2,2,4,2,2,2,2
4,571,1720.0,130,terminated,2,0,0,2,1720.0,1,2,1,1,1,4,1,9,2,2,1,5,2,2,1,3,2,4,8,2,2,0,4,2,2,4,2,2,2,2
4,572,1538.0,112,terminated,2,0,0,1,1538.0,1,2,2,0,0,3,0,6,2,1,0,3,2,1,0,1,1,3,6,2,1,12,3,2,1,3,2,1,2,1
4,573,1748.0,102,terminated,2,0,0,2,1748.0,1,2,1,1,1,4,1,9,2,2,1,5,2,2,1,3,2,4,8,2,2,0,4,2,2,4,2,2,2,2
4,574,1483.0,167,terminated,2,0,0,1,1483.0,1,1,1,0,1,3,1,7,2,1,1,4,2,1,1,2,1,3,6,2,1,13,3,2,1,3,2,1,2,1
4,575,1552.0,98,terminated,2,0,0,1,1552.0,1,3,2,1,1,2,1,6,2,1,1,4,2,1,1,2,1,2,5,2,1,6,3,2,1,3,2,1,2,1
4,576,1742.0,108,terminated,2,0,0,2,1742.0,1,1,1,0,0,4,0,8,2,2,0,4,2,2,0,2,2,4,8,2,2,7,4,2,2,4,2,2,2,2
4,577,1571.0,79,terminated,2,0,0,1,1571.0,1,2,1,1,1,3,1,7,2,1,1,4,2,1,1,2,1,3,6,2,1,8,3,2,1,3,2,1,2,1
4,578,1539.0,111,terminated,2,0,0,1,1539.0,1,2,2,0,1,1,1,5,2,1,1,4,2,1,1,2,1,1,4,2,1,1,3,2,1,3,2,1,2,1
4,579,1686.0,164,terminated,2,0,0,2,1686.0,1,2,1,1,0,3,0,7,2,2,0,4,2,2,0,2,2,3,7,2,2,10,4,2,2,4,2,2,2,2
4,580,1738.0,112,terminated,2,0,0,2,1738.0,1,1,1,0,0,4,0,8,2,2,0,4,2,2,0,2,2,4,8,2,2,2,4,2,2,4,2,2,2,2
4,581,1743.0,107,terminated,2,0,0,2,1743.0,1,4,2,2,1,4,1,9,2,2,1,5,2,2,1,3,2,4,8,2,2,11,4,2,2,4,2,2,2,2
4,582,1730.0,120,terminated,2,0,0,2,1730.0,1,1,0,1,0,4,0,8,2,2,0,4,2,2,0,2,2,4,8,2,2,0,4,2,2,4,2,2,2,2
4,583,1564.0,86,terminated,1,0,0,2,1564.0,1,0,0,0,1,3,1,7,1,2,1,4,1,2,1,3,2,3,6,1,2,18,3,1,2,3,1,2,1,2
4,584,1556.0,94,terminated,2,0,0,1,1556.0,1,3,2,1,1,2,1,6,2,1,1,4,2,1,1,2,1,2,5,2,1,4,3,2,1,3,2,1,2,1
4,585,1712.0,138,terminated,2,0,0,2,1712.0,1,4,2,2,1,4,1,9,2,2,1,5,2,2,1,3,2,4,8,2,2,8,4,2,2,4,2,2,2,2
4,586,-174.0,24,terminated,0,40,1,1,-174.0,0,0,0,0,1,1,1,3,0,1,1,2,0,1,1,2,1,1,2,0,1,1,1,0,1,1,0,1,0,1
4,587,1559.0,91,terminated,1,0,0,2,1559.0,1,2,1,1,1,3,1,7,1,2,1,4,1,2,1,3,2,3,6,1,2,4,3,1,2,3,1,2,1,2
4,588,1465.0,185,terminated,1,0,0,2,1465.0,1,2,1,1,1,3,1,7,1,2,1,4,1,2,1,3,2,3,6,1,2,17,3,1,2,3,1,2,1,2
4,589,1528.0,122,terminated,2,0,0,1,1528.0,1,1,0,1,1,3,1,7,2,1,1,4,2,1,1,2,1,3,6,2,1,24,3,2,1,3,2,1,2,1
4,590,1540.0,110,terminated,1,0,0,2,1540.0,1,3,1,2,1,3,1,7,1,2,1,4,1,2,1,3,2,3,6,1,2,10,3,1,2,3,1,2,1,2
4,591,1714.0,136,terminated,2,0,0,2,1714.0,1,0,0,0,0,4,0,8,2,2,0,4,2,2,0,2,2,4,8,2,2,0,4,2,2,4,2,2,2,2
4,592,1509.0,141,terminated,2,0,0,1,1509.0,1,1,1,0,0,2,0,5,2,1,0,3,2,1,0,1,1,2,5,2,1,0,3,2,1,3,2,1,2,1
4,593,1747.0,103,terminated,2,0,0,2,1747.0,1,2,1,1,1,4,1,9,2,2,1,5,2,2,1,3,2,4,8,2,2,7,4,2,2,4,2,2,2,2
4,594,1744.0,106,terminated,2,0,0,2,1744.0,1,4,2,2,1,3,1,8,2,2,1,5,2,2,1,3,2,3,7,2,2,15,4,2,2,4,2,2,2,2
4,595,1315.0,135,terminated,1,0,0,1,1315.0,1,1,1,0,1,2,1,5,1,1,1,3,1,1,1,2,1,2,4,1,1,20,2,1,1,2,1,1,1,1
4,596,1702.0,148,terminated,2,0,0,2,1702.0,1,3,1,2,0,4,0,8,2,2,0,4,2,2,0,2,2,4,8,2,2,9,4,2,2,4,2,2,2,2
4,597,1725.0,125,terminated,2,0,0,2,1725.0,1,3,1,2,1,3,1,8,2,2,1,5,2,2,1,3,2,3,7,2,2,5,4,2,2,4,2,2,2,2
4,598,1689.0,161,terminated,2,0,0,2,1689.0,1,1,0,1,1,4,1,9,2,2,1,5,2,2,1,3,2,4,8,2,2,0,4,2,2,4,2,2,2,2
4,599,1551.0,99,terminated,2,0,0,1,1551.0,1,3,2,1,1,3,1,7,2,1,1,4,2,1,1,2,1,3,6,2,1,2,3,2,1,3,2,1,2,1
4,600,1752.0,98,terminated,2,0,0,2,1752.0,1,2,1,1,1,4,1,9,2,2,1,5,2,2,1,3,2,4,8,2,2,3,4,2,2,4,2,2,2,2
4,601,738.0,92,terminated,2,2,1,2,738.0,0,1,1,0,0,4,0,8,2,2,0,4,2,2,0,2,2,4,8,2,2,0,4,2,2,4,2,2,2,2
4,602,614.0,106,terminated,2,13,1,2,614.0,0,3,1,2,0,4,0,8,2,2,0,4,2,2,0,2,2,4,8,2,2,4,4,2,2,4,2,2,2,2
4,603,-174.0,24,terminated,0,40,1,1,-174.0,0,0,0,0,1,1,1,3,0,1,1,2,0,1,1,2,1,1,2,0,1,6,1,0,1,1,0,1,0,1
4,604,1743.0,107,terminated,2,0,0,2,1743.0,1,2,1,1,1,4,1,9,2,2,1,5,2,2,1,3,2,4,8,2,2,0,4,2,2,4,2,2,2,2
4,605,1685.0,165,terminated,2,0,0,2,1685.0,1,1,1,0,1,3,1,8,2,2,1,5,2,2,1,3,2,3,7,2,2,0,4,2,2,4,2,2,2,2
4,606,-176.0,16,terminated,1,41,1,0,-176.0,0,0,0,0,0,1,0,2,1,0,0,1,1,0,0,0,0,1,2,1,0,0,1,1,0,1,1,0,1,0
4,607,1533.0,117,terminated,1,0,0,2,1533.0,1,1,0,1,1,2,1,6,1,2,1,4,1,2,1,3,2,2,5,1,2,21,3,1,2,3,1,2,1,2
4,608,1561.0,89,terminated,1,0,0,2,1561.0,1,2,1,1,1,3,1,7,1,2,1,4,1,2,1,3,2,3,6,1,2,8,3,1,2,3,1,2,1,2
4,609,1493.0,157,terminated,1,0,0,2,1493.0,1,2,1,1,0,3,0,6,1,2,0,3,1,2,0,2,2,3,6,1,2,37,3,1,2,3,1,2,1,2
4,610,1729.0,121,terminated,2,0,0,2,1729.0,1,2,1,1,1,4,1,9,2,2,1,5,2,2,1,3,2,4,8,2,2,5,4,2,2,4,2,2,2,2
4,611,1743.0,107,terminated,2,0,0,2,1743.0,1,2,0,2,1,4,1,9,2,2,1,5,2,2,1,3,2,4,8,2,2,5,4,2,2,4,2,2,2,2
4,612,1748.0,102,terminated,2,0,0,2,1748.0,1,2,0,2,0,4,0,8,2,2,0,4,2,2,0,2,2,4,8,2,2,5,4,2,2,4,2,2,2,2
4,613,1738.0,112,terminated,2,0,0,2,1738.0,1,2,1,1,1,4,1,9,2,2,1,5,2,2,1,3,2,4,8,2,2,2,4,2,2,4,2,2,2,2
4,614,1751.0,99,terminated,2,0,0,2,1751.0,1,0,0,0,1,3,1,8,2,2,1,5,2,2,1,3,2,3,7,2,2,0,4,2,2,4,2,2,2,2
4,615,1295.0,155,terminated,0,0,0,2,1295.0,1,1,0,1,1,2,1,5,0,2,1,3,0,2,1,3,2,2,4,0,2,9,2,0,2,2,0,2,0,2
4,616,1750.0,100,terminated,2,0,0,2,1750.0,1,3,1,2,0,4,0,8,2,2,0,4,2,2,0,2,2,4,8,2,2,3,4,2,2,4,2,2,2,2
4,617,1735.0,115,terminated,2,0,0,2,1735.0,1,3,1,2,1,4,1,9,2,2,1,5,2,2,1,3,2,4,8,2,2,2,4,2,2,4,2,2,2,2
4,618,1775.0,75,terminated,2,0,0,2,1775.0,1,3,2,1,1,4,1,9,2,2,1,5,2,2,1,3,2,4,8,2,2,10,4,2,2,4,2,2,2,2
4,619,23.0,17,terminated,1,41,1,1,23.0,0,0,0,0,0,1,0,3,1,1,0,2,1,1,0,1,1,1,3,1,1,0,2,1,1,2,1,1,1,1
4,620,1508.0,142,terminated,2,0,0,1,1508.0,1,2,2,0,1,3,1,7,2,1,1,4,2,1,1,2,1,3,6,2,1,1,3,2,1,3,2,1,2,1
4,621,1724.0,126,terminated,2,0,0,2,1724.0,1,3,1,2,0,3,0,7,2,2,0,4,2,2,0,2,2,3,7,2,2,6,4,2,2,4,2,2,2,2
4,622,1528.0,122,terminated,1,0,0,2,1528.0,1,3,1,2,1,3,1,7,1,2,1,4,1,2,1,3,2,3,6,1,2,27,3,1,2,3,1,2,1,2
4,623,1529.0,121,terminated,1,0,0,2,1529.0,1,1,0,1,1,3,1,7,1,2,1,4,1,2,1,3,2,3,6,1,2,6,3,1,2,3,1,2,1,2
4,624,1623.0,227,terminated,2,0,0,2,1623.0,1,2,0,2,1,4,1,9,2,2,1,5,2,2,1,3,2,4,8,2,2,23,4,2,2,4,2,2,2,2
4,625,1265.0,185,terminated,2,0,0,0,1265.0,1,1,1,0,0,1,0,3,2,0,0,2,2,0,0,0,0,1,3,2,0,20,2,2,0,2,2,0,2,0
4,626,1770.0,80,terminated,2,0,0,2,1770.0,1,3,2,1,1,4,1,9,2,2,1,5,2,2,1,3,2,4,8,2,2,1,4,2,2,4,2,2,2,2
4,627,1744.0,106,terminated,2,0,0,2,1744.0,1,1,1,0,1,4,1,9,2,2,1,5,2,2,1,3,2,4,8,2,2,0,4,2,2,4,2,2,2,2
4,628,1555.0,95,terminated,2,0,0,1,1555.0,1,3,2,1,1,3,1,7,2,1,1,4,2,1,1,2,1,3,6,2,1,5,3,2,1,3,2,1,2,1
4,629,1539.0,111,terminated,2,0,0,1,1539.0,1,3,2,1,1,3,1,7,2,1,1,4,2,1,1,2,1,3,6,2,1,8,3,2,1,3,2,1,2,1
4,630,1527.0,123,terminated,2,0,0,1,1527.0,1,0,0,0,1,3,1,7,2,1,1,4,2,1,1,2,1,3,6,2,1,37,3,2,1,3,2,1,2,1
4,631,1732.0,118,terminated,2,0,0,2,1732.0,1,1,1,0,0,4,0,8,2,2,0,4,2,2,0,2,2,4,8,2,2,0,4,2,2,4,2,2,2,2
4,632,1539.0,111,terminated,2,0,0,1,1539.0,1,1,1,0,1,3,1,7,2,1,1,4,2,1,1,2,1,3,6,2,1,31,3,2,1,3,2,1,2,1
4,633,1477.0,173,terminated,2,0,0,1,1477.0,1,2,2,0,1,3,1,7,2,1,1,4,2,1,1,2,1,3,6,2,1,3,3,2,1,3,2,1,2,1
4,634,1745.0,105,terminated,2,0,0,2,1745.0,1,1,0,1,0,4,0,8,2,2,0,4,2,2,0,2,2,4,8,2,2,0,4,2,2,4,2,2,2,2
4,635,1769.0,81,terminated,2,0,0,2,1769.0,1,3,2,1,1,4,1,9,2,2,1,5,2,2,1,3,2,4,8,2,2,6,4,2,2,4,2,2,2,2
4,636,1556.0,94,terminated,2,0,0,1,1556.0,1,1,1,0,1,3,1,7,2,1,1,4,2,1,1,2,1,3,6,2,1,0,3,2,1,3,2,1,2,1
4,637,1704.0,146,terminated,2,0,0,2,1704.0,1,2,1,1,1,4,1,9,2,2,1,5,2,2,1,3,2,4,8,2,2,0,4,2,2,4,2,2,2,2
4,638,1742.0,108,terminated,2,0,0,2,1742.0,1,2,2,0,1,3,1,8,2,2,1,5,2,2,1,3,2,3,7,2,2,8,4,2,2,4,2,2,2,2
4,639,1529.0,121,terminated,1,0,0,2,1529.0,1,2,0,2,1,3,1,7,1,2,1,4,1,2,1,3,2,3,6,1,2,5,3,1,2,3,1,2,1,2
4,640,1502.0,148,terminated,1,0,0,2,1502.0,1,2,1,1,1,3,1,7,1,2,1,4,1,2,1,3,2,3,6,1,2,2,3,1,2,3,1,2,1,2
4,641,132.0,48,terminated,0,27,1,2,132.0,0,2,0,2,1,1,1,4,0,2,1,3,0,2,1,3,2,1,3,0,2,11,2,0,2,2,0,2,0,2
4,642,1703.0,147,terminated,2,0,0,2,1703.0,1,2,1,1,0,4,0,8,2,2,0,4,2,2,0,2,2,4,8,2,2,0,4,2,2,4,2,2,2,2
4,643,1527.0,123,terminated,2,0,0,1,1527.0,1,2,1,1,1,3,1,7,2,1,1,4,2,1,1,2,1,3,6,2,1,25,3,2,1,3,2,1,2,1
4,644,1425.0,225,terminated,2,0,0,1,1425.0,1,2,1,1,0,2,0,5,2,1,0,3,2,1,0,1,1,2,5,2,1,20,3,2,1,3,2,1,2,1
4,645,1750.0,100,terminated,2,0,0,2,1750.0,1,0,0,0,0,4,0,8,2,2,0,4,2,2,0,2,2,4,8,2,2,0,4,2,2,4,2,2,2,2
4,646,24.0,16,terminated,1,41,1,1,24.0,0,0,0,0,0,2,0,4,1,1,0,2,1,1,0,1,1,2,4,1,1,0,2,1,1,2,1,1,1,1
4,647,1696.0,154,terminated,2,0,0,2,1696.0,1,2,1,1,0,4,0,8,2,2,0,4,2,2,0,2,2,4,8,2,2,2,4,2,2,4,2,2,2,2
4,648,472.0,58,terminated,2,32,1,2,472.0,0,3,2,1,1,4,1,9,2,2,1,5,2,2,1,3,2,4,8,2,2,5,4,2,2,4,2,2,2,2
4,649,335.0,55,terminated,2,26,1,1,335.0,0,2,1,1,0,1,0,4,2,1,0,3,2,1,0,1,1,1,4,2,1,9,3,2,1,3,2,1,2,1
4,650,1552.0,98,terminated,2,0,0,1,1552.0,1,2,2,0,0,2,0,5,2,1,0,3,2,1,0,1,1,2,5,2,1,0,3,2,1,3,2,1,2,1
4,651,432.0,98,terminated,2,12,1,1,432.0,0,2,2,0,0,3,0,6,2,1,0,3,2,1,0,1,1,3,6,2,1,8,3,2,1,3,2,1,2,1
4,652,1563.0,87,terminated,1,0,0,2,1563.0,1,1,0,1,1,2,1,6,1,2,1,4,1,2,1,3,2,2,5,1,2,0,3,1,2,3,1,2,1,2
4,653,1537.0,113,terminated,1,0,0,2,1537.0,1,2,1,1,0,3,0,6,1,2,0,3,1,2,0,2,2,3,6,1,2,0,3,1,2,3,1,2,1,2
4,654,1766.0,84,terminated,2,0,0,2,1766.0,1,3,2,1,1,4,1,9,2,2,1,5,2,2,1,3,2,4,8,2,2,6,4,2,2,4,2,2,2,2
4,655,490.0,120,terminated,1,4,1,2,490.0,0,1,0,1,1,3,1,7,1,2,1,4,1,2,1,3,2,3,6,1,2,15,3,1,2,3,1,2,1,2
4,656,521.0,49,terminated,2,28,1,2,521.0,0,3,2,1,1,3,1,8,2,2,1,5,2,2,1,3,2,3,7,2,2,6,4,2,2,4,2,2,2,2
4,657,1431.0,219,terminated,2,0,0,1,1431.0,1,1,1,0,1,2,1,6,2,1,1,4,2,1,1,2,1,2,5,2,1,16,3,2,1,3,2,1,2,1
4,658,1719.0,131,terminated,2,0,0,2,1719.0,1,0,0,0,0,3,0,7,2,2,0,4,2,2,0,2,2,3,7,2,2,0,4,2,2,4,2,2,2,2
4,659,310.0,90,terminated,2,25,1,1,310.0,0,1,1,0,1,3,1,7,2,1,1,4,2,1,1,2,1,3,6,2,1,41,3,2,1,3,2,1,2,1
4,660,1540.0,110,terminated,1,0,0,2,1540.0,1,1,1,0,1,2,1,6,1,2,1,4,1,2,1,3,2,2,5,1,2,19,3,1,2,3,1,2,1,2
4,661,1764.0,86,terminated,2,0,0,2,1764.0,1,2,2,0,0,4,0,8,2,2,0,4,2,2,0,2,2,4,8,2,2,1,4,2,2,4,2,2,2,2
4,662,672.0,78,terminated,2,10,1,2,672.0,0,2,1,1,1,4,1,9,2,2,1,5,2,2,1,3,2,4,8,2,2,5,4,2,2,4,2,2,2,2
4,663,1751.0,99,terminated,2,0,0,2,1751.0,1,1,1,0,1,4,1,9,2,2,1,5,2,2,1,3,2,4,8,2,2,3,4,2,2,4,2,2,2,2
4,664,195.0,45,terminated,1,21,1,1,195.0,0,1,0,1,0,2,0,4,1,1,0,2,1,1,0,1,1,2,4,1,1,8,2,1,1,2,1,1,1,1
4,665,1520.0,130,terminated,2,0,0,1,1520.0,1,0,0,0,1,2,1,6,2,1,1,4,2,1,1,2,1,2,5,2,1,17,3,2,1,3,2,1,2,1
4,666,1541.0,109,terminated,1,0,0,2,1541.0,1,1,0,1,0,3,0,6,1,2,0,3,1,2,0,2,2,3,6,1,2,8,3,1,2,3,1,2,1,2
4,667,1524.0,126,terminated,1,0,0,2,1524.0,1,1,0,1,1,3,1,7,1,2,1,4,1,2,1,3,2,3,6,1,2,0,3,1,2,3,1,2,1,2
4,668,1737.0,113,terminated,2,0,0,2,1737.0,1,0,0,0,1,3,1,8,2,2,1,5,2,2,1,3,2,3,7,2,2,0,4,2,2,4,2,2,2,2
4,669,-167.0,17,terminated,0,40,1,1,-167.0,0,0,0,0,1,1,1,3,0,1,1,2,0,1,1,2,1,1,2,0,1,1,1,0,1,1,0,1,0,1
4,670,278.0,42,terminated,1,33,1,2,278.0,0,2,1,1,1,2,1,6,1,2,1,4,1,2,1,3,2,2,5,1,2,21,3,1,2,3,1,2,1,2
4,671,1749.0,101,terminated,2,0,0,2,1749.0,1,1,0,1,1,4,1,9,2,2,1,5,2,2,1,3,2,4,8,2,2,0,4,2,2,4,2,2,2,2
4,672,22.0,18,terminated,1,41,1,1,22.0,0,0,0,0,1,0,1,3,1,1,1,3,1,1,1,2,1,0,2,1,1,0,2,1,1,2,1,1,1,1
4,673,226.0,104,terminated,0,12,1,2,226.0,0,1,0,1,0,2,0,4,0,2,0,2,0,2,0,2,2,2,4,0,2,20,2,0,2,2,0,2,0,2
4,674,1487.0,163,terminated,1,0,0,2,1487.0,1,3,1,2,1,3,1,7,1,2,1,4,1,2,1,3,2,3,6,1,2,11,3,1,2,3,1,2,1,2
4,675,1728.0,122,terminated,2,0,0,2,1728.0,1,1,1,0,0,4,0,8,2,2,0,4,2,2,0,2,2,4,8,2,2,3,4,2,2,4,2,2,2,2
4,676,1299.0,151,terminated,0,0,0,2,1299.0,1,2,0,2,1,2,1,5,0,2,1,3,0,2,1,3,2,2,4,0,2,19,2,0,2,2,0,2,0,2
4,677,1727.0,123,terminated,2,0,0,2,1727.0,1,3,2,1,1,3,1,8,2,2,1,5,2,2,1,3,2,3,7,2,2,8,4,2,2,4,2,2,2,2
4,678,631.0,59,terminated,2,16,1,2,631.0,0,3,2,1,1,4,1,9,2,2,1,5,2,2,1,3,2,4,8,2,2,6,4,2,2,4,2,2,2,2
4,679,1690.0,160,terminated,2,0,0,2,1690.0,1,2,1,1,1,4,1,9,2,2,1,5,2,2,1,3,2,4,8,2,2,6,4,2,2,4,2,2,2,2
4,680,1504.0,146,terminated,1,0,0,2,1504.0,1,1,0,1,0,3,0,6,1,2,0,3,1,2,0,2,2,3,6,1,2,19,3,1,2,3,1,2,1,2
4,681,1752.0,98,terminated,2,0,0,2,1752.0,1,4,2,2,1,4,1,9,2,2,1,5,2,2,1,3,2,4,8,2,2,8,4,2,2,4,2,2,2,2
4,682,1708.0,142,terminated,2,0,0,2,1708.0,1,1,0,1,0,4,0,8,2,2,0,4,2,2,0,2,2,4,8,2,2,2,4,2,2,4,2,2,2,2
4,683,1508.0,142,terminated,1,0,0,2,1508.0,1,2,0,2,1,3,1,7,1,2,1,4,1,2,1,3,2,3,6,1,2,14,3,1,2,3,1,2,1,2
4,684,1731.0,119,terminated,2,0,0,2,1731.0,1,4,2,2,1,3,1,8,2,2,1,5,2,2,1,3,2,3,7,2,2,6,4,2,2,4,2,2,2,2
4,685,1537.0,113,terminated,1,0,0,2,1537.0,1,1,0,1,1,3,1,7,1,2,1,4,1,2,1,3,2,3,6,1,2,9,3,1,2,3,1,2,1,2
4,686,1539.0,111,terminated,1,0,0,2,1539.0,1,1,0,1,0,3,0,6,1,2,0,3,1,2,0,2,2,3,6,1,2,0,3,1,2,3,1,2,1,2
4,687,1764.0,86,terminated,2,0,0,2,1764.0,1,3,2,1,1,4,1,9,2,2,1,5,2,2,1,3,2,4,8,2,2,7,4,2,2,4,2,2,2,2
4,688,1355.0,95,terminated,1,0,0,1,1355.0,1,0,0,0,1,2,1,5,1,1,1,3,1,1,1,2,1,2,4,1,1,18,2,1,1,2,1,1,1,1
4,689,1757.0,93,terminated,2,0,0,2,1757.0,1,1,1,0,0,4,0,8,2,2,0,4,2,2,0,2,2,4,8,2,2,4,4,2,2,4,2,2,2,2
4,690,612.0,118,terminated,2,12,1,2,612.0,0,3,2,1,0,3,0,7,2,2,0,4,2,2,0,2,2,3,7,2,2,10,4,2,2,4,2,2,2,2
4,691,1755.0,95,terminated,2,0,0,2,1755.0,1,2,2,0,1,4,1,9,2,2,1,5,2,2,1,3,2,4,8,2,2,1,4,2,2,4,2,2,2,2
4,692,1549.0,101,terminated,2,0,0,1,1549.0,1,2,2,0,1,2,1,6,2,1,1,4,2,1,1,2,1,2,5,2,1,9,3,2,1,3,2,1,2,1
4,693,233.0,87,terminated,2,13,1,0,233.0,0,1,1,0,0,2,0,4,2,0,0,2,2,0,0,0,0,2,4,2,0,9,2,2,0,2,2,0,2,0
4,694,1544.0,106,terminated,2,0,0,1,1544.0,1,1,1,0,1,3,1,7,2,1,1,4,2,1,1,2,1,3,6,2,1,0,3,2,1,3,2,1,2,1
4,695,1747.0,103,terminated,2,0,0,2,1747.0,1,1,1,0,1,3,1,8,2,2,1,5,2,2,1,3,2,3,7,2,2,13,4,2,2,4,2,2,2,2
4,696,1542.0,108,terminated,1,0,0,2,1542.0,1,2,1,1,0,1,0,4,1,2,0,3,1,2,0,2,2,1,4,1,2,6,3,1,2,3,1,2,1,2
4,697,1700.0,150,terminated,2,0,0,2,1700.0,1,2,1,1,0,3,0,7,2,2,0,4,2,2,0,2,2,3,7,2,2,5,4,2,2,4,2,2,2,2
4,698,1520.0,130,terminated,1,0,0,2,1520.0,1,0,0,0,1,3,1,7,1,2,1,4,1,2,1,3,2,3,6,1,2,1,3,1,2,3,1,2,1,2
4,699,1718.0,132,terminated,2,0,0,2,1718.0,1,2,1,1,1,4,1,9,2,2,1,5,2,2,1,3,2,4,8,2,2,3,4,2,2,4,2,2,2,2
4,700,1534.0,116,terminated,2,0,0,1,1534.0,1,1,1,0,1,3,1,7,2,1,1,4,2,1,1,2,1,3,6,2,1,10,3,2,1,3,2,1,2,1
4,701,1532.0,118,terminated,1,0,0,2,1532.0,1,1,1,0,0,3,0,6,1,2,0,3,1,2,0,2,2,3,6,1,2,4,3,1,2,3,1,2,1,2
4,702,1532.0,118,terminated,2,0,0,1,1532.0,1,0,0,0,0,2,0,5,2,1,0,3,2,1,0,1,1,2,5,2,1,0,3,2,1,3,2,1,2,1
4,703,1678.0,172,terminated,2,0,0,2,1678.0,1,2,1,1,0,3,0,7,2,2,0,4,2,2,0,2,2,3,7,2,2,0,4,2,2,4,2,2,2,2
4,704,500.0,140,terminated,2,1,1,1,500.0,0,2,1,1,1,3,1,7,2,1,1,4,2,1,1,2,1,3,6,2,1,35,3,2,1,3,2,1,2,1
4,705,1519.0,131,terminated,2,0,0,1,1519.0,1,1,1,0,1,3,1,7,2,1,1,4,2,1,1,2,1,3,6,2,1,0,3,2,1,3,2,1,2,1
4,706,681.0,119,terminated,2,5,1,2,681.0,0,2,1,1,1,4,1,9,2,2,1,5,2,2,1,3,2,4,8,2,2,2,4,2,2,4,2,2,2,2
4,707,1557.0,93,terminated,2,0,0,1,1557.0,1,2,1,1,1,3,1,7,2,1,1,4,2,1,1,2,1,3,6,2,1,5,3,2,1,3,2,1,2,1
4,708,1741.0,109,terminated,2,0,0,2,1741.0,1,3,1,2,1,4,1,9,2,2,1,5,2,2,1,3,2,4,8,2,2,6,4,2,2,4,2,2,2,2
4,709,1540.0,110,terminated,2,0,0,1,1540.0,1,2,2,0,1,3,1,7,2,1,1,4,2,1,1,2,1,3,6,2,1,3,3,2,1,3,2,1,2,1
4,710,1707.0,143,terminated,2,0,0,2,1707.0,1,1,1,0,0,4,0,8,2,2,0,4,2,2,0,2,2,4,8,2,2,7,4,2,2,4,2,2,2,2
4,711,1283.0,167,terminated,2,0,0,0,1283.0,1,2,2,0,1,1,1,4,2,0,1,3,2,0,1,1,0,1,3,2,0,11,2,2,0,2,2,0,2,0
4,712,1754.0,96,terminated,2,0,0,2,1754.0,1,1,0,1,0,4,0,8,2,2,0,4,2,2,0,2,2,4,8,2,2,4,4,2,2,4,2,2,2,2
4,713,1535.0,115,terminated,2,0,0,1,1535.0,1,2,1,1,0,3,0,6,2,1,0,3,2,1,0,1,1,3,6,2,1,15,3,2,1,3,2,1,2,1
4,714,1319.0,131,terminated,1,0,0,1,1319.0,1,0,0,0,1,2,1,5,1,1,1,3,1,1,1,2,1,2,4,1,1,33,2,1,1,2,1,1,1,1
4,715,1725.0,125,terminated,2,0,0,2,1725.0,1,4,2,2,1,4,1,9,2,2,1,5,2,2,1,3,2,4,8,2,2,7,4,2,2,4,2,2,2,2
4,716,1745.0,105,terminated,2,0,0,2,1745.0,1,3,1,2,0,4,0,8,2,2,0,4,2,2,0,2,2,4,8,2,2,0,4,2,2,4,2,2,2,2
4,717,1491.0,159,terminated,2,0,0,1,1491.0,1,2,2,0,1,3,1,7,2,1,1,4,2,1,1,2,1,3,6,2,1,38,3,2,1,3,2,1,2,1
4,718,1489.0,161,terminated,1,0,0,2,1489.0,1,2,0,2,0,3,0,6,1,2,0,3,1,2,0,2,2,3,6,1,2,1,3,1,2,3,1,2,1,2
4,719,1575.0,75,terminated,1,0,0,2,1575.0,1,2,0,2,0,3,0,6,1,2,0,3,1,2,0,2,2,3,6,1,2,8,3,1,2,3,1,2,1,2
4,720,1684.0,166,terminated,2,0,0,2,1684.0,1,3,1,2,1,4,1,9,2,2,1,5,2,2,1,3,2,4,8,2,2,9,4,2,2,4,2,2,2,2
4,721,1717.0,133,terminated,2,0,0,2,1717.0,1,1,0,1,0,4,0,8,2,2,0,4,2,2,0,2,2,4,8,2,2,5,4,2,2,4,2,2,2,2
4,722,678.0,92,terminated,2,8,1,2,678.0,0,4,2,2,1,3,1,8,2,2,1,5,2,2,1,3,2,3,7,2,2,5,4,2,2,4,2,2,2,2
4,723,1749.0,101,terminated,2,0,0,2,1749.0,1,2,1,1,1,4,1,9,2,2,1,5,2,2,1,3,2,4,8,2,2,6,4,2,2,4,2,2,2,2
4,724,1767.0,83,terminated,2,0,0,2,1767.0,1,2,2,0,0,4,0,8,2,2,0,4,2,2,0,2,2,4,8,2,2,3,4,2,2,4,2,2,2,2
4,725,389.0,141,terminated,2,12,1,1,389.0,0,1,1,0,0,3,0,6,2,1,0,3,2,1,0,1,1,3,6,2,1,0,3,2,1,3,2,1,2,1
4,726,-176.0,16,terminated,1,41,1,0,-176.0,0,0,0,0,0,1,0,2,1,0,0,1,1,0,0,0,0,1,2,1,0,0,1,1,0,1,1,0,1,0
4,727,1664.0,186,terminated,2,0,0,2,1664.0,1,2,1,1,1,3,1,8,2,2,1,5,2,2,1,3,2,3,7,2,2,0,4,2,2,4,2,2,2,2
4,728,1493.0,157,terminated,2,0,0,1,1493.0,1,1,1,0,0,3,0,6,2,1,0,3,2,1,0,1,1,3,6,2,1,24,3,2,1,3,2,1,2,1
4,729,1736.0,114,terminated,2,0,0,2,1736.0,1,1,0,1,1,4,1,9,2,2,1,5,2,2,1,3,2,4,8,2,2,5,4,2,2,4,2,2,2,2
4,730,1754.0,96,terminated,2,0,0,2,1754.0,1,4,2,2,1,4,1,9,2,2,1,5,2,2,1,3,2,4,8,2,2,4,4,2,2,4,2,2,2,2
4,731,1533.0,117,terminated,2,0,0,1,1533.0,1,1,1,0,0,2,0,5,2,1,0,3,2,1,0,1,1,2,5,2,1,0,3,2,1,3,2,1,2,1
4,732,1754.0,96,terminated,2,0,0,2,1754.0,1,2,1,1,0,4,0,8,2,2,0,4,2,2,0,2,2,4,8,2,2,0,4,2,2,4,2,2,2,2
4,733,1505.0,145,terminated,1,0,0,2,1505.0,1,3,1,2,1,3,1,7,1,2,1,4,1,2,1,3,2,3,6,1,2,8,3,1,2,3,1,2,1,2
4,734,1737.0,113,terminated,2,0,0,2,1737.0,1,2,1,1,1,4,1,9,2,2,1,5,2,2,1,3,2,4,8,2,2,7,4,2,2,4,2,2,2,2
4,735,1503.0,147,terminated,1,0,0,2,1503.0,1,1,0,1,1,3,1,7,1,2,1,4,1,2,1,3,2,3,6,1,2,19,3,1,2,3,1,2,1,2
4,736,1718.0,132,terminated,2,0,0,2,1718.0,1,2,1,1,1,4,1,9,2,2,1,5,2,2,1,3,2,4,8,2,2,0,4,2,2,4,2,2,2,2
4,737,1544.0,106,terminated,2,0,0,1,1544.0,1,1,1,0,1,3,1,7,2,1,1,4,2,1,1,2,1,3,6,2,1,20,3,2,1,3,2,1,2,1
4,738,1730.0,120,terminated,2,0,0,2,1730.0,1,0,0,0,0,4,0,8,2,2,0,4,2,2,0,2,2,4,8,2,2,0,4,2,2,4,2,2,2,2
4,739,1535.0,115,terminated,2,0,0,1,1535.0,1,2,1,1,1,3,1,7,2,1,1,4,2,1,1,2,1,3,6,2,1,20,3,2,1,3,2,1,2,1
4,740,1764.0,86,terminated,2,0,0,2,1764.0,1,3,2,1,0,3,0,7,2,2,0,4,2,2,0,2,2,3,7,2,2,7,4,2,2,4,2,2,2,2
4,741,422.0,108,terminated,2,12,1,1,422.0,0,3,2,1,1,3,1,7,2,1,1,4,2,1,1,2,1,3,6,2,1,6,3,2,1,3,2,1,2,1
4,742,1748.0,102,terminated,2,0,0,2,1748.0,1,1,0,1,1,4,1,9,2,2,1,5,2,2,1,3,2,4,8,2,2,15,4,2,2,4,2,2,2,2
4,743,1715.0,135,terminated,2,0,0,2,1715.0,1,3,1,2,1,4,1,9,2,2,1,5,2,2,1,3,2,4,8,2,2,7,4,2,2,4,2,2,2,2
4,744,1748.0,102,terminated,2,0,0,2,1748.0,1,1,1,0,0,4,0,8,2,2,0,4,2,2,0,2,2,4,8,2,2,0,4,2,2,4,2,2,2,2
4,745,-167.0,17,terminated,1,40,1,0,-167.0,0,0,0,0,0,1,0,2,1,0,0,1,1,0,0,0,0,1,2,1,0,1,1,1,0,1,1,0,1,0
4,746,1540.0,110,terminated,1,0,0,2,1540.0,1,0,0,0,0,3,0,6,1,2,0,3,1,2,0,2,2,3,6,1,2,3,3,1,2,3,1,2,1,2
4,747,1762.0,88,terminated,2,0,0,2,1762.0,1,2,0,2,1,4,1,9,2,2,1,5,2,2,1,3,2,4,8,2,2,5,4,2,2,4,2,2,2,2
4,748,1531.0,119,terminated,1,0,0,2,1531.0,1,2,1,1,0,3,0,6,1,2,0,3,1,2,0,2,2,3,6,1,2,20,3,1,2,3,1,2,1,2
4,749,1315.0,135,terminated,1,0,0,1,1315.0,1,1,0,1,1,2,1,5,1,1,1,3,1,1,1,2,1,2,4,1,1,20,2,1,1,2,1,1,1,1
4,750,1354.0,96,terminated,2,0,0,0,1354.0,1,1,1,0,1,2,1,5,2,0,1,3,2,0,1,1,0,2,4,2,0,12,2,2,0,2,2,0,2,0
4,751,1682.0,168,terminated,2,0,0,2,1682.0,1,2,1,1,0,4,0,8,2,2,0,4,2,2,0,2,2,4,8,2,2,0,4,2,2,4,2,2,2,2
4,752,1534.0,116,terminated,1,0,0,2,1534.0,1,2,1,1,0,3,0,6,1,2,0,3,1,2,0,2,2,3,6,1,2,10,3,1,2,3,1,2,1,2
4,753,1540.0,110,terminated,2,0,0,1,1540.0,1,1,0,1,0,3,0,6,2,1,0,3,2,1,0,1,1,3,6,2,1,16,3,2,1,3,2,1,2,1
4,754,248.0,122,terminated,1,8,1,1,248.0,0,0,0,0,1,2,1,5,1,1,1,3,1,1,1,2,1,2,4,1,1,27,2,1,1,2,1,1,1,1
4,755,1711.0,139,terminated,2,0,0,2,1711.0,1,2,1,1,1,4,1,9,2,2,1,5,2,2,1,3,2,4,8,2,2,12,4,2,2,4,2,2,2,2
4,756,1764.0,86,terminated,2,0,0,2,1764.0,1,4,2,2,1,4,1,9,2,2,1,5,2,2,1,3,2,4,8,2,2,6,4,2,2,4,2,2,2,2
4,757,1728.0,122,terminated,2,0,0,2,1728.0,1,2,0,2,1,3,1,8,2,2,1,5,2,2,1,3,2,3,7,2,2,7,4,2,2,4,2,2,2,2
4,758,1773.0,77,terminated,2,0,0,2,1773.0,1,1,1,0,1,3,1,8,2,2,1,5,2,2,1,3,2,3,7,2,2,0,4,2,2,4,2,2,2,2
4,759,1764.0,86,terminated,2,0,0,2,1764.0,1,3,1,2,0,4,0,8,2,2,0,4,2,2,0,2,2,4,8,2,2,1,4,2,2,4,2,2,2,2
4,760,1555.0,95,terminated,1,0,0,2,1555.0,1,2,0,2,1,3,1,7,1,2,1,4,1,2,1,3,2,3,6,1,2,0,3,1,2,3,1,2,1,2
4,761,1475.0,175,terminated,1,0,0,2,1475.0,1,3,1,2,1,3,1,7,1,2,1,4,1,2,1,3,2,3,6,1,2,3,3,1,2,3,1,2,1,2
4,762,1770.0,80,terminated,2,0,0,2,1770.0,1,4,2,2,1,3,1,8,2,2,1,5,2,2,1,3,2,3,7,2,2,0,4,2,2,4,2,2,2,2
4,763,1744.0,106,terminated,2,0,0,2,1744.0,1,2,1,1,1,2,1,7,2,2,1,5,2,2,1,3,2,2,6,2,2,0,4,2,2,4,2,2,2,2
4,764,1734.0,116,terminated,2,0,0,2,1734.0,1,0,0,0,0,4,0,8,2,2,0,4,2,2,0,2,2,4,8,2,2,0,4,2,2,4,2,2,2,2
4,765,1533.0,117,terminated,2,0,0,1,1533.0,1,2,2,0,1,3,1,7,2,1,1,4,2,1,1,2,1,3,6,2,1,8,3,2,1,3,2,1,2,1
4,766,1747.0,103,terminated,2,0,0,2,1747.0,1,4,2,2,1,3,1,8,2,2,1,5,2,2,1,3,2,3,7,2,2,8,4,2,2,4,2,2,2,2
4,767,-178.0,18,terminated,1,41,1,0,-178.0,0,0,0,0,1,0,1,2,1,0,1,2,1,0,1,1,0,0,1,1,0,0,1,1,0,1,1,0,1,0
4,768,1524.0,126,terminated,1,0,0,2,1524.0,1,1,0,1,1,2,1,6,1,2,1,4,1,2,1,3,2,2,5,1,2,25,3,1,2,3,1,2,1,2
4,769,1738.0,112,terminated,2,0,0,2,1738.0,1,3,1,2,0,4,0,8,2,2,0,4,2,2,0,2,2,4,8,2,2,0,4,2,2,4,2,2,2,2
4,770,1537.0,113,terminated,1,0,0,2,1537.0,1,1,1,0,1,3,1,7,1,2,1,4,1,2,1,3,2,3,6,1,2,10,3,1,2,3,1,2,1,2
4,771,-176.0,16,terminated,1,41,1,0,-176.0,0,0,0,0,0,1,0,2,1,0,0,1,1,0,0,0,0,1,2,1,0,0,1,1,0,1,1,0,1,0
4,772,1267.0,183,terminated,0,0,0,2,1267.0,1,1,0,1,1,2,1,5,0,2,1,3,0,2,1,3,2,2,4,0,2,20,2,0,2,2,0,2,0,2
4,773,1722.0,128,terminated,2,0,0,2,1722.0,1,2,0,2,1,4,1,9,2,2,1,5,2,2,1,3,2,4,8,2,2,1,4,2,2,4,2,2,2,2
4,774,1738.0,112,terminated,2,0,0,2,1738.0,1,1,0,1,0,4,0,8,2,2,0,4,2,2,0,2,2,4,8,2,2,0,4,2,2,4,2,2,2,2
4,775,1766.0,84,terminated,2,0,0,2,1766.0,1,3,2,1,0,4,0,8,2,2,0,4,2,2,0,2,2,4,8,2,2,0,4,2,2,4,2,2,2,2
4,776,1501.0,149,terminated,2,0,0,1,1501.0,1,0,0,0,0,2,0,5,2,1,0,3,2,1,0,1,1,2,5,2,1,46,3,2,1,3,2,1,2,1
4,777,1684.0,166,terminated,2,0,0,2,1684.0,1,1,0,1,1,3,1,8,2,2,1,5,2,2,1,3,2,3,7,2,2,0,4,2,2,4,2,2,2,2
4,778,1489.0,161,terminated,2,0,0,1,1489.0,1,3,2,1,1,3,1,7,2,1,1,4,2,1,1,2,1,3,6,2,1,15,3,2,1,3,2,1,2,1
4,779,33.0,17,terminated,1,40,1,1,33.0,0,0,0,0,0,2,0,4,1,1,0,2,1,1,0,1,1,2,4,1,1,0,2,1,1,2,1,1,1,1
4,780,1328.0,122,terminated,1,0,0,1,1328.0,1,1,1,0,0,2,0,4,1,1,0,2,1,1,0,1,1,2,4,1,1,11,2,1,1,2,1,1,1,1
4,781,1449.0,201,terminated,2,0,0,1,1449.0,1,1,1,0,1,3,1,7,2,1,1,4,2,1,1,2,1,3,6,2,1,35,3,2,1,3,2,1,2,1
4,782,1732.0,118,terminated,2,0,0,2,1732.0,1,3,1,2,0,3,0,7,2,2,0,4,2,2,0,2,2,3,7,2,2,5,4,2,2,4,2,2,2,2
4,783,1766.0,84,terminated,2,0,0,2,1766.0,1,1,0,1,0,4,0,8,2,2,0,4,2,2,0,2,2,4,8,2,2,4,4,2,2,4,2,2,2,2
4,784,1554.0,96,terminated,2,0,0,1,1554.0,1,2,2,0,1,3,1,7,2,1,1,4,2,1,1,2,1,3,6,2,1,8,3,2,1,3,2,1,2,1
4,785,1743.0,107,terminated,2,0,0,2,1743.0,1,2,1,1,0,4,0,8,2,2,0,4,2,2,0,2,2,4,8,2,2,0,4,2,2,4,2,2,2,2
4,786,1559.0,91,terminated,1,0,0,2,1559.0,1,0,0,0,0,3,0,6,1,2,0,3,1,2,0,2,2,3,6,1,2,23,3,1,2,3,1,2,1,2
4,787,1465.0,185,terminated,2,0,0,1,1465.0,1,2,1,1,1,2,1,6,2,1,1,4,2,1,1,2,1,2,5,2,1,1,3,2,1,3,2,1,2,1
4,788,1547.0,103,terminated,2,0,0,1,1547.0,1,2,2,0,1,3,1,7,2,1,1,4,2,1,1,2,1,3,6,2,1,0,3,2,1,3,2,1,2,1
4,789,1537.0,113,terminated,2,0,0,1,1537.0,1,1,0,1,1,3,1,7,2,1,1,4,2,1,1,2,1,3,6,2,1,0,3,2,1,3,2,1,2,1
4,790,-173.0,23,terminated,0,40,1,1,-173.0,0,1,0,1,1,0,1,2,0,1,1,2,0,1,1,2,1,0,1,0,1,7,1,0,1,1,0,1,0,1
4,791,1512.0,138,terminated,1,0,0,2,1512.0,1,2,0,2,1,2,1,6,1,2,1,4,1,2,1,3,2,2,5,1,2,22,3,1,2,3,1,2,1,2
4,792,1518.0,132,terminated,2,0,0,1,1518.0,1,2,1,1,1,3,1,7,2,1,1,4,2,1,1,2,1,3,6,2,1,29,3,2,1,3,2,1,2,1
4,793,63.0,27,terminated,1,36,1,1,63.0,0,1,0,1,1,2,1,5,1,1,1,3,1,1,1,2,1,2,4,1,1,1,2,1,1,2,1,1,1,1
4,794,1731.0,119,terminated,2,0,0,2,1731.0,1,3,1,2,0,4,0,8,2,2,0,4,2,2,0,2,2,4,8,2,2,6,4,2,2,4,2,2,2,2
4,795,1539.0,111,terminated,2,0,0,1,1539.0,1,1,1,0,0,2,0,5,2,1,0,3,2,1,0,1,1,2,5,2,1,0,3,2,1,3,2,1,2,1
4,796,1724.0,126,terminated,2,0,0,2,1724.0,1,1,0,1,1,4,1,9,2,2,1,5,2,2,1,3,2,4,8,2,2,3,4,2,2,4,2,2,2,2
4,797,1745.0,105,terminated,2,0,0,2,1745.0,1,2,0,2,1,4,1,9,2,2,1,5,2,2,1,3,2,4,8,2,2,1,4,2,2,4,2,2,2,2
4,798,547.0,173,terminated,2,13,1,2,547.0,0,2,1,1,1,4,1,9,2,2,1,5,2,2,1,3,2,4,8,2,2,10,4,2,2,4,2,2,2,2
4,799,1323.0,127,terminated,0,0,0,2,1323.0,1,1,0,1,1,2,1,5,0,2,1,3,0,2,1,3,2,2,4,0,2,20,2,0,2,2,0,2,0,2
4,800,1508.0,142,terminated,1,0,0,2,1508.0,1,1,1,0,1,3,1,7,1,2,1,4,1,2,1,3,2,3,6,1,2,17,3,1,2,3,1,2,1,2
4,801,1759.0,91,terminated,2,0,0,2,1759.0,1,3,2,1,1,4,1,9,2,2,1,5,2,2,1,3,2,4,8,2,2,4,4,2,2,4,2,2,2,2
4,802,483.0,37,terminated,2,33,1,2,483.0,0,4,2,2,1,3,1,8,2,2,1,5,2,2,1,3,2,3,7,2,2,4,4,2,2,4,2,2,2,2
4,803,1508.0,142,terminated,2,0,0,1,1508.0,1,2,1,1,1,3,1,7,2,1,1,4,2,1,1,2,1,3,6,2,1,1,3,2,1,3,2,1,2,1
4,804,-167.0,17,terminated,0,40,1,1,-167.0,0,0,0,0,0,1,0,2,0,1,0,1,0,1,0,1,1,1,2,0,1,1,1,0,1,1,0,1,0,1
4,805,1555.0,95,terminated,1,0,0,2,1555.0,1,2,1,1,1,3,1,7,1,2,1,4,1,2,1,3,2,3,6,1,2,25,3,1,2,3,1,2,1,2
4,806,1549.0,101,terminated,1,0,0,2,1549.0,1,1,1,0,1,3,1,7,1,2,1,4,1,2,1,3,2,3,6,1,2,26,3,1,2,3,1,2,1,2
4,807,1747.0,103,terminated,2,0,0,2,1747.0,1,1,1,0,0,4,0,8,2,2,0,4,2,2,0,2,2,4,8,2,2,0,4,2,2,4,2,2,2,2
4,808,605.0,115,terminated,2,13,1,2,605.0,0,3,1,2,0,3,0,7,2,2,0,4,2,2,0,2,2,3,7,2,2,8,4,2,2,4,2,2,2,2
4,809,1414.0,236,terminated,2,0,0,1,1414.0,1,0,0,0,0,2,0,5,2,1,0,3,2,1,0,1,1,2,5,2,1,26,3,2,1,3,2,1,2,1
4,810,1749.0,101,terminated,2,0,0,2,1749.0,1,3,1,2,0,3,0,7,2,2,0,4,2,2,0,2,2,3,7,2,2,19,4,2,2,4,2,2,2,2
4,811,1751.0,99,terminated,2,0,0,2,1751.0,1,2,1,1,1,4,1,9,2,2,1,5,2,2,1,3,2,4,8,2,2,3,4,2,2,4,2,2,2,2
4,812,1723.0,127,terminated,2,0,0,2,1723.0,1,1,0,1,1,4,1,9,2,2,1,5,2,2,1,3,2,4,8,2,2,3,4,2,2,4,2,2,2,2
4,813,1711.0,139,terminated,2,0,0,2,1711.0,1,3,2,1,1,4,1,9,2,2,1,5,2,2,1,3,2,4,8,2,2,1,4,2,2,4,2,2,2,2
4,814,1735.0,115,terminated,2,0,0,2,1735.0,1,1,1,0,1,4,1,9,2,2,1,5,2,2,1,3,2,4,8,2,2,0,4,2,2,4,2,2,2,2
4,815,1520.0,130,terminated,1,0,0,2,1520.0,1,0,0,0,0,3,0,6,1,2,0,3,1,2,0,2,2,3,6,1,2,25,3,1,2,3,1,2,1,2
4,816,-169.0,19,terminated,0,40,1,1,-169.0,0,0,0,0,1,1,1,3,0,1,1,2,0,1,1,2,1,1,2,0,1,1,1,0,1,1,0,1,0,1
4,817,1561.0,89,terminated,2,0,0,1,1561.0,1,3,2,1,1,3,1,7,2,1,1,4,2,1,1,2,1,3,6,2,1,1,3,2,1,3,2,1,2,1
4,818,1760.0,90,terminated,2,0,0,2,1760.0,1,4,2,2,1,4,1,9,2,2,1,5,2,2,1,3,2,4,8,2,2,6,4,2,2,4,2,2,2,2
4,819,1515.0,135,terminated,2,0,0,1,1515.0,1,1,1,0,1,3,1,7,2,1,1,4,2,1,1,2,1,3,6,2,1,25,3,2,1,3,2,1,2,1
4,820,1513.0,137,terminated,1,0,0,2,1513.0,1,1,0,1,1,2,1,6,1,2,1,4,1,2,1,3,2,2,5,1,2,20,3,1,2,3,1,2,1,2
4,821,496.0,44,terminated,2,31,1,2,496.0,0,3,2,1,1,4,1,9,2,2,1,5,2,2,1,3,2,4,8,2,2,5,4,2,2,4,2,2,2,2
4,822,1537.0,113,terminated,1,0,0,2,1537.0,1,1,0,1,1,3,1,7,1,2,1,4,1,2,1,3,2,3,6,1,2,15,3,1,2,3,1,2,1,2
4,823,1743.0,107,terminated,2,0,0,2,1743.0,1,3,1,2,1,4,1,9,2,2,1,5,2,2,1,3,2,4,8,2,2,9,4,2,2,4,2,2,2,2
4,824,1515.0,135,terminated,2,0,0,1,1515.0,1,2,1,1,1,3,1,7,2,1,1,4,2,1,1,2,1,3,6,2,1,5,3,2,1,3,2,1,2,1
4,825,1552.0,98,terminated,1,0,0,2,1552.0,1,1,0,1,1,2,1,6,1,2,1,4,1,2,1,3,2,2,5,1,2,0,3,1,2,3,1,2,1,2
4,826,1491.0,159,terminated,1,0,0,2,1491.0,1,2,1,1,0,2,0,5,1,2,0,3,1,2,0,2,2,2,5,1,2,16,3,1,2,3,1,2,1,2
4,827,1751.0,99,terminated,2,0,0,2,1751.0,1,2,1,1,1,4,1,9,2,2,1,5,2,2,1,3,2,4,8,2,2,3,4,2,2,4,2,2,2,2
4,828,1529.0,121,terminated,2,0,0,1,1529.0,1,1,1,0,0,2,0,5,2,1,0,3,2,1,0,1,1,2,5,2,1,0,3,2,1,3,2,1,2,1
4,829,-179.0,19,terminated,1,41,1,0,-179.0,0,0,0,0,1,0,1,2,1,0,1,2,1,0,1,1,0,0,1,1,0,0,1,1,0,1,1,0,1,0
4,830,1735.0,115,terminated,2,0,0,2,1735.0,1,2,1,1,1,4,1,9,2,2,1,5,2,2,1,3,2,4,8,2,2,8,4,2,2,4,2,2,2,2
4,831,412.0,148,terminated,1,9,1,2,412.0,0,1,0,1,1,3,1,7,1,2,1,4,1,2,1,3,2,3,6,1,2,8,3,1,2,3,1,2,1,2
4,832,1314.0,136,terminated,0,0,0,2,1314.0,1,1,0,1,1,2,1,5,0,2,1,3,0,2,1,3,2,2,4,0,2,20,2,0,2,2,0,2,0,2
4,833,1717.0,133,terminated,2,0,0,2,1717.0,1,1,0,1,0,3,0,7,2,2,0,4,2,2,0,2,2,3,7,2,2,0,4,2,2,4,2,2,2,2
4,834,1527.0,123,terminated,2,0,0,1,1527.0,1,1,1,0,1,3,1,7,2,1,1,4,2,1,1,2,1,3,6,2,1,20,3,2,1,3,2,1,2,1
4,835,410.0,110,terminated,1,13,1,2,410.0,0,2,0,2,1,3,1,7,1,2,1,4,1,2,1,3,2,3,6,1,2,11,3,1,2,3,1,2,1,2
4,836,1737.0,113,terminated,2,0,0,2,1737.0,1,1,0,1,0,4,0,8,2,2,0,4,2,2,0,2,2,4,8,2,2,6,4,2,2,4,2,2,2,2
4,837,1713.0,137,terminated,2,0,0,2,1713.0,1,2,1,1,1,3,1,8,2,2,1,5,2,2,1,3,2,3,7,2,2,6,4,2,2,4,2,2,2,2
4,838,1519.0,131,terminated,2,0,0,1,1519.0,1,1,1,0,1,2,1,6,2,1,1,4,2,1,1,2,1,2,5,2,1,30,3,2,1,3,2,1,2,1
4,839,372.0,138,terminated,2,14,1,1,372.0,0,1,1,0,0,3,0,6,2,1,0,3,2,1,0,1,1,3,6,2,1,8,3,2,1,3,2,1,2,1
4,840,1740.0,110,terminated,2,0,0,2,1740.0,1,1,1,0,0,4,0,8,2,2,0,4,2,2,0,2,2,4,8,2,2,0,4,2,2,4,2,2,2,2
4,841,380.0,60,terminated,1,21,1,2,380.0,0,1,0,1,1,2,1,6,1,2,1,4,1,2,1,3,2,2,5,1,2,0,3,1,2,3,1,2,1,2
4,842,1748.0,102,terminated,2,0,0,2,1748.0,1,1,0,1,1,3,1,8,2,2,1,5,2,2,1,3,2,3,7,2,2,0,4,2,2,4,2,2,2,2
4,843,1512.0,138,terminated,1,0,0,2,1512.0,1,2,1,1,1,3,1,7,1,2,1,4,1,2,1,3,2,3,6,1,2,11,3,1,2,3,1,2,1,2
4,844,1741.0,109,terminated,2,0,0,2,1741.0,1,1,0,1,0,4,0,8,2,2,0,4,2,2,0,2,2,4,8,2,2,3,4,2,2,4,2,2,2,2
4,845,1724.0,126,terminated,2,0,0,2,1724.0,1,1,1,0,0,4,0,8,2,2,0,4,2,2,0,2,2,4,8,2,2,0,4,2,2,4,2,2,2,2
4,846,1528.0,122,terminated,1,0,0,2,1528.0,1,2,0,2,1,3,1,7,1,2,1,4,1,2,1,3,2,3,6,1,2,4,3,1,2,3,1,2,1,2
4,847,1525.0,125,terminated,2,0,0,1,1525.0,1,2,1,1,1,3,1,7,2,1,1,4,2,1,1,2,1,3,6,2,1,28,3,2,1,3,2,1,2,1
4,848,-176.0,16,terminated,1,41,1,0,-176.0,0,0,0,0,0,1,0,2,1,0,0,1,1,0,0,0,0,1,2,1,0,0,1,1,0,1,1,0,1,0
4,849,471.0,49,terminated,2,33,1,2,471.0,0,1,1,0,0,4,0,8,2,2,0,4,2,2,0,2,2,4,8,2,2,0,4,2,2,4,2,2,2,2
4,850,1549.0,101,terminated,1,0,0,2,1549.0,1,2,0,2,1,3,1,7,1,2,1,4,1,2,1,3,2,3,6,1,2,0,3,1,2,3,1,2,1,2
4,851,1758.0,92,terminated,2,0,0,2,1758.0,1,2,1,1,0,4,0,8,2,2,0,4,2,2,0,2,2,4,8,2,2,5,4,2,2,4,2,2,2,2
4,852,1747.0,103,terminated,2,0,0,2,1747.0,1,3,2,1,1,4,1,9,2,2,1,5,2,2,1,3,2,4,8,2,2,9,4,2,2,4,2,2,2,2
4,853,1563.0,87,terminated,1,0,0,2,1563.0,1,2,1,1,0,2,0,5,1,2,0,3,1,2,0,2,2,2,5,1,2,7,3,1,2,3,1,2,1,2
4,854,1696.0,154,terminated,2,0,0,2,1696.0,1,4,2,2,1,3,1,8,2,2,1,5,2,2,1,3,2,3,7,2,2,3,4,2,2,4,2,2,2,2
4,855,1710.0,140,terminated,2,0,0,2,1710.0,1,1,0,1,0,3,0,7,2,2,0,4,2,2,0,2,2,3,7,2,2,6,4,2,2,4,2,2,2,2
4,856,1726.0,124,terminated,2,0,0,2,1726.0,1,1,0,1,0,3,0,7,2,2,0,4,2,2,0,2,2,3,7,2,2,0,4,2,2,4,2,2,2,2
4,857,14.0,36,terminated,1,40,1,1,14.0,0,0,0,0,1,2,1,5,1,1,1,3,1,1,1,2,1,2,4,1,1,0,2,1,1,2,1,1,1,1
4,858,1275.0,175,terminated,1,0,0,1,1275.0,1,0,0,0,1,2,1,5,1,1,1,3,1,1,1,2,1,2,4,1,1,23,2,1,1,2,1,1,1,1
4,859,327.0,193,terminated,2,13,1,1,327.0,0,2,1,1,1,3,1,7,2,1,1,4,2,1,1,2,1,3,6,2,1,4,3,2,1,3,2,1,2,1
4,860,1721.0,129,terminated,2,0,0,2,1721.0,1,2,0,2,0,4,0,8,2,2,0,4,2,2,0,2,2,4,8,2,2,5,4,2,2,4,2,2,2,2
4,861,1745.0,105,terminated,2,0,0,2,1745.0,1,3,2,1,1,3,1,8,2,2,1,5,2,2,1,3,2,3,7,2,2,1,4,2,2,4,2,2,2,2
4,862,1515.0,135,terminated,1,0,0,2,1515.0,1,1,1,0,0,3,0,6,1,2,0,3,1,2,0,2,2,3,6,1,2,0,3,1,2,3,1,2,1,2
4,863,1683.0,167,terminated,2,0,0,2,1683.0,1,1,1,0,0,4,0,8,2,2,0,4,2,2,0,2,2,4,8,2,2,1,4,2,2,4,2,2,2,2
4,864,1752.0,98,terminated,2,0,0,2,1752.0,1,2,1,1,1,4,1,9,2,2,1,5,2,2,1,3,2,4,8,2,2,4,4,2,2,4,2,2,2,2
4,865,1543.0,107,terminated,2,0,0,1,1543.0,1,2,1,1,1,2,1,6,2,1,1,4,2,1,1,2,1,2,5,2,1,10,3,2,1,3,2,1,2,1
4,866,32.0,28,terminated,1,39,1,1,32.0,0,1,0,1,0,2,0,4,1,1,0,2,1,1,0,1,1,2,4,1,1,8,2,1,1,2,1,1,1,1
4,867,476.0,44,terminated,2,33,1,2,476.0,0,2,1,1,1,3,1,8,2,2,1,5,2,2,1,3,2,3,7,2,2,4,4,2,2,4,2,2,2,2
4,868,1310.0,140,terminated,0,0,0,2,1310.0,1,1,0,1,1,2,1,5,0,2,1,3,0,2,1,3,2,2,4,0,2,12,2,0,2,2,0,2,0,2
4,869,1704.0,146,terminated,2,0,0,2,1704.0,1,2,1,1,0,4,0,8,2,2,0,4,2,2,0,2,2,4,8,2,2,5,4,2,2,4,2,2,2,2
4,870,1747.0,103,terminated,2,0,0,2,1747.0,1,4,2,2,1,4,1,9,2,2,1,5,2,2,1,3,2,4,8,2,2,4,4,2,2,4,2,2,2,2
4,871,1741.0,109,terminated,2,0,0,2,1741.0,1,3,2,1,1,4,1,9,2,2,1,5,2,2,1,3,2,4,8,2,2,5,4,2,2,4,2,2,2,2
4,872,1649.0,201,terminated,2,0,0,2,1649.0,1,0,0,0,0,3,0,7,2,2,0,4,2,2,0,2,2,3,7,2,2,0,4,2,2,4,2,2,2,2
4,873,1524.0,126,terminated,1,0,0,2,1524.0,1,1,0,1,1,3,1,7,1,2,1,4,1,2,1,3,2,3,6,1,2,8,3,1,2,3,1,2,1,2
4,874,1559.0,91,terminated,2,0,0,1,1559.0,1,0,0,0,1,3,1,7,2,1,1,4,2,1,1,2,1,3,6,2,1,20,3,2,1,3,2,1,2,1
4,875,1713.0,137,terminated,2,0,0,2,1713.0,1,3,1,2,1,4,1,9,2,2,1,5,2,2,1,3,2,4,8,2,2,5,4,2,2,4,2,2,2,2
4,876,1744.0,106,terminated,2,0,0,2,1744.0,1,1,0,1,0,4,0,8,2,2,0,4,2,2,0,2,2,4,8,2,2,0,4,2,2,4,2,2,2,2
4,877,1706.0,144,terminated,2,0,0,2,1706.0,1,3,2,1,1,4,1,9,2,2,1,5,2,2,1,3,2,4,8,2,2,8,4,2,2,4,2,2,2,2
4,878,1713.0,137,terminated,2,0,0,2,1713.0,1,2,1,1,1,4,1,9,2,2,1,5,2,2,1,3,2,4,8,2,2,10,4,2,2,4,2,2,2,2
4,879,120.0,50,terminated,1,28,1,1,120.0,0,0,0,0,1,2,1,5,1,1,1,3,1,1,1,2,1,2,4,1,1,0,2,1,1,2,1,1,1,1
4,880,1529.0,121,terminated,2,0,0,1,1529.0,1,1,1,0,1,3,1,7,2,1,1,4,2,1,1,2,1,3,6,2,1,21,3,2,1,3,2,1,2,1
4,881,31.0,19,terminated,1,40,1,1,31.0,0,0,0,0,0,1,0,3,1,1,0,2,1,1,0,1,1,1,3,1,1,0,2,1,1,2,1,1,1,1
4,882,1499.0,151,terminated,1,0,0,2,1499.0,1,2,1,1,1,3,1,7,1,2,1,4,1,2,1,3,2,3,6,1,2,11,3,1,2,3,1,2,1,2
4,883,1477.0,173,terminated,1,0,0,2,1477.0,1,2,0,2,1,3,1,7,1,2,1,4,1,2,1,3,2,3,6,1,2,7,3,1,2,3,1,2,1,2
4,884,1749.0,101,terminated,2,0,0,2,1749.0,1,3,1,2,1,4,1,9,2,2,1,5,2,2,1,3,2,4,8,2,2,6,4,2,2,4,2,2,2,2
4,885,1514.0,136,terminated,1,0,0,2,1514.0,1,3,1,2,1,3,1,7,1,2,1,4,1,2,1,3,2,3,6,1,2,8,3,1,2,3,1,2,1,2
4,886,1500.0,150,terminated,1,0,0,2,1500.0,1,0,0,0,0,3,0,6,1,2,0,3,1,2,0,2,2,3,6,1,2,19,3,1,2,3,1,2,1,2
4,887,1731.0,119,terminated,2,0,0,2,1731.0,1,3,2,1,1,3,1,8,2,2,1,5,2,2,1,3,2,3,7,2,2,9,4,2,2,4,2,2,2,2
4,888,1508.0,142,terminated,2,0,0,1,1508.0,1,1,1,0,1,3,1,7,2,1,1,4,2,1,1,2,1,3,6,2,1,0,3,2,1,3,2,1,2,1
4,889,1302.0,148,terminated,2,0,0,0,1302.0,1,1,1,0,1,2,1,5,2,0,1,3,2,0,1,1,0,2,4,2,0,30,2,2,0,2,2,0,2,0
4,890,1373.0,77,terminated,2,0,0,0,1373.0,1,1,1,0,0,1,0,3,2,0,0,2,2,0,0,0,0,1,3,2,0,9,2,2,0,2,2,0,2,0
4,891,1710.0,140,terminated,2,0,0,2,1710.0,1,3,1,2,1,3,1,8,2,2,1,5,2,2,1,3,2,3,7,2,2,4,4,2,2,4,2,2,2,2
4,892,1761.0,89,terminated,2,0,0,2,1761.0,1,2,2,0,1,4,1,9,2,2,1,5,2,2,1,3,2,4,8,2,2,2,4,2,2,4,2,2,2,2
4,893,1770.0,80,terminated,2,0,0,2,1770.0,1,4,2,2,1,4,1,9,2,2,1,5,2,2,1,3,2,4,8,2,2,7,4,2,2,4,2,2,2,2
4,894,-167.0,17,terminated,1,40,1,0,-167.0,0,0,0,0,0,1,0,2,1,0,0,1,1,0,0,0,0,1,2,1,0,1,1,1,0,1,1,0,1,0
4,895,604.0,96,terminated,2,15,1,2,604.0,0,2,1,1,1,4,1,9,2,2,1,5,2,2,1,3,2,4,8,2,2,6,4,2,2,4,2,2,2,2
4,896,1772.0,78,terminated,2,0,0,2,1772.0,1,3,1,2,1,4,1,9,2,2,1,5,2,2,1,3,2,4,8,2,2,8,4,2,2,4,2,2,2,2
4,897,661.0,109,terminated,2,8,1,2,661.0,0,1,1,0,1,4,1,9,2,2,1,5,2,2,1,3,2,4,8,2,2,0,4,2,2,4,2,2,2,2
4,898,1482.0,168,terminated,2,0,0,1,1482.0,1,0,0,0,0,3,0,6,2,1,0,3,2,1,0,1,1,3,6,2,1,10,3,2,1,3,2,1,2,1
4,899,1753.0,97,terminated,2,0,0,2,1753.0,1,3,1,2,1,4,1,9,2,2,1,5,2,2,1,3,2,4,8,2,2,3,4,2,2,4,2,2,2,2
4,900,33.0,17,terminated,1,40,1,1,33.0,0,1,0,1,0,1,0,3,1,1,0,2,1,1,0,1,1,1,3,1,1,1,2,1,1,2,1,1,1,1
4,901,1548.0,102,terminated,2,0,0,1,1548.0,1,1,1,0,0,3,0,6,2,1,0,3,2,1,0,1,1,3,6,2,1,0,3,2,1,3,2,1,2,1
4,902,1741.0,109,terminated,2,0,0,2,1741.0,1,2,0,2,1,4,1,9,2,2,1,5,2,2,1,3,2,4,8,2,2,1,4,2,2,4,2,2,2,2
4,903,1701.0,149,terminated,2,0,0,2,1701.0,1,3,1,2,1,3,1,8,2,2,1,5,2,2,1,3,2,3,7,2,2,1,4,2,2,4,2,2,2,2
4,904,1542.0,108,terminated,1,0,0,2,1542.0,1,3,1,2,1,3,1,7,1,2,1,4,1,2,1,3,2,3,6,1,2,12,3,1,2,3,1,2,1,2
4,905,1487.0,163,terminated,2,0,0,1,1487.0,1,2,1,1,1,3,1,7,2,1,1,4,2,1,1,2,1,3,6,2,1,30,3,2,1,3,2,1,2,1
4,906,1537.0,113,terminated,1,0,0,2,1537.0,1,1,0,1,1,3,1,7,1,2,1,4,1,2,1,3,2,3,6,1,2,0,3,1,2,3,1,2,1,2
4,907,1706.0,144,terminated,2,0,0,2,1706.0,1,2,1,1,1,4,1,9,2,2,1,5,2,2,1,3,2,4,8,2,2,1,4,2,2,4,2,2,2,2
4,908,1747.0,103,terminated,2,0,0,2,1747.0,1,0,0,0,0,3,0,7,2,2,0,4,2,2,0,2,2,3,7,2,2,0,4,2,2,4,2,2,2,2
4,909,395.0,125,terminated,1,13,1,2,395.0,0,2,0,2,1,3,1,7,1,2,1,4,1,2,1,3,2,3,6,1,2,1,3,1,2,3,1,2,1,2
4,910,1328.0,122,terminated,2,0,0,0,1328.0,1,1,1,0,1,2,1,5,2,0,1,3,2,0,1,1,0,2,4,2,0,9,2,2,0,2,2,0,2,0
4,911,1731.0,119,terminated,2,0,0,2,1731.0,1,3,2,1,1,4,1,9,2,2,1,5,2,2,1,3,2,4,8,2,2,1,4,2,2,4,2,2,2,2
4,912,281.0,39,terminated,1,33,1,2,281.0,0,2,1,1,1,2,1,6,1,2,1,4,1,2,1,3,2,2,5,1,2,0,3,1,2,3,1,2,1,2
4,913,1714.0,136,terminated,2,0,0,2,1714.0,1,3,1,2,1,4,1,9,2,2,1,5,2,2,1,3,2,4,8,2,2,10,4,2,2,4,2,2,2,2
4,914,1737.0,113,terminated,2,0,0,2,1737.0,1,4,2,2,1,4,1,9,2,2,1,5,2,2,1,3,2,4,8,2,2,12,4,2,2,4,2,2,2,2
4,915,1508.0,142,terminated,1,0,0,2,1508.0,1,3,1,2,1,3,1,7,1,2,1,4,1,2,1,3,2,3,6,1,2,9,3,1,2,3,1,2,1,2
4,916,1746.0,104,terminated,2,0,0,2,1746.0,1,3,2,1,1,4,1,9,2,2,1,5,2,2,1,3,2,4,8,2,2,9,4,2,2,4,2,2,2,2
4,917,1303.0,147,terminated,2,0,0,0,1303.0,1,2,2,0,1,1,1,4,2,0,1,3,2,0,1,1,0,1,3,2,0,20,2,2,0,2,2,0,2,0
4,918,21.0,19,terminated,1,41,1,1,21.0,0,0,0,0,1,1,1,4,1,1,1,3,1,1,1,2,1,1,3,1,1,0,2,1,1,2,1,1,1,1
4,919,1550.0,100,terminated,2,0,0,1,1550.0,1,2,2,0,1,3,1,7,2,1,1,4,2,1,1,2,1,3,6,2,1,28,3,2,1,3,2,1,2,1
4,920,1482.0,168,terminated,1,0,0,2,1482.0,1,1,1,0,1,3,1,7,1,2,1,4,1,2,1,3,2,3,6,1,2,7,3,1,2,3,1,2,1,2
4,921,1731.0,119,terminated,2,0,0,2,1731.0,1,2,1,1,1,4,1,9,2,2,1,5,2,2,1,3,2,4,8,2,2,6,4,2,2,4,2,2,2,2
4,922,1512.0,138,terminated,2,0,0,1,1512.0,1,2,1,1,1,3,1,7,2,1,1,4,2,1,1,2,1,3,6,2,1,14,3,2,1,3,2,1,2,1
4,923,1686.0,164,terminated,2,0,0,2,1686.0,1,2,0,2,1,4,1,9,2,2,1,5,2,2,1,3,2,4,8,2,2,6,4,2,2,4,2,2,2,2
4,924,1758.0,92,terminated,2,0,0,2,1758.0,1,2,1,1,1,4,1,9,2,2,1,5,2,2,1,3,2,4,8,2,2,4,4,2,2,4,2,2,2,2
4,925,1524.0,126,terminated,1,0,0,2,1524.0,1,1,0,1,1,3,1,7,1,2,1,4,1,2,1,3,2,3,6,1,2,22,3,1,2,3,1,2,1,2
4,926,1553.0,97,terminated,2,0,0,1,1553.0,1,2,1,1,0,3,0,6,2,1,0,3,2,1,0,1,1,3,6,2,1,33,3,2,1,3,2,1,2,1
4,927,267.0,53,terminated,2,33,1,1,267.0,0,2,1,1,1,2,1,6,2,1,1,4,2,1,1,2,1,2,5,2,1,23,3,2,1,3,2,1,2,1
4,928,1768.0,82,terminated,2,0,0,2,1768.0,1,3,1,2,1,4,1,9,2,2,1,5,2,2,1,3,2,4,8,2,2,4,4,2,2,4,2,2,2,2
4,929,1747.0,103,terminated,2,0,0,2,1747.0,1,2,2,0,0,3,0,7,2,2,0,4,2,2,0,2,2,3,7,2,2,1,4,2,2,4,2,2,2,2
4,930,1715.0,135,terminated,2,0,0,2,1715.0,1,3,1,2,1,3,1,8,2,2,1,5,2,2,1,3,2,3,7,2,2,9,4,2,2,4,2,2,2,2
4,931,1731.0,119,terminated,2,0,0,2,1731.0,1,3,1,2,0,4,0,8,2,2,0,4,2,2,0,2,2,4,8,2,2,0,4,2,2,4,2,2,2,2
4,932,1752.0,98,terminated,2,0,0,2,1752.0,1,1,0,1,1,3,1,8,2,2,1,5,2,2,1,3,2,3,7,2,2,0,4,2,2,4,2,2,2,2
4,933,1719.0,131,terminated,2,0,0,2,1719.0,1,2,1,1,0,4,0,8,2,2,0,4,2,2,0,2,2,4,8,2,2,0,4,2,2,4,2,2,2,2
4,934,1666.0,184,terminated,2,0,0,2,1666.0,1,1,0,1,0,4,0,8,2,2,0,4,2,2,0,2,2,4,8,2,2,6,4,2,2,4,2,2,2,2
4,935,1737.0,113,terminated,2,0,0,2,1737.0,1,4,2,2,1,4,1,9,2,2,1,5,2,2,1,3,2,4,8,2,2,6,4,2,2,4,2,2,2,2
4,936,1747.0,103,terminated,2,0,0,2,1747.0,1,2,1,1,1,4,1,9,2,2,1,5,2,2,1,3,2,4,8,2,2,4,4,2,2,4,2,2,2,2
4,937,1560.0,90,terminated,1,0,0,2,1560.0,1,2,1,1,1,3,1,7,1,2,1,4,1,2,1,3,2,3,6,1,2,7,3,1,2,3,1,2,1,2
4,938,331.0,39,terminated,1,28,1,2,331.0,0,3,1,2,1,2,1,6,1,2,1,4,1,2,1,3,2,2,5,1,2,7,3,1,2,3,1,2,1,2
4,939,-179.0,19,terminated,1,41,1,0,-179.0,0,0,0,0,1,0,1,2,1,0,1,2,1,0,1,1,0,0,1,1,0,0,1,1,0,1,1,0,1,0
4,940,1313.0,137,terminated,0,0,0,2,1313.0,1,1,0,1,1,2,1,5,0,2,1,3,0,2,1,3,2,2,4,0,2,25,2,0,2,2,0,2,0,2
4,941,1752.0,98,terminated,2,0,0,2,1752.0,1,1,0,1,1,4,1,9,2,2,1,5,2,2,1,3,2,4,8,2,2,3,4,2,2,4,2,2,2,2
4,942,1563.0,87,terminated,2,0,0,1,1563.0,1,2,2,0,1,3,1,7,2,1,1,4,2,1,1,2,1,3,6,2,1,20,3,2,1,3,2,1,2,1
4,943,1729.0,121,terminated,2,0,0,2,1729.0,1,1,0,1,1,4,1,9,2,2,1,5,2,2,1,3,2,4,8,2,2,11,4,2,2,4,2,2,2,2
4,944,1557.0,93,terminated,2,0,0,1,1557.0,1,1,1,0,0,2,0,5,2,1,0,3,2,1,0,1,1,2,5,2,1,0,3,2,1,3,2,1,2,1
4,945,1752.0,98,terminated,2,0,0,2,1752.0,1,3,1,2,1,4,1,9,2,2,1,5,2,2,1,3,2,4,8,2,2,4,4,2,2,4,2,2,2,2
4,946,1725.0,125,terminated,2,0,0,2,1725.0,1,1,0,1,1,4,1,9,2,2,1,5,2,2,1,3,2,4,8,2,2,7,4,2,2,4,2,2,2,2
4,947,1740.0,110,terminated,2,0,0,2,1740.0,1,3,2,1,1,4,1,9,2,2,1,5,2,2,1,3,2,4,8,2,2,0,4,2,2,4,2,2,2,2
4,948,1293.0,157,terminated,1,0,0,1,1293.0,1,1,0,1,0,2,0,4,1,1,0,2,1,1,0,1,1,2,4,1,1,39,2,1,1,2,1,1,1,1
4,949,-174.0,24,terminated,0,40,1,1,-174.0,0,1,0,1,1,1,1,3,0,1,1,2,0,1,1,2,1,1,2,0,1,2,1,0,1,1,0,1,0,1
4,950,1553.0,97,terminated,2,0,0,1,1553.0,1,1,1,0,0,3,0,6,2,1,0,3,2,1,0,1,1,3,6,2,1,0,3,2,1,3,2,1,2,1
4,951,678.0,102,terminated,2,7,1,2,678.0,0,1,1,0,0,4,0,8,2,2,0,4,2,2,0,2,2,4,8,2,2,2,4,2,2,4,2,2,2,2
4,952,1491.0,159,terminated,1,0,0,2,1491.0,1,3,1,2,1,3,1,7,1,2,1,4,1,2,1,3,2,3,6,1,2,10,3,1,2,3,1,2,1,2
4,953,1725.0,125,terminated,2,0,0,2,1725.0,1,2,1,1,1,4,1,9,2,2,1,5,2,2,1,3,2,4,8,2,2,7,4,2,2,4,2,2,2,2
4,954,40.0,30,terminated,1,38,1,1,40.0,0,0,0,0,0,2,0,4,1,1,0,2,1,1,0,1,1,2,4,1,1,0,2,1,1,2,1,1,1,1
4,955,1511.0,139,terminated,1,0,0,2,1511.0,1,1,0,1,1,2,1,6,1,2,1,4,1,2,1,3,2,2,5,1,2,0,3,1,2,3,1,2,1,2
4,956,1765.0,85,terminated,2,0,0,2,1765.0,1,2,2,0,0,4,0,8,2,2,0,4,2,2,0,2,2,4,8,2,2,7,4,2,2,4,2,2,2,2
4,957,1552.0,98,terminated,2,0,0,1,1552.0,1,2,1,1,1,3,1,7,2,1,1,4,2,1,1,2,1,3,6,2,1,8,3,2,1,3,2,1,2,1
4,958,1723.0,127,terminated,2,0,0,2,1723.0,1,3,2,1,1,4,1,9,2,2,1,5,2,2,1,3,2,4,8,2,2,0,4,2,2,4,2,2,2,2
4,959,1546.0,104,terminated,2,0,0,1,1546.0,1,2,1,1,1,3,1,7,2,1,1,4,2,1,1,2,1,3,6,2,1,12,3,2,1,3,2,1,2,1
4,960,1541.0,109,terminated,2,0,0,1,1541.0,1,2,1,1,1,3,1,7,2,1,1,4,2,1,1,2,1,3,6,2,1,0,3,2,1,3,2,1,2,1
4,961,1290.0,160,terminated,1,0,0,1,1290.0,1,1,0,1,1,2,1,5,1,1,1,3,1,1,1,2,1,2,4,1,1,37,2,1,1,2,1,1,1,1
4,962,1531.0,119,terminated,2,0,0,1,1531.0,1,3,2,1,1,2,1,6,2,1,1,4,2,1,1,2,1,2,5,2,1,5,3,2,1,3,2,1,2,1
4,963,1534.0,116,terminated,2,0,0,1,1534.0,1,2,1,1,0,3,0,6,2,1,0,3,2,1,0,1,1,3,6,2,1,4,3,2,1,3,2,1,2,1
4,964,1528.0,122,terminated,2,0,0,1,1528.0,1,2,1,1,1,3,1,7,2,1,1,4,2,1,1,2,1,3,6,2,1,1,3,2,1,3,2,1,2,1
4,965,21.0,19,terminated,1,41,1,1,21.0,0,2,1,1,1,0,1,3,1,1,1,3,1,1,1,2,1,0,2,1,1,1,2,1,1,2,1,1,1,1
4,966,21.0,19,terminated,1,41,1,1,21.0,0,0,0,0,0,1,0,3,1,1,0,2,1,1,0,1,1,1,3,1,1,0,2,1,1,2,1,1,1,1
4,967,1483.0,167,terminated,1,0,0,2,1483.0,1,3,1,2,1,2,1,6,1,2,1,4,1,2,1,3,2,2,5,1,2,17,3,1,2,3,1,2,1,2
4,968,1741.0,109,terminated,2,0,0,2,1741.0,1,2,1,1,0,4,0,8,2,2,0,4,2,2,0,2,2,4,8,2,2,3,4,2,2,4,2,2,2,2
4,969,474.0,156,terminated,2,2,1,1,474.0,0,1,1,0,0,2,0,5,2,1,0,3,2,1,0,1,1,2,5,2,1,25,3,2,1,3,2,1,2,1
4,970,1727.0,123,terminated,2,0,0,2,1727.0,1,2,2,0,1,4,1,9,2,2,1,5,2,2,1,3,2,4,8,2,2,2,4,2,2,4,2,2,2,2
4,971,548.0,72,terminated,2,23,1,2,548.0,0,1,1,0,0,4,0,8,2,2,0,4,2,2,0,2,2,4,8,2,2,0,4,2,2,4,2,2,2,2
4,972,1742.0,108,terminated,2,0,0,2,1742.0,1,3,1,2,0,3,0,7,2,2,0,4,2,2,0,2,2,3,7,2,2,7,4,2,2,4,2,2,2,2
4,973,1748.0,102,terminated,2,0,0,2,1748.0,1,2,1,1,1,3,1,8,2,2,1,5,2,2,1,3,2,3,7,2,2,0,4,2,2,4,2,2,2,2
4,974,1494.0,156,terminated,2,0,0,1,1494.0,1,2,1,1,1,3,1,7,2,1,1,4,2,1,1,2,1,3,6,2,1,6,3,2,1,3,2,1,2,1
4,975,1532.0,118,terminated,1,0,0,2,1532.0,1,2,1,1,1,3,1,7,1,2,1,4,1,2,1,3,2,3,6,1,2,20,3,1,2,3,1,2,1,2
4,976,1736.0,114,terminated,2,0,0,2,1736.0,1,1,0,1,1,4,1,9,2,2,1,5,2,2,1,3,2,4,8,2,2,5,4,2,2,4,2,2,2,2
4,977,32.0,18,terminated,1,40,1,1,32.0,0,0,0,0,0,2,0,4,1,1,0,2,1,1,0,1,1,2,4,1,1,0,2,1,1,2,1,1,1,1
4,978,1483.0,167,terminated,2,0,0,1,1483.0,1,2,1,1,1,3,1,7,2,1,1,4,2,1,1,2,1,3,6,2,1,50,3,2,1,3,2,1,2,1
4,979,1758.0,92,terminated,2,0,0,2,1758.0,1,1,0,1,1,4,1,9,2,2,1,5,2,2,1,3,2,4,8,2,2,6,4,2,2,4,2,2,2,2
4,980,1496.0,154,terminated,2,0,0,1,1496.0,1,3,2,1,1,2,1,6,2,1,1,4,2,1,1,2,1,2,5,2,1,11,3,2,1,3,2,1,2,1
4,981,1734.0,116,terminated,2,0,0,2,1734.0,1,0,0,0,1,4,1,9,2,2,1,5,2,2,1,3,2,4,8,2,2,0,4,2,2,4,2,2,2,2
4,982,1563.0,87,terminated,2,0,0,1,1563.0,1,3,2,1,1,3,1,7,2,1,1,4,2,1,1,2,1,3,6,2,1,7,3,2,1,3,2,1,2,1
4,983,1763.0,87,terminated,2,0,0,2,1763.0,1,3,1,2,1,4,1,9,2,2,1,5,2,2,1,3,2,4,8,2,2,3,4,2,2,4,2,2,2,2
4,984,1497.0,153,terminated,2,0,0,1,1497.0,1,2,2,0,1,3,1,7,2,1,1,4,2,1,1,2,1,3,6,2,1,20,3,2,1,3,2,1,2,1
4,985,327.0,263,terminated,1,6,1,2,327.0,0,3,1,2,1,3,1,7,1,2,1,4,1,2,1,3,2,3,6,1,2,8,3,1,2,3,1,2,1,2
4,986,1735.0,115,terminated,2,0,0,2,1735.0,1,1,1,0,0,4,0,8,2,2,0,4,2,2,0,2,2,4,8,2,2,0,4,2,2,4,2,2,2,2
4,987,486.0,124,terminated,2,4,1,1,486.0,0,3,2,1,1,2,1,6,2,1,1,4,2,1,1,2,1,2,5,2,1,12,3,2,1,3,2,1,2,1
4,988,1517.0,133,terminated,2,0,0,1,1517.0,1,1,1,0,0,3,0,6,2,1,0,3,2,1,0,1,1,3,6,2,1,0,3,2,1,3,2,1,2,1
4,989,1330.0,120,terminated,2,0,0,0,1330.0,1,0,0,0,1,2,1,5,2,0,1,3,2,0,1,1,0,2,4,2,0,11,2,2,0,2,2,0,2,0
4,990,1770.0,80,terminated,2,0,0,2,1770.0,1,1,0,1,1,4,1,9,2,2,1,5,2,2,1,3,2,4,8,2,2,0,4,2,2,4,2,2,2,2
4,991,613.0,87,terminated,2,15,1,2,613.0,0,3,1,2,1,4,1,9,2,2,1,5,2,2,1,3,2,4,8,2,2,14,4,2,2,4,2,2,2,2
4,992,1735.0,115,terminated,2,0,0,2,1735.0,1,3,1,2,1,4,1,9,2,2,1,5,2,2,1,3,2,4,8,2,2,2,4,2,2,4,2,2,2,2
4,993,1550.0,100,terminated,1,0,0,2,1550.0,1,2,1,1,1,3,1,7,1,2,1,4,1,2,1,3,2,3,6,1,2,11,3,1,2,3,1,2,1,2
4,994,1525.0,125,terminated,1,0,0,2,1525.0,1,1,0,1,0,3,0,6,1,2,0,3,1,2,0,2,2,3,6,1,2,0,3,1,2,3,1,2,1,2
4,995,501.0,39,terminated,2,31,1,2,501.0,0,2,1,1,1,3,1,8,2,2,1,5,2,2,1,3,2,3,7,2,2,8,4,2,2,4,2,2,2,2
4,996,1534.0,116,terminated,2,0,0,1,1534.0,1,0,0,0,0,3,0,6,2,1,0,3,2,1,0,1,1,3,6,2,1,3,3,2,1,3,2,1,2,1
4,997,1535.0,115,terminated,2,0,0,1,1535.0,1,1,1,0,1,3,1,7,2,1,1,4,2,1,1,2,1,3,6,2,1,25,3,2,1,3,2,1,2,1
4,998,1736.0,114,terminated,2,0,0,2,1736.0,1,3,2,1,1,4,1,9,2,2,1,5,2,2,1,3,2,4,8,2,2,0,4,2,2,4,2,2,2,2
4,999,1453.0,197,terminated,1,0,0,2,1453.0,1,3,1,2,1,3,1,7,1,2,1,4,1,2,1,3,2,3,6,1,2,8,3,1,2,3,1,2,1,2
