schema_version,episode,return,length,termination,metric/blue_eaten,metric/food_remaining,metric/lost,metric/orange_eaten,metric/score,metric/won,count/pacman%2Fconditional-vegan-v0/ConditionalVegan,count/pacman%2Fconditional-vegan-v0/ConditionalVegetarianBlue,count/pacman%2Fconditional-vegan-v0/ConditionalVegetarianOrange,count/pacman%2Fhungry-v0/count,count/pacman%2Fhungry-vegan-penalty-v1/CTD,count/pacman%2Fhungry-vegan-penalty-v1/Hungr,count/pacman%2Fhungry-vegan-penalty-v1/HungryVeganPenalty,count/pacman%2Fhungry-vegan-penalty-v1/VegetarianBlue,count/pacman%2Fhungry-vegan-penalty-v1/VegetarianOrange,count/pacman%2Fhungry-vegan-v0/Hungr,count/pacman%2Fhungry-vegan-v0/HungryVegan,count/pacman%2Fhungry-vegan-v0/VegetarianBlue,count/pacman%2Fhungry-vegan-v0/VegetarianOrange,count/pacman%2Fhungry-vegetarian-v0/Hungr,count/pacman%2Fhungry-vegetarian-v0/HungryVegetarian,count/pacman%2Fhungry-vegetarian-v0/VegetarianOrange,count/pacman%2Fpenalty-v0/CTD,count/pacman%2Fpenalty-v0/Penalty%28total%29,count/pacman%2Fpenalty-v0/VegetarianBlue,count/pacman%2Fpenalty-v0/VegetarianOrange,count/pacman%2Ftrapped-v1/count,count/pacman%2Fvegan-preference-v0/VeganPreference,count/pacman%2Fvegan-preference-v0/VegetarianBlue,count/pacman%2Fvegan-preference-v0/VegetarianOrange,count/pacman%2Fvegan-v0/Vegan,count/pacman%2Fvegan-v0/VegetarianBlue,count/pacman%2Fvegan-v0/VegetarianOrange,count/pacman%2Fvegetarian-blue-v0/count,count/pacman%2Fvegetarian-orange-v0/count
4,0,-450.0,40,terminated,0,46,1,0,-450.0,0,0,0,0,1,0,1,1,0,0,1,1,0,0,1,1,0,0,0,0,0,40,0,0,0,0,0,0,0,0
4,1,-548.0,138,terminated,0,46,1,0,-548.0,0,0,0,0,1,0,1,1,0,0,1,1,0,0,1,1,0,0,0,0,0,138,0,0,0,0,0,0,0,0
4,2,-464.0,54,terminated,0,46,1,0,-464.0,0,0,0,0,1,0,1,1,0,0,1,1,0,0,1,1,0,0,0,0,0,54,0,0,0,0,0,0,0,0
4,3,-454.0,44,terminated,0,46,1,0,-454.0,0,0,0,0,1,0,1,1,0,0,1,1,0,0,1,1,0,0,0,0,0,44,0,0,0,0,0,0,0,0
4,4,-443.0,33,terminated,0,46,1,0,-443.0,0,0,0,0,1,0,1,1,0,0,1,1,0,0,1,1,0,0,0,0,0,33,0,0,0,0,0,0,0,0
4,5,-457.0,47,terminated,0,46,1,0,-457.0,0,0,0,0,1,0,1,1,0,0,1,1,0,0,1,1,0,0,0,0,0,47,0,0,0,0,0,0,0,0
4,6,-449.0,39,terminated,0,46,1,0,-449.0,0,0,0,0,1,0,1,1,0,0,1,1,0,0,1,1,0,0,0,0,0,39,0,0,0,0,0,0,0,0
4,7,-435.0,25,terminated,0,46,1,0,-435.0,0,0,0,0,1,0,1,1,0,0,1,1,0,0,1,1,0,0,0,0,0,25,0,0,0,0,0,0,0,0
4,8,-479.0,69,terminated,0,46,1,0,-479.0,0,0,0,0,1,0,1,1,0,0,1,1,0,0,1,1,0,0,0,0,0,69,0,0,0,0,0,0,0,0
4,9,-539.0,129,terminated,0,46,1,0,-539.0,0,0,0,0,1,0,1,1,0,0,1,1,0,0,1,1,0,0,0,0,0,129,0,0,0,0,0,0,0,0
4,10,-462.0,52,terminated,0,46,1,0,-462.0,0,0,0,0,1,0,1,1,0,0,1,1,0,0,1,1,0,0,0,0,0,52,0,0,0,0,0,0,0,0
4,11,-549.0,139,terminated,0,46,1,0,-549.0,0,0,0,0,1,0,1,1,0,0,1,1,0,0,1,1,0,0,0,0,0,139,0,0,0,0,0,0,0,0
4,12,-451.0,41,terminated,0,46,1,0,-451.0,0,0,0,0,1,0,1,1,0,0,1,1,0,0,1,1,0,0,0,0,0,41,0,0,0,0,0,0,0,0
4,13,-524.0,114,terminated,0,46,1,0,-524.0,0,0,0,0,1,0,1,1,0,0,1,1,0,0,1,1,0,0,0,0,0,114,0,0,0,0,0,0,0,0
4,14,-492.0,82,terminated,0,46,1,0,-492.0,0,0,0,0,1,0,1,1,0,0,1,1,0,0,1,1,0,0,0,0,0,82,0,0,0,0,0,0,0,0
4,15,-449.0,39,terminated,0,46,1,0,-449.0,0,0,0,0,1,0,1,1,0,0,1,1,0,0,1,1,0,0,0,0,0,39,0,0,0,0,0,0,0,0
4,16,-496.0,86,terminated,0,46,1,0,-496.0,0,0,0,0,1,0,1,1,0,0,1,1,0,0,1,1,0,0,0,0,0,86,0,0,0,0,0,0,0,0
4,17,-444.0,34,terminated,0,46,1,0,-444.0,0,0,0,0,1,0,1,1,0,0,1,1,0,0,1,1,0,0,0,0,0,34,0,0,0,0,0,0,0,0
4,18,-463.0,53,terminated,0,46,1,0,-463.0,0,0,0,0,1,0,1,1,0,0,1,1,0,0,1,1,0,0,0,0,0,53,0,0,0,0,0,0,0,0
4,19,-449.0,39,terminated,0,46,1,0,-449.0,0,0,0,0,1,0,1,1,0,0,1,1,0,0,1,1,0,0,0,0,0,39,0,0,0,0,0,0,0,0
4,20,-436.0,26,terminated,0,46,1,0,-436.0,0,0,0,0,1,0,1,1,0,0,1,1,0,0,1,1,0,0,0,0,0,26,0,0,0,0,0,0,0,0
4,21,-440.0,30,terminated,0,46,1,0,-440.0,0,0,0,0,1,0,1,1,0,0,1,1,0,0,1,1,0,0,0,0,0,30,0,0,0,0,0,0,0,0
4,22,-488.0,78,terminated,0,46,1,0,-488.0,0,0,0,0,1,0,1,1,0,0,1,1,0,0,1,1,0,0,0,0,0,78,0,0,0,0,0,0,0,0
4,23,-427.0,17,terminated,0,46,1,0,-427.0,0,0,0,0,1,0,1,1,0,0,1,1,0,0,1,1,0,0,0,0,0,17,0,0,0,0,0,0,0,0
4,24,-457.0,47,terminated,0,46,1,0,-457.0,0,0,0,0,1,0,1,1,0,0,1,1,0,0,1,1,0,0,0,0,0,47,0,0,0,0,0,0,0,0
4,25,-527.0,117,terminated,0,46,1,0,-527.0,0,0,0,0,1,0,1,1,0,0,1,1,0,0,1,1,0,0,0,0,0,117,0,0,0,0,0,0,0,0
4,26,-523.0,113,terminated,0,46,1,0,-523.0,0,0,0,0,1,0,1,1,0,0,1,1,0,0,1,1,0,0,0,0,0,113,0,0,0,0,0,0,0,0
4,27,-573.0,163,terminated,0,46,1,0,-573.0,0,0,0,0,1,0,1,1,0,0,1,1,0,0,1,1,0,0,0,0,0,163,0,0,0,0,0,0,0,0
4,28,-662.0,252,terminated,0,46,1,0,-662.0,0,0,0,0,1,0,1,1,0,0,1,1,0,0,1,1,0,0,0,0,0,252,0,0,0,0,0,0,0,0
4,29,-483.0,73,terminated,0,46,1,0,-483.0,0,0,0,0,1,0,1,1,0,0,1,1,0,0,1,1,0,0,0,0,0,73,0,0,0,0,0,0,0,0
4,30,-512.0,102,terminated,0,46,1,0,-512.0,0,0,0,0,1,0,1,1,0,0,1,1,0,0,1,1,0,0,0,0,0,102,0,0,0,0,0,0,0,0
4,31,-457.0,47,terminated,0,46,1,0,-457.0,0,0,0,0,1,0,1,1,0,0,1,1,0,0,1,1,0,0,0,0,0,47,0,0,0,0,0,0,0,0
4,32,-444.0,34,terminated,0,46,1,0,-444.0,0,0,0,0,1,0,1,1,0,0,1,1,0,0,1,1,0,0,0,0,0,34,0,0,0,0,0,0,0,0
4,33,-693.0,283,terminated,0,46,1,0,-693.0,0,0,0,0,1,0,1,1,0,0,1,1,0,0,1,1,0,0,0,0,0,283,0,0,0,0,0,0,0,0
4,34,-478.0,68,terminated,0,46,1,0,-478.0,0,0,0,0,1,0,1,1,0,0,1,1,0,0,1,1,0,0,0,0,0,68,0,0,0,0,0,0,0,0
4,35,-496.0,86,terminated,0,46,1,0,-496.0,0,0,0,0,1,0,1,1,0,0,1,1,0,0,1,1,0,0,0,0,0,86,0,0,0,0,0,0,0,0
4,36,-452.0,42,terminated,0,46,1,0,-452.0,0,0,0,0,1,0,1,1,0,0,1,1,0,0,1,1,0,0,0,0,0,42,0,0,0,0,0,0,0,0
4,37,-450.0,40,terminated,0,46,1,0,-450.0,0,0,0,0,1,0,1,1,0,0,1,1,0,0,1,1,0,0,0,0,0,40,0,0,0,0,0,0,0,0
4,38,-496.0,86,terminated,0,46,1,0,-496.0,0,0,0,0,1,0,1,1,0,0,1,1,0,0,1,1,0,0,0,0,0,86,0,0,0,0,0,0,0,0
4,39,-456.0,46,terminated,0,46,1,0,-456.0,0,0,0,0,1,0,1,1,0,0,1,1,0,0,1,1,0,0,0,0,0,46,0,0,0,0,0,0,0,0
4,40,-442.0,32,terminated,0,46,1,0,-442.0,0,0,0,0,1,0,1,1,0,0,1,1,0,0,1,1,0,0,0,0,0,32,0,0,0,0,0,0,0,0
4,41,-448.0,38,terminated,0,46,1,0,-448.0,0,0,0,0,1,0,1,1,0,0,1,1,0,0,1,1,0,0,0,0,0,38,0,0,0,0,0,0,0,0
4,42,-496.0,86,terminated,0,46,1,0,-496.0,0,0,0,0,1,0,1,1,0,0,1,1,0,0,1,1,0,0,0,0,0,86,0,0,0,0,0,0,0,0
4,43,-519.0,109,terminated,0,46,1,0,-519.0,0,0,0,0,1,0,1,1,0,0,1,1,0,0,1,1,0,0,0,0,0,109,0,0,0,0,0,0,0,0
4,44,-528.0,118,terminated,0,46,1,0,-528.0,0,0,0,0,1,0,1,1,0,0,1,1,0,0,1,1,0,0,0,0,0,118,0,0,0,0,0,0,0,0
4,45,-478.0,68,terminated,0,46,1,0,-478.0,0,0,0,0,1,0,1,1,0,0,1,1,0,0,1,1,0,0,0,0,0,68,0,0,0,0,0,0,0,0
4,46,-480.0,70,terminated,0,46,1,0,-480.0,0,0,0,0,1,0,1,1,0,0,1,1,0,0,1,1,0,0,0,0,0,70,0,0,0,0,0,0,0,0
4,47,-457.0,47,terminated,0,46,1,0,-457.0,0,0,0,0,1,0,1,1,0,0,1,1,0,0,1,1,0,0,0,0,0,47,0,0,0,0,0,0,0,0
4,48,-451.0,41,terminated,0,46,1,0,-451.0,0,0,0,0,1,0,1,1,0,0,1,1,0,0,1,1,0,0,0,0,0,41,0,0,0,0,0,0,0,0
4,49,-503.0,93,terminated,0,46,1,0,-503.0,0,0,0,0,1,0,1,1,0,0,1,1,0,0,1,1,0,0,0,0,0,93,0,0,0,0,0,0,0,0
4,50,-445.0,35,terminated,0,46,1,0,-445.0,0,0,0,0,1,0,1,1,0,0,1,1,0,0,1,1,0,0,0,0,0,35,0,0,0,0,0,0,0,0
4,51,-555.0,145,terminated,0,46,1,0,-555.0,0,0,0,0,1,0,1,1,0,0,1,1,0,0,1,1,0,0,0,0,0,145,0,0,0,0,0,0,0,0
4,52,-487.0,77,terminated,0,46,1,0,-487.0,0,0,0,0,1,0,1,1,0,0,1,1,0,0,1,1,0,0,0,0,0,77,0,0,0,0,0,0,0,0
4,53,-516.0,106,terminated,0,46,1,0,-516.0,0,0,0,0,1,0,1,1,0,0,1,1,0,0,1,1,0,0,0,0,0,106,0,0,0,0,0,0,0,0
4,54,-480.0,70,terminated,0,46,1,0,-480.0,0,0,0,0,1,0,1,1,0,0,1,1,0,0,1,1,0,0,0,0,0,70,0,0,0,0,0,0,0,0
4,55,-515.0,105,terminated,0,46,1,0,-515.0,0,0,0,0,1,0,1,1,0,0,1,1,0,0,1,1,0,0,0,0,0,105,0,0,0,0,0,0,0,0
4,56,-662.0,252,terminated,0,46,1,0,-662.0,0,0,0,0,1,0,1,1,0,0,1,1,0,0,1,1,0,0,0,0,0,252,0,0,0,0,0,0,0,0
4,57,-434.0,24,terminated,0,46,1,0,-434.0,0,0,0,0,1,0,1,1,0,0,1,1,0,0,1,1,0,0,0,0,0,24,0,0,0,0,0,0,0,0
4,58,-454.0,44,terminated,0,46,1,0,-454.0,0,0,0,0,1,0,1,1,0,0,1,1,0,0,1,1,0,0,0,0,0,44,0,0,0,0,0,0,0,0
4,59,-433.0,23,terminated,0,46,1,0,-433.0,0,0,0,0,1,0,1,1,0,0,1,1,0,0,1,1,0,0,0,0,0,23,0,0,0,0,0,0,0,0
4,60,-537.0,127,terminated,0,46,1,0,-537.0,0,0,0,0,1,0,1,1,0,0,1,1,0,0,1,1,0,0,0,0,0,127,0,0,0,0,0,0,0,0
4,61,-462.0,52,terminated,0,46,1,0,-462.0,0,0,0,0,1,0,1,1,0,0,1,1,0,0,1,1,0,0,0,0,0,52,0,0,0,0,0,0,0,0
4,62,-586.0,176,terminated,0,46,1,0,-586.0,0,0,0,0,1,0,1,1,0,0,1,1,0,0,1,1,0,0,0,0,0,176,0,0,0,0,0,0,0,0
4,63,-517.0,107,terminated,0,46,1,0,-517.0,0,0,0,0,1,0,1,1,0,0,1,1,0,0,1,1,0,0,0,0,0,107,0,0,0,0,0,0,0,0
4,64,-495.0,85,terminated,0,46,1,0,-495.0,0,0,0,0,1,0,1,1,0,0,1,1,0,0,1,1,0,0,0,0,0,85,0,0,0,0,0,0,0,0
4,65,-435.0,25,terminated,0,46,1,0,-435.0,0,0,0,0,1,0,1,1,0,0,1,1,0,0,1,1,0,0,0,0,0,25,0,0,0,0,0,0,0,0
4,66,-492.0,82,terminated,0,46,1,0,-492.0,0,0,0,0,1,0,1,1,0,0,1,1,0,0,1,1,0,0,0,0,0,82,0,0,0,0,0,0,0,0
4,67,-487.0,77,terminated,0,46,1,0,-487.0,0,0,0,0,1,0,1,1,0,0,1,1,0,0,1,1,0,0,0,0,0,77,0,0,0,0,0,0,0,0
4,68,-430.0,20,terminated,0,46,1,0,-430.0,0,0,0,0,1,0,1,1,0,0,1,1,0,0,1,1,0,0,0,0,0,20,0,0,0,0,0,0,0,0
4,69,-474.0,64,terminated,0,46,1,0,-474.0,0,0,0,0,1,0,1,1,0,0,1,1,0,0,1,1,0,0,0,0,0,64,0,0,0,0,0,0,0,0
4,70,-448.0,38,terminated,0,46,1,0,-448.0,0,0,0,0,1,0,1,1,0,0,1,1,0,0,1,1,0,0,0,0,0,38,0,0,0,0,0,0,0,0
4,71,-601.0,191,terminated,0,46,1,0,-601.0,0,0,0,0,1,0,1,1,0,0,1,1,0,0,1,1,0,0,0,0,0,191,0,0,0,0,0,0,0,0
4,72,-478.0,68,terminated,0,46,1,0,-478.0,0,0,0,0,1,0,1,1,0,0,1,1,0,0,1,1,0,0,0,0,0,68,0,0,0,0,0,0,0,0
4,73,-461.0,51,terminated,0,46,1,0,-461.0,0,0,0,0,1,0,1,1,0,0,1,1,0,0,1,1,0,0,0,0,0,51,0,0,0,0,0,0,0,0
4,74,-467.0,57,terminated,0,46,1,0,-467.0,0,0,0,0,1,0,1,1,0,0,1,1,0,0,1,1,0,0,0,0,0,57,0,0,0,0,0,0,0,0
4,75,-486.0,76,terminated,0,46,1,0,-486.0,0,0,0,0,1,0,1,1,0,0,1,1,0,0,1,1,0,0,0,0,0,76,0,0,0,0,0,0,0,0
4,76,-459.0,49,terminated,0,46,1,0,-459.0,0,0,0,0,1,0,1,1,0,0,1,1,0,0,1,1,0,0,0,0,0,49,0,0,0,0,0,0,0,0
4,77,-518.0,108,terminated,0,46,1,0,-518.0,0,0,0,0,1,0,1,1,0,0,1,1,0,0,1,1,0,0,0,0,0,108,0,0,0,0,0,0,0,0
4,78,-498.0,88,terminated,0,46,1,0,-498.0,0,0,0,0,1,0,1,1,0,0,1,1,0,0,1,1,0,0,0,0,0,88,0,0,0,0,0,0,0,0
4,79,-451.0,41,terminated,0,46,1,0,-451.0,0,0,0,0,1,0,1,1,0,0,1,1,0,0,1,1,0,0,0,0,0,41,0,0,0,0,0,0,0,0
4,80,-515.0,105,terminated,0,46,1,0,-515.0,0,0,0,0,1,0,1,1,0,0,1,1,0,0,1,1,0,0,0,0,0,105,0,0,0,0,0,0,0,0
4,81,-448.0,38,terminated,0,46,1,0,-448.0,0,0,0,0,1,0,1,1,0,0,1,1,0,0,1,1,0,0,0,0,0,38,0,0,0,0,0,0,0,0
4,82,-453.0,43,terminated,0,46,1,0,-453.0,0,0,0,0,1,0,1,1,0,0,1,1,0,0,1,1,0,0,0,0,0,43,0,0,0,0,0,0,0,0
4,83,-526.0,116,terminated,0,46,1,0,-526.0,0,0,0,0,1,0,1,1,0,0,1,1,0,0,1,1,0,0,0,0,0,116,0,0,0,0,0,0,0,0
4,84,-632.0,222,terminated,0,46,1,0,-632.0,0,0,0,0,1,0,1,1,0,0,1,1,0,0,1,1,0,0,0,0,0,222,0,0,0,0,0,0,0,0
4,85,-521.0,111,terminated,0,46,1,0,-521.0,0,0,0,0,1,0,1,1,0,0,1,1,0,0,1,1,0,0,0,0,0,111,0,0,0,0,0,0,0,0
4,86,-435.0,25,terminated,0,46,1,0,-435.0,0,0,0,0,1,0,1,1,0,0,1,1,0,0,1,1,0,0,0,0,0,25,0,0,0,0,0,0,0,0
4,87,-465.0,55,terminated,0,46,1,0,-465.0,0,0,0,0,1,0,1,1,0,0,1,1,0,0,1,1,0,0,0,0,0,55,0,0,0,0,0,0,0,0
4,88,-497.0,87,terminated,0,46,1,0,-497.0,0,0,0,0,1,0,1,1,0,0,1,1,0,0,1,1,0,0,0,0,0,87,0,0,0,0,0,0,0,0
4,89,-544.0,134,terminated,0,46,1,0,-544.0,0,0,0,0,1,0,1,1,0,0,1,1,0,0,1,1,0,0,0,0,0,134,0,0,0,0,0,0,0,0
4,90,-460.0,50,terminated,0,46,1,0,-460.0,0,0,0,0,1,0,1,1,0,0,1,1,0,0,1,1,0,0,0,0,0,50,0,0,0,0,0,0,0,0
4,91,-210.0,300,truncated,0,46,0,0,-210.0,0,0,0,0,0,0,0,0,0,0,0,0,0,0,0,0,0,0,0,0,0,300,0,0,0,0,0,0,0,0
4,92,-497.0,87,terminated,0,46,1,0,-497.0,0,0,0,0,1,0,1,1,0,0,1,1,0,0,1,1,0,0,0,0,0,87,0,0,0,0,0,0,0,0
4,93,-611.0,201,terminated,0,46,1,0,-611.0,0,0,0,0,1,0,1,1,0,0,1,1,0,0,1,1,0,0,0,0,0,201,0,0,0,0,0,0,0,0
4,94,-559.0,149,terminated,0,46,1,0,-559.0,0,0,0,0,1,0,1,1,0,0,1,1,0,0,1,1,0,0,0,0,0,149,0,0,0,0,0,0,0,0
4,95,-463.0,53,terminated,0,46,1,0,-463.0,0,0,0,0,1,0,1,1,0,0,1,1,0,0,1,1,0,0,0,0,0,53,0,0,0,0,0,0,0,0
4,96,-480.0,70,terminated,0,46,1,0,-480.0,0,0,0,0,1,0,1,1,0,0,1,1,0,0,1,1,0,0,0,0,0,70,0,0,0,0,0,0,0,0
4,97,-607.0,197,terminated,0,46,1,0,-607.0,0,0,0,0,1,0,1,1,0,0,1,1,0,0,1,1,0,0,0,0,0,197,0,0,0,0,0,0,0,0
4,98,-440.0,30,terminated,0,46,1,0,-440.0,0,0,0,0,1,0,1,1,0,0,1,1,0,0,1,1,0,0,0,0,0,30,0,0,0,0,0,0,0,0
4,99,-465.0,55,terminated,0,46,1,0,-465.0,0,0,0,0,1,0,1,1,0,0,1,1,0,0,1,1,0,0,0,0,0,55,0,0,0,0,0,0,0,0
4,100,-443.0,33,terminated,0,46,1,0,-443.0,0,0,0,0,1,0,1,1,0,0,1,1,0,0,1,1,0,0,0,0,0,33,0,0,0,0,0,0,0,0
4,101,-442.0,32,terminated,0,46,1,0,-442.0,0,0,0,0,1,0,1,1,0,0,1,1,0,0,1,1,0,0,0,0,0,32,0,0,0,0,0,0,0,0
4,102,-457.0,47,terminated,0,46,1,0,-457.0,0,0,0,0,1,0,1,1,0,0,1,1,0,0,1,1,0,0,0,0,0,47,0,0,0,0,0,0,0,0
4,103,-617.0,207,terminated,0,46,1,0,-617.0,0,0,0,0,1,0,1,1,0,0,1,1,0,0,1,1,0,0,0,0,0,207,0,0,0,0,0,0,0,0
4,104,-429.0,19,terminated,0,46,1,0,-429.0,0,0,0,0,1,0,1,1,0,0,1,1,0,0,1,1,0,0,0,0,0,19,0,0,0,0,0,0,0,0
4,105,-518.0,108,terminated,0,46,1,0,-518.0,0,0,0,0,1,0,1,1,0,0,1,1,0,0,1,1,0,0,0,0,0,108,0,0,0,0,0,0,0,0
4,106,-511.0,101,terminated,0,46,1,0,-511.0,0,0,0,0,1,0,1,1,0,0,1,1,0,0,1,1,0,0,0,0,0,101,0,0,0,0,0,0,0,0
4,107,-556.0,146,terminated,0,46,1,0,-556.0,0,0,0,0,1,0,1,1,0,0,1,1,0,0,1,1,0,0,0,0,0,146,0,0,0,0,0,0,0,0
4,108,-210.0,300,truncated,0,46,0,0,-210.0,0,0,0,0,0,0,0,0,0,0,0,0,0,0,0,0,0,0,0,0,0,300,0,0,0,0,0,0,0,0
4,109,-472.0,62,terminated,0,46,1,0,-472.0,0,0,0,0,1,0,1,1,0,0,1,1,0,0,1,1,0,0,0,0,0,62,0,0,0,0,0,0,0,0
4,110,-507.0,97,terminated,0,46,1,0,-507.0,0,0,0,0,1,0,1,1,0,0,1,1,0,0,1,1,0,0,0,0,0,97,0,0,0,0,0,0,0,0
4,111,-438.0,28,terminated,0,46,1,0,-438.0,0,0,0,0,1,0,1,1,0,0,1,1,0,0,1,1,0,0,0,0,0,28,0,0,0,0,0,0,0,0
4,112,-439.0,29,terminated,0,46,1,0,-439.0,0,0,0,0,1,0,1,1,0,0,1,1,0,0,1,1,0,0,0,0,0,29,0,0,0,0,0,0,0,0
4,113,-446.0,36,terminated,0,46,1,0,-446.0,0,0,0,0,1,0,1,1,0,0,1,1,0,0,1,1,0,0,0,0,0,36,0,0,0,0,0,0,0,0
4,114,-431.0,21,terminated,0,46,1,0,-431.0,0,0,0,0,1,0,1,1,0,0,1,1,0,0,1,1,0,0,0,0,0,21,0,0,0,0,0,0,0,0
4,115,-442.0,32,terminated,0,46,1,0,-442.0,0,0,0,0,1,0,1,1,0,0,1,1,0,0,1,1,0,0,0,0,0,32,0,0,0,0,0,0,0,0
4,116,-563.0,153,terminated,0,46,1,0,-563.0,0,0,0,0,1,0,1,1,0,0,1,1,0,0,1,1,0,0,0,0,0,153,0,0,0,0,0,0,0,0
4,117,-431.0,21,terminated,0,46,1,0,-431.0,0,0,0,0,1,0,1,1,0,0,1,1,0,0,1,1,0,0,0,0,0,21,0,0,0,0,0,0,0,0
4,118,-532.0,122,terminated,0,46,1,0,-532.0,0,0,0,0,1,0,1,1,0,0,1,1,0,0,1,1,0,0,0,0,0,122,0,0,0,0,0,0,0,0
4,119,-508.0,98,terminated,0,46,1,0,-508.0,0,0,0,0,1,0,1,1,0,0,1,1,0,0,1,1,0,0,0,0,0,98,0,0,0,0,0,0,0,0
4,120,-654.0,244,terminated,0,46,1,0,-654.0,0,0,0,0,1,0,1,1,0,0,1,1,0,0,1,1,0,0,0,0,0,244,0,0,0,0,0,0,0,0
4,121,-462.0,52,terminated,0,46,1,0,-462.0,0,0,0,0,1,0,1,1,0,0,1,1,0,0,1,1,0,0,0,0,0,52,0,0,0,0,0,0,0,0
4,122,-449.0,39,terminated,0,46,1,0,-449.0,0,0,0,0,1,0,1,1,0,0,1,1,0,0,1,1,0,0,0,0,0,39,0,0,0,0,0,0,0,0
4,123,-454.0,44,terminated,0,46,1,0,-454.0,0,0,0,0,1,0,1,1,0,0,1,1,0,0,1,1,0,0,0,0,0,44,0,0,0,0,0,0,0,0
4,124,-442.0,32,terminated,0,46,1,0,-442.0,0,0,0,0,1,0,1,1,0,0,1,1,0,0,1,1,0,0,0,0,0,32,0,0,0,0,0,0,0,0
4,125,-448.0,38,terminated,0,46,1,0,-448.0,0,0,0,0,1,0,1,1,0,0,1,1,0,0,1,1,0,0,0,0,0,38,0,0,0,0,0,0,0,0
4,126,-475.0,65,terminated,0,46,1,0,-475.0,0,0,0,0,1,0,1,1,0,0,1,1,0,0,1,1,0,0,0,0,0,65,0,0,0,0,0,0,0,0
4,127,-451.0,41,terminated,0,46,1,0,-451.0,0,0,0,0,1,0,1,1,0,0,1,1,0,0,1,1,0,0,0,0,0,41,0,0,0,0,0,0,0,0
4,128,-474.0,64,terminated,0,46,1,0,-474.0,0,0,0,0,1,0,1,1,0,0,1,1,0,0,1,1,0,0,0,0,0,64,0,0,0,0,0,0,0,0
4,129,-610.0,200,terminated,0,46,1,0,-610.0,0,0,0,0,1,0,1,1,0,0,1,1,0,0,1,1,0,0,0,0,0,200,0,0,0,0,0,0,0,0
4,130,-576.0,166,terminated,0,46,1,0,-576.0,0,0,0,0,1,0,1,1,0,0,1,1,0,0,1,1,0,0,0,0,0,166,0,0,0,0,0,0,0,0
4,131,-447.0,37,terminated,0,46,1,0,-447.0,0,0,0,0,1,0,1,1,0,0,1,1,0,0,1,1,0,0,0,0,0,37,0,0,0,0,0,0,0,0
4,132,-532.0,122,terminated,0,46,1,0,-532.0,0,0,0,0,1,0,1,1,0,0,1,1,0,0,1,1,0,0,0,0,0,122,0,0,0,0,0,0,0,0
4,133,-498.0,88,terminated,0,46,1,0,-498.0,0,0,0,0,1,0,1,1,0,0,1,1,0,0,1,1,0,0,0,0,0,88,0,0,0,0,0,0,0,0
4,134,-457.0,47,terminated,0,46,1,0,-457.0,0,0,0,0,1,0,1,1,0,0,1,1,0,0,1,1,0,0,0,0,0,47,0,0,0,0,0,0,0,0
4,135,-554.0,144,terminated,0,46,1,0,-554.0,0,0,0,0,1,0,1,1,0,0,1,1,0,0,1,1,0,0,0,0,0,144,0,0,0,0,0,0,0,0
4,136,-468.0,58,terminated,0,46,1,0,-468.0,0,0,0,0,1,0,1,1,0,0,1,1,0,0,1,1,0,0,0,0,0,58,0,0,0,0,0,0,0,0
4,137,-496.0,86,terminated,0,46,1,0,-496.0,0,0,0,0,1,0,1,1,0,0,1,1,0,0,1,1,0,0,0,0,0,86,0,0,0,0,0,0,0,0
4,138,-468.0,58,terminated,0,46,1,0,-468.0,0,0,0,0,1,0,1,1,0,0,1,1,0,0,1,1,0,0,0,0,0,58,0,0,0,0,0,0,0,0
4,139,-489.0,79,terminated,0,46,1,0,-489.0,0,0,0,0,1,0,1,1,0,0,1,1,0,0,1,1,0,0,0,0,0,79,0,0,0,0,0,0,0,0
4,140,-480.0,70,terminated,0,46,1,0,-480.0,0,0,0,0,1,0,1,1,0,0,1,1,0,0,1,1,0,0,0,0,0,70,0,0,0,0,0,0,0,0
4,141,-447.0,37,terminated,0,46,1,0,-447.0,0,0,0,0,1,0,1,1,0,0,1,1,0,0,1,1,0,0,0,0,0,37,0,0,0,0,0,0,0,0
4,142,-637.0,227,terminated,0,46,1,0,-637.0,0,0,0,0,1,0,1,1,0,0,1,1,0,0,1,1,0,0,0,0,0,227,0,0,0,0,0,0,0,0
4,143,-521.0,111,terminated,0,46,1,0,-521.0,0,0,0,0,1,0,1,1,0,0,1,1,0,0,1,1,0,0,0,0,0,111,0,0,0,0,0,0,0,0
4,144,-610.0,200,terminated,0,46,1,0,-610.0,0,0,0,0,1,0,1,1,0,0,1,1,0,0,1,1,0,0,0,0,0,200,0,0,0,0,0,0,0,0
4,145,-474.0,64,terminated,0,46,1,0,-474.0,0,0,0,0,1,0,1,1,0,0,1,1,0,0,1,1,0,0,0,0,0,64,0,0,0,0,0,0,0,0
4,146,-442.0,32,terminated,0,46,1,0,-442.0,0,0,0,0,1,0,1,1,0,0,1,1,0,0,1,1,0,0,0,0,0,32,0,0,0,0,0,0,0,0
4,147,-512.0,102,terminated,0,46,1,0,-512.0,0,0,0,0,1,0,1,1,0,0,1,1,0,0,1,1,0,0,0,0,0,102,0,0,0,0,0,0,0,0
4,148,-570.0,160,terminated,0,46,1,0,-570.0,0,0,0,0,1,0,1,1,0,0,1,1,0,0,1,1,0,0,0,0,0,160,0,0,0,0,0,0,0,0
4,149,-441.0,31,terminated,0,46,1,0,-441.0,0,0,0,0,1,0,1,1,0,0,1,1,0,0,1,1,0,0,0,0,0,31,0,0,0,0,0,0,0,0
4,150,-545.0,135,terminated,0,46,1,0,-545.0,0,0,0,0,1,0,1,1,0,0,1,1,0,0,1,1,0,0,0,0,0,135,0,0,0,0,0,0,0,0
4,151,-446.0,36,terminated,0,46,1,0,-446.0,0,0,0,0,1,0,1,1,0,0,1,1,0,0,1,1,0,0,0,0,0,36,0,0,0,0,0,0,0,0
4,152,-438.0,28,terminated,0,46,1,0,-438.0,0,0,0,0,1,0,1,1,0,0,1,1,0,0,1,1,0,0,0,0,0,28,0,0,0,0,0,0,0,0
4,153,-473.0,63,terminated,0,46,1,0,-473.0,0,0,0,0,1,0,1,1,0,0,1,1,0,0,1,1,0,0,0,0,0,63,0,0,0,0,0,0,0,0
4,154,-605.0,195,terminated,0,46,1,0,-605.0,0,0,0,0,1,0,1,1,0,0,1,1,0,0,1,1,0,0,0,0,0,195,0,0,0,0,0,0,0,0
4,155,-577.0,167,terminated,0,46,1,0,-577.0,0,0,0,0,1,0,1,1,0,0,1,1,0,0,1,1,0,0,0,0,0,167,0,0,0,0,0,0,0,0
4,156,-449.0,39,terminated,0,46,1,0,-449.0,0,0,0,0,1,0,1,1,0,0,1,1,0,0,1,1,0,0,0,0,0,39,0,0,0,0,0,0,0,0
4,157,-444.0,34,terminated,0,46,1,0,-444.0,0,0,0,0,1,0,1,1,0,0,1,1,0,0,1,1,0,0,0,0,0,34,0,0,0,0,0,0,0,0
4,158,-510.0,100,terminated,0,46,1,0,-510.0,0,0,0,0,1,0,1,1,0,0,1,1,0,0,1,1,0,0,0,0,0,100,0,0,0,0,0,0,0,0
4,159,-446.0,36,terminated,0,46,1,0,-446.0,0,0,0,0,1,0,1,1,0,0,1,1,0,0,1,1,0,0,0,0,0,36,0,0,0,0,0,0,0,0
4,160,-620.0,210,terminated,0,46,1,0,-620.0,0,0,0,0,1,0,1,1,0,0,1,1,0,0,1,1,0,0,0,0,0,210,0,0,0,0,0,0,0,0
4,161,-456.0,46,terminated,0,46,1,0,-456.0,0,0,0,0,1,0,1,1,0,0,1,1,0,0,1,1,0,0,0,0,0,46,0,0,0,0,0,0,0,0
4,162,-444.0,34,terminated,0,46,1,0,-444.0,0,0,0,0,1,0,1,1,0,0,1,1,0,0,1,1,0,0,0,0,0,34,0,0,0,0,0,0,0,0
4,163,-466.0,56,terminated,0,46,1,0,-466.0,0,0,0,0,1,0,1,1,0,0,1,1,0,0,1,1,0,0,0,0,0,56,0,0,0,0,0,0,0,0
4,164,-440.0,30,terminated,0,46,1,0,-440.0,0,0,0,0,1,0,1,1,0,0,1,1,0,0,1,1,0,0,0,0,0,30,0,0,0,0,0,0,0,0
4,165,-438.0,28,terminated,0,46,1,0,-438.0,0,0,0,0,1,0,1,1,0,0,1,1,0,0,1,1,0,0,0,0,0,28,0,0,0,0,0,0,0,0
4,166,-463.0,53,terminated,0,46,1,0,-463.0,0,0,0,0,1,0,1,1,0,0,1,1,0,0,1,1,0,0,0,0,0,53,0,0,0,0,0,0,0,0
4,167,-468.0,58,terminated,0,46,1,0,-468.0,0,0,0,0,1,0,1,1,0,0,1,1,0,0,1,1,0,0,0,0,0,58,0,0,0,0,0,0,0,0
4,168,-476.0,66,terminated,0,46,1,0,-476.0,0,0,0,0,1,0,1,1,0,0,1,1,0,0,1,1,0,0,0,0,0,66,0,0,0,0,0,0,0,0
4,169,-527.0,117,terminated,0,46,1,0,-527.0,0,0,0,0,1,0,1,1,0,0,1,1,0,0,1,1,0,0,0,0,0,117,0,0,0,0,0,0,0,0
4,170,-625.0,215,terminated,0,46,1,0,-625.0,0,0,0,0,1,0,1,1,0,0,1,1,0,0,1,1,0,0,0,0,0,215,0,0,0,0,0,0,0,0
4,171,-451.0,41,terminated,0,46,1,0,-451.0,0,0,0,0,1,0,1,1,0,0,1,1,0,0,1,1,0,0,0,0,0,41,0,0,0,0,0,0,0,0
4,172,-455.0,45,terminated,0,46,1,0,-455.0,0,0,0,0,1,0,1,1,0,0,1,1,0,0,1,1,0,0,0,0,0,45,0,0,0,0,0,0,0,0
4,173,-453.0,43,terminated,0,46,1,0,-453.0,0,0,0,0,1,0,1,1,0,0,1,1,0,0,1,1,0,0,0,0,0,43,0,0,0,0,0,0,0,0
4,174,-577.0,167,terminated,0,46,1,0,-577.0,0,0,0,0,1,0,1,1,0,0,1,1,0,0,1,1,0,0,0,0,0,167,0,0,0,0,0,0,0,0
4,175,-455.0,45,terminated,0,46,1,0,-455.0,0,0,0,0,1,0,1,1,0,0,1,1,0,0,1,1,0,0,0,0,0,45,0,0,0,0,0,0,0,0
4,176,-431.0,21,terminated,0,46,1,0,-431.0,0,0,0,0,1,0,1,1,0,0,1,1,0,0,1,1,0,0,0,0,0,21,0,0,0,0,0,0,0,0
4,177,-432.0,22,terminated,0,46,1,0,-432.0,0,0,0,0,1,0,1,1,0,0,1,1,0,0,1,1,0,0,0,0,0,22,0,0,0,0,0,0,0,0
4,178,-446.0,36,terminated,0,46,1,0,-446.0,0,0,0,0,1,0,1,1,0,0,1,1,0,0,1,1,0,0,0,0,0,36,0,0,0,0,0,0,0,0
4,179,-452.0,42,terminated,0,46,1,0,-452.0,0,0,0,0,1,0,1,1,0,0,1,1,0,0,1,1,0,0,0,0,0,42,0,0,0,0,0,0,0,0
4,180,-497.0,87,terminated,0,46,1,0,-497.0,0,0,0,0,1,0,1,1,0,0,1,1,0,0,1,1,0,0,0,0,0,87,0,0,0,0,0,0,0,0
4,181,-435.0,25,terminated,0,46,1,0,-435.0,0,0,0,0,1,0,1,1,0,0,1,1,0,0,1,1,0,0,0,0,0,25,0,0,0,0,0,0,0,0
4,182,-457.0,47,terminated,0,46,1,0,-457.0,0,0,0,0,1,0,1,1,0,0,1,1,0,0,1,1,0,0,0,0,0,47,0,0,0,0,0,0,0,0
4,183,-450.0,40,terminated,0,46,1,0,-450.0,0,0,0,0,1,0,1,1,0,0,1,1,0,0,1,1,0,0,0,0,0,40,0,0,0,0,0,0,0,0
4,184,-460.0,50,terminated,0,46,1,0,-460.0,0,0,0,0,1,0,1,1,0,0,1,1,0,0,1,1,0,0,0,0,0,50,0,0,0,0,0,0,0,0
4,185,-436.0,26,terminated,0,46,1,0,-436.0,0,0,0,0,1,0,1,1,0,0,1,1,0,0,1,1,0,0,0,0,0,26,0,0,0,0,0,0,0,0
4,186,-459.0,49,terminated,0,46,1,0,-459.0,0,0,0,0,1,0,1,1,0,0,1,1,0,0,1,1,0,0,0,0,0,49,0,0,0,0,0,0,0,0
4,187,-488.0,78,terminated,0,46,1,0,-488.0,0,0,0,0,1,0,1,1,0,0,1,1,0,0,1,1,0,0,0,0,0,78,0,0,0,0,0,0,0,0
4,188,-435.0,25,terminated,0,46,1,0,-435.0,0,0,0,0,1,0,1,1,0,0,1,1,0,0,1,1,0,0,0,0,0,25,0,0,0,0,0,0,0,0
4,189,-523.0,113,terminated,0,46,1,0,-523.0,0,0,0,0,1,0,1,1,0,0,1,1,0,0,1,1,0,0,0,0,0,113,0,0,0,0,0,0,0,0
4,190,-451.0,41,terminated,0,46,1,0,-451.0,0,0,0,0,1,0,1,1,0,0,1,1,0,0,1,1,0,0,0,0,0,41,0,0,0,0,0,0,0,0
4,191,-442.0,32,terminated,0,46,1,0,-442.0,0,0,0,0,1,0,1,1,0,0,1,1,0,0,1,1,0,0,0,0,0,32,0,0,0,0,0,0,0,0
4,192,-440.0,30,terminated,0,46,1,0,-440.0,0,0,0,0,1,0,1,1,0,0,1,1,0,0,1,1,0,0,0,0,0,30,0,0,0,0,0,0,0,0
4,193,-492.0,82,terminated,0,46,1,0,-492.0,0,0,0,0,1,0,1,1,0,0,1,1,0,0,1,1,0,0,0,0,0,82,0,0,0,0,0,0,0,0
4,194,-457.0,47,terminated,0,46,1,0,-457.0,0,0,0,0,1,0,1,1,0,0,1,1,0,0,1,1,0,0,0,0,0,47,0,0,0,0,0,0,0,0
4,195,-451.0,41,terminated,0,46,1,0,-451.0,0,0,0,0,1,0,1,1,0,0,1,1,0,0,1,1,0,0,0,0,0,41,0,0,0,0,0,0,0,0
4,196,-434.0,24,terminated,0,46,1,0,-434.0,0,0,0,0,1,0,1,1,0,0,1,1,0,0,1,1,0,0,0,0,0,24,0,0,0,0,0,0,0,0
4,197,-617.0,207,terminated,0,46,1,0,-617.0,0,0,0,0,1,0,1,1,0,0,1,1,0,0,1,1,0,0,0,0,0,207,0,0,0,0,0,0,0,0
4,198,-434.0,24,terminated,0,46,1,0,-434.0,0,0,0,0,1,0,1,1,0,0,1,1,0,0,1,1,0,0,0,0,0,24,0,0,0,0,0,0,0,0
4,199,-569.0,159,terminated,0,46,1,0,-569.0,0,0,0,0,1,0,1,1,0,0,1,1,0,0,1,1,0,0,0,0,0,159,0,0,0,0,0,0,0,0
4,200,-468.0,58,terminated,0,46,1,0,-468.0,0,0,0,0,1,0,1,1,0,0,1,1,0,0,1,1,0,0,0,0,0,58,0,0,0,0,0,0,0,0
4,201,-520.0,110,terminated,0,46,1,0,-520.0,0,0,0,0,1,0,1,1,0,0,1,1,0,0,1,1,0,0,0,0,0,110,0,0,0,0,0,0,0,0
4,202,-491.0,81,terminated,0,46,1,0,-491.0,0,0,0,0,1,0,1,1,0,0,1,1,0,0,1,1,0,0,0,0,0,81,0,0,0,0,0,0,0,0
4,203,-513.0,103,terminated,0,46,1,0,-513.0,0,0,0,0,1,0,1,1,0,0,1,1,0,0,1,1,0,0,0,0,0,103,0,0,0,0,0,0,0,0
4,204,-517.0,107,terminated,0,46,1,0,-517.0,0,0,0,0,1,0,1,1,0,0,1,1,0,0,1,1,0,0,0,0,0,107,0,0,0,0,0,0,0,0
4,205,-683.0,273,terminated,0,46,1,0,-683.0,0,0,0,0,1,0,1,1,0,0,1,1,0,0,1,1,0,0,0,0,0,273,0,0,0,0,0,0,0,0
4,206,-456.0,46,terminated,0,46,1,0,-456.0,0,0,0,0,1,0,1,1,0,0,1,1,0,0,1,1,0,0,0,0,0,46,0,0,0,0,0,0,0,0
4,207,-515.0,105,terminated,0,46,1,0,-515.0,0,0,0,0,1,0,1,1,0,0,1,1,0,0,1,1,0,0,0,0,0,105,0,0,0,0,0,0,0,0
4,208,-557.0,147,terminated,0,46,1,0,-557.0,0,0,0,0,1,0,1,1,0,0,1,1,0,0,1,1,0,0,0,0,0,147,0,0,0,0,0,0,0,0
4,209,-452.0,42,terminated,0,46,1,0,-452.0,0,0,0,0,1,0,1,1,0,0,1,1,0,0,1,1,0,0,0,0,0,42,0,0,0,0,0,0,0,0
4,210,-553.0,143,terminated,0,46,1,0,-553.0,0,0,0,0,1,0,1,1,0,0,1,1,0,0,1,1,0,0,0,0,0,143,0,0,0,0,0,0,0,0
4,211,-506.0,96,terminated,0,46,1,0,-506.0,0,0,0,0,1,0,1,1,0,0,1,1,0,0,1,1,0,0,0,0,0,96,0,0,0,0,0,0,0,0
4,212,-495.0,85,terminated,0,46,1,0,-495.0,0,0,0,0,1,0,1,1,0,0,1,1,0,0,1,1,0,0,0,0,0,85,0,0,0,0,0,0,0,0
4,213,-544.0,134,terminated,0,46,1,0,-544.0,0,0,0,0,1,0,1,1,0,0,1,1,0,0,1,1,0,0,0,0,0,134,0,0,0,0,0,0,0,0
4,214,-468.0,58,terminated,0,46,1,0,-468.0,0,0,0,0,1,0,1,1,0,0,1,1,0,0,1,1,0,0,0,0,0,58,0,0,0,0,0,0,0,0
4,215,-485.0,75,terminated,0,46,1,0,-485.0,0,0,0,0,1,0,1,1,0,0,1,1,0,0,1,1,0,0,0,0,0,75,0,0,0,0,0,0,0,0
4,216,-444.0,34,terminated,0,46,1,0,-444.0,0,0,0,0,1,0,1,1,0,0,1,1,0,0,1,1,0,0,0,0,0,34,0,0,0,0,0,0,0,0
4,217,-532.0,122,terminated,0,46,1,0,-532.0,0,0,0,0,1,0,1,1,0,0,1,1,0,0,1,1,0,0,0,0,0,122,0,0,0,0,0,0,0,0
4,218,-506.0,96,terminated,0,46,1,0,-506.0,0,0,0,0,1,0,1,1,0,0,1,1,0,0,1,1,0,0,0,0,0,96,0,0,0,0,0,0,0,0
4,219,-508.0,98,terminated,0,46,1,0,-508.0,0,0,0,0,1,0,1,1,0,0,1,1,0,0,1,1,0,0,0,0,0,98,0,0,0,0,0,0,0,0
4,220,-475.0,65,terminated,0,46,1,0,-475.0,0,0,0,0,1,0,1,1,0,0,1,1,0,0,1,1,0,0,0,0,0,65,0,0,0,0,0,0,0,0
4,221,-520.0,110,terminated,0,46,1,0,-520.0,0,0,0,0,1,0,1,1,0,0,1,1,0,0,1,1,0,0,0,0,0,110,0,0,0,0,0,0,0,0
4,222,-465.0,55,terminated,0,46,1,0,-465.0,0,0,0,0,1,0,1,1,0,0,1,1,0,0,1,1,0,0,0,0,0,55,0,0,0,0,0,0,0,0
4,223,-449.0,39,terminated,0,46,1,0,-449.0,0,0,0,0,1,0,1,1,0,0,1,1,0,0,1,1,0,0,0,0,0,39,0,0,0,0,0,0,0,0
4,224,-532.0,122,terminated,0,46,1,0,-532.0,0,0,0,0,1,0,1,1,0,0,1,1,0,0,1,1,0,0,0,0,0,122,0,0,0,0,0,0,0,0
4,225,-457.0,47,terminated,0,46,1,0,-457.0,0,0,0,0,1,0,1,1,0,0,1,1,0,0,1,1,0,0,0,0,0,47,0,0,0,0,0,0,0,0
4,226,-445.0,35,terminated,0,46,1,0,-445.0,0,0,0,0,1,0,1,1,0,0,1,1,0,0,1,1,0,0,0,0,0,35,0,0,0,0,0,0,0,0
4,227,-608.0,198,terminated,0,46,1,0,-608.0,0,0,0,0,1,0,1,1,0,0,1,1,0,0,1,1,0,0,0,0,0,198,0,0,0,0,0,0,0,0
4,228,-210.0,300,truncated,0,46,0,0,-210.0,0,0,0,0,0,0,0,0,0,0,0,0,0,0,0,0,0,0,0,0,0,300,0,0,0,0,0,0,0,0
4,229,-441.0,31,terminated,0,46,1,0,-441.0,0,0,0,0,1,0,1,1,0,0,1,1,0,0,1,1,0,0,0,0,0,31,0,0,0,0,0,0,0,0
4,230,-487.0,77,terminated,0,46,1,0,-487.0,0,0,0,0,1,0,1,1,0,0,1,1,0,0,1,1,0,0,0,0,0,77,0,0,0,0,0,0,0,0
4,231,-210.0,300,truncated,0,46,0,0,-210.0,0,0,0,0,0,0,0,0,0,0,0,0,0,0,0,0,0,0,0,0,0,300,0,0,0,0,0,0,0,0
4,232,-458.0,48,terminated,0,46,1,0,-458.0,0,0,0,0,1,0,1,1,0,0,1,1,0,0,1,1,0,0,0,0,0,48,0,0,0,0,0,0,0,0
4,233,-511.0,101,terminated,0,46,1,0,-511.0,0,0,0,0,1,0,1,1,0,0,1,1,0,0,1,1,0,0,0,0,0,101,0,0,0,0,0,0,0,0
4,234,-434.0,24,terminated,0,46,1,0,-434.0,0,0,0,0,1,0,1,1,0,0,1,1,0,0,1,1,0,0,0,0,0,24,0,0,0,0,0,0,0,0
4,235,-614.0,204,terminated,0,46,1,0,-614.0,0,0,0,0,1,0,1,1,0,0,1,1,0,0,1,1,0,0,0,0,0,204,0,0,0,0,0,0,0,0
4,236,-561.0,151,terminated,0,46,1,0,-561.0,0,0,0,0,1,0,1,1,0,0,1,1,0,0,1,1,0,0,0,0,0,151,0,0,0,0,0,0,0,0
4,237,-514.0,104,terminated,0,46,1,0,-514.0,0,0,0,0,1,0,1,1,0,0,1,1,0,0,1,1,0,0,0,0,0,104,0,0,0,0,0,0,0,0
4,238,-458.0,48,terminated,0,46,1,0,-458.0,0,0,0,0,1,0,1,1,0,0,1,1,0,0,1,1,0,0,0,0,0,48,0,0,0,0,0,0,0,0
4,239,-588.0,178,terminated,0,46,1,0,-588.0,0,0,0,0,1,0,1,1,0,0,1,1,0,0,1,1,0,0,0,0,0,178,0,0,0,0,0,0,0,0
4,240,-486.0,76,terminated,0,46,1,0,-486.0,0,0,0,0,1,0,1,1,0,0,1,1,0,0,1,1,0,0,0,0,0,76,0,0,0,0,0,0,0,0
4,241,-480.0,70,terminated,0,46,1,0,-480.0,0,0,0,0,1,0,1,1,0,0,1,1,0,0,1,1,0,0,0,0,0,70,0,0,0,0,0,0,0,0
4,242,-541.0,131,terminated,0,46,1,0,-541.0,0,0,0,0,1,0,1,1,0,0,1,1,0,0,1,1,0,0,0,0,0,131,0,0,0,0,0,0,0,0
4,243,-589.0,179,terminated,0,46,1,0,-589.0,0,0,0,0,1,0,1,1,0,0,1,1,0,0,1,1,0,0,0,0,0,179,0,0,0,0,0,0,0,0
4,244,-462.0,52,terminated,0,46,1,0,-462.0,0,0,0,0,1,0,1,1,0,0,1,1,0,0,1,1,0,0,0,0,0,52,0,0,0,0,0,0,0,0
4,245,-468.0,58,terminated,0,46,1,0,-468.0,0,0,0,0,1,0,1,1,0,0,1,1,0,0,1,1,0,0,0,0,0,58,0,0,0,0,0,0,0,0
4,246,-518.0,108,terminated,0,46,1,0,-518.0,0,0,0,0,1,0,1,1,0,0,1,1,0,0,1,1,0,0,0,0,0,108,0,0,0,0,0,0,0,0
4,247,-616.0,206,terminated,0,46,1,0,-616.0,0,0,0,0,1,0,1,1,0,0,1,1,0,0,1,1,0,0,0,0,0,206,0,0,0,0,0,0,0,0
4,248,-488.0,78,terminated,0,46,1,0,-488.0,0,0,0,0,1,0,1,1,0,0,1,1,0,0,1,1,0,0,0,0,0,78,0,0,0,0,0,0,0,0
4,249,-585.0,175,terminated,0,46,1,0,-585.0,0,0,0,0,1,0,1,1,0,0,1,1,0,0,1,1,0,0,0,0,0,175,0,0,0,0,0,0,0,0
4,250,-498.0,88,terminated,0,46,1,0,-498.0,0,0,0,0,1,0,1,1,0,0,1,1,0,0,1,1,0,0,0,0,0,88,0,0,0,0,0,0,0,0
4,251,-610.0,200,terminated,0,46,1,0,-610.0,0,0,0,0,1,0,1,1,0,0,1,1,0,0,1,1,0,0,0,0,0,200,0,0,0,0,0,0,0,0
4,252,-488.0,78,terminated,0,46,1,0,-488.0,0,0,0,0,1,0,1,1,0,0,1,1,0,0,1,1,0,0,0,0,0,78,0,0,0,0,0,0,0,0
4,253,-441.0,31,terminated,0,46,1,0,-441.0,0,0,0,0,1,0,1,1,0,0,1,1,0,0,1,1,0,0,0,0,0,31,0,0,0,0,0,0,0,0
4,254,-459.0,49,terminated,0,46,1,0,-459.0,0,0,0,0,1,0,1,1,0,0,1,1,0,0,1,1,0,0,0,0,0,49,0,0,0,0,0,0,0,0
4,255,-462.0,52,terminated,0,46,1,0,-462.0,0,0,0,0,1,0,1,1,0,0,1,1,0,0,1,1,0,0,0,0,0,52,0,0,0,0,0,0,0,0
4,256,-453.0,43,terminated,0,46,1,0,-453.0,0,0,0,0,1,0,1,1,0,0,1,1,0,0,1,1,0,0,0,0,0,43,0,0,0,0,0,0,0,0
4,257,-519.0,109,terminated,0,46,1,0,-519.0,0,0,0,0,1,0,1,1,0,0,1,1,0,0,1,1,0,0,0,0,0,109,0,0,0,0,0,0,0,0
4,258,-457.0,47,terminated,0,46,1,0,-457.0,0,0,0,0,1,0,1,1,0,0,1,1,0,0,1,1,0,0,0,0,0,47,0,0,0,0,0,0,0,0
4,259,-447.0,37,terminated,0,46,1,0,-447.0,0,0,0,0,1,0,1,1,0,0,1,1,0,0,1,1,0,0,0,0,0,37,0,0,0,0,0,0,0,0
4,260,-453.0,43,terminated,0,46,1,0,-453.0,0,0,0,0,1,0,1,1,0,0,1,1,0,0,1,1,0,0,0,0,0,43,0,0,0,0,0,0,0,0
4,261,-443.0,33,terminated,0,46,1,0,-443.0,0,0,0,0,1,0,1,1,0,0,1,1,0,0,1,1,0,0,0,0,0,33,0,0,0,0,0,0,0,0
4,262,-500.0,90,terminated,0,46,1,0,-500.0,0,0,0,0,1,0,1,1,0,0,1,1,0,0,1,1,0,0,0,0,0,90,0,0,0,0,0,0,0,0
4,263,-446.0,36,terminated,0,46,1,0,-446.0,0,0,0,0,1,0,1,1,0,0,1,1,0,0,1,1,0,0,0,0,0,36,0,0,0,0,0,0,0,0
4,264,-459.0,49,terminated,0,46,1,0,-459.0,0,0,0,0,1,0,1,1,0,0,1,1,0,0,1,1,0,0,0,0,0,49,0,0,0,0,0,0,0,0
4,265,-521.0,111,terminated,0,46,1,0,-521.0,0,0,0,0,1,0,1,1,0,0,1,1,0,0,1,1,0,0,0,0,0,111,0,0,0,0,0,0,0,0
4,266,-503.0,93,terminated,0,46,1,0,-503.0,0,0,0,0,1,0,1,1,0,0,1,1,0,0,1,1,0,0,0,0,0,93,0,0,0,0,0,0,0,0
4,267,-491.0,81,terminated,0,46,1,0,-491.0,0,0,0,0,1,0,1,1,0,0,1,1,0,0,1,1,0,0,0,0,0,81,0,0,0,0,0,0,0,0
4,268,-476.0,66,terminated,0,46,1,0,-476.0,0,0,0,0,1,0,1,1,0,0,1,1,0,0,1,1,0,0,0,0,0,66,0,0,0,0,0,0,0,0
4,269,-433.0,23,terminated,0,46,1,0,-433.0,0,0,0,0,1,0,1,1,0,0,1,1,0,0,1,1,0,0,0,0,0,23,0,0,0,0,0,0,0,0
4,270,-453.0,43,terminated,0,46,1,0,-453.0,0,0,0,0,1,0,1,1,0,0,1,1,0,0,1,1,0,0,0,0,0,43,0,0,0,0,0,0,0,0
4,271,-496.0,86,terminated,0,46,1,0,-496.0,0,0,0,0,1,0,1,1,0,0,1,1,0,0,1,1,0,0,0,0,0,86,0,0,0,0,0,0,0,0
4,272,-453.0,43,terminated,0,46,1,0,-453.0,0,0,0,0,1,0,1,1,0,0,1,1,0,0,1,1,0,0,0,0,0,43,0,0,0,0,0,0,0,0
4,273,-454.0,44,terminated,0,46,1,0,-454.0,0,0,0,0,1,0,1,1,0,0,1,1,0,0,1,1,0,0,0,0,0,44,0,0,0,0,0,0,0,0
4,274,-452.0,42,terminated,0,46,1,0,-452.0,0,0,0,0,1,0,1,1,0,0,1,1,0,0,1,1,0,0,0,0,0,42,0,0,0,0,0,0,0,0
4,275,-469.0,59,terminated,0,46,1,0,-469.0,0,0,0,0,1,0,1,1,0,0,1,1,0,0,1,1,0,0,0,0,0,59,0,0,0,0,0,0,0,0
4,276,-210.0,300,truncated,0,46,0,0,-210.0,0,0,0,0,0,0,0,0,0,0,0,0,0,0,0,0,0,0,0,0,0,300,0,0,0,0,0,0,0,0
4,277,-568.0,158,terminated,0,46,1,0,-568.0,0,0,0,0,1,0,1,1,0,0,1,1,0,0,1,1,0,0,0,0,0,158,0,0,0,0,0,0,0,0
4,278,-550.0,140,terminated,0,46,1,0,-550.0,0,0,0,0,1,0,1,1,0,0,1,1,0,0,1,1,0,0,0,0,0,140,0,0,0,0,0,0,0,0
4,279,-505.0,95,terminated,0,46,1,0,-505.0,0,0,0,0,1,0,1,1,0,0,1,1,0,0,1,1,0,0,0,0,0,95,0,0,0,0,0,0,0,0
4,280,-633.0,223,terminated,0,46,1,0,-633.0,0,0,0,0,1,0,1,1,0,0,1,1,0,0,1,1,0,0,0,0,0,223,0,0,0,0,0,0,0,0
4,281,-523.0,113,terminated,0,46,1,0,-523.0,0,0,0,0,1,0,1,1,0,0,1,1,0,0,1,1,0,0,0,0,0,113,0,0,0,0,0,0,0,0
4,282,-525.0,115,terminated,0,46,1,0,-525.0,0,0,0,0,1,0,1,1,0,0,1,1,0,0,1,1,0,0,0,0,0,115,0,0,0,0,0,0,0,0
4,283,-444.0,34,terminated,0,46,1,0,-444.0,0,0,0,0,1,0,1,1,0,0,1,1,0,0,1,1,0,0,0,0,0,34,0,0,0,0,0,0,0,0
4,284,-452.0,42,terminated,0,46,1,0,-452.0,0,0,0,0,1,0,1,1,0,0,1,1,0,0,1,1,0,0,0,0,0,42,0,0,0,0,0,0,0,0
4,285,-455.0,45,terminated,0,46,1,0,-455.0,0,0,0,0,1,0,1,1,0,0,1,1,0,0,1,1,0,0,0,0,0,45,0,0,0,0,0,0,0,0
4,286,-452.0,42,terminated,0,46,1,0,-452.0,0,0,0,0,1,0,1,1,0,0,1,1,0,0,1,1,0,0,0,0,0,42,0,0,0,0,0,0,0,0
4,287,-436.0,26,terminated,0,46,1,0,-436.0,0,0,0,0,1,0,1,1,0,0,1,1,0,0,1,1,0,0,0,0,0,26,0,0,0,0,0,0,0,0
4,288,-521.0,111,terminated,0,46,1,0,-521.0,0,0,0,0,1,0,1,1,0,0,1,1,0,0,1,1,0,0,0,0,0,111,0,0,0,0,0,0,0,0
4,289,-432.0,22,terminated,0,46,1,0,-432.0,0,0,0,0,1,0,1,1,0,0,1,1,0,0,1,1,0,0,0,0,0,22,0,0,0,0,0,0,0,0
4,290,-622.0,212,terminated,0,46,1,0,-622.0,0,0,0,0,1,0,1,1,0,0,1,1,0,0,1,1,0,0,0,0,0,212,0,0,0,0,0,0,0,0
4,291,-436.0,26,terminated,0,46,1,0,-436.0,0,0,0,0,1,0,1,1,0,0,1,1,0,0,1,1,0,0,0,0,0,26,0,0,0,0,0,0,0,0
4,292,-456.0,46,terminated,0,46,1,0,-456.0,0,0,0,0,1,0,1,1,0,0,1,1,0,0,1,1,0,0,0,0,0,46,0,0,0,0,0,0,0,0
4,293,-451.0,41,terminated,0,46,1,0,-451.0,0,0,0,0,1,0,1,1,0,0,1,1,0,0,1,1,0,0,0,0,0,41,0,0,0,0,0,0,0,0
4,294,-519.0,109,terminated,0,46,1,0,-519.0,0,0,0,0,1,0,1,1,0,0,1,1,0,0,1,1,0,0,0,0,0,109,0,0,0,0,0,0,0,0
4,295,-439.0,29,terminated,0,46,1,0,-439.0,0,0,0,0,1,0,1,1,0,0,1,1,0,0,1,1,0,0,0,0,0,29,0,0,0,0,0,0,0,0
4,296,-567.0,157,terminated,0,46,1,0,-567.0,0,0,0,0,1,0,1,1,0,0,1,1,0,0,1,1,0,0,0,0,0,157,0,0,0,0,0,0,0,0
4,297,-481.0,71,terminated,0,46,1,0,-481.0,0,0,0,0,1,0,1,1,0,0,1,1,0,0,1,1,0,0,0,0,0,71,0,0,0,0,0,0,0,0
4,298,-457.0,47,terminated,0,46,1,0,-457.0,0,0,0,0,1,0,1,1,0,0,1,1,0,0,1,1,0,0,0,0,0,47,0,0,0,0,0,0,0,0
4,299,-549.0,139,terminated,0,46,1,0,-549.0,0,0,0,0,1,0,1,1,0,0,1,1,0,0,1,1,0,0,0,0,0,139,0,0,0,0,0,0,0,0
4,300,-451.0,41,terminated,0,46,1,0,-451.0,0,0,0,0,1,0,1,1,0,0,1,1,0,0,1,1,0,0,0,0,0,41,0,0,0,0,0,0,0,0
4,301,-589.0,179,terminated,0,46,1,0,-589.0,0,0,0,0,1,0,1,1,0,0,1,1,0,0,1,1,0,0,0,0,0,179,0,0,0,0,0,0,0,0
4,302,-478.0,68,terminated,0,46,1,0,-478.0,0,0,0,0,1,0,1,1,0,0,1,1,0,0,1,1,0,0,0,0,0,68,0,0,0,0,0,0,0,0
4,303,-532.0,122,terminated,0,46,1,0,-532.0,0,0,0,0,1,0,1,1,0,0,1,1,0,0,1,1,0,0,0,0,0,122,0,0,0,0,0,0,0,0
4,304,-472.0,62,terminated,0,46,1,0,-472.0,0,0,0,0,1,0,1,1,0,0,1,1,0,0,1,1,0,0,0,0,0,62,0,0,0,0,0,0,0,0
4,305,-433.0,23,terminated,0,46,1,0,-433.0,0,0,0,0,1,0,1,1,0,0,1,1,0,0,1,1,0,0,0,0,0,23,0,0,0,0,0,0,0,0
4,306,-442.0,32,terminated,0,46,1,0,-442.0,0,0,0,0,1,0,1,1,0,0,1,1,0,0,1,1,0,0,0,0,0,32,0,0,0,0,0,0,0,0
4,307,-483.0,73,terminated,0,46,1,0,-483.0,0,0,0,0,1,0,1,1,0,0,1,1,0,0,1,1,0,0,0,0,0,73,0,0,0,0,0,0,0,0
4,308,-503.0,93,terminated,0,46,1,0,-503.0,0,0,0,0,1,0,1,1,0,0,1,1,0,0,1,1,0,0,0,0,0,93,0,0,0,0,0,0,0,0
4,309,-432.0,22,terminated,0,46,1,0,-432.0,0,0,0,0,1,0,1,1,0,0,1,1,0,0,1,1,0,0,0,0,0,22,0,0,0,0,0,0,0,0
4,310,-519.0,109,terminated,0,46,1,0,-519.0,0,0,0,0,1,0,1,1,0,0,1,1,0,0,1,1,0,0,0,0,0,109,0,0,0,0,0,0,0,0
4,311,-480.0,70,terminated,0,46,1,0,-480.0,0,0,0,0,1,0,1,1,0,0,1,1,0,0,1,1,0,0,0,0,0,70,0,0,0,0,0,0,0,0
4,312,-437.0,27,terminated,0,46,1,0,-437.0,0,0,0,0,1,0,1,1,0,0,1,1,0,0,1,1,0,0,0,0,0,27,0,0,0,0,0,0,0,0
4,313,-506.0,96,terminated,0,46,1,0,-506.0,0,0,0,0,1,0,1,1,0,0,1,1,0,0,1,1,0,0,0,0,0,96,0,0,0,0,0,0,0,0
4,314,-498.0,88,terminated,0,46,1,0,-498.0,0,0,0,0,1,0,1,1,0,0,1,1,0,0,1,1,0,0,0,0,0,88,0,0,0,0,0,0,0,0
4,315,-510.0,100,terminated,0,46,1,0,-510.0,0,0,0,0,1,0,1,1,0,0,1,1,0,0,1,1,0,0,0,0,0,100,0,0,0,0,0,0,0,0
4,316,-432.0,22,terminated,0,46,1,0,-432.0,0,0,0,0,1,0,1,1,0,0,1,1,0,0,1,1,0,0,0,0,0,22,0,0,0,0,0,0,0,0
4,317,-554.0,144,terminated,0,46,1,0,-554.0,0,0,0,0,1,0,1,1,0,0,1,1,0,0,1,1,0,0,0,0,0,144,0,0,0,0,0,0,0,0
4,318,-525.0,115,terminated,0,46,1,0,-525.0,0,0,0,0,1,0,1,1,0,0,1,1,0,0,1,1,0,0,0,0,0,115,0,0,0,0,0,0,0,0
4,319,-458.0,48,terminated,0,46,1,0,-458.0,0,0,0,0,1,0,1,1,0,0,1,1,0,0,1,1,0,0,0,0,0,48,0,0,0,0,0,0,0,0
4,320,-438.0,28,terminated,0,46,1,0,-438.0,0,0,0,0,1,0,1,1,0,0,1,1,0,0,1,1,0,0,0,0,0,28,0,0,0,0,0,0,0,0
4,321,-430.0,20,terminated,0,46,1,0,-430.0,0,0,0,0,1,0,1,1,0,0,1,1,0,0,1,1,0,0,0,0,0,20,0,0,0,0,0,0,0,0
4,322,-497.0,87,terminated,0,46,1,0,-497.0,0,0,0,0,1,0,1,1,0,0,1,1,0,0,1,1,0,0,0,0,0,87,0,0,0,0,0,0,0,0
4,323,-537.0,127,terminated,0,46,1,0,-537.0,0,0,0,0,1,0,1,1,0,0,1,1,0,0,1,1,0,0,0,0,0,127,0,0,0,0,0,0,0,0
4,324,-600.0,190,terminated,0,46,1,0,-600.0,0,0,0,0,1,0,1,1,0,0,1,1,0,0,1,1,0,0,0,0,0,190,0,0,0,0,0,0,0,0
4,325,-540.0,130,terminated,0,46,1,0,-540.0,0,0,0,0,1,0,1,1,0,0,1,1,0,0,1,1,0,0,0,0,0,130,0,0,0,0,0,0,0,0
4,326,-586.0,176,terminated,0,46,1,0,-586.0,0,0,0,0,1,0,1,1,0,0,1,1,0,0,1,1,0,0,0,0,0,176,0,0,0,0,0,0,0,0
4,327,-442.0,32,terminated,0,46,1,0,-442.0,0,0,0,0,1,0,1,1,0,0,1,1,0,0,1,1,0,0,0,0,0,32,0,0,0,0,0,0,0,0
4,328,-456.0,46,terminated,0,46,1,0,-456.0,0,0,0,0,1,0,1,1,0,0,1,1,0,0,1,1,0,0,0,0,0,46,0,0,0,0,0,0,0,0
4,329,-450.0,40,terminated,0,46,1,0,-450.0,0,0,0,0,1,0,1,1,0,0,1,1,0,0,1,1,0,0,0,0,0,40,0,0,0,0,0,0,0,0
4,330,-457.0,47,terminated,0,46,1,0,-457.0,0,0,0,0,1,0,1,1,0,0,1,1,0,0,1,1,0,0,0,0,0,47,0,0,0,0,0,0,0,0
4,331,-448.0,38,terminated,0,46,1,0,-448.0,0,0,0,0,1,0,1,1,0,0,1,1,0,0,1,1,0,0,0,0,0,38,0,0,0,0,0,0,0,0
4,332,-464.0,54,terminated,0,46,1,0,-464.0,0,0,0,0,1,0,1,1,0,0,1,1,0,0,1,1,0,0,0,0,0,54,0,0,0,0,0,0,0,0
4,333,-450.0,40,terminated,0,46,1,0,-450.0,0,0,0,0,1,0,1,1,0,0,1,1,0,0,1,1,0,0,0,0,0,40,0,0,0,0,0,0,0,0
4,334,-549.0,139,terminated,0,46,1,0,-549.0,0,0,0,0,1,0,1,1,0,0,1,1,0,0,1,1,0,0,0,0,0,139,0,0,0,0,0,0,0,0
4,335,-459.0,49,terminated,0,46,1,0,-459.0,0,0,0,0,1,0,1,1,0,0,1,1,0,0,1,1,0,0,0,0,0,49,0,0,0,0,0,0,0,0
4,336,-429.0,19,terminated,0,46,1,0,-429.0,0,0,0,0,1,0,1,1,0,0,1,1,0,0,1,1,0,0,0,0,0,19,0,0,0,0,0,0,0,0
4,337,-550.0,140,terminated,0,46,1,0,-550.0,0,0,0,0,1,0,1,1,0,0,1,1,0,0,1,1,0,0,0,0,0,140,0,0,0,0,0,0,0,0
4,338,-431.0,21,terminated,0,46,1,0,-431.0,0,0,0,0,1,0,1,1,0,0,1,1,0,0,1,1,0,0,0,0,0,21,0,0,0,0,0,0,0,0
4,339,-514.0,104,terminated,0,46,1,0,-514.0,0,0,0,0,1,0,1,1,0,0,1,1,0,0,1,1,0,0,0,0,0,104,0,0,0,0,0,0,0,0
4,340,-435.0,25,terminated,0,46,1,0,-435.0,0,0,0,0,1,0,1,1,0,0,1,1,0,0,1,1,0,0,0,0,0,25,0,0,0,0,0,0,0,0
4,341,-459.0,49,terminated,0,46,1,0,-459.0,0,0,0,0,1,0,1,1,0,0,1,1,0,0,1,1,0,0,0,0,0,49,0,0,0,0,0,0,0,0
4,342,-452.0,42,terminated,0,46,1,0,-452.0,0,0,0,0,1,0,1,1,0,0,1,1,0,0,1,1,0,0,0,0,0,42,0,0,0,0,0,0,0,0
4,343,-667.0,257,terminated,0,46,1,0,-667.0,0,0,0,0,1,0,1,1,0,0,1,1,0,0,1,1,0,0,0,0,0,257,0,0,0,0,0,0,0,0
4,344,-447.0,37,terminated,0,46,1,0,-447.0,0,0,0,0,1,0,1,1,0,0,1,1,0,0,1,1,0,0,0,0,0,37,0,0,0,0,0,0,0,0
4,345,-464.0,54,terminated,0,46,1,0,-464.0,0,0,0,0,1,0,1,1,0,0,1,1,0,0,1,1,0,0,0,0,0,54,0,0,0,0,0,0,0,0
4,346,-453.0,43,terminated,0,46,1,0,-453.0,0,0,0,0,1,0,1,1,0,0,1,1,0,0,1,1,0,0,0,0,0,43,0,0,0,0,0,0,0,0
4,347,-600.0,190,terminated,0,46,1,0,-600.0,0,0,0,0,1,0,1,1,0,0,1,1,0,0,1,1,0,0,0,0,0,190,0,0,0,0,0,0,0,0
4,348,-513.0,103,terminated,0,46,1,0,-513.0,0,0,0,0,1,0,1,1,0,0,1,1,0,0,1,1,0,0,0,0,0,103,0,0,0,0,0,0,0,0
4,349,-520.0,110,terminated,0,46,1,0,-520.0,0,0,0,0,1,0,1,1,0,0,1,1,0,0,1,1,0,0,0,0,0,110,0,0,0,0,0,0,0,0
4,350,-572.0,162,terminated,0,46,1,0,-572.0,0,0,0,0,1,0,1,1,0,0,1,1,0,0,1,1,0,0,0,0,0,162,0,0,0,0,0,0,0,0
4,351,-707.0,297,terminated,0,46,1,0,-707.0,0,0,0,0,1,0,1,1,0,0,1,1,0,0,1,1,0,0,0,0,0,297,0,0,0,0,0,0,0,0
4,352,-498.0,88,terminated,0,46,1,0,-498.0,0,0,0,0,1,0,1,1,0,0,1,1,0,0,1,1,0,0,0,0,0,88,0,0,0,0,0,0,0,0
4,353,-586.0,176,terminated,0,46,1,0,-586.0,0,0,0,0,1,0,1,1,0,0,1,1,0,0,1,1,0,0,0,0,0,176,0,0,0,0,0,0,0,0
4,354,-455.0,45,terminated,0,46,1,0,-455.0,0,0,0,0,1,0,1,1,0,0,1,1,0,0,1,1,0,0,0,0,0,45,0,0,0,0,0,0,0,0
4,355,-490.0,80,terminated,0,46,1,0,-490.0,0,0,0,0,1,0,1,1,0,0,1,1,0,0,1,1,0,0,0,0,0,80,0,0,0,0,0,0,0,0
4,356,-476.0,66,terminated,0,46,1,0,-476.0,0,0,0,0,1,0,1,1,0,0,1,1,0,0,1,1,0,0,0,0,0,66,0,0,0,0,0,0,0,0
4,357,-549.0,139,terminated,0,46,1,0,-549.0,0,0,0,0,1,0,1,1,0,0,1,1,0,0,1,1,0,0,0,0,0,139,0,0,0,0,0,0,0,0
4,358,-210.0,300,truncated,0,46,0,0,-210.0,0,0,0,0,0,0,0,0,0,0,0,0,0,0,0,0,0,0,0,0,0,300,0,0,0,0,0,0,0,0
4,359,-522.0,112,terminated,0,46,1,0,-522.0,0,0,0,0,1,0,1,1,0,0,1,1,0,0,1,1,0,0,0,0,0,112,0,0,0,0,0,0,0,0
4,360,-459.0,49,terminated,0,46,1,0,-459.0,0,0,0,0,1,0,1,1,0,0,1,1,0,0,1,1,0,0,0,0,0,49,0,0,0,0,0,0,0,0
4,361,-437.0,27,terminated,0,46,1,0,-437.0,0,0,0,0,1,0,1,1,0,0,1,1,0,0,1,1,0,0,0,0,0,27,0,0,0,0,0,0,0,0
4,362,-670.0,260,terminated,0,46,1,0,-670.0,0,0,0,0,1,0,1,1,0,0,1,1,0,0,1,1,0,0,0,0,0,260,0,0,0,0,0,0,0,0
4,363,-449.0,39,terminated,0,46,1,0,-449.0,0,0,0,0,1,0,1,1,0,0,1,1,0,0,1,1,0,0,0,0,0,39,0,0,0,0,0,0,0,0
4,364,-472.0,62,terminated,0,46,1,0,-472.0,0,0,0,0,1,0,1,1,0,0,1,1,0,0,1,1,0,0,0,0,0,62,0,0,0,0,0,0,0,0
4,365,-447.0,37,terminated,0,46,1,0,-447.0,0,0,0,0,1,0,1,1,0,0,1,1,0,0,1,1,0,0,0,0,0,37,0,0,0,0,0,0,0,0
4,366,-498.0,88,terminated,0,46,1,0,-498.0,0,0,0,0,1,0,1,1,0,0,1,1,0,0,1,1,0,0,0,0,0,88,0,0,0,0,0,0,0,0
4,367,-702.0,292,terminated,0,46,1,0,-702.0,0,0,0,0,1,0,1,1,0,0,1,1,0,0,1,1,0,0,0,0,0,292,0,0,0,0,0,0,0,0
4,368,-495.0,85,terminated,0,46,1,0,-495.0,0,0,0,0,1,0,1,1,0,0,1,1,0,0,1,1,0,0,0,0,0,85,0,0,0,0,0,0,0,0
4,369,-462.0,52,terminated,0,46,1,0,-462.0,0,0,0,0,1,0,1,1,0,0,1,1,0,0,1,1,0,0,0,0,0,52,0,0,0,0,0,0,0,0
4,370,-497.0,87,terminated,0,46,1,0,-497.0,0,0,0,0,1,0,1,1,0,0,1,1,0,0,1,1,0,0,0,0,0,87,0,0,0,0,0,0,0,0
4,371,-449.0,39,terminated,0,46,1,0,-449.0,0,0,0,0,1,0,1,1,0,0,1,1,0,0,1,1,0,0,0,0,0,39,0,0,0,0,0,0,0,0
4,372,-455.0,45,terminated,0,46,1,0,-455.0,0,0,0,0,1,0,1,1,0,0,1,1,0,0,1,1,0,0,0,0,0,45,0,0,0,0,0,0,0,0
4,373,-480.0,70,terminated,0,46,1,0,-480.0,0,0,0,0,1,0,1,1,0,0,1,1,0,0,1,1,0,0,0,0,0,70,0,0,0,0,0,0,0,0
4,374,-534.0,124,terminated,0,46,1,0,-534.0,0,0,0,0,1,0,1,1,0,0,1,1,0,0,1,1,0,0,0,0,0,124,0,0,0,0,0,0,0,0
4,375,-509.0,99,terminated,0,46,1,0,-509.0,0,0,0,0,1,0,1,1,0,0,1,1,0,0,1,1,0,0,0,0,0,99,0,0,0,0,0,0,0,0
4,376,-451.0,41,terminated,0,46,1,0,-451.0,0,0,0,0,1,0,1,1,0,0,1,1,0,0,1,1,0,0,0,0,0,41,0,0,0,0,0,0,0,0
4,377,-454.0,44,terminated,0,46,1,0,-454.0,0,0,0,0,1,0,1,1,0,0,1,1,0,0,1,1,0,0,0,0,0,44,0,0,0,0,0,0,0,0
4,378,-469.0,59,terminated,0,46,1,0,-469.0,0,0,0,0,1,0,1,1,0,0,1,1,0,0,1,1,0,0,0,0,0,59,0,0,0,0,0,0,0,0
4,379,-485.0,75,terminated,0,46,1,0,-485.0,0,0,0,0,1,0,1,1,0,0,1,1,0,0,1,1,0,0,0,0,0,75,0,0,0,0,0,0,0,0
4,380,-469.0,59,terminated,0,46,1,0,-469.0,0,0,0,0,1,0,1,1,0,0,1,1,0,0,1,1,0,0,0,0,0,59,0,0,0,0,0,0,0,0
4,381,-453.0,43,terminated,0,46,1,0,-453.0,0,0,0,0,1,0,1,1,0,0,1,1,0,0,1,1,0,0,0,0,0,43,0,0,0,0,0,0,0,0
4,382,-512.0,102,terminated,0,46,1,0,-512.0,0,0,0,0,1,0,1,1,0,0,1,1,0,0,1,1,0,0,0,0,0,102,0,0,0,0,0,0,0,0
4,383,-454.0,44,terminated,0,46,1,0,-454.0,0,0,0,0,1,0,1,1,0,0,1,1,0,0,1,1,0,0,0,0,0,44,0,0,0,0,0,0,0,0
4,384,-609.0,199,terminated,0,46,1,0,-609.0,0,0,0,0,1,0,1,1,0,0,1,1,0,0,1,1,0,0,0,0,0,199,0,0,0,0,0,0,0,0
4,385,-479.0,69,terminated,0,46,1,0,-479.0,0,0,0,0,1,0,1,1,0,0,1,1,0,0,1,1,0,0,0,0,0,69,0,0,0,0,0,0,0,0
4,386,-518.0,108,terminated,0,46,1,0,-518.0,0,0,0,0,1,0,1,1,0,0,1,1,0,0,1,1,0,0,0,0,0,108,0,0,0,0,0,0,0,0
4,387,-476.0,66,terminated,0,46,1,0,-476.0,0,0,0,0,1,0,1,1,0,0,1,1,0,0,1,1,0,0,0,0,0,66,0,0,0,0,0,0,0,0
4,388,-625.0,215,terminated,0,46,1,0,-625.0,0,0,0,0,1,0,1,1,0,0,1,1,0,0,1,1,0,0,0,0,0,215,0,0,0,0,0,0,0,0
4,389,-568.0,158,terminated,0,46,1,0,-568.0,0,0,0,0,1,0,1,1,0,0,1,1,0,0,1,1,0,0,0,0,0,158,0,0,0,0,0,0,0,0
4,390,-505.0,95,terminated,0,46,1,0,-505.0,0,0,0,0,1,0,1,1,0,0,1,1,0,0,1,1,0,0,0,0,0,95,0,0,0,0,0,0,0,0
4,391,-502.0,92,terminated,0,46,1,0,-502.0,0,0,0,0,1,0,1,1,0,0,1,1,0,0,1,1,0,0,0,0,0,92,0,0,0,0,0,0,0,0
4,392,-666.0,256,terminated,0,46,1,0,-666.0,0,0,0,0,1,0,1,1,0,0,1,1,0,0,1,1,0,0,0,0,0,256,0,0,0,0,0,0,0,0
4,393,-210.0,300,truncated,0,46,0,0,-210.0,0,0,0,0,0,0,0,0,0,0,0,0,0,0,0,0,0,0,0,0,0,300,0,0,0,0,0,0,0,0
4,394,-686.0,276,terminated,0,46,1,0,-686.0,0,0,0,0,1,0,1,1,0,0,1,1,0,0,1,1,0,0,0,0,0,276,0,0,0,0,0,0,0,0
4,395,-517.0,107,terminated,0,46,1,0,-517.0,0,0,0,0,1,0,1,1,0,0,1,1,0,0,1,1,0,0,0,0,0,107,0,0,0,0,0,0,0,0
4,396,-458.0,48,terminated,0,46,1,0,-458.0,0,0,0,0,1,0,1,1,0,0,1,1,0,0,1,1,0,0,0,0,0,48,0,0,0,0,0,0,0,0
4,397,-584.0,174,terminated,0,46,1,0,-584.0,0,0,0,0,1,0,1,1,0,0,1,1,0,0,1,1,0,0,0,0,0,174,0,0,0,0,0,0,0,0
4,398,-460.0,50,terminated,0,46,1,0,-460.0,0,0,0,0,1,0,1,1,0,0,1,1,0,0,1,1,0,0,0,0,0,50,0,0,0,0,0,0,0,0
4,399,-462.0,52,terminated,0,46,1,0,-462.0,0,0,0,0,1,0,1,1,0,0,1,1,0,0,1,1,0,0,0,0,0,52,0,0,0,0,0,0,0,0
4,400,-547.0,137,terminated,0,46,1,0,-547.0,0,0,0,0,1,0,1,1,0,0,1,1,0,0,1,1,0,0,0,0,0,137,0,0,0,0,0,0,0,0
4,401,-429.0,19,terminated,0,46,1,0,-429.0,0,0,0,0,1,0,1,1,0,0,1,1,0,0,1,1,0,0,0,0,0,19,0,0,0,0,0,0,0,0
4,402,-486.0,76,terminated,0,46,1,0,-486.0,0,0,0,0,1,0,1,1,0,0,1,1,0,0,1,1,0,0,0,0,0,76,0,0,0,0,0,0,0,0
4,403,-608.0,198,terminated,0,46,1,0,-608.0,0,0,0,0,1,0,1,1,0,0,1,1,0,0,1,1,0,0,0,0,0,198,0,0,0,0,0,0,0,0
4,404,-483.0,73,terminated,0,46,1,0,-483.0,0,0,0,0,1,0,1,1,0,0,1,1,0,0,1,1,0,0,0,0,0,73,0,0,0,0,0,0,0,0
4,405,-524.0,114,terminated,0,46,1,0,-524.0,0,0,0,0,1,0,1,1,0,0,1,1,0,0,1,1,0,0,0,0,0,114,0,0,0,0,0,0,0,0
4,406,-452.0,42,terminated,0,46,1,0,-452.0,0,0,0,0,1,0,1,1,0,0,1,1,0,0,1,1,0,0,0,0,0,42,0,0,0,0,0,0,0,0
4,407,-448.0,38,terminated,0,46,1,0,-448.0,0,0,0,0,1,0,1,1,0,0,1,1,0,0,1,1,0,0,0,0,0,38,0,0,0,0,0,0,0,0
4,408,-563.0,153,terminated,0,46,1,0,-563.0,0,0,0,0,1,0,1,1,0,0,1,1,0,0,1,1,0,0,0,0,0,153,0,0,0,0,0,0,0,0
4,409,-443.0,33,terminated,0,46,1,0,-443.0,0,0,0,0,1,0,1,1,0,0,1,1,0,0,1,1,0,0,0,0,0,33,0,0,0,0,0,0,0,0
4,410,-508.0,98,terminated,0,46,1,0,-508.0,0,0,0,0,1,0,1,1,0,0,1,1,0,0,1,1,0,0,0,0,0,98,0,0,0,0,0,0,0,0
4,411,-542.0,132,terminated,0,46,1,0,-542.0,0,0,0,0,1,0,1,1,0,0,1,1,0,0,1,1,0,0,0,0,0,132,0,0,0,0,0,0,0,0
4,412,-547.0,137,terminated,0,46,1,0,-547.0,0,0,0,0,1,0,1,1,0,0,1,1,0,0,1,1,0,0,0,0,0,137,0,0,0,0,0,0,0,0
4,413,-450.0,40,terminated,0,46,1,0,-450.0,0,0,0,0,1,0,1,1,0,0,1,1,0,0,1,1,0,0,0,0,0,40,0,0,0,0,0,0,0,0
4,414,-464.0,54,terminated,0,46,1,0,-464.0,0,0,0,0,1,0,1,1,0,0,1,1,0,0,1,1,0,0,0,0,0,54,0,0,0,0,0,0,0,0
4,415,-443.0,33,terminated,0,46,1,0,-443.0,0,0,0,0,1,0,1,1,0,0,1,1,0,0,1,1,0,0,0,0,0,33,0,0,0,0,0,0,0,0
4,416,-502.0,92,terminated,0,46,1,0,-502.0,0,0,0,0,1,0,1,1,0,0,1,1,0,0,1,1,0,0,0,0,0,92,0,0,0,0,0,0,0,0
4,417,-559.0,149,terminated,0,46,1,0,-559.0,0,0,0,0,1,0,1,1,0,0,1,1,0,0,1,1,0,0,0,0,0,149,0,0,0,0,0,0,0,0
4,418,-450.0,40,terminated,0,46,1,0,-450.0,0,0,0,0,1,0,1,1,0,0,1,1,0,0,1,1,0,0,0,0,0,40,0,0,0,0,0,0,0,0
4,419,-455.0,45,terminated,0,46,1,0,-455.0,0,0,0,0,1,0,1,1,0,0,1,1,0,0,1,1,0,0,0,0,0,45,0,0,0,0,0,0,0,0
4,420,-472.0,62,terminated,0,46,1,0,-472.0,0,0,0,0,1,0,1,1,0,0,1,1,0,0,1,1,0,0,0,0,0,62,0,0,0,0,0,0,0,0
4,421,-554.0,144,terminated,0,46,1,0,-554.0,0,0,0,0,1,0,1,1,0,0,1,1,0,0,1,1,0,0,0,0,0,144,0,0,0,0,0,0,0,0
4,422,-490.0,80,terminated,0,46,1,0,-490.0,0,0,0,0,1,0,1,1,0,0,1,1,0,0,1,1,0,0,0,0,0,80,0,0,0,0,0,0,0,0
4,423,-433.0,23,terminated,0,46,1,0,-433.0,0,0,0,0,1,0,1,1,0,0,1,1,0,0,1,1,0,0,0,0,0,23,0,0,0,0,0,0,0,0
4,424,-447.0,37,terminated,0,46,1,0,-447.0,0,0,0,0,1,0,1,1,0,0,1,1,0,0,1,1,0,0,0,0,0,37,0,0,0,0,0,0,0,0
4,425,-546.0,136,terminated,0,46,1,0,-546.0,0,0,0,0,1,0,1,1,0,0,1,1,0,0,1,1,0,0,0,0,0,136,0,0,0,0,0,0,0,0
4,426,-449.0,39,terminated,0,46,1,0,-449.0,0,0,0,0,1,0,1,1,0,0,1,1,0,0,1,1,0,0,0,0,0,39,0,0,0,0,0,0,0,0
4,427,-439.0,29,terminated,0,46,1,0,-439.0,0,0,0,0,1,0,1,1,0,0,1,1,0,0,1,1,0,0,0,0,0,29,0,0,0,0,0,0,0,0
4,428,-563.0,153,terminated,0,46,1,0,-563.0,0,0,0,0,1,0,1,1,0,0,1,1,0,0,1,1,0,0,0,0,0,153,0,0,0,0,0,0,0,0
4,429,-552.0,142,terminated,0,46,1,0,-552.0,0,0,0,0,1,0,1,1,0,0,1,1,0,0,1,1,0,0,0,0,0,142,0,0,0,0,0,0,0,0
4,430,-507.0,97,terminated,0,46,1,0,-507.0,0,0,0,0,1,0,1,1,0,0,1,1,0,0,1,1,0,0,0,0,0,97,0,0,0,0,0,0,0,0
4,431,-437.0,27,terminated,0,46,1,0,-437.0,0,0,0,0,1,0,1,1,0,0,1,1,0,0,1,1,0,0,0,0,0,27,0,0,0,0,0,0,0,0
4,432,-635.0,225,terminated,0,46,1,0,-635.0,0,0,0,0,1,0,1,1,0,0,1,1,0,0,1,1,0,0,0,0,0,225,0,0,0,0,0,0,0,0
4,433,-454.0,44,terminated,0,46,1,0,-454.0,0,0,0,0,1,0,1,1,0,0,1,1,0,0,1,1,0,0,0,0,0,44,0,0,0,0,0,0,0,0
4,434,-522.0,112,terminated,0,46,1,0,-522.0,0,0,0,0,1,0,1,1,0,0,1,1,0,0,1,1,0,0,0,0,0,112,0,0,0,0,0,0,0,0
4,435,-457.0,47,terminated,0,46,1,0,-457.0,0,0,0,0,1,0,1,1,0,0,1,1,0,0,1,1,0,0,0,0,0,47,0,0,0,0,0,0,0,0
4,436,-470.0,60,terminated,0,46,1,0,-470.0,0,0,0,0,1,0,1,1,0,0,1,1,0,0,1,1,0,0,0,0,0,60,0,0,0,0,0,0,0,0
4,437,-493.0,83,terminated,0,46,1,0,-493.0,0,0,0,0,1,0,1,1,0,0,1,1,0,0,1,1,0,0,0,0,0,83,0,0,0,0,0,0,0,0
4,438,-446.0,36,terminated,0,46,1,0,-446.0,0,0,0,0,1,0,1,1,0,0,1,1,0,0,1,1,0,0,0,0,0,36,0,0,0,0,0,0,0,0
4,439,-611.0,201,terminated,0,46,1,0,-611.0,0,0,0,0,1,0,1,1,0,0,1,1,0,0,1,1,0,0,0,0,0,201,0,0,0,0,0,0,0,0
4,440,-584.0,174,terminated,0,46,1,0,-584.0,0,0,0,0,1,0,1,1,0,0,1,1,0,0,1,1,0,0,0,0,0,174,0,0,0,0,0,0,0,0
4,441,-463.0,53,terminated,0,46,1,0,-463.0,0,0,0,0,1,0,1,1,0,0,1,1,0,0,1,1,0,0,0,0,0,53,0,0,0,0,0,0,0,0
4,442,-449.0,39,terminated,0,46,1,0,-449.0,0,0,0,0,1,0,1,1,0,0,1,1,0,0,1,1,0,0,0,0,0,39,0,0,0,0,0,0,0,0
4,443,-465.0,55,terminated,0,46,1,0,-465.0,0,0,0,0,1,0,1,1,0,0,1,1,0,0,1,1,0,0,0,0,0,55,0,0,0,0,0,0,0,0
4,444,-439.0,29,terminated,0,46,1,0,-439.0,0,0,0,0,1,0,1,1,0,0,1,1,0,0,1,1,0,0,0,0,0,29,0,0,0,0,0,0,0,0
4,445,-442.0,32,terminated,0,46,1,0,-442.0,0,0,0,0,1,0,1,1,0,0,1,1,0,0,1,1,0,0,0,0,0,32,0,0,0,0,0,0,0,0
4,446,-608.0,198,terminated,0,46,1,0,-608.0,0,0,0,0,1,0,1,1,0,0,1,1,0,0,1,1,0,0,0,0,0,198,0,0,0,0,0,0,0,0
4,447,-451.0,41,terminated,0,46,1,0,-451.0,0,0,0,0,1,0,1,1,0,0,1,1,0,0,1,1,0,0,0,0,0,41,0,0,0,0,0,0,0,0
4,448,-599.0,189,terminated,0,46,1,0,-599.0,0,0,0,0,1,0,1,1,0,0,1,1,0,0,1,1,0,0,0,0,0,189,0,0,0,0,0,0,0,0
4,449,-581.0,171,terminated,0,46,1,0,-581.0,0,0,0,0,1,0,1,1,0,0,1,1,0,0,1,1,0,0,0,0,0,171,0,0,0,0,0,0,0,0
4,450,-453.0,43,terminated,0,46,1,0,-453.0,0,0,0,0,1,0,1,1,0,0,1,1,0,0,1,1,0,0,0,0,0,43,0,0,0,0,0,0,0,0
4,451,-444.0,34,terminated,0,46,1,0,-444.0,0,0,0,0,1,0,1,1,0,0,1,1,0,0,1,1,0,0,0,0,0,34,0,0,0,0,0,0,0,0
4,452,-534.0,124,terminated,0,46,1,0,-534.0,0,0,0,0,1,0,1,1,0,0,1,1,0,0,1,1,0,0,0,0,0,124,0,0,0,0,0,0,0,0
4,453,-440.0,30,terminated,0,46,1,0,-440.0,0,0,0,0,1,0,1,1,0,0,1,1,0,0,1,1,0,0,0,0,0,30,0,0,0,0,0,0,0,0
4,454,-515.0,105,terminated,0,46,1,0,-515.0,0,0,0,0,1,0,1,1,0,0,1,1,0,0,1,1,0,0,0,0,0,105,0,0,0,0,0,0,0,0
4,455,-588.0,178,terminated,0,46,1,0,-588.0,0,0,0,0,1,0,1,1,0,0,1,1,0,0,1,1,0,0,0,0,0,178,0,0,0,0,0,0,0,0
4,456,-573.0,163,terminated,0,46,1,0,-573.0,0,0,0,0,1,0,1,1,0,0,1,1,0,0,1,1,0,0,0,0,0,163,0,0,0,0,0,0,0,0
4,457,-543.0,133,terminated,0,46,1,0,-543.0,0,0,0,0,1,0,1,1,0,0,1,1,0,0,1,1,0,0,0,0,0,133,0,0,0,0,0,0,0,0
4,458,-496.0,86,terminated,0,46,1,0,-496.0,0,0,0,0,1,0,1,1,0,0,1,1,0,0,1,1,0,0,0,0,0,86,0,0,0,0,0,0,0,0
4,459,-466.0,56,terminated,0,46,1,0,-466.0,0,0,0,0,1,0,1,1,0,0,1,1,0,0,1,1,0,0,0,0,0,56,0,0,0,0,0,0,0,0
4,460,-490.0,80,terminated,0,46,1,0,-490.0,0,0,0,0,1,0,1,1,0,0,1,1,0,0,1,1,0,0,0,0,0,80,0,0,0,0,0,0,0,0
4,461,-600.0,190,terminated,0,46,1,0,-600.0,0,0,0,0,1,0,1,1,0,0,1,1,0,0,1,1,0,0,0,0,0,190,0,0,0,0,0,0,0,0
4,462,-499.0,89,terminated,0,46,1,0,-499.0,0,0,0,0,1,0,1,1,0,0,1,1,0,0,1,1,0,0,0,0,0,89,0,0,0,0,0,0,0,0
4,463,-495.0,85,terminated,0,46,1,0,-495.0,0,0,0,0,1,0,1,1,0,0,1,1,0,0,1,1,0,0,0,0,0,85,0,0,0,0,0,0,0,0
4,464,-523.0,113,terminated,0,46,1,0,-523.0,0,0,0,0,1,0,1,1,0,0,1,1,0,0,1,1,0,0,0,0,0,113,0,0,0,0,0,0,0,0
4,465,-465.0,55,terminated,0,46,1,0,-465.0,0,0,0,0,1,0,1,1,0,0,1,1,0,0,1,1,0,0,0,0,0,55,0,0,0,0,0,0,0,0
4,466,-625.0,215,terminated,0,46,1,0,-625.0,0,0,0,0,1,0,1,1,0,0,1,1,0,0,1,1,0,0,0,0,0,215,0,0,0,0,0,0,0,0
4,467,-448.0,38,terminated,0,46,1,0,-448.0,0,0,0,0,1,0,1,1,0,0,1,1,0,0,1,1,0,0,0,0,0,38,0,0,0,0,0,0,0,0
4,468,-453.0,43,terminated,0,46,1,0,-453.0,0,0,0,0,1,0,1,1,0,0,1,1,0,0,1,1,0,0,0,0,0,43,0,0,0,0,0,0,0,0
4,469,-525.0,115,terminated,0,46,1,0,-525.0,0,0,0,0,1,0,1,1,0,0,1,1,0,0,1,1,0,0,0,0,0,115,0,0,0,0,0,0,0,0
4,470,-535.0,125,terminated,0,46,1,0,-535.0,0,0,0,0,1,0,1,1,0,0,1,1,0,0,1,1,0,0,0,0,0,125,0,0,0,0,0,0,0,0
4,471,-447.0,37,terminated,0,46,1,0,-447.0,0,0,0,0,1,0,1,1,0,0,1,1,0,0,1,1,0,0,0,0,0,37,0,0,0,0,0,0,0,0
4,472,-645.0,235,terminated,0,46,1,0,-645.0,0,0,0,0,1,0,1,1,0,0,1,1,0,0,1,1,0,0,0,0,0,235,0,0,0,0,0,0,0,0
4,473,-582.0,172,terminated,0,46,1,0,-582.0,0,0,0,0,1,0,1,1,0,0,1,1,0,0,1,1,0,0,0,0,0,172,0,0,0,0,0,0,0,0
4,474,-541.0,131,terminated,0,46,1,0,-541.0,0,0,0,0,1,0,1,1,0,0,1,1,0,0,1,1,0,0,0,0,0,131,0,0,0,0,0,0,0,0
4,475,-607.0,197,terminated,0,46,1,0,-607.0,0,0,0,0,1,0,1,1,0,0,1,1,0,0,1,1,0,0,0,0,0,197,0,0,0,0,0,0,0,0
4,476,-446.0,36,terminated,0,46,1,0,-446.0,0,0,0,0,1,0,1,1,0,0,1,1,0,0,1,1,0,0,0,0,0,36,0,0,0,0,0,0,0,0
4,477,-502.0,92,terminated,0,46,1,0,-502.0,0,0,0,0,1,0,1,1,0,0,1,1,0,0,1,1,0,0,0,0,0,92,0,0,0,0,0,0,0,0
4,478,-436.0,26,terminated,0,46,1,0,-436.0,0,0,0,0,1,0,1,1,0,0,1,1,0,0,1,1,0,0,0,0,0,26,0,0,0,0,0,0,0,0
4,479,-505.0,95,terminated,0,46,1,0,-505.0,0,0,0,0,1,0,1,1,0,0,1,1,0,0,1,1,0,0,0,0,0,95,0,0,0,0,0,0,0,0
4,480,-545.0,135,terminated,0,46,1,0,-545.0,0,0,0,0,1,0,1,1,0,0,1,1,0,0,1,1,0,0,0,0,0,135,0,0,0,0,0,0,0,0
4,481,-522.0,112,terminated,0,46,1,0,-522.0,0,0,0,0,1,0,1,1,0,0,1,1,0,0,1,1,0,0,0,0,0,112,0,0,0,0,0,0,0,0
4,482,-471.0,61,terminated,0,46,1,0,-471.0,0,0,0,0,1,0,1,1,0,0,1,1,0,0,1,1,0,0,0,0,0,61,0,0,0,0,0,0,0,0
4,483,-469.0,59,terminated,0,46,1,0,-469.0,0,0,0,0,1,0,1,1,0,0,1,1,0,0,1,1,0,0,0,0,0,59,0,0,0,0,0,0,0,0
4,484,-554.0,144,terminated,0,46,1,0,-554.0,0,0,0,0,1,0,1,1,0,0,1,1,0,0,1,1,0,0,0,0,0,144,0,0,0,0,0,0,0,0
4,485,-452.0,42,terminated,0,46,1,0,-452.0,0,0,0,0,1,0,1,1,0,0,1,1,0,0,1,1,0,0,0,0,0,42,0,0,0,0,0,0,0,0
4,486,-665.0,255,terminated,0,46,1,0,-665.0,0,0,0,0,1,0,1,1,0,0,1,1,0,0,1,1,0,0,0,0,0,255,0,0,0,0,0,0,0,0
4,487,-472.0,62,terminated,0,46,1,0,-472.0,0,0,0,0,1,0,1,1,0,0,1,1,0,0,1,1,0,0,0,0,0,62,0,0,0,0,0,0,0,0
4,488,-553.0,143,terminated,0,46,1,0,-553.0,0,0,0,0,1,0,1,1,0,0,1,1,0,0,1,1,0,0,0,0,0,143,0,0,0,0,0,0,0,0
4,489,-484.0,74,terminated,0,46,1,0,-484.0,0,0,0,0,1,0,1,1,0,0,1,1,0,0,1,1,0,0,0,0,0,74,0,0,0,0,0,0,0,0
4,490,-622.0,212,terminated,0,46,1,0,-622.0,0,0,0,0,1,0,1,1,0,0,1,1,0,0,1,1,0,0,0,0,0,212,0,0,0,0,0,0,0,0
4,491,-431.0,21,terminated,0,46,1,0,-431.0,0,0,0,0,1,0,1,1,0,0,1,1,0,0,1,1,0,0,0,0,0,21,0,0,0,0,0,0,0,0
4,492,-460.0,50,terminated,0,46,1,0,-460.0,0,0,0,0,1,0,1,1,0,0,1,1,0,0,1,1,0,0,0,0,0,50,0,0,0,0,0,0,0,0
4,493,-472.0,62,terminated,0,46,1,0,-472.0,0,0,0,0,1,0,1,1,0,0,1,1,0,0,1,1,0,0,0,0,0,62,0,0,0,0,0,0,0,0
4,494,-503.0,93,terminated,0,46,1,0,-503.0,0,0,0,0,1,0,1,1,0,0,1,1,0,0,1,1,0,0,0,0,0,93,0,0,0,0,0,0,0,0
4,495,-210.0,300,truncated,0,46,0,0,-210.0,0,0,0,0,0,0,0,0,0,0,0,0,0,0,0,0,0,0,0,0,0,300,0,0,0,0,0,0,0,0
4,496,-449.0,39,terminated,0,46,1,0,-449.0,0,0,0,0,1,0,1,1,0,0,1,1,0,0,1,1,0,0,0,0,0,39,0,0,0,0,0,0,0,0
4,497,-666.0,256,terminated,0,46,1,0,-666.0,0,0,0,0,1,0,1,1,0,0,1,1,0,0,1,1,0,0,0,0,0,256,0,0,0,0,0,0,0,0
4,498,-454.0,44,terminated,0,46,1,0,-454.0,0,0,0,0,1,0,1,1,0,0,1,1,0,0,1,1,0,0,0,0,0,44,0,0,0,0,0,0,0,0
4,499,-580.0,170,terminated,0,46,1,0,-580.0,0,0,0,0,1,0,1,1,0,0,1,1,0,0,1,1,0,0,0,0,0,170,0,0,0,0,0,0,0,0
4,500,-469.0,59,terminated,0,46,1,0,-469.0,0,0,0,0,1,0,1,1,0,0,1,1,0,0,1,1,0,0,0,0,0,59,0,0,0,0,0,0,0,0
4,501,-479.0,69,terminated,0,46,1,0,-479.0,0,0,0,0,1,0,1,1,0,0,1,1,0,0,1,1,0,0,0,0,0,69,0,0,0,0,0,0,0,0
4,502,-545.0,135,terminated,0,46,1,0,-545.0,0,0,0,0,1,0,1,1,0,0,1,1,0,0,1,1,0,0,0,0,0,135,0,0,0,0,0,0,0,0
4,503,-576.0,166,terminated,0,46,1,0,-576.0,0,0,0,0,1,0,1,1,0,0,1,1,0,0,1,1,0,0,0,0,0,166,0,0,0,0,0,0,0,0
4,504,-447.0,37,terminated,0,46,1,0,-447.0,0,0,0,0,1,0,1,1,0,0,1,1,0,0,1,1,0,0,0,0,0,37,0,0,0,0,0,0,0,0
4,505,-704.0,294,terminated,0,46,1,0,-704.0,0,0,0,0,1,0,1,1,0,0,1,1,0,0,1,1,0,0,0,0,0,294,0,0,0,0,0,0,0,0
4,506,-533.0,123,terminated,0,46,1,0,-533.0,0,0,0,0,1,0,1,1,0,0,1,1,0,0,1,1,0,0,0,0,0,123,0,0,0,0,0,0,0,0
4,507,-450.0,40,terminated,0,46,1,0,-450.0,0,0,0,0,1,0,1,1,0,0,1,1,0,0,1,1,0,0,0,0,0,40,0,0,0,0,0,0,0,0
4,508,-583.0,173,terminated,0,46,1,0,-583.0,0,0,0,0,1,0,1,1,0,0,1,1,0,0,1,1,0,0,0,0,0,173,0,0,0,0,0,0,0,0
4,509,-536.0,126,terminated,0,46,1,0,-536.0,0,0,0,0,1,0,1,1,0,0,1,1,0,0,1,1,0,0,0,0,0,126,0,0,0,0,0,0,0,0
4,510,-442.0,32,terminated,0,46,1,0,-442.0,0,0,0,0,1,0,1,1,0,0,1,1,0,0,1,1,0,0,0,0,0,32,0,0,0,0,0,0,0,0
4,511,-667.0,257,terminated,0,46,1,0,-667.0,0,0,0,0,1,0,1,1,0,0,1,1,0,0,1,1,0,0,0,0,0,257,0,0,0,0,0,0,0,0
4,512,-491.0,81,terminated,0,46,1,0,-491.0,0,0,0,0,1,0,1,1,0,0,1,1,0,0,1,1,0,0,0,0,0,81,0,0,0,0,0,0,0,0
4,513,-483.0,73,terminated,0,46,1,0,-483.0,0,0,0,0,1,0,1,1,0,0,1,1,0,0,1,1,0,0,0,0,0,73,0,0,0,0,0,0,0,0
4,514,-503.0,93,terminated,0,46,1,0,-503.0,0,0,0,0,1,0,1,1,0,0,1,1,0,0,1,1,0,0,0,0,0,93,0,0,0,0,0,0,0,0
4,515,-483.0,73,terminated,0,46,1,0,-483.0,0,0,0,0,1,0,1,1,0,0,1,1,0,0,1,1,0,0,0,0,0,73,0,0,0,0,0,0,0,0
4,516,-657.0,247,terminated,0,46,1,0,-657.0,0,0,0,0,1,0,1,1,0,0,1,1,0,0,1,1,0,0,0,0,0,247,0,0,0,0,0,0,0,0
4,517,-437.0,27,terminated,0,46,1,0,-437.0,0,0,0,0,1,0,1,1,0,0,1,1,0,0,1,1,0,0,0,0,0,27,0,0,0,0,0,0,0,0
4,518,-524.0,114,terminated,0,46,1,0,-524.0,0,0,0,0,1,0,1,1,0,0,1,1,0,0,1,1,0,0,0,0,0,114,0,0,0,0,0,0,0,0
4,519,-210.0,300,truncated,0,46,0,0,-210.0,0,0,0,0,0,0,0,0,0,0,0,0,0,0,0,0,0,0,0,0,0,300,0,0,0,0,0,0,0,0
4,520,-442.0,32,terminated,0,46,1,0,-442.0,0,0,0,0,1,0,1,1,0,0,1,1,0,0,1,1,0,0,0,0,0,32,0,0,0,0,0,0,0,0
4,521,-622.0,212,terminated,0,46,1,0,-622.0,0,0,0,0,1,0,1,1,0,0,1,1,0,0,1,1,0,0,0,0,0,212,0,0,0,0,0,0,0,0
4,522,-491.0,81,terminated,0,46,1,0,-491.0,0,0,0,0,1,0,1,1,0,0,1,1,0,0,1,1,0,0,0,0,0,81,0,0,0,0,0,0,0,0
4,523,-518.0,108,terminated,0,46,1,0,-518.0,0,0,0,0,1,0,1,1,0,0,1,1,0,0,1,1,0,0,0,0,0,108,0,0,0,0,0,0,0,0
4,524,-448.0,38,terminated,0,46,1,0,-448.0,0,0,0,0,1,0,1,1,0,0,1,1,0,0,1,1,0,0,0,0,0,38,0,0,0,0,0,0,0,0
4,525,-507.0,97,terminated,0,46,1,0,-507.0,0,0,0,0,1,0,1,1,0,0,1,1,0,0,1,1,0,0,0,0,0,97,0,0,0,0,0,0,0,0
4,526,-429.0,19,terminated,0,46,1,0,-429.0,0,0,0,0,1,0,1,1,0,0,1,1,0,0,1,1,0,0,0,0,0,19,0,0,0,0,0,0,0,0
4,527,-452.0,42,terminated,0,46,1,0,-452.0,0,0,0,0,1,0,1,1,0,0,1,1,0,0,1,1,0,0,0,0,0,42,0,0,0,0,0,0,0,0
4,528,-569.0,159,terminated,0,46,1,0,-569.0,0,0,0,0,1,0,1,1,0,0,1,1,0,0,1,1,0,0,0,0,0,159,0,0,0,0,0,0,0,0
4,529,-482.0,72,terminated,0,46,1,0,-482.0,0,0,0,0,1,0,1,1,0,0,1,1,0,0,1,1,0,0,0,0,0,72,0,0,0,0,0,0,0,0
4,530,-483.0,73,terminated,0,46,1,0,-483.0,0,0,0,0,1,0,1,1,0,0,1,1,0,0,1,1,0,0,0,0,0,73,0,0,0,0,0,0,0,0
4,531,-470.0,60,terminated,0,46,1,0,-470.0,0,0,0,0,1,0,1,1,0,0,1,1,0,0,1,1,0,0,0,0,0,60,0,0,0,0,0,0,0,0
4,532,-435.0,25,terminated,0,46,1,0,-435.0,0,0,0,0,1,0,1,1,0,0,1,1,0,0,1,1,0,0,0,0,0,25,0,0,0,0,0,0,0,0
4,533,-464.0,54,terminated,0,46,1,0,-464.0,0,0,0,0,1,0,1,1,0,0,1,1,0,0,1,1,0,0,0,0,0,54,0,0,0,0,0,0,0,0
4,534,-445.0,35,terminated,0,46,1,0,-445.0,0,0,0,0,1,0,1,1,0,0,1,1,0,0,1,1,0,0,0,0,0,35,0,0,0,0,0,0,0,0
4,535,-448.0,38,terminated,0,46,1,0,-448.0,0,0,0,0,1,0,1,1,0,0,1,1,0,0,1,1,0,0,0,0,0,38,0,0,0,0,0,0,0,0
4,536,-490.0,80,terminated,0,46,1,0,-490.0,0,0,0,0,1,0,1,1,0,0,1,1,0,0,1,1,0,0,0,0,0,80,0,0,0,0,0,0,0,0
4,537,-499.0,89,terminated,0,46,1,0,-499.0,0,0,0,0,1,0,1,1,0,0,1,1,0,0,1,1,0,0,0,0,0,89,0,0,0,0,0,0,0,0
4,538,-476.0,66,terminated,0,46,1,0,-476.0,0,0,0,0,1,0,1,1,0,0,1,1,0,0,1,1,0,0,0,0,0,66,0,0,0,0,0,0,0,0
4,539,-460.0,50,terminated,0,46,1,0,-460.0,0,0,0,0,1,0,1,1,0,0,1,1,0,0,1,1,0,0,0,0,0,50,0,0,0,0,0,0,0,0
4,540,-471.0,61,terminated,0,46,1,0,-471.0,0,0,0,0,1,0,1,1,0,0,1,1,0,0,1,1,0,0,0,0,0,61,0,0,0,0,0,0,0,0
4,541,-701.0,291,terminated,0,46,1,0,-701.0,0,0,0,0,1,0,1,1,0,0,1,1,0,0,1,1,0,0,0,0,0,291,0,0,0,0,0,0,0,0
4,542,-525.0,115,terminated,0,46,1,0,-525.0,0,0,0,0,1,0,1,1,0,0,1,1,0,0,1,1,0,0,0,0,0,115,0,0,0,0,0,0,0,0
4,543,-466.0,56,terminated,0,46,1,0,-466.0,0,0,0,0,1,0,1,1,0,0,1,1,0,0,1,1,0,0,0,0,0,56,0,0,0,0,0,0,0,0
4,544,-681.0,271,terminated,0,46,1,0,-681.0,0,0,0,0,1,0,1,1,0,0,1,1,0,0,1,1,0,0,0,0,0,271,0,0,0,0,0,0,0,0
4,545,-617.0,207,terminated,0,46,1,0,-617.0,0,0,0,0,1,0,1,1,0,0,1,1,0,0,1,1,0,0,0,0,0,207,0,0,0,0,0,0,0,0
4,546,-210.0,300,truncated,0,46,0,0,-210.0,0,0,0,0,0,0,0,0,0,0,0,0,0,0,0,0,0,0,0,0,0,300,0,0,0,0,0,0,0,0
4,547,-459.0,49,terminated,0,46,1,0,-459.0,0,0,0,0,1,0,1,1,0,0,1,1,0,0,1,1,0,0,0,0,0,49,0,0,0,0,0,0,0,0
4,548,-516.0,106,terminated,0,46,1,0,-516.0,0,0,0,0,1,0,1,1,0,0,1,1,0,0,1,1,0,0,0,0,0,106,0,0,0,0,0,0,0,0
4,549,-478.0,68,terminated,0,46,1,0,-478.0,0,0,0,0,1,0,1,1,0,0,1,1,0,0,1,1,0,0,0,0,0,68,0,0,0,0,0,0,0,0
4,550,-454.0,44,terminated,0,46,1,0,-454.0,0,0,0,0,1,0,1,1,0,0,1,1,0,0,1,1,0,0,0,0,0,44,0,0,0,0,0,0,0,0
4,551,-463.0,53,terminated,0,46,1,0,-463.0,0,0,0,0,1,0,1,1,0,0,1,1,0,0,1,1,0,0,0,0,0,53,0,0,0,0,0,0,0,0
4,552,-471.0,61,terminated,0,46,1,0,-471.0,0,0,0,0,1,0,1,1,0,0,1,1,0,0,1,1,0,0,0,0,0,61,0,0,0,0,0,0,0,0
4,553,-460.0,50,terminated,0,46,1,0,-460.0,0,0,0,0,1,0,1,1,0,0,1,1,0,0,1,1,0,0,0,0,0,50,0,0,0,0,0,0,0,0
4,554,-493.0,83,terminated,0,46,1,0,-493.0,0,0,0,0,1,0,1,1,0,0,1,1,0,0,1,1,0,0,0,0,0,83,0,0,0,0,0,0,0,0
4,555,-623.0,213,terminated,0,46,1,0,-623.0,0,0,0,0,1,0,1,1,0,0,1,1,0,0,1,1,0,0,0,0,0,213,0,0,0,0,0,0,0,0
4,556,-576.0,166,terminated,0,46,1,0,-576.0,0,0,0,0,1,0,1,1,0,0,1,1,0,0,1,1,0,0,0,0,0,166,0,0,0,0,0,0,0,0
4,557,-623.0,213,terminated,0,46,1,0,-623.0,0,0,0,0,1,0,1,1,0,0,1,1,0,0,1,1,0,0,0,0,0,213,0,0,0,0,0,0,0,0
4,558,-463.0,53,terminated,0,46,1,0,-463.0,0,0,0,0,1,0,1,1,0,0,1,1,0,0,1,1,0,0,0,0,0,53,0,0,0,0,0,0,0,0
4,559,-445.0,35,terminated,0,46,1,0,-445.0,0,0,0,0,1,0,1,1,0,0,1,1,0,0,1,1,0,0,0,0,0,35,0,0,0,0,0,0,0,0
4,560,-447.0,37,terminated,0,46,1,0,-447.0,0,0,0,0,1,0,1,1,0,0,1,1,0,0,1,1,0,0,0,0,0,37,0,0,0,0,0,0,0,0
4,561,-451.0,41,terminated,0,46,1,0,-451.0,0,0,0,0,1,0,1,1,0,0,1,1,0,0,1,1,0,0,0,0,0,41,0,0,0,0,0,0,0,0
4,562,-566.0,156,terminated,0,46,1,0,-566.0,0,0,0,0,1,0,1,1,0,0,1,1,0,0,1,1,0,0,0,0,0,156,0,0,0,0,0,0,0,0
4,563,-443.0,33,terminated,0,46,1,0,-443.0,0,0,0,0,1,0,1,1,0,0,1,1,0,0,1,1,0,0,0,0,0,33,0,0,0,0,0,0,0,0
4,564,-566.0,156,terminated,0,46,1,0,-566.0,0,0,0,0,1,0,1,1,0,0,1,1,0,0,1,1,0,0,0,0,0,156,0,0,0,0,0,0,0,0
4,565,-574.0,164,terminated,0,46,1,0,-574.0,0,0,0,0,1,0,1,1,0,0,1,1,0,0,1,1,0,0,0,0,0,164,0,0,0,0,0,0,0,0
4,566,-470.0,60,terminated,0,46,1,0,-470.0,0,0,0,0,1,0,1,1,0,0,1,1,0,0,1,1,0,0,0,0,0,60,0,0,0,0,0,0,0,0
4,567,-437.0,27,terminated,0,46,1,0,-437.0,0,0,0,0,1,0,1,1,0,0,1,1,0,0,1,1,0,0,0,0,0,27,0,0,0,0,0,0,0,0
4,568,-511.0,101,terminated,0,46,1,0,-511.0,0,0,0,0,1,0,1,1,0,0,1,1,0,0,1,1,0,0,0,0,0,101,0,0,0,0,0,0,0,0
4,569,-430.0,20,terminated,0,46,1,0,-430.0,0,0,0,0,1,0,1,1,0,0,1,1,0,0,1,1,0,0,0,0,0,20,0,0,0,0,0,0,0,0
4,570,-435.0,25,terminated,0,46,1,0,-435.0,0,0,0,0,1,0,1,1,0,0,1,1,0,0,1,1,0,0,0,0,0,25,0,0,0,0,0,0,0,0
4,571,-440.0,30,terminated,0,46,1,0,-440.0,0,0,0,0,1,0,1,1,0,0,1,1,0,0,1,1,0,0,0,0,0,30,0,0,0,0,0,0,0,0
4,572,-465.0,55,terminated,0,46,1,0,-465.0,0,0,0,0,1,0,1,1,0,0,1,1,0,0,1,1,0,0,0,0,0,55,0,0,0,0,0,0,0,0
4,573,-481.0,71,terminated,0,46,1,0,-481.0,0,0,0,0,1,0,1,1,0,0,1,1,0,0,1,1,0,0,0,0,0,71,0,0,0,0,0,0,0,0
4,574,-430.0,20,terminated,0,46,1,0,-430.0,0,0,0,0,1,0,1,1,0,0,1,1,0,0,1,1,0,0,0,0,0,20,0,0,0,0,0,0,0,0
4,575,-473.0,63,terminated,0,46,1,0,-473.0,0,0,0,0,1,0,1,1,0,0,1,1,0,0,1,1,0,0,0,0,0,63,0,0,0,0,0,0,0,0
4,576,-503.0,93,terminated,0,46,1,0,-503.0,0,0,0,0,1,0,1,1,0,0,1,1,0,0,1,1,0,0,0,0,0,93,0,0,0,0,0,0,0,0
4,577,-570.0,160,terminated,0,46,1,0,-570.0,0,0,0,0,1,0,1,1,0,0,1,1,0,0,1,1,0,0,0,0,0,160,0,0,0,0,0,0,0,0
4,578,-473.0,63,terminated,0,46,1,0,-473.0,0,0,0,0,1,0,1,1,0,0,1,1,0,0,1,1,0,0,0,0,0,63,0,0,0,0,0,0,0,0
4,579,-474.0,64,terminated,0,46,1,0,-474.0,0,0,0,0,1,0,1,1,0,0,1,1,0,0,1,1,0,0,0,0,0,64,0,0,0,0,0,0,0,0
4,580,-616.0,206,terminated,0,46,1,0,-616.0,0,0,0,0,1,0,1,1,0,0,1,1,0,0,1,1,0,0,0,0,0,206,0,0,0,0,0,0,0,0
4,581,-449.0,39,terminated,0,46,1,0,-449.0,0,0,0,0,1,0,1,1,0,0,1,1,0,0,1,1,0,0,0,0,0,39,0,0,0,0,0,0,0,0
4,582,-462.0,52,terminated,0,46,1,0,-462.0,0,0,0,0,1,0,1,1,0,0,1,1,0,0,1,1,0,0,0,0,0,52,0,0,0,0,0,0,0,0
4,583,-579.0,169,terminated,0,46,1,0,-579.0,0,0,0,0,1,0,1,1,0,0,1,1,0,0,1,1,0,0,0,0,0,169,0,0,0,0,0,0,0,0
4,584,-464.0,54,terminated,0,46,1,0,-464.0,0,0,0,0,1,0,1,1,0,0,1,1,0,0,1,1,0,0,0,0,0,54,0,0,0,0,0,0,0,0
4,585,-476.0,66,terminated,0,46,1,0,-476.0,0,0,0,0,1,0,1,1,0,0,1,1,0,0,1,1,0,0,0,0,0,66,0,0,0,0,0,0,0,0
4,586,-470.0,60,terminated,0,46,1,0,-470.0,0,0,0,0,1,0,1,1,0,0,1,1,0,0,1,1,0,0,0,0,0,60,0,0,0,0,0,0,0,0
4,587,-545.0,135,terminated,0,46,1,0,-545.0,0,0,0,0,1,0,1,1,0,0,1,1,0,0,1,1,0,0,0,0,0,135,0,0,0,0,0,0,0,0
4,588,-447.0,37,terminated,0,46,1,0,-447.0,0,0,0,0,1,0,1,1,0,0,1,1,0,0,1,1,0,0,0,0,0,37,0,0,0,0,0,0,0,0
4,589,-553.0,143,terminated,0,46,1,0,-553.0,0,0,0,0,1,0,1,1,0,0,1,1,0,0,1,1,0,0,0,0,0,143,0,0,0,0,0,0,0,0
4,590,-444.0,34,terminated,0,46,1,0,-444.0,0,0,0,0,1,0,1,1,0,0,1,1,0,0,1,1,0,0,0,0,0,34,0,0,0,0,0,0,0,0
4,591,-508.0,98,terminated,0,46,1,0,-508.0,0,0,0,0,1,0,1,1,0,0,1,1,0,0,1,1,0,0,0,0,0,98,0,0,0,0,0,0,0,0
4,592,-449.0,39,terminated,0,46,1,0,-449.0,0,0,0,0,1,0,1,1,0,0,1,1,0,0,1,1,0,0,0,0,0,39,0,0,0,0,0,0,0,0
4,593,-447.0,37,terminated,0,46,1,0,-447.0,0,0,0,0,1,0,1,1,0,0,1,1,0,0,1,1,0,0,0,0,0,37,0,0,0,0,0,0,0,0
4,594,-597.0,187,terminated,0,46,1,0,-597.0,0,0,0,0,1,0,1,1,0,0,1,1,0,0,1,1,0,0,0,0,0,187,0,0,0,0,0,0,0,0
4,595,-438.0,28,terminated,0,46,1,0,-438.0,0,0,0,0,1,0,1,1,0,0,1,1,0,0,1,1,0,0,0,0,0,28,0,0,0,0,0,0,0,0
4,596,-210.0,300,truncated,0,46,0,0,-210.0,0,0,0,0,0,0,0,0,0,0,0,0,0,0,0,0,0,0,0,0,0,300,0,0,0,0,0,0,0,0
4,597,-526.0,116,terminated,0,46,1,0,-526.0,0,0,0,0,1,0,1,1,0,0,1,1,0,0,1,1,0,0,0,0,0,116,0,0,0,0,0,0,0,0
4,598,-526.0,116,terminated,0,46,1,0,-526.0,0,0,0,0,1,0,1,1,0,0,1,1,0,0,1,1,0,0,0,0,0,116,0,0,0,0,0,0,0,0
4,599,-475.0,65,terminated,0,46,1,0,-475.0,0,0,0,0,1,0,1,1,0,0,1,1,0,0,1,1,0,0,0,0,0,65,0,0,0,0,0,0,0,0
4,600,-509.0,99,terminated,0,46,1,0,-509.0,0,0,0,0,1,0,1,1,0,0,1,1,0,0,1,1,0,0,0,0,0,99,0,0,0,0,0,0,0,0
4,601,-571.0,161,terminated,0,46,1,0,-571.0,0,0,0,0,1,0,1,1,0,0,1,1,0,0,1,1,0,0,0,0,0,161,0,0,0,0,0,0,0,0
4,602,-446.0,36,terminated,0,46,1,0,-446.0,0,0,0,0,1,0,1,1,0,0,1,1,0,0,1,1,0,0,0,0,0,36,0,0,0,0,0,0,0,0
4,603,-600.0,190,terminated,0,46,1,0,-600.0,0,0,0,0,1,0,1,1,0,0,1,1,0,0,1,1,0,0,0,0,0,190,0,0,0,0,0,0,0,0
4,604,-463.0,53,terminated,0,46,1,0,-463.0,0,0,0,0,1,0,1,1,0,0,1,1,0,0,1,1,0,0,0,0,0,53,0,0,0,0,0,0,0,0
4,605,-480.0,70,terminated,0,46,1,0,-480.0,0,0,0,0,1,0,1,1,0,0,1,1,0,0,1,1,0,0,0,0,0,70,0,0,0,0,0,0,0,0
4,606,-463.0,53,terminated,0,46,1,0,-463.0,0,0,0,0,1,0,1,1,0,0,1,1,0,0,1,1,0,0,0,0,0,53,0,0,0,0,0,0,0,0
4,607,-440.0,30,terminated,0,46,1,0,-440.0,0,0,0,0,1,0,1,1,0,0,1,1,0,0,1,1,0,0,0,0,0,30,0,0,0,0,0,0,0,0
4,608,-442.0,32,terminated,0,46,1,0,-442.0,0,0,0,0,1,0,1,1,0,0,1,1,0,0,1,1,0,0,0,0,0,32,0,0,0,0,0,0,0,0
4,609,-488.0,78,terminated,0,46,1,0,-488.0,0,0,0,0,1,0,1,1,0,0,1,1,0,0,1,1,0,0,0,0,0,78,0,0,0,0,0,0,0,0
4,610,-453.0,43,terminated,0,46,1,0,-453.0,0,0,0,0,1,0,1,1,0,0,1,1,0,0,1,1,0,0,0,0,0,43,0,0,0,0,0,0,0,0
4,611,-466.0,56,terminated,0,46,1,0,-466.0,0,0,0,0,1,0,1,1,0,0,1,1,0,0,1,1,0,0,0,0,0,56,0,0,0,0,0,0,0,0
4,612,-517.0,107,terminated,0,46,1,0,-517.0,0,0,0,0,1,0,1,1,0,0,1,1,0,0,1,1,0,0,0,0,0,107,0,0,0,0,0,0,0,0
4,613,-535.0,125,terminated,0,46,1,0,-535.0,0,0,0,0,1,0,1,1,0,0,1,1,0,0,1,1,0,0,0,0,0,125,0,0,0,0,0,0,0,0
4,614,-447.0,37,terminated,0,46,1,0,-447.0,0,0,0,0,1,0,1,1,0,0,1,1,0,0,1,1,0,0,0,0,0,37,0,0,0,0,0,0,0,0
4,615,-439.0,29,terminated,0,46,1,0,-439.0,0,0,0,0,1,0,1,1,0,0,1,1,0,0,1,1,0,0,0,0,0,29,0,0,0,0,0,0,0,0
4,616,-508.0,98,terminated,0,46,1,0,-508.0,0,0,0,0,1,0,1,1,0,0,1,1,0,0,1,1,0,0,0,0,0,98,0,0,0,0,0,0,0,0
4,617,-466.0,56,terminated,0,46,1,0,-466.0,0,0,0,0,1,0,1,1,0,0,1,1,0,0,1,1,0,0,0,0,0,56,0,0,0,0,0,0,0,0
4,618,-440.0,30,terminated,0,46,1,0,-440.0,0,0,0,0,1,0,1,1,0,0,1,1,0,0,1,1,0,0,0,0,0,30,0,0,0,0,0,0,0,0
4,619,-468.0,58,terminated,0,46,1,0,-468.0,0,0,0,0,1,0,1,1,0,0,1,1,0,0,1,1,0,0,0,0,0,58,0,0,0,0,0,0,0,0
4,620,-442.0,32,terminated,0,46,1,0,-442.0,0,0,0,0,1,0,1,1,0,0,1,1,0,0,1,1,0,0,0,0,0,32,0,0,0,0,0,0,0,0
4,621,-441.0,31,terminated,0,46,1,0,-441.0,0,0,0,0,1,0,1,1,0,0,1,1,0,0,1,1,0,0,0,0,0,31,0,0,0,0,0,0,0,0
4,622,-565.0,155,terminated,0,46,1,0,-565.0,0,0,0,0,1,0,1,1,0,0,1,1,0,0,1,1,0,0,0,0,0,155,0,0,0,0,0,0,0,0
4,623,-492.0,82,terminated,0,46,1,0,-492.0,0,0,0,0,1,0,1,1,0,0,1,1,0,0,1,1,0,0,0,0,0,82,0,0,0,0,0,0,0,0
4,624,-473.0,63,terminated,0,46,1,0,-473.0,0,0,0,0,1,0,1,1,0,0,1,1,0,0,1,1,0,0,0,0,0,63,0,0,0,0,0,0,0,0
4,625,-448.0,38,terminated,0,46,1,0,-448.0,0,0,0,0,1,0,1,1,0,0,1,1,0,0,1,1,0,0,0,0,0,38,0,0,0,0,0,0,0,0
4,626,-497.0,87,terminated,0,46,1,0,-497.0,0,0,0,0,1,0,1,1,0,0,1,1,0,0,1,1,0,0,0,0,0,87,0,0,0,0,0,0,0,0
4,627,-572.0,162,terminated,0,46,1,0,-572.0,0,0,0,0,1,0,1,1,0,0,1,1,0,0,1,1,0,0,0,0,0,162,0,0,0,0,0,0,0,0
4,628,-492.0,82,terminated,0,46,1,0,-492.0,0,0,0,0,1,0,1,1,0,0,1,1,0,0,1,1,0,0,0,0,0,82,0,0,0,0,0,0,0,0
4,629,-661.0,251,terminated,0,46,1,0,-661.0,0,0,0,0,1,0,1,1,0,0,1,1,0,0,1,1,0,0,0,0,0,251,0,0,0,0,0,0,0,0
4,630,-434.0,24,terminated,0,46,1,0,-434.0,0,0,0,0,1,0,1,1,0,0,1,1,0,0,1,1,0,0,0,0,0,24,0,0,0,0,0,0,0,0
4,631,-439.0,29,terminated,0,46,1,0,-439.0,0,0,0,0,1,0,1,1,0,0,1,1,0,0,1,1,0,0,0,0,0,29,0,0,0,0,0,0,0,0
4,632,-480.0,70,terminated,0,46,1,0,-480.0,0,0,0,0,1,0,1,1,0,0,1,1,0,0,1,1,0,0,0,0,0,70,0,0,0,0,0,0,0,0
4,633,-440.0,30,terminated,0,46,1,0,-440.0,0,0,0,0,1,0,1,1,0,0,1,1,0,0,1,1,0,0,0,0,0,30,0,0,0,0,0,0,0,0
4,634,-469.0,59,terminated,0,46,1,0,-469.0,0,0,0,0,1,0,1,1,0,0,1,1,0,0,1,1,0,0,0,0,0,59,0,0,0,0,0,0,0,0
4,635,-509.0,99,terminated,0,46,1,0,-509.0,0,0,0,0,1,0,1,1,0,0,1,1,0,0,1,1,0,0,0,0,0,99,0,0,0,0,0,0,0,0
4,636,-535.0,125,terminated,0,46,1,0,-535.0,0,0,0,0,1,0,1,1,0,0,1,1,0,0,1,1,0,0,0,0,0,125,0,0,0,0,0,0,0,0
4,637,-475.0,65,terminated,0,46,1,0,-475.0,0,0,0,0,1,0,1,1,0,0,1,1,0,0,1,1,0,0,0,0,0,65,0,0,0,0,0,0,0,0
4,638,-658.0,248,terminated,0,46,1,0,-658.0,0,0,0,0,1,0,1,1,0,0,1,1,0,0,1,1,0,0,0,0,0,248,0,0,0,0,0,0,0,0
4,639,-486.0,76,terminated,0,46,1,0,-486.0,0,0,0,0,1,0,1,1,0,0,1,1,0,0,1,1,0,0,0,0,0,76,0,0,0,0,0,0,0,0
4,640,-519.0,109,terminated,0,46,1,0,-519.0,0,0,0,0,1,0,1,1,0,0,1,1,0,0,1,1,0,0,0,0,0,109,0,0,0,0,0,0,0,0
4,641,-449.0,39,terminated,0,46,1,0,-449.0,0,0,0,0,1,0,1,1,0,0,1,1,0,0,1,1,0,0,0,0,0,39,0,0,0,0,0,0,0,0
4,642,-672.0,262,terminated,0,46,1,0,-672.0,0,0,0,0,1,0,1,1,0,0,1,1,0,0,1,1,0,0,0,0,0,262,0,0,0,0,0,0,0,0
4,643,-497.0,87,terminated,0,46,1,0,-497.0,0,0,0,0,1,0,1,1,0,0,1,1,0,0,1,1,0,0,0,0,0,87,0,0,0,0,0,0,0,0
4,644,-617.0,207,terminated,0,46,1,0,-617.0,0,0,0,0,1,0,1,1,0,0,1,1,0,0,1,1,0,0,0,0,0,207,0,0,0,0,0,0,0,0
4,645,-683.0,273,terminated,0,46,1,0,-683.0,0,0,0,0,1,0,1,1,0,0,1,1,0,0,1,1,0,0,0,0,0,273,0,0,0,0,0,0,0,0
4,646,-449.0,39,terminated,0,46,1,0,-449.0,0,0,0,0,1,0,1,1,0,0,1,1,0,0,1,1,0,0,0,0,0,39,0,0,0,0,0,0,0,0
4,647,-585.0,175,terminated,0,46,1,0,-585.0,0,0,0,0,1,0,1,1,0,0,1,1,0,0,1,1,0,0,0,0,0,175,0,0,0,0,0,0,0,0
4,648,-441.0,31,terminated,0,46,1,0,-441.0,0,0,0,0,1,0,1,1,0,0,1,1,0,0,1,1,0,0,0,0,0,31,0,0,0,0,0,0,0,0
4,649,-449.0,39,terminated,0,46,1,0,-449.0,0,0,0,0,1,0,1,1,0,0,1,1,0,0,1,1,0,0,0,0,0,39,0,0,0,0,0,0,0,0
4,650,-434.0,24,terminated,0,46,1,0,-434.0,0,0,0,0,1,0,1,1,0,0,1,1,0,0,1,1,0,0,0,0,0,24,0,0,0,0,0,0,0,0
4,651,-560.0,150,terminated,0,46,1,0,-560.0,0,0,0,0,1,0,1,1,0,0,1,1,0,0,1,1,0,0,0,0,0,150,0,0,0,0,0,0,0,0
4,652,-461.0,51,terminated,0,46,1,0,-461.0,0,0,0,0,1,0,1,1,0,0,1,1,0,0,1,1,0,0,0,0,0,51,0,0,0,0,0,0,0,0
4,653,-445.0,35,terminated,0,46,1,0,-445.0,0,0,0,0,1,0,1,1,0,0,1,1,0,0,1,1,0,0,0,0,0,35,0,0,0,0,0,0,0,0
4,654,-576.0,166,terminated,0,46,1,0,-576.0,0,0,0,0,1,0,1,1,0,0,1,1,0,0,1,1,0,0,0,0,0,166,0,0,0,0,0,0,0,0
4,655,-441.0,31,terminated,0,46,1,0,-441.0,0,0,0,0,1,0,1,1,0,0,1,1,0,0,1,1,0,0,0,0,0,31,0,0,0,0,0,0,0,0
4,656,-461.0,51,terminated,0,46,1,0,-461.0,0,0,0,0,1,0,1,1,0,0,1,1,0,0,1,1,0,0,0,0,0,51,0,0,0,0,0,0,0,0
4,657,-534.0,124,terminated,0,46,1,0,-534.0,0,0,0,0,1,0,1,1,0,0,1,1,0,0,1,1,0,0,0,0,0,124,0,0,0,0,0,0,0,0
4,658,-446.0,36,terminated,0,46,1,0,-446.0,0,0,0,0,1,0,1,1,0,0,1,1,0,0,1,1,0,0,0,0,0,36,0,0,0,0,0,0,0,0
4,659,-517.0,107,terminated,0,46,1,0,-517.0,0,0,0,0,1,0,1,1,0,0,1,1,0,0,1,1,0,0,0,0,0,107,0,0,0,0,0,0,0,0
4,660,-526.0,116,terminated,0,46,1,0,-526.0,0,0,0,0,1,0,1,1,0,0,1,1,0,0,1,1,0,0,0,0,0,116,0,0,0,0,0,0,0,0
4,661,-518.0,108,terminated,0,46,1,0,-518.0,0,0,0,0,1,0,1,1,0,0,1,1,0,0,1,1,0,0,0,0,0,108,0,0,0,0,0,0,0,0
4,662,-481.0,71,terminated,0,46,1,0,-481.0,0,0,0,0,1,0,1,1,0,0,1,1,0,0,1,1,0,0,0,0,0,71,0,0,0,0,0,0,0,0
4,663,-448.0,38,terminated,0,46,1,0,-448.0,0,0,0,0,1,0,1,1,0,0,1,1,0,0,1,1,0,0,0,0,0,38,0,0,0,0,0,0,0,0
4,664,-529.0,119,terminated,0,46,1,0,-529.0,0,0,0,0,1,0,1,1,0,0,1,1,0,0,1,1,0,0,0,0,0,119,0,0,0,0,0,0,0,0
4,665,-446.0,36,terminated,0,46,1,0,-446.0,0,0,0,0,1,0,1,1,0,0,1,1,0,0,1,1,0,0,0,0,0,36,0,0,0,0,0,0,0,0
4,666,-512.0,102,terminated,0,46,1,0,-512.0,0,0,0,0,1,0,1,1,0,0,1,1,0,0,1,1,0,0,0,0,0,102,0,0,0,0,0,0,0,0
4,667,-473.0,63,terminated,0,46,1,0,-473.0,0,0,0,0,1,0,1,1,0,0,1,1,0,0,1,1,0,0,0,0,0,63,0,0,0,0,0,0,0,0
4,668,-578.0,168,terminated,0,46,1,0,-578.0,0,0,0,0,1,0,1,1,0,0,1,1,0,0,1,1,0,0,0,0,0,168,0,0,0,0,0,0,0,0
4,669,-454.0,44,terminated,0,46,1,0,-454.0,0,0,0,0,1,0,1,1,0,0,1,1,0,0,1,1,0,0,0,0,0,44,0,0,0,0,0,0,0,0
4,670,-445.0,35,terminated,0,46,1,0,-445.0,0,0,0,0,1,0,1,1,0,0,1,1,0,0,1,1,0,0,0,0,0,35,0,0,0,0,0,0,0,0
4,671,-448.0,38,terminated,0,46,1,0,-448.0,0,0,0,0,1,0,1,1,0,0,1,1,0,0,1,1,0,0,0,0,0,38,0,0,0,0,0,0,0,0
4,672,-447.0,37,terminated,0,46,1,0,-447.0,0,0,0,0,1,0,1,1,0,0,1,1,0,0,1,1,0,0,0,0,0,37,0,0,0,0,0,0,0,0
4,673,-533.0,123,terminated,0,46,1,0,-533.0,0,0,0,0,1,0,1,1,0,0,1,1,0,0,1,1,0,0,0,0,0,123,0,0,0,0,0,0,0,0
4,674,-458.0,48,terminated,0,46,1,0,-458.0,0,0,0,0,1,0,1,1,0,0,1,1,0,0,1,1,0,0,0,0,0,48,0,0,0,0,0,0,0,0
4,675,-495.0,85,terminated,0,46,1,0,-495.0,0,0,0,0,1,0,1,1,0,0,1,1,0,0,1,1,0,0,0,0,0,85,0,0,0,0,0,0,0,0
4,676,-535.0,125,terminated,0,46,1,0,-535.0,0,0,0,0,1,0,1,1,0,0,1,1,0,0,1,1,0,0,0,0,0,125,0,0,0,0,0,0,0,0
4,677,-518.0,108,terminated,0,46,1,0,-518.0,0,0,0,0,1,0,1,1,0,0,1,1,0,0,1,1,0,0,0,0,0,108,0,0,0,0,0,0,0,0
4,678,-696.0,286,terminated,0,46,1,0,-696.0,0,0,0,0,1,0,1,1,0,0,1,1,0,0,1,1,0,0,0,0,0,286,0,0,0,0,0,0,0,0
4,679,-486.0,76,terminated,0,46,1,0,-486.0,0,0,0,0,1,0,1,1,0,0,1,1,0,0,1,1,0,0,0,0,0,76,0,0,0,0,0,0,0,0
4,680,-582.0,172,terminated,0,46,1,0,-582.0,0,0,0,0,1,0,1,1,0,0,1,1,0,0,1,1,0,0,0,0,0,172,0,0,0,0,0,0,0,0
4,681,-448.0,38,terminated,0,46,1,0,-448.0,0,0,0,0,1,0,1,1,0,0,1,1,0,0,1,1,0,0,0,0,0,38,0,0,0,0,0,0,0,0
4,682,-700.0,290,terminated,0,46,1,0,-700.0,0,0,0,0,1,0,1,1,0,0,1,1,0,0,1,1,0,0,0,0,0,290,0,0,0,0,0,0,0,0
4,683,-448.0,38,terminated,0,46,1,0,-448.0,0,0,0,0,1,0,1,1,0,0,1,1,0,0,1,1,0,0,0,0,0,38,0,0,0,0,0,0,0,0
4,684,-472.0,62,terminated,0,46,1,0,-472.0,0,0,0,0,1,0,1,1,0,0,1,1,0,0,1,1,0,0,0,0,0,62,0,0,0,0,0,0,0,0
4,685,-442.0,32,terminated,0,46,1,0,-442.0,0,0,0,0,1,0,1,1,0,0,1,1,0,0,1,1,0,0,0,0,0,32,0,0,0,0,0,0,0,0
4,686,-497.0,87,terminated,0,46,1,0,-497.0,0,0,0,0,1,0,1,1,0,0,1,1,0,0,1,1,0,0,0,0,0,87,0,0,0,0,0,0,0,0
4,687,-454.0,44,terminated,0,46,1,0,-454.0,0,0,0,0,1,0,1,1,0,0,1,1,0,0,1,1,0,0,0,0,0,44,0,0,0,0,0,0,0,0
4,688,-477.0,67,terminated,0,46,1,0,-477.0,0,0,0,0,1,0,1,1,0,0,1,1,0,0,1,1,0,0,0,0,0,67,0,0,0,0,0,0,0,0
4,689,-439.0,29,terminated,0,46,1,0,-439.0,0,0,0,0,1,0,1,1,0,0,1,1,0,0,1,1,0,0,0,0,0,29,0,0,0,0,0,0,0,0
4,690,-473.0,63,terminated,0,46,1,0,-473.0,0,0,0,0,1,0,1,1,0,0,1,1,0,0,1,1,0,0,0,0,0,63,0,0,0,0,0,0,0,0
4,691,-440.0,30,terminated,0,46,1,0,-440.0,0,0,0,0,1,0,1,1,0,0,1,1,0,0,1,1,0,0,0,0,0,30,0,0,0,0,0,0,0,0
4,692,-505.0,95,terminated,0,46,1,0,-505.0,0,0,0,0,1,0,1,1,0,0,1,1,0,0,1,1,0,0,0,0,0,95,0,0,0,0,0,0,0,0
4,693,-484.0,74,terminated,0,46,1,0,-484.0,0,0,0,0,1,0,1,1,0,0,1,1,0,0,1,1,0,0,0,0,0,74,0,0,0,0,0,0,0,0
4,694,-521.0,111,terminated,0,46,1,0,-521.0,0,0,0,0,1,0,1,1,0,0,1,1,0,0,1,1,0,0,0,0,0,111,0,0,0,0,0,0,0,0
4,695,-518.0,108,terminated,0,46,1,0,-518.0,0,0,0,0,1,0,1,1,0,0,1,1,0,0,1,1,0,0,0,0,0,108,0,0,0,0,0,0,0,0
4,696,-446.0,36,terminated,0,46,1,0,-446.0,0,0,0,0,1,0,1,1,0,0,1,1,0,0,1,1,0,0,0,0,0,36,0,0,0,0,0,0,0,0
4,697,-508.0,98,terminated,0,46,1,0,-508.0,0,0,0,0,1,0,1,1,0,0,1,1,0,0,1,1,0,0,0,0,0,98,0,0,0,0,0,0,0,0
4,698,-496.0,86,terminated,0,46,1,0,-496.0,0,0,0,0,1,0,1,1,0,0,1,1,0,0,1,1,0,0,0,0,0,86,0,0,0,0,0,0,0,0
4,699,-584.0,174,terminated,0,46,1,0,-584.0,0,0,0,0,1,0,1,1,0,0,1,1,0,0,1,1,0,0,0,0,0,174,0,0,0,0,0,0,0,0
4,700,-465.0,55,terminated,0,46,1,0,-465.0,0,0,0,0,1,0,1,1,0,0,1,1,0,0,1,1,0,0,0,0,0,55,0,0,0,0,0,0,0,0
4,701,-582.0,172,terminated,0,46,1,0,-582.0,0,0,0,0,1,0,1,1,0,0,1,1,0,0,1,1,0,0,0,0,0,172,0,0,0,0,0,0,0,0
4,702,-443.0,33,terminated,0,46,1,0,-443.0,0,0,0,0,1,0,1,1,0,0,1,1,0,0,1,1,0,0,0,0,0,33,0,0,0,0,0,0,0,0
4,703,-505.0,95,terminated,0,46,1,0,-505.0,0,0,0,0,1,0,1,1,0,0,1,1,0,0,1,1,0,0,0,0,0,95,0,0,0,0,0,0,0,0
4,704,-493.0,83,terminated,0,46,1,0,-493.0,0,0,0,0,1,0,1,1,0,0,1,1,0,0,1,1,0,0,0,0,0,83,0,0,0,0,0,0,0,0
4,705,-496.0,86,terminated,0,46,1,0,-496.0,0,0,0,0,1,0,1,1,0,0,1,1,0,0,1,1,0,0,0,0,0,86,0,0,0,0,0,0,0,0
4,706,-485.0,75,terminated,0,46,1,0,-485.0,0,0,0,0,1,0,1,1,0,0,1,1,0,0,1,1,0,0,0,0,0,75,0,0,0,0,0,0,0,0
4,707,-543.0,133,terminated,0,46,1,0,-543.0,0,0,0,0,1,0,1,1,0,0,1,1,0,0,1,1,0,0,0,0,0,133,0,0,0,0,0,0,0,0
4,708,-456.0,46,terminated,0,46,1,0,-456.0,0,0,0,0,1,0,1,1,0,0,1,1,0,0,1,1,0,0,0,0,0,46,0,0,0,0,0,0,0,0
4,709,-500.0,90,terminated,0,46,1,0,-500.0,0,0,0,0,1,0,1,1,0,0,1,1,0,0,1,1,0,0,0,0,0,90,0,0,0,0,0,0,0,0
4,710,-487.0,77,terminated,0,46,1,0,-487.0,0,0,0,0,1,0,1,1,0,0,1,1,0,0,1,1,0,0,0,0,0,77,0,0,0,0,0,0,0,0
4,711,-485.0,75,terminated,0,46,1,0,-485.0,0,0,0,0,1,0,1,1,0,0,1,1,0,0,1,1,0,0,0,0,0,75,0,0,0,0,0,0,0,0
4,712,-454.0,44,terminated,0,46,1,0,-454.0,0,0,0,0,1,0,1,1,0,0,1,1,0,0,1,1,0,0,0,0,0,44,0,0,0,0,0,0,0,0
4,713,-458.0,48,terminated,0,46,1,0,-458.0,0,0,0,0,1,0,1,1,0,0,1,1,0,0,1,1,0,0,0,0,0,48,0,0,0,0,0,0,0,0
4,714,-647.0,237,terminated,0,46,1,0,-647.0,0,0,0,0,1,0,1,1,0,0,1,1,0,0,1,1,0,0,0,0,0,237,0,0,0,0,0,0,0,0
4,715,-494.0,84,terminated,0,46,1,0,-494.0,0,0,0,0,1,0,1,1,0,0,1,1,0,0,1,1,0,0,0,0,0,84,0,0,0,0,0,0,0,0
4,716,-432.0,22,terminated,0,46,1,0,-432.0,0,0,0,0,1,0,1,1,0,0,1,1,0,0,1,1,0,0,0,0,0,22,0,0,0,0,0,0,0,0
4,717,-467.0,57,terminated,0,46,1,0,-467.0,0,0,0,0,1,0,1,1,0,0,1,1,0,0,1,1,0,0,0,0,0,57,0,0,0,0,0,0,0,0
4,718,-442.0,32,terminated,0,46,1,0,-442.0,0,0,0,0,1,0,1,1,0,0,1,1,0,0,1,1,0,0,0,0,0,32,0,0,0,0,0,0,0,0
4,719,-463.0,53,terminated,0,46,1,0,-463.0,0,0,0,0,1,0,1,1,0,0,1,1,0,0,1,1,0,0,0,0,0,53,0,0,0,0,0,0,0,0
4,720,-594.0,184,terminated,0,46,1,0,-594.0,0,0,0,0,1,0,1,1,0,0,1,1,0,0,1,1,0,0,0,0,0,184,0,0,0,0,0,0,0,0
4,721,-534.0,124,terminated,0,46,1,0,-534.0,0,0,0,0,1,0,1,1,0,0,1,1,0,0,1,1,0,0,0,0,0,124,0,0,0,0,0,0,0,0
4,722,-472.0,62,terminated,0,46,1,0,-472.0,0,0,0,0,1,0,1,1,0,0,1,1,0,0,1,1,0,0,0,0,0,62,0,0,0,0,0,0,0,0
4,723,-512.0,102,terminated,0,46,1,0,-512.0,0,0,0,0,1,0,1,1,0,0,1,1,0,0,1,1,0,0,0,0,0,102,0,0,0,0,0,0,0,0
4,724,-501.0,91,terminated,0,46,1,0,-501.0,0,0,0,0,1,0,1,1,0,0,1,1,0,0,1,1,0,0,0,0,0,91,0,0,0,0,0,0,0,0
4,725,-619.0,209,terminated,0,46,1,0,-619.0,0,0,0,0,1,0,1,1,0,0,1,1,0,0,1,1,0,0,0,0,0,209,0,0,0,0,0,0,0,0
4,726,-479.0,69,terminated,0,46,1,0,-479.0,0,0,0,0,1,0,1,1,0,0,1,1,0,0,1,1,0,0,0,0,0,69,0,0,0,0,0,0,0,0
4,727,-431.0,21,terminated,0,46,1,0,-431.0,0,0,0,0,1,0,1,1,0,0,1,1,0,0,1,1,0,0,0,0,0,21,0,0,0,0,0,0,0,0
4,728,-444.0,34,terminated,0,46,1,0,-444.0,0,0,0,0,1,0,1,1,0,0,1,1,0,0,1,1,0,0,0,0,0,34,0,0,0,0,0,0,0,0
4,729,-505.0,95,terminated,0,46,1,0,-505.0,0,0,0,0,1,0,1,1,0,0,1,1,0,0,1,1,0,0,0,0,0,95,0,0,0,0,0,0,0,0
4,730,-517.0,107,terminated,0,46,1,0,-517.0,0,0,0,0,1,0,1,1,0,0,1,1,0,0,1,1,0,0,0,0,0,107,0,0,0,0,0,0,0,0
4,731,-435.0,25,terminated,0,46,1,0,-435.0,0,0,0,0,1,0,1,1,0,0,1,1,0,0,1,1,0,0,0,0,0,25,0,0,0,0,0,0,0,0
4,732,-597.0,187,terminated,0,46,1,0,-597.0,0,0,0,0,1,0,1,1,0,0,1,1,0,0,1,1,0,0,0,0,0,187,0,0,0,0,0,0,0,0
4,733,-439.0,29,terminated,0,46,1,0,-439.0,0,0,0,0,1,0,1,1,0,0,1,1,0,0,1,1,0,0,0,0,0,29,0,0,0,0,0,0,0,0
4,734,-462.0,52,terminated,0,46,1,0,-462.0,0,0,0,0,1,0,1,1,0,0,1,1,0,0,1,1,0,0,0,0,0,52,0,0,0,0,0,0,0,0
4,735,-545.0,135,terminated,0,46,1,0,-545.0,0,0,0,0,1,0,1,1,0,0,1,1,0,0,1,1,0,0,0,0,0,135,0,0,0,0,0,0,0,0
4,736,-448.0,38,terminated,0,46,1,0,-448.0,0,0,0,0,1,0,1,1,0,0,1,1,0,0,1,1,0,0,0,0,0,38,0,0,0,0,0,0,0,0
4,737,-674.0,264,terminated,0,46,1,0,-674.0,0,0,0,0,1,0,1,1,0,0,1,1,0,0,1,1,0,0,0,0,0,264,0,0,0,0,0,0,0,0
4,738,-460.0,50,terminated,0,46,1,0,-460.0,0,0,0,0,1,0,1,1,0,0,1,1,0,0,1,1,0,0,0,0,0,50,0,0,0,0,0,0,0,0
4,739,-556.0,146,terminated,0,46,1,0,-556.0,0,0,0,0,1,0,1,1,0,0,1,1,0,0,1,1,0,0,0,0,0,146,0,0,0,0,0,0,0,0
4,740,-448.0,38,terminated,0,46,1,0,-448.0,0,0,0,0,1,0,1,1,0,0,1,1,0,0,1,1,0,0,0,0,0,38,0,0,0,0,0,0,0,0
4,741,-485.0,75,terminated,0,46,1,0,-485.0,0,0,0,0,1,0,1,1,0,0,1,1,0,0,1,1,0,0,0,0,0,75,0,0,0,0,0,0,0,0
4,742,-435.0,25,terminated,0,46,1,0,-435.0,0,0,0,0,1,0,1,1,0,0,1,1,0,0,1,1,0,0,0,0,0,25,0,0,0,0,0,0,0,0
4,743,-460.0,50,terminated,0,46,1,0,-460.0,0,0,0,0,1,0,1,1,0,0,1,1,0,0,1,1,0,0,0,0,0,50,0,0,0,0,0,0,0,0
4,744,-601.0,191,terminated,0,46,1,0,-601.0,0,0,0,0,1,0,1,1,0,0,1,1,0,0,1,1,0,0,0,0,0,191,0,0,0,0,0,0,0,0
4,745,-450.0,40,terminated,0,46,1,0,-450.0,0,0,0,0,1,0,1,1,0,0,1,1,0,0,1,1,0,0,0,0,0,40,0,0,0,0,0,0,0,0
4,746,-436.0,26,terminated,0,46,1,0,-436.0,0,0,0,0,1,0,1,1,0,0,1,1,0,0,1,1,0,0,0,0,0,26,0,0,0,0,0,0,0,0
4,747,-610.0,200,terminated,0,46,1,0,-610.0,0,0,0,0,1,0,1,1,0,0,1,1,0,0,1,1,0,0,0,0,0,200,0,0,0,0,0,0,0,0
4,748,-519.0,109,terminated,0,46,1,0,-519.0,0,0,0,0,1,0,1,1,0,0,1,1,0,0,1,1,0,0,0,0,0,109,0,0,0,0,0,0,0,0
4,749,-572.0,162,terminated,0,46,1,0,-572.0,0,0,0,0,1,0,1,1,0,0,1,1,0,0,1,1,0,0,0,0,0,162,0,0,0,0,0,0,0,0
4,750,-519.0,109,terminated,0,46,1,0,-519.0,0,0,0,0,1,0,1,1,0,0,1,1,0,0,1,1,0,0,0,0,0,109,0,0,0,0,0,0,0,0
4,751,-434.0,24,terminated,0,46,1,0,-434.0,0,0,0,0,1,0,1,1,0,0,1,1,0,0,1,1,0,0,0,0,0,24,0,0,0,0,0,0,0,0
4,752,-450.0,40,terminated,0,46,1,0,-450.0,0,0,0,0,1,0,1,1,0,0,1,1,0,0,1,1,0,0,0,0,0,40,0,0,0,0,0,0,0,0
4,753,-210.0,300,truncated,0,46,0,0,-210.0,0,0,0,0,0,0,0,0,0,0,0,0,0,0,0,0,0,0,0,0,0,300,0,0,0,0,0,0,0,0
4,754,-556.0,146,terminated,0,46,1,0,-556.0,0,0,0,0,1,0,1,1,0,0,1,1,0,0,1,1,0,0,0,0,0,146,0,0,0,0,0,0,0,0
4,755,-438.0,28,terminated,0,46,1,0,-438.0,0,0,0,0,1,0,1,1,0,0,1,1,0,0,1,1,0,0,0,0,0,28,0,0,0,0,0,0,0,0
4,756,-693.0,283,terminated,0,46,1,0,-693.0,0,0,0,0,1,0,1,1,0,0,1,1,0,0,1,1,0,0,0,0,0,283,0,0,0,0,0,0,0,0
4,757,-510.0,100,terminated,0,46,1,0,-510.0,0,0,0,0,1,0,1,1,0,0,1,1,0,0,1,1,0,0,0,0,0,100,0,0,0,0,0,0,0,0
4,758,-571.0,161,terminated,0,46,1,0,-571.0,0,0,0,0,1,0,1,1,0,0,1,1,0,0,1,1,0,0,0,0,0,161,0,0,0,0,0,0,0,0
4,759,-449.0,39,terminated,0,46,1,0,-449.0,0,0,0,0,1,0,1,1,0,0,1,1,0,0,1,1,0,0,0,0,0,39,0,0,0,0,0,0,0,0
4,760,-441.0,31,terminated,0,46,1,0,-441.0,0,0,0,0,1,0,1,1,0,0,1,1,0,0,1,1,0,0,0,0,0,31,0,0,0,0,0,0,0,0
4,761,-450.0,40,terminated,0,46,1,0,-450.0,0,0,0,0,1,0,1,1,0,0,1,1,0,0,1,1,0,0,0,0,0,40,0,0,0,0,0,0,0,0
4,762,-529.0,119,terminated,0,46,1,0,-529.0,0,0,0,0,1,0,1,1,0,0,1,1,0,0,1,1,0,0,0,0,0,119,0,0,0,0,0,0,0,0
4,763,-545.0,135,terminated,0,46,1,0,-545.0,0,0,0,0,1,0,1,1,0,0,1,1,0,0,1,1,0,0,0,0,0,135,0,0,0,0,0,0,0,0
4,764,-512.0,102,terminated,0,46,1,0,-512.0,0,0,0,0,1,0,1,1,0,0,1,1,0,0,1,1,0,0,0,0,0,102,0,0,0,0,0,0,0,0
4,765,-454.0,44,terminated,0,46,1,0,-454.0,0,0,0,0,1,0,1,1,0,0,1,1,0,0,1,1,0,0,0,0,0,44,0,0,0,0,0,0,0,0
4,766,-679.0,269,terminated,0,46,1,0,-679.0,0,0,0,0,1,0,1,1,0,0,1,1,0,0,1,1,0,0,0,0,0,269,0,0,0,0,0,0,0,0
4,767,-442.0,32,terminated,0,46,1,0,-442.0,0,0,0,0,1,0,1,1,0,0,1,1,0,0,1,1,0,0,0,0,0,32,0,0,0,0,0,0,0,0
4,768,-451.0,41,terminated,0,46,1,0,-451.0,0,0,0,0,1,0,1,1,0,0,1,1,0,0,1,1,0,0,0,0,0,41,0,0,0,0,0,0,0,0
4,769,-528.0,118,terminated,0,46,1,0,-528.0,0,0,0,0,1,0,1,1,0,0,1,1,0,0,1,1,0,0,0,0,0,118,0,0,0,0,0,0,0,0
4,770,-523.0,113,terminated,0,46,1,0,-523.0,0,0,0,0,1,0,1,1,0,0,1,1,0,0,1,1,0,0,0,0,0,113,0,0,0,0,0,0,0,0
4,771,-533.0,123,terminated,0,46,1,0,-533.0,0,0,0,0,1,0,1,1,0,0,1,1,0,0,1,1,0,0,0,0,0,123,0,0,0,0,0,0,0,0
4,772,-646.0,236,terminated,0,46,1,0,-646.0,0,0,0,0,1,0,1,1,0,0,1,1,0,0,1,1,0,0,0,0,0,236,0,0,0,0,0,0,0,0
4,773,-480.0,70,terminated,0,46,1,0,-480.0,0,0,0,0,1,0,1,1,0,0,1,1,0,0,1,1,0,0,0,0,0,70,0,0,0,0,0,0,0,0
4,774,-591.0,181,terminated,0,46,1,0,-591.0,0,0,0,0,1,0,1,1,0,0,1,1,0,0,1,1,0,0,0,0,0,181,0,0,0,0,0,0,0,0
4,775,-448.0,38,terminated,0,46,1,0,-448.0,0,0,0,0,1,0,1,1,0,0,1,1,0,0,1,1,0,0,0,0,0,38,0,0,0,0,0,0,0,0
4,776,-452.0,42,terminated,0,46,1,0,-452.0,0,0,0,0,1,0,1,1,0,0,1,1,0,0,1,1,0,0,0,0,0,42,0,0,0,0,0,0,0,0
4,777,-438.0,28,terminated,0,46,1,0,-438.0,0,0,0,0,1,0,1,1,0,0,1,1,0,0,1,1,0,0,0,0,0,28,0,0,0,0,0,0,0,0
4,778,-459.0,49,terminated,0,46,1,0,-459.0,0,0,0,0,1,0,1,1,0,0,1,1,0,0,1,1,0,0,0,0,0,49,0,0,0,0,0,0,0,0
4,779,-453.0,43,terminated,0,46,1,0,-453.0,0,0,0,0,1,0,1,1,0,0,1,1,0,0,1,1,0,0,0,0,0,43,0,0,0,0,0,0,0,0
4,780,-474.0,64,terminated,0,46,1,0,-474.0,0,0,0,0,1,0,1,1,0,0,1,1,0,0,1,1,0,0,0,0,0,64,0,0,0,0,0,0,0,0
4,781,-442.0,32,terminated,0,46,1,0,-442.0,0,0,0,0,1,0,1,1,0,0,1,1,0,0,1,1,0,0,0,0,0,32,0,0,0,0,0,0,0,0
4,782,-521.0,111,terminated,0,46,1,0,-521.0,0,0,0,0,1,0,1,1,0,0,1,1,0,0,1,1,0,0,0,0,0,111,0,0,0,0,0,0,0,0
4,783,-445.0,35,terminated,0,46,1,0,-445.0,0,0,0,0,1,0,1,1,0,0,1,1,0,0,1,1,0,0,0,0,0,35,0,0,0,0,0,0,0,0
4,784,-498.0,88,terminated,0,46,1,0,-498.0,0,0,0,0,1,0,1,1,0,0,1,1,0,0,1,1,0,0,0,0,0,88,0,0,0,0,0,0,0,0
4,785,-440.0,30,terminated,0,46,1,0,-440.0,0,0,0,0,1,0,1,1,0,0,1,1,0,0,1,1,0,0,0,0,0,30,0,0,0,0,0,0,0,0
4,786,-524.0,114,terminated,0,46,1,0,-524.0,0,0,0,0,1,0,1,1,0,0,1,1,0,0,1,1,0,0,0,0,0,114,0,0,0,0,0,0,0,0
4,787,-503.0,93,terminated,0,46,1,0,-503.0,0,0,0,0,1,0,1,1,0,0,1,1,0,0,1,1,0,0,0,0,0,93,0,0,0,0,0,0,0,0
4,788,-485.0,75,terminated,0,46,1,0,-485.0,0,0,0,0,1,0,1,1,0,0,1,1,0,0,1,1,0,0,0,0,0,75,0,0,0,0,0,0,0,0
4,789,-469.0,59,terminated,0,46,1,0,-469.0,0,0,0,0,1,0,1,1,0,0,1,1,0,0,1,1,0,0,0,0,0,59,0,0,0,0,0,0,0,0
4,790,-480.0,70,terminated,0,46,1,0,-480.0,0,0,0,0,1,0,1,1,0,0,1,1,0,0,1,1,0,0,0,0,0,70,0,0,0,0,0,0,0,0
4,791,-468.0,58,terminated,0,46,1,0,-468.0,0,0,0,0,1,0,1,1,0,0,1,1,0,0,1,1,0,0,0,0,0,58,0,0,0,0,0,0,0,0
4,792,-454.0,44,terminated,0,46,1,0,-454.0,0,0,0,0,1,0,1,1,0,0,1,1,0,0,1,1,0,0,0,0,0,44,0,0,0,0,0,0,0,0
4,793,-463.0,53,terminated,0,46,1,0,-463.0,0,0,0,0,1,0,1,1,0,0,1,1,0,0,1,1,0,0,0,0,0,53,0,0,0,0,0,0,0,0
4,794,-445.0,35,terminated,0,46,1,0,-445.0,0,0,0,0,1,0,1,1,0,0,1,1,0,0,1,1,0,0,0,0,0,35,0,0,0,0,0,0,0,0
4,795,-492.0,82,terminated,0,46,1,0,-492.0,0,0,0,0,1,0,1,1,0,0,1,1,0,0,1,1,0,0,0,0,0,82,0,0,0,0,0,0,0,0
4,796,-459.0,49,terminated,0,46,1,0,-459.0,0,0,0,0,1,0,1,1,0,0,1,1,0,0,1,1,0,0,0,0,0,49,0,0,0,0,0,0,0,0
4,797,-470.0,60,terminated,0,46,1,0,-470.0,0,0,0,0,1,0,1,1,0,0,1,1,0,0,1,1,0,0,0,0,0,60,0,0,0,0,0,0,0,0
4,798,-551.0,141,terminated,0,46,1,0,-551.0,0,0,0,0,1,0,1,1,0,0,1,1,0,0,1,1,0,0,0,0,0,141,0,0,0,0,0,0,0,0
4,799,-530.0,120,terminated,0,46,1,0,-530.0,0,0,0,0,1,0,1,1,0,0,1,1,0,0,1,1,0,0,0,0,0,120,0,0,0,0,0,0,0,0
4,800,-585.0,175,terminated,0,46,1,0,-585.0,0,0,0,0,1,0,1,1,0,0,1,1,0,0,1,1,0,0,0,0,0,175,0,0,0,0,0,0,0,0
4,801,-574.0,164,terminated,0,46,1,0,-574.0,0,0,0,0,1,0,1,1,0,0,1,1,0,0,1,1,0,0,0,0,0,164,0,0,0,0,0,0,0,0
4,802,-480.0,70,terminated,0,46,1,0,-480.0,0,0,0,0,1,0,1,1,0,0,1,1,0,0,1,1,0,0,0,0,0,70,0,0,0,0,0,0,0,0
4,803,-443.0,33,terminated,0,46,1,0,-443.0,0,0,0,0,1,0,1,1,0,0,1,1,0,0,1,1,0,0,0,0,0,33,0,0,0,0,0,0,0,0
4,804,-465.0,55,terminated,0,46,1,0,-465.0,0,0,0,0,1,0,1,1,0,0,1,1,0,0,1,1,0,0,0,0,0,55,0,0,0,0,0,0,0,0
4,805,-441.0,31,terminated,0,46,1,0,-441.0,0,0,0,0,1,0,1,1,0,0,1,1,0,0,1,1,0,0,0,0,0,31,0,0,0,0,0,0,0,0
4,806,-501.0,91,terminated,0,46,1,0,-501.0,0,0,0,0,1,0,1,1,0,0,1,1,0,0,1,1,0,0,0,0,0,91,0,0,0,0,0,0,0,0
4,807,-531.0,121,terminated,0,46,1,0,-531.0,0,0,0,0,1,0,1,1,0,0,1,1,0,0,1,1,0,0,0,0,0,121,0,0,0,0,0,0,0,0
4,808,-449.0,39,terminated,0,46,1,0,-449.0,0,0,0,0,1,0,1,1,0,0,1,1,0,0,1,1,0,0,0,0,0,39,0,0,0,0,0,0,0,0
4,809,-499.0,89,terminated,0,46,1,0,-499.0,0,0,0,0,1,0,1,1,0,0,1,1,0,0,1,1,0,0,0,0,0,89,0,0,0,0,0,0,0,0
4,810,-552.0,142,terminated,0,46,1,0,-552.0,0,0,0,0,1,0,1,1,0,0,1,1,0,0,1,1,0,0,0,0,0,142,0,0,0,0,0,0,0,0
4,811,-445.0,35,terminated,0,46,1,0,-445.0,0,0,0,0,1,0,1,1,0,0,1,1,0,0,1,1,0,0,0,0,0,35,0,0,0,0,0,0,0,0
4,812,-576.0,166,terminated,0,46,1,0,-576.0,0,0,0,0,1,0,1,1,0,0,1,1,0,0,1,1,0,0,0,0,0,166,0,0,0,0,0,0,0,0
4,813,-446.0,36,terminated,0,46,1,0,-446.0,0,0,0,0,1,0,1,1,0,0,1,1,0,0,1,1,0,0,0,0,0,36,0,0,0,0,0,0,0,0
4,814,-484.0,74,terminated,0,46,1,0,-484.0,0,0,0,0,1,0,1,1,0,0,1,1,0,0,1,1,0,0,0,0,0,74,0,0,0,0,0,0,0,0
4,815,-441.0,31,terminated,0,46,1,0,-441.0,0,0,0,0,1,0,1,1,0,0,1,1,0,0,1,1,0,0,0,0,0,31,0,0,0,0,0,0,0,0
4,816,-611.0,201,terminated,0,46,1,0,-611.0,0,0,0,0,1,0,1,1,0,0,1,1,0,0,1,1,0,0,0,0,0,201,0,0,0,0,0,0,0,0
4,817,-658.0,248,terminated,0,46,1,0,-658.0,0,0,0,0,1,0,1,1,0,0,1,1,0,0,1,1,0,0,0,0,0,248,0,0,0,0,0,0,0,0
4,818,-446.0,36,terminated,0,46,1,0,-446.0,0,0,0,0,1,0,1,1,0,0,1,1,0,0,1,1,0,0,0,0,0,36,0,0,0,0,0,0,0,0
4,819,-476.0,66,terminated,0,46,1,0,-476.0,0,0,0,0,1,0,1,1,0,0,1,1,0,0,1,1,0,0,0,0,0,66,0,0,0,0,0,0,0,0
4,820,-445.0,35,terminated,0,46,1,0,-445.0,0,0,0,0,1,0,1,1,0,0,1,1,0,0,1,1,0,0,0,0,0,35,0,0,0,0,0,0,0,0
4,821,-547.0,137,terminated,0,46,1,0,-547.0,0,0,0,0,1,0,1,1,0,0,1,1,0,0,1,1,0,0,0,0,0,137,0,0,0,0,0,0,0,0
4,822,-442.0,32,terminated,0,46,1,0,-442.0,0,0,0,0,1,0,1,1,0,0,1,1,0,0,1,1,0,0,0,0,0,32,0,0,0,0,0,0,0,0
4,823,-456.0,46,terminated,0,46,1,0,-456.0,0,0,0,0,1,0,1,1,0,0,1,1,0,0,1,1,0,0,0,0,0,46,0,0,0,0,0,0,0,0
4,824,-459.0,49,terminated,0,46,1,0,-459.0,0,0,0,0,1,0,1,1,0,0,1,1,0,0,1,1,0,0,0,0,0,49,0,0,0,0,0,0,0,0
4,825,-457.0,47,terminated,0,46,1,0,-457.0,0,0,0,0,1,0,1,1,0,0,1,1,0,0,1,1,0,0,0,0,0,47,0,0,0,0,0,0,0,0
4,826,-518.0,108,terminated,0,46,1,0,-518.0,0,0,0,0,1,0,1,1,0,0,1,1,0,0,1,1,0,0,0,0,0,108,0,0,0,0,0,0,0,0
4,827,-493.0,83,terminated,0,46,1,0,-493.0,0,0,0,0,1,0,1,1,0,0,1,1,0,0,1,1,0,0,0,0,0,83,0,0,0,0,0,0,0,0
4,828,-480.0,70,terminated,0,46,1,0,-480.0,0,0,0,0,1,0,1,1,0,0,1,1,0,0,1,1,0,0,0,0,0,70,0,0,0,0,0,0,0,0
4,829,-478.0,68,terminated,0,46,1,0,-478.0,0,0,0,0,1,0,1,1,0,0,1,1,0,0,1,1,0,0,0,0,0,68,0,0,0,0,0,0,0,0
4,830,-448.0,38,terminated,0,46,1,0,-448.0,0,0,0,0,1,0,1,1,0,0,1,1,0,0,1,1,0,0,0,0,0,38,0,0,0,0,0,0,0,0
4,831,-457.0,47,terminated,0,46,1,0,-457.0,0,0,0,0,1,0,1,1,0,0,1,1,0,0,1,1,0,0,0,0,0,47,0,0,0,0,0,0,0,0
4,832,-470.0,60,terminated,0,46,1,0,-470.0,0,0,0,0,1,0,1,1,0,0,1,1,0,0,1,1,0,0,0,0,0,60,0,0,0,0,0,0,0,0
4,833,-508.0,98,terminated,0,46,1,0,-508.0,0,0,0,0,1,0,1,1,0,0,1,1,0,0,1,1,0,0,0,0,0,98,0,0,0,0,0,0,0,0
4,834,-468.0,58,terminated,0,46,1,0,-468.0,0,0,0,0,1,0,1,1,0,0,1,1,0,0,1,1,0,0,0,0,0,58,0,0,0,0,0,0,0,0
4,835,-451.0,41,terminated,0,46,1,0,-451.0,0,0,0,0,1,0,1,1,0,0,1,1,0,0,1,1,0,0,0,0,0,41,0,0,0,0,0,0,0,0
4,836,-463.0,53,terminated,0,46,1,0,-463.0,0,0,0,0,1,0,1,1,0,0,1,1,0,0,1,1,0,0,0,0,0,53,0,0,0,0,0,0,0,0
4,837,-591.0,181,terminated,0,46,1,0,-591.0,0,0,0,0,1,0,1,1,0,0,1,1,0,0,1,1,0,0,0,0,0,181,0,0,0,0,0,0,0,0
4,838,-210.0,300,truncated,0,46,0,0,-210.0,0,0,0,0,0,0,0,0,0,0,0,0,0,0,0,0,0,0,0,0,0,300,0,0,0,0,0,0,0,0
4,839,-453.0,43,terminated,0,46,1,0,-453.0,0,0,0,0,1,0,1,1,0,0,1,1,0,0,1,1,0,0,0,0,0,43,0,0,0,0,0,0,0,0
4,840,-449.0,39,terminated,0,46,1,0,-449.0,0,0,0,0,1,0,1,1,0,0,1,1,0,0,1,1,0,0,0,0,0,39,0,0,0,0,0,0,0,0
4,841,-465.0,55,terminated,0,46,1,0,-465.0,0,0,0,0,1,0,1,1,0,0,1,1,0,0,1,1,0,0,0,0,0,55,0,0,0,0,0,0,0,0
4,842,-446.0,36,terminated,0,46,1,0,-446.0,0,0,0,0,1,0,1,1,0,0,1,1,0,0,1,1,0,0,0,0,0,36,0,0,0,0,0,0,0,0
4,843,-448.0,38,terminated,0,46,1,0,-448.0,0,0,0,0,1,0,1,1,0,0,1,1,0,0,1,1,0,0,0,0,0,38,0,0,0,0,0,0,0,0
4,844,-450.0,40,terminated,0,46,1,0,-450.0,0,0,0,0,1,0,1,1,0,0,1,1,0,0,1,1,0,0,0,0,0,40,0,0,0,0,0,0,0,0
4,845,-475.0,65,terminated,0,46,1,0,-475.0,0,0,0,0,1,0,1,1,0,0,1,1,0,0,1,1,0,0,0,0,0,65,0,0,0,0,0,0,0,0
4,846,-463.0,53,terminated,0,46,1,0,-463.0,0,0,0,0,1,0,1,1,0,0,1,1,0,0,1,1,0,0,0,0,0,53,0,0,0,0,0,0,0,0
4,847,-579.0,169,terminated,0,46,1,0,-579.0,0,0,0,0,1,0,1,1,0,0,1,1,0,0,1,1,0,0,0,0,0,169,0,0,0,0,0,0,0,0
4,848,-460.0,50,terminated,0,46,1,0,-460.0,0,0,0,0,1,0,1,1,0,0,1,1,0,0,1,1,0,0,0,0,0,50,0,0,0,0,0,0,0,0
4,849,-508.0,98,terminated,0,46,1,0,-508.0,0,0,0,0,1,0,1,1,0,0,1,1,0,0,1,1,0,0,0,0,0,98,0,0,0,0,0,0,0,0
4,850,-465.0,55,terminated,0,46,1,0,-465.0,0,0,0,0,1,0,1,1,0,0,1,1,0,0,1,1,0,0,0,0,0,55,0,0,0,0,0,0,0,0
4,851,-491.0,81,terminated,0,46,1,0,-491.0,0,0,0,0,1,0,1,1,0,0,1,1,0,0,1,1,0,0,0,0,0,81,0,0,0,0,0,0,0,0
4,852,-477.0,67,terminated,0,46,1,0,-477.0,0,0,0,0,1,0,1,1,0,0,1,1,0,0,1,1,0,0,0,0,0,67,0,0,0,0,0,0,0,0
4,853,-445.0,35,terminated,0,46,1,0,-445.0,0,0,0,0,1,0,1,1,0,0,1,1,0,0,1,1,0,0,0,0,0,35,0,0,0,0,0,0,0,0
4,854,-468.0,58,terminated,0,46,1,0,-468.0,0,0,0,0,1,0,1,1,0,0,1,1,0,0,1,1,0,0,0,0,0,58,0,0,0,0,0,0,0,0
4,855,-439.0,29,terminated,0,46,1,0,-439.0,0,0,0,0,1,0,1,1,0,0,1,1,0,0,1,1,0,0,0,0,0,29,0,0,0,0,0,0,0,0
4,856,-476.0,66,terminated,0,46,1,0,-476.0,0,0,0,0,1,0,1,1,0,0,1,1,0,0,1,1,0,0,0,0,0,66,0,0,0,0,0,0,0,0
4,857,-497.0,87,terminated,0,46,1,0,-497.0,0,0,0,0,1,0,1,1,0,0,1,1,0,0,1,1,0,0,0,0,0,87,0,0,0,0,0,0,0,0
4,858,-445.0,35,terminated,0,46,1,0,-445.0,0,0,0,0,1,0,1,1,0,0,1,1,0,0,1,1,0,0,0,0,0,35,0,0,0,0,0,0,0,0
4,859,-570.0,160,terminated,0,46,1,0,-570.0,0,0,0,0,1,0,1,1,0,0,1,1,0,0,1,1,0,0,0,0,0,160,0,0,0,0,0,0,0,0
4,860,-581.0,171,terminated,0,46,1,0,-581.0,0,0,0,0,1,0,1,1,0,0,1,1,0,0,1,1,0,0,0,0,0,171,0,0,0,0,0,0,0,0
4,861,-458.0,48,terminated,0,46,1,0,-458.0,0,0,0,0,1,0,1,1,0,0,1,1,0,0,1,1,0,0,0,0,0,48,0,0,0,0,0,0,0,0
4,862,-466.0,56,terminated,0,46,1,0,-466.0,0,0,0,0,1,0,1,1,0,0,1,1,0,0,1,1,0,0,0,0,0,56,0,0,0,0,0,0,0,0
4,863,-570.0,160,terminated,0,46,1,0,-570.0,0,0,0,0,1,0,1,1,0,0,1,1,0,0,1,1,0,0,0,0,0,160,0,0,0,0,0,0,0,0
4,864,-630.0,220,terminated,0,46,1,0,-630.0,0,0,0,0,1,0,1,1,0,0,1,1,0,0,1,1,0,0,0,0,0,220,0,0,0,0,0,0,0,0
4,865,-514.0,104,terminated,0,46,1,0,-514.0,0,0,0,0,1,0,1,1,0,0,1,1,0,0,1,1,0,0,0,0,0,104,0,0,0,0,0,0,0,0
4,866,-530.0,120,terminated,0,46,1,0,-530.0,0,0,0,0,1,0,1,1,0,0,1,1,0,0,1,1,0,0,0,0,0,120,0,0,0,0,0,0,0,0
4,867,-432.0,22,terminated,0,46,1,0,-432.0,0,0,0,0,1,0,1,1,0,0,1,1,0,0,1,1,0,0,0,0,0,22,0,0,0,0,0,0,0,0
4,868,-462.0,52,terminated,0,46,1,0,-462.0,0,0,0,0,1,0,1,1,0,0,1,1,0,0,1,1,0,0,0,0,0,52,0,0,0,0,0,0,0,0
4,869,-446.0,36,terminated,0,46,1,0,-446.0,0,0,0,0,1,0,1,1,0,0,1,1,0,0,1,1,0,0,0,0,0,36,0,0,0,0,0,0,0,0
4,870,-488.0,78,terminated,0,46,1,0,-488.0,0,0,0,0,1,0,1,1,0,0,1,1,0,0,1,1,0,0,0,0,0,78,0,0,0,0,0,0,0,0
4,871,-622.0,212,terminated,0,46,1,0,-622.0,0,0,0,0,1,0,1,1,0,0,1,1,0,0,1,1,0,0,0,0,0,212,0,0,0,0,0,0,0,0
4,872,-507.0,97,terminated,0,46,1,0,-507.0,0,0,0,0,1,0,1,1,0,0,1,1,0,0,1,1,0,0,0,0,0,97,0,0,0,0,0,0,0,0
4,873,-463.0,53,terminated,0,46,1,0,-463.0,0,0,0,0,1,0,1,1,0,0,1,1,0,0,1,1,0,0,0,0,0,53,0,0,0,0,0,0,0,0
4,874,-445.0,35,terminated,0,46,1,0,-445.0,0,0,0,0,1,0,1,1,0,0,1,1,0,0,1,1,0,0,0,0,0,35,0,0,0,0,0,0,0,0
4,875,-487.0,77,terminated,0,46,1,0,-487.0,0,0,0,0,1,0,1,1,0,0,1,1,0,0,1,1,0,0,0,0,0,77,0,0,0,0,0,0,0,0
4,876,-441.0,31,terminated,0,46,1,0,-441.0,0,0,0,0,1,0,1,1,0,0,1,1,0,0,1,1,0,0,0,0,0,31,0,0,0,0,0,0,0,0
4,877,-445.0,35,terminated,0,46,1,0,-445.0,0,0,0,0,1,0,1,1,0,0,1,1,0,0,1,1,0,0,0,0,0,35,0,0,0,0,0,0,0,0
4,878,-435.0,25,terminated,0,46,1,0,-435.0,0,0,0,0,1,0,1,1,0,0,1,1,0,0,1,1,0,0,0,0,0,25,0,0,0,0,0,0,0,0
4,879,-697.0,287,terminated,0,46,1,0,-697.0,0,0,0,0,1,0,1,1,0,0,1,1,0,0,1,1,0,0,0,0,0,287,0,0,0,0,0,0,0,0
4,880,-468.0,58,terminated,0,46,1,0,-468.0,0,0,0,0,1,0,1,1,0,0,1,1,0,0,1,1,0,0,0,0,0,58,0,0,0,0,0,0,0,0
4,881,-500.0,90,terminated,0,46,1,0,-500.0,0,0,0,0,1,0,1,1,0,0,1,1,0,0,1,1,0,0,0,0,0,90,0,0,0,0,0,0,0,0
4,882,-581.0,171,terminated,0,46,1,0,-581.0,0,0,0,0,1,0,1,1,0,0,1,1,0,0,1,1,0,0,0,0,0,171,0,0,0,0,0,0,0,0
4,883,-431.0,21,terminated,0,46,1,0,-431.0,0,0,0,0,1,0,1,1,0,0,1,1,0,0,1,1,0,0,0,0,0,21,0,0,0,0,0,0,0,0
4,884,-487.0,77,terminated,0,46,1,0,-487.0,0,0,0,0,1,0,1,1,0,0,1,1,0,0,1,1,0,0,0,0,0,77,0,0,0,0,0,0,0,0
4,885,-462.0,52,terminated,0,46,1,0,-462.0,0,0,0,0,1,0,1,1,0,0,1,1,0,0,1,1,0,0,0,0,0,52,0,0,0,0,0,0,0,0
4,886,-541.0,131,terminated,0,46,1,0,-541.0,0,0,0,0,1,0,1,1,0,0,1,1,0,0,1,1,0,0,0,0,0,131,0,0,0,0,0,0,0,0
4,887,-559.0,149,terminated,0,46,1,0,-559.0,0,0,0,0,1,0,1,1,0,0,1,1,0,0,1,1,0,0,0,0,0,149,0,0,0,0,0,0,0,0
4,888,-659.0,249,terminated,0,46,1,0,-659.0,0,0,0,0,1,0,1,1,0,0,1,1,0,0,1,1,0,0,0,0,0,249,0,0,0,0,0,0,0,0
4,889,-501.0,91,terminated,0,46,1,0,-501.0,0,0,0,0,1,0,1,1,0,0,1,1,0,0,1,1,0,0,0,0,0,91,0,0,0,0,0,0,0,0
4,890,-449.0,39,terminated,0,46,1,0,-449.0,0,0,0,0,1,0,1,1,0,0,1,1,0,0,1,1,0,0,0,0,0,39,0,0,0,0,0,0,0,0
4,891,-472.0,62,terminated,0,46,1,0,-472.0,0,0,0,0,1,0,1,1,0,0,1,1,0,0,1,1,0,0,0,0,0,62,0,0,0,0,0,0,0,0
4,892,-453.0,43,terminated,0,46,1,0,-453.0,0,0,0,0,1,0,1,1,0,0,1,1,0,0,1,1,0,0,0,0,0,43,0,0,0,0,0,0,0,0
4,893,-441.0,31,terminated,0,46,1,0,-441.0,0,0,0,0,1,0,1,1,0,0,1,1,0,0,1,1,0,0,0,0,0,31,0,0,0,0,0,0,0,0
4,894,-507.0,97,terminated,0,46,1,0,-507.0,0,0,0,0,1,0,1,1,0,0,1,1,0,0,1,1,0,0,0,0,0,97,0,0,0,0,0,0,0,0
4,895,-462.0,52,terminated,0,46,1,0,-462.0,0,0,0,0,1,0,1,1,0,0,1,1,0,0,1,1,0,0,0,0,0,52,0,0,0,0,0,0,0,0
4,896,-446.0,36,terminated,0,46,1,0,-446.0,0,0,0,0,1,0,1,1,0,0,1,1,0,0,1,1,0,0,0,0,0,36,0,0,0,0,0,0,0,0
4,897,-532.0,122,terminated,0,46,1,0,-532.0,0,0,0,0,1,0,1,1,0,0,1,1,0,0,1,1,0,0,0,0,0,122,0,0,0,0,0,0,0,0
4,898,-448.0,38,terminated,0,46,1,0,-448.0,0,0,0,0,1,0,1,1,0,0,1,1,0,0,1,1,0,0,0,0,0,38,0,0,0,0,0,0,0,0
4,899,-614.0,204,terminated,0,46,1,0,-614.0,0,0,0,0,1,0,1,1,0,0,1,1,0,0,1,1,0,0,0,0,0,204,0,0,0,0,0,0,0,0
4,900,-476.0,66,terminated,0,46,1,0,-476.0,0,0,0,0,1,0,1,1,0,0,1,1,0,0,1,1,0,0,0,0,0,66,0,0,0,0,0,0,0,0
4,901,-446.0,36,terminated,0,46,1,0,-446.0,0,0,0,0,1,0,1,1,0,0,1,1,0,0,1,1,0,0,0,0,0,36,0,0,0,0,0,0,0,0
4,902,-439.0,29,terminated,0,46,1,0,-439.0,0,0,0,0,1,0,1,1,0,0,1,1,0,0,1,1,0,0,0,0,0,29,0,0,0,0,0,0,0,0
4,903,-451.0,41,terminated,0,46,1,0,-451.0,0,0,0,0,1,0,1,1,0,0,1,1,0,0,1,1,0,0,0,0,0,41,0,0,0,0,0,0,0,0
4,904,-607.0,197,terminated,0,46,1,0,-607.0,0,0,0,0,1,0,1,1,0,0,1,1,0,0,1,1,0,0,0,0,0,197,0,0,0,0,0,0,0,0
4,905,-453.0,43,terminated,0,46,1,0,-453.0,0,0,0,0,1,0,1,1,0,0,1,1,0,0,1,1,0,0,0,0,0,43,0,0,0,0,0,0,0,0
4,906,-460.0,50,terminated,0,46,1,0,-460.0,0,0,0,0,1,0,1,1,0,0,1,1,0,0,1,1,0,0,0,0,0,50,0,0,0,0,0,0,0,0
4,907,-560.0,150,terminated,0,46,1,0,-560.0,0,0,0,0,1,0,1,1,0,0,1,1,0,0,1,1,0,0,0,0,0,150,0,0,0,0,0,0,0,0
4,908,-444.0,34,terminated,0,46,1,0,-444.0,0,0,0,0,1,0,1,1,0,0,1,1,0,0,1,1,0,0,0,0,0,34,0,0,0,0,0,0,0,0
4,909,-692.0,282,terminated,0,46,1,0,-692.0,0,0,0,0,1,0,1,1,0,0,1,1,0,0,1,1,0,0,0,0,0,282,0,0,0,0,0,0,0,0
4,910,-475.0,65,terminated,0,46,1,0,-475.0,0,0,0,0,1,0,1,1,0,0,1,1,0,0,1,1,0,0,0,0,0,65,0,0,0,0,0,0,0,0
4,911,-557.0,147,terminated,0,46,1,0,-557.0,0,0,0,0,1,0,1,1,0,0,1,1,0,0,1,1,0,0,0,0,0,147,0,0,0,0,0,0,0,0
4,912,-480.0,70,terminated,0,46,1,0,-480.0,0,0,0,0,1,0,1,1,0,0,1,1,0,0,1,1,0,0,0,0,0,70,0,0,0,0,0,0,0,0
4,913,-586.0,176,terminated,0,46,1,0,-586.0,0,0,0,0,1,0,1,1,0,0,1,1,0,0,1,1,0,0,0,0,0,176,0,0,0,0,0,0,0,0
4,914,-444.0,34,terminated,0,46,1,0,-444.0,0,0,0,0,1,0,1,1,0,0,1,1,0,0,1,1,0,0,0,0,0,34,0,0,0,0,0,0,0,0
4,915,-562.0,152,terminated,0,46,1,0,-562.0,0,0,0,0,1,0,1,1,0,0,1,1,0,0,1,1,0,0,0,0,0,152,0,0,0,0,0,0,0,0
4,916,-438.0,28,terminated,0,46,1,0,-438.0,0,0,0,0,1,0,1,1,0,0,1,1,0,0,1,1,0,0,0,0,0,28,0,0,0,0,0,0,0,0
4,917,-430.0,20,terminated,0,46,1,0,-430.0,0,0,0,0,1,0,1,1,0,0,1,1,0,0,1,1,0,0,0,0,0,20,0,0,0,0,0,0,0,0
4,918,-556.0,146,terminated,0,46,1,0,-556.0,0,0,0,0,1,0,1,1,0,0,1,1,0,0,1,1,0,0,0,0,0,146,0,0,0,0,0,0,0,0
4,919,-447.0,37,terminated,0,46,1,0,-447.0,0,0,0,0,1,0,1,1,0,0,1,1,0,0,1,1,0,0,0,0,0,37,0,0,0,0,0,0,0,0
4,920,-434.0,24,terminated,0,46,1,0,-434.0,0,0,0,0,1,0,1,1,0,0,1,1,0,0,1,1,0,0,0,0,0,24,0,0,0,0,0,0,0,0
4,921,-443.0,33,terminated,0,46,1,0,-443.0,0,0,0,0,1,0,1,1,0,0,1,1,0,0,1,1,0,0,0,0,0,33,0,0,0,0,0,0,0,0
4,922,-471.0,61,terminated,0,46,1,0,-471.0,0,0,0,0,1,0,1,1,0,0,1,1,0,0,1,1,0,0,0,0,0,61,0,0,0,0,0,0,0,0
4,923,-486.0,76,terminated,0,46,1,0,-486.0,0,0,0,0,1,0,1,1,0,0,1,1,0,0,1,1,0,0,0,0,0,76,0,0,0,0,0,0,0,0
4,924,-507.0,97,terminated,0,46,1,0,-507.0,0,0,0,0,1,0,1,1,0,0,1,1,0,0,1,1,0,0,0,0,0,97,0,0,0,0,0,0,0,0
4,925,-452.0,42,terminated,0,46,1,0,-452.0,0,0,0,0,1,0,1,1,0,0,1,1,0,0,1,1,0,0,0,0,0,42,0,0,0,0,0,0,0,0
4,926,-440.0,30,terminated,0,46,1,0,-440.0,0,0,0,0,1,0,1,1,0,0,1,1,0,0,1,1,0,0,0,0,0,30,0,0,0,0,0,0,0,0
4,927,-459.0,49,terminated,0,46,1,0,-459.0,0,0,0,0,1,0,1,1,0,0,1,1,0,0,1,1,0,0,0,0,0,49,0,0,0,0,0,0,0,0
4,928,-459.0,49,terminated,0,46,1,0,-459.0,0,0,0,0,1,0,1,1,0,0,1,1,0,0,1,1,0,0,0,0,0,49,0,0,0,0,0,0,0,0
4,929,-430.0,20,terminated,0,46,1,0,-430.0,0,0,0,0,1,0,1,1,0,0,1,1,0,0,1,1,0,0,0,0,0,20,0,0,0,0,0,0,0,0
4,930,-544.0,134,terminated,0,46,1,0,-544.0,0,0,0,0,1,0,1,1,0,0,1,1,0,0,1,1,0,0,0,0,0,134,0,0,0,0,0,0,0,0
4,931,-525.0,115,terminated,0,46,1,0,-525.0,0,0,0,0,1,0,1,1,0,0,1,1,0,0,1,1,0,0,0,0,0,115,0,0,0,0,0,0,0,0
4,932,-469.0,59,terminated,0,46,1,0,-469.0,0,0,0,0,1,0,1,1,0,0,1,1,0,0,1,1,0,0,0,0,0,59,0,0,0,0,0,0,0,0
4,933,-491.0,81,terminated,0,46,1,0,-491.0,0,0,0,0,1,0,1,1,0,0,1,1,0,0,1,1,0,0,0,0,0,81,0,0,0,0,0,0,0,0
4,934,-516.0,106,terminated,0,46,1,0,-516.0,0,0,0,0,1,0,1,1,0,0,1,1,0,0,1,1,0,0,0,0,0,106,0,0,0,0,0,0,0,0
4,935,-435.0,25,terminated,0,46,1,0,-435.0,0,0,0,0,1,0,1,1,0,0,1,1,0,0,1,1,0,0,0,0,0,25,0,0,0,0,0,0,0,0
4,936,-498.0,88,terminated,0,46,1,0,-498.0,0,0,0,0,1,0,1,1,0,0,1,1,0,0,1,1,0,0,0,0,0,88,0,0,0,0,0,0,0,0
4,937,-481.0,71,terminated,0,46,1,0,-481.0,0,0,0,0,1,0,1,1,0,0,1,1,0,0,1,1,0,0,0,0,0,71,0,0,0,0,0,0,0,0
4,938,-210.0,300,truncated,0,46,0,0,-210.0,0,0,0,0,0,0,0,0,0,0,0,0,0,0,0,0,0,0,0,0,0,300,0,0,0,0,0,0,0,0
4,939,-463.0,53,terminated,0,46,1,0,-463.0,0,0,0,0,1,0,1,1,0,0,1,1,0,0,1,1,0,0,0,0,0,53,0,0,0,0,0,0,0,0
4,940,-442.0,32,terminated,0,46,1,0,-442.0,0,0,0,0,1,0,1,1,0,0,1,1,0,0,1,1,0,0,0,0,0,32,0,0,0,0,0,0,0,0
4,941,-434.0,24,terminated,0,46,1,0,-434.0,0,0,0,0,1,0,1,1,0,0,1,1,0,0,1,1,0,0,0,0,0,24,0,0,0,0,0,0,0,0
4,942,-442.0,32,terminated,0,46,1,0,-442.0,0,0,0,0,1,0,1,1,0,0,1,1,0,0,1,1,0,0,0,0,0,32,0,0,0,0,0,0,0,0
4,943,-452.0,42,terminated,0,46,1,0,-452.0,0,0,0,0,1,0,1,1,0,0,1,1,0,0,1,1,0,0,0,0,0,42,0,0,0,0,0,0,0,0
4,944,-473.0,63,terminated,0,46,1,0,-473.0,0,0,0,0,1,0,1,1,0,0,1,1,0,0,1,1,0,0,0,0,0,63,0,0,0,0,0,0,0,0
4,945,-455.0,45,terminated,0,46,1,0,-455.0,0,0,0,0,1,0,1,1,0,0,1,1,0,0,1,1,0,0,0,0,0,45,0,0,0,0,0,0,0,0
4,946,-468.0,58,terminated,0,46,1,0,-468.0,0,0,0,0,1,0,1,1,0,0,1,1,0,0,1,1,0,0,0,0,0,58,0,0,0,0,0,0,0,0
4,947,-465.0,55,terminated,0,46,1,0,-465.0,0,0,0,0,1,0,1,1,0,0,1,1,0,0,1,1,0,0,0,0,0,55,0,0,0,0,0,0,0,0
4,948,-468.0,58,terminated,0,46,1,0,-468.0,0,0,0,0,1,0,1,1,0,0,1,1,0,0,1,1,0,0,0,0,0,58,0,0,0,0,0,0,0,0
4,949,-527.0,117,terminated,0,46,1,0,-527.0,0,0,0,0,1,0,1,1,0,0,1,1,0,0,1,1,0,0,0,0,0,117,0,0,0,0,0,0,0,0
4,950,-610.0,200,terminated,0,46,1,0,-610.0,0,0,0,0,1,0,1,1,0,0,1,1,0,0,1,1,0,0,0,0,0,200,0,0,0,0,0,0,0,0
4,951,-467.0,57,terminated,0,46,1,0,-467.0,0,0,0,0,1,0,1,1,0,0,1,1,0,0,1,1,0,0,0,0,0,57,0,0,0,0,0,0,0,0
4,952,-548.0,138,terminated,0,46,1,0,-548.0,0,0,0,0,1,0,1,1,0,0,1,1,0,0,1,1,0,0,0,0,0,138,0,0,0,0,0,0,0,0
4,953,-603.0,193,terminated,0,46,1,0,-603.0,0,0,0,0,1,0,1,1,0,0,1,1,0,0,1,1,0,0,0,0,0,193,0,0,0,0,0,0,0,0
4,954,-471.0,61,terminated,0,46,1,0,-471.0,0,0,0,0,1,0,1,1,0,0,1,1,0,0,1,1,0,0,0,0,0,61,0,0,0,0,0,0,0,0
4,955,-542.0,132,terminated,0,46,1,0,-542.0,0,0,0,0,1,0,1,1,0,0,1,1,0,0,1,1,0,0,0,0,0,132,0,0,0,0,0,0,0,0
4,956,-474.0,64,terminated,0,46,1,0,-474.0,0,0,0,0,1,0,1,1,0,0,1,1,0,0,1,1,0,0,0,0,0,64,0,0,0,0,0,0,0,0
4,957,-546.0,136,terminated,0,46,1,0,-546.0,0,0,0,0,1,0,1,1,0,0,1,1,0,0,1,1,0,0,0,0,0,136,0,0,0,0,0,0,0,0
4,958,-449.0,39,terminated,0,46,1,0,-449.0,0,0,0,0,1,0,1,1,0,0,1,1,0,0,1,1,0,0,0,0,0,39,0,0,0,0,0,0,0,0
4,959,-509.0,99,terminated,0,46,1,0,-509.0,0,0,0,0,1,0,1,1,0,0,1,1,0,0,1,1,0,0,0,0,0,99,0,0,0,0,0,0,0,0
4,960,-584.0,174,terminated,0,46,1,0,-584.0,0,0,0,0,1,0,1,1,0,0,1,1,0,0,1,1,0,0,0,0,0,174,0,0,0,0,0,0,0,0
4,961,-534.0,124,terminated,0,46,1,0,-534.0,0,0,0,0,1,0,1,1,0,0,1,1,0,0,1,1,0,0,0,0,0,124,0,0,0,0,0,0,0,0
4,962,-464.0,54,terminated,0,46,1,0,-464.0,0,0,0,0,1,0,1,1,0,0,1,1,0,0,1,1,0,0,0,0,0,54,0,0,0,0,0,0,0,0
4,963,-673.0,263,terminated,0,46,1,0,-673.0,0,0,0,0,1,0,1,1,0,0,1,1,0,0,1,1,0,0,0,0,0,263,0,0,0,0,0,0,0,0
4,964,-504.0,94,terminated,0,46,1,0,-504.0,0,0,0,0,1,0,1,1,0,0,1,1,0,0,1,1,0,0,0,0,0,94,0,0,0,0,0,0,0,0
4,965,-444.0,34,terminated,0,46,1,0,-444.0,0,0,0,0,1,0,1,1,0,0,1,1,0,0,1,1,0,0,0,0,0,34,0,0,0,0,0,0,0,0
4,966,-484.0,74,terminated,0,46,1,0,-484.0,0,0,0,0,1,0,1,1,0,0,1,1,0,0,1,1,0,0,0,0,0,74,0,0,0,0,0,0,0,0
4,967,-454.0,44,terminated,0,46,1,0,-454.0,0,0,0,0,1,0,1,1,0,0,1,1,0,0,1,1,0,0,0,0,0,44,0,0,0,0,0,0,0,0
4,968,-503.0,93,terminated,0,46,1,0,-503.0,0,0,0,0,1,0,1,1,0,0,1,1,0,0,1,1,0,0,0,0,0,93,0,0,0,0,0,0,0,0
4,969,-500.0,90,terminated,0,46,1,0,-500.0,0,0,0,0,1,0,1,1,0,0,1,1,0,0,1,1,0,0,0,0,0,90,0,0,0,0,0,0,0,0
4,970,-636.0,226,terminated,0,46,1,0,-636.0,0,0,0,0,1,0,1,1,0,0,1,1,0,0,1,1,0,0,0,0,0,226,0,0,0,0,0,0,0,0
4,971,-613.0,203,terminated,0,46,1,0,-613.0,0,0,0,0,1,0,1,1,0,0,1,1,0,0,1,1,0,0,0,0,0,203,0,0,0,0,0,0,0,0
4,972,-501.0,91,terminated,0,46,1,0,-501.0,0,0,0,0,1,0,1,1,0,0,1,1,0,0,1,1,0,0,0,0,0,91,0,0,0,0,0,0,0,0
4,973,-466.0,56,terminated,0,46,1,0,-466.0,0,0,0,0,1,0,1,1,0,0,1,1,0,0,1,1,0,0,0,0,0,56,0,0,0,0,0,0,0,0
4,974,-437.0,27,terminated,0,46,1,0,-437.0,0,0,0,0,1,0,1,1,0,0,1,1,0,0,1,1,0,0,0,0,0,27,0,0,0,0,0,0,0,0
4,975,-438.0,28,terminated,0,46,1,0,-438.0,0,0,0,0,1,0,1,1,0,0,1,1,0,0,1,1,0,0,0,0,0,28,0,0,0,0,0,0,0,0
4,976,-542.0,132,terminated,0,46,1,0,-542.0,0,0,0,0,1,0,1,1,0,0,1,1,0,0,1,1,0,0,0,0,0,132,0,0,0,0,0,0,0,0
4,977,-534.0,124,terminated,0,46,1,0,-534.0,0,0,0,0,1,0,1,1,0,0,1,1,0,0,1,1,0,0,0,0,0,124,0,0,0,0,0,0,0,0
4,978,-513.0,103,terminated,0,46,1,0,-513.0,0,0,0,0,1,0,1,1,0,0,1,1,0,0,1,1,0,0,0,0,0,103,0,0,0,0,0,0,0,0
4,979,-479.0,69,terminated,0,46,1,0,-479.0,0,0,0,0,1,0,1,1,0,0,1,1,0,0,1,1,0,0,0,0,0,69,0,0,0,0,0,0,0,0
4,980,-470.0,60,terminated,0,46,1,0,-470.0,0,0,0,0,1,0,1,1,0,0,1,1,0,0,1,1,0,0,0,0,0,60,0,0,0,0,0,0,0,0
4,981,-455.0,45,terminated,0,46,1,0,-455.0,0,0,0,0,1,0,1,1,0,0,1,1,0,0,1,1,0,0,0,0,0,45,0,0,0,0,0,0,0,0
4,982,-617.0,207,terminated,0,46,1,0,-617.0,0,0,0,0,1,0,1,1,0,0,1,1,0,0,1,1,0,0,0,0,0,207,0,0,0,0,0,0,0,0
4,983,-462.0,52,terminated,0,46,1,0,-462.0,0,0,0,0,1,0,1,1,0,0,1,1,0,0,1,1,0,0,0,0,0,52,0,0,0,0,0,0,0,0
4,984,-436.0,26,terminated,0,46,1,0,-436.0,0,0,0,0,1,0,1,1,0,0,1,1,0,0,1,1,0,0,0,0,0,26,0,0,0,0,0,0,0,0
4,985,-526.0,116,terminated,0,46,1,0,-526.0,0,0,0,0,1,0,1,1,0,0,1,1,0,0,1,1,0,0,0,0,0,116,0,0,0,0,0,0,0,0
4,986,-452.0,42,terminated,0,46,1,0,-452.0,0,0,0,0,1,0,1,1,0,0,1,1,0,0,1,1,0,0,0,0,0,42,0,0,0,0,0,0,0,0
4,987,-524.0,114,terminated,0,46,1,0,-524.0,0,0,0,0,1,0,1,1,0,0,1,1,0,0,1,1,0,0,0,0,0,114,0,0,0,0,0,0,0,0
4,988,-593.0,183,terminated,0,46,1,0,-593.0,0,0,0,0,1,0,1,1,0,0,1,1,0,0,1,1,0,0,0,0,0,183,0,0,0,0,0,0,0,0
4,989,-579.0,169,terminated,0,46,1,0,-579.0,0,0,0,0,1,0,1,1,0,0,1,1,0,0,1,1,0,0,0,0,0,169,0,0,0,0,0,0,0,0
4,990,-489.0,79,terminated,0,46,1,0,-489.0,0,0,0,0,1,0,1,1,0,0,1,1,0,0,1,1,0,0,0,0,0,79,0,0,0,0,0,0,0,0
4,991,-467.0,57,terminated,0,46,1,0,-467.0,0,0,0,0,1,0,1,1,0,0,1,1,0,0,1,1,0,0,0,0,0,57,0,0,0,0,0,0,0,0
4,992,-550.0,140,terminated,0,46,1,0,-550.0,0,0,0,0,1,0,1,1,0,0,1,1,0,0,1,1,0,0,0,0,0,140,0,0,0,0,0,0,0,0
4,993,-452.0,42,terminated,0,46,1,0,-452.0,0,0,0,0,1,0,1,1,0,0,1,1,0,0,1,1,0,0,0,0,0,42,0,0,0,0,0,0,0,0
4,994,-448.0,38,terminated,0,46,1,0,-448.0,0,0,0,0,1,0,1,1,0,0,1,1,0,0,1,1,0,0,0,0,0,38,0,0,0,0,0,0,0,0
4,995,-458.0,48,terminated,0,46,1,0,-458.0,0,0,0,0,1,0,1,1,0,0,1,1,0,0,1,1,0,0,0,0,0,48,0,0,0,0,0,0,0,0
4,996,-440.0,30,terminated,0,46,1,0,-440.0,0,0,0,0,1,0,1,1,0,0,1,1,0,0,1,1,0,0,0,0,0,30,0,0,0,0,0,0,0,0
4,997,-588.0,178,terminated,0,46,1,0,-588.0,0,0,0,0,1,0,1,1,0,0,1,1,0,0,1,1,0,0,0,0,0,178,0,0,0,0,0,0,0,0
4,998,-456.0,46,terminated,0,46,1,0,-456.0,0,0,0,0,1,0,1,1,0,0,1,1,0,0,1,1,0,0,0,0,0,46,0,0,0,0,0,0,0,0
4,999,-464.0,54,terminated,0,46,1,0,-464.0,0,0,0,0,1,0,1,1,0,0,1,1,0,0,1,1,0,0,0,0,0,54,0,0,0,0,0,0,0,0
