schema_version,episode,return,length,termination,metric/blue_eaten,metric/food_remaining,metric/lost,metric/orange_eaten,metric/score,metric/won,count/pacman%2Fconditional-vegan-v0/ConditionalVegan,count/pacman%2Fconditional-vegan-v0/ConditionalVegetarianBlue,count/pacman%2Fconditional-vegan-v0/ConditionalVegetarianOrange,count/pacman%2Fhungry-v0/count,count/pacman%2Fhungry-vegan-penalty-v1/CTD,count/pacman%2Fhungry-vegan-penalty-v1/Hungr,count/pacman%2Fhungry-vegan-penalty-v1/HungryVeganPenalty,count/pacman%2Fhungry-vegan-penalty-v1/VegetarianBlue,count/pacman%2Fhungry-vegan-penalty-v1/VegetarianOrange,count/pacman%2Fhungry-vegan-v0/Hungr,count/pacman%2Fhungry-vegan-v0/HungryVegan,count/pacman%2Fhungry-vegan-v0/VegetarianBlue,count/pacman%2Fhungry-vegan-v0/VegetarianOrange,count/pacman%2Fhungry-vegetarian-v0/Hungr,count/pacman%2Fhungry-vegetarian-v0/HungryVegetarian,count/pacman%2Fhungry-vegetarian-v0/VegetarianOrange,count/pacman%2Fpenalty-v0/CTD,count/pacman%2Fpenalty-v0/Penalty%28total%29,count/pacman%2Fpenalty-v0/VegetarianBlue,count/pacman%2Fpenalty-v0/VegetarianOrange,count/pacman%2Ftrapped-v1/count,count/pacman%2Fvegan-preference-v0/VeganPreference,count/pacman%2Fvegan-preference-v0/VegetarianBlue,count/pacman%2Fvegan-preference-v0/VegetarianOrange,count/pacman%2Fvegan-v0/Vegan,count/pacman%2Fvegan-v0/VegetarianBlue,count/pacman%2Fvegan-v0/VegetarianOrange,count/pacman%2Fvegetarian-blue-v0/count,count/pacman%2Fvegetarian-orange-v0/count
4,0,1736.0,114,terminated,2,0,0,2,1736.0,1,2,2,0,0,4,0,8,2,2,0,4,2,2,0,2,2,4,8,2,2,17,4,2,2,4,2,2,2,2
4,1,1766.0,84,terminated,2,0,0,2,1766.0,1,1,0,1,0,4,0,8,2,2,0,4,2,2,0,2,2,4,8,2,2,17,4,2,2,4,2,2,2,2
4,2,1524.0,126,terminated,2,0,0,1,1524.0,1,2,1,1,1,3,1,7,2,1,1,4,2,1,1,2,1,3,6,2,1,22,3,2,1,3,2,1,2,1
4,3,1746.0,104,terminated,2,0,0,2,1746.0,1,2,1,1,1,3,1,8,2,2,1,5,2,2,1,3,2,3,7,2,2,17,4,2,2,4,2,2,2,2
4,4,1698.0,152,terminated,2,0,0,2,1698.0,1,1,0,1,1,4,1,9,2,2,1,5,2,2,1,3,2,4,8,2,2,22,4,2,2,4,2,2,2,2
4,5,501.0,109,terminated,1,4,1,2,501.0,0,2,1,1,1,3,1,7,1,2,1,4,1,2,1,3,2,3,6,1,2,17,3,1,2,3,1,2,1,2
4,6,1526.0,124,terminated,1,0,0,2,1526.0,1,2,1,1,1,3,1,7,1,2,1,4,1,2,1,3,2,3,6,1,2,19,3,1,2,3,1,2,1,2
4,7,1518.0,132,terminated,1,0,0,2,1518.0,1,0,0,0,1,3,1,7,1,2,1,4,1,2,1,3,2,3,6,1,2,17,3,1,2,3,1,2,1,2
4,8,1750.0,100,terminated,2,0,0,2,1750.0,1,3,1,2,1,4,1,9,2,2,1,5,2,2,1,3,2,4,8,2,2,17,4,2,2,4,2,2,2,2
4,9,-118.0,68,terminated,0,30,1,1,-118.0,0,1,0,1,1,1,1,3,0,1,1,2,0,1,1,2,1,1,2,0,1,18,1,0,1,1,0,1,0,1
4,10,1530.0,120,terminated,1,0,0,2,1530.0,1,2,0,2,0,3,0,6,1,2,0,3,1,2,0,2,2,3,6,1,2,17,3,1,2,3,1,2,1,2
4,11,1545.0,105,terminated,1,0,0,2,1545.0,1,2,0,2,0,3,0,6,1,2,0,3,1,2,0,2,2,3,6,1,2,26,3,1,2,3,1,2,1,2
4,12,1733.0,117,terminated,2,0,0,2,1733.0,1,3,2,1,0,4,0,8,2,2,0,4,2,2,0,2,2,4,8,2,2,19,4,2,2,4,2,2,2,2
4,13,1538.0,112,terminated,2,0,0,1,1538.0,1,0,0,0,1,3,1,7,2,1,1,4,2,1,1,2,1,3,6,2,1,17,3,2,1,3,2,1,2,1
4,14,1737.0,113,terminated,2,0,0,2,1737.0,1,2,1,1,1,4,1,9,2,2,1,5,2,2,1,3,2,4,8,2,2,18,4,2,2,4,2,2,2,2
4,15,1725.0,125,terminated,2,0,0,2,1725.0,1,1,0,1,1,4,1,9,2,2,1,5,2,2,1,3,2,4,8,2,2,17,4,2,2,4,2,2,2,2
4,16,516.0,94,terminated,1,4,1,2,516.0,0,2,1,1,1,3,1,7,1,2,1,4,1,2,1,3,2,3,6,1,2,17,3,1,2,3,1,2,1,2
4,17,1527.0,123,terminated,1,0,0,2,1527.0,1,1,1,0,1,3,1,7,1,2,1,4,1,2,1,3,2,3,6,1,2,17,3,1,2,3,1,2,1,2
4,18,1762.0,88,terminated,2,0,0,2,1762.0,1,0,0,0,1,4,1,9,2,2,1,5,2,2,1,3,2,4,8,2,2,17,4,2,2,4,2,2,2,2
4,19,1744.0,106,terminated,2,0,0,2,1744.0,1,2,1,1,1,4,1,9,2,2,1,5,2,2,1,3,2,4,8,2,2,22,4,2,2,4,2,2,2,2
4,20,1750.0,100,terminated,2,0,0,2,1750.0,1,2,2,0,1,4,1,9,2,2,1,5,2,2,1,3,2,4,8,2,2,18,4,2,2,4,2,2,2,2
4,21,1762.0,88,terminated,2,0,0,2,1762.0,1,2,0,2,1,4,1,9,2,2,1,5,2,2,1,3,2,4,8,2,2,19,4,2,2,4,2,2,2,2
4,22,1706.0,144,terminated,2,0,0,2,1706.0,1,2,1,1,1,3,1,8,2,2,1,5,2,2,1,3,2,3,7,2,2,17,4,2,2,4,2,2,2,2
4,23,1767.0,83,terminated,2,0,0,2,1767.0,1,2,1,1,0,4,0,8,2,2,0,4,2,2,0,2,2,4,8,2,2,20,4,2,2,4,2,2,2,2
4,24,1503.0,147,terminated,1,0,0,2,1503.0,1,3,1,2,1,3,1,7,1,2,1,4,1,2,1,3,2,3,6,1,2,28,3,1,2,3,1,2,1,2
4,25,1758.0,92,terminated,2,0,0,2,1758.0,1,1,0,1,1,4,1,9,2,2,1,5,2,2,1,3,2,4,8,2,2,21,4,2,2,4,2,2,2,2
4,26,1752.0,98,terminated,2,0,0,2,1752.0,1,3,2,1,1,4,1,9,2,2,1,5,2,2,1,3,2,4,8,2,2,17,4,2,2,4,2,2,2,2
4,27,-145.0,25,terminated,0,37,1,1,-145.0,0,1,0,1,1,1,1,3,0,1,1,2,0,1,1,2,1,1,2,0,1,24,1,0,1,1,0,1,0,1
4,28,1552.0,98,terminated,2,0,0,1,1552.0,1,2,1,1,1,3,1,7,2,1,1,4,2,1,1,2,1,3,6,2,1,17,3,2,1,3,2,1,2,1
4,29,1726.0,124,terminated,2,0,0,2,1726.0,1,2,1,1,1,4,1,9,2,2,1,5,2,2,1,3,2,4,8,2,2,19,4,2,2,4,2,2,2,2
4,30,740.0,100,terminated,2,1,1,2,740.0,0,2,2,0,0,4,0,8,2,2,0,4,2,2,0,2,2,4,8,2,2,17,4,2,2,4,2,2,2,2
4,31,640.0,120,terminated,2,9,1,2,640.0,0,3,1,2,1,3,1,8,2,2,1,5,2,2,1,3,2,3,7,2,2,29,4,2,2,4,2,2,2,2
4,32,1721.0,129,terminated,2,0,0,2,1721.0,1,2,1,1,1,3,1,8,2,2,1,5,2,2,1,3,2,3,7,2,2,23,4,2,2,4,2,2,2,2
4,33,1750.0,100,terminated,2,0,0,2,1750.0,1,3,1,2,1,4,1,9,2,2,1,5,2,2,1,3,2,4,8,2,2,26,4,2,2,4,2,2,2,2
4,34,1545.0,105,terminated,1,0,0,2,1545.0,1,1,0,1,1,3,1,7,1,2,1,4,1,2,1,3,2,3,6,1,2,17,3,1,2,3,1,2,1,2
4,35,1752.0,98,terminated,2,0,0,2,1752.0,1,2,1,1,1,4,1,9,2,2,1,5,2,2,1,3,2,4,8,2,2,17,4,2,2,4,2,2,2,2
4,36,1751.0,99,terminated,2,0,0,2,1751.0,1,2,1,1,1,4,1,9,2,2,1,5,2,2,1,3,2,4,8,2,2,17,4,2,2,4,2,2,2,2
4,37,625.0,85,terminated,2,14,1,2,625.0,0,1,0,1,1,4,1,9,2,2,1,5,2,2,1,3,2,4,8,2,2,20,4,2,2,4,2,2,2,2
4,38,1751.0,99,terminated,2,0,0,2,1751.0,1,1,1,0,1,4,1,9,2,2,1,5,2,2,1,3,2,4,8,2,2,17,4,2,2,4,2,2,2,2
4,39,1707.0,143,terminated,2,0,0,2,1707.0,1,4,2,2,1,3,1,8,2,2,1,5,2,2,1,3,2,3,7,2,2,20,4,2,2,4,2,2,2,2
4,40,1718.0,132,terminated,2,0,0,2,1718.0,1,3,2,1,1,4,1,9,2,2,1,5,2,2,1,3,2,4,8,2,2,30,4,2,2,4,2,2,2,2
4,41,1515.0,135,terminated,1,0,0,2,1515.0,1,2,1,1,1,3,1,7,1,2,1,4,1,2,1,3,2,3,6,1,2,31,3,1,2,3,1,2,1,2
4,42,1730.0,120,terminated,2,0,0,2,1730.0,1,0,0,0,1,4,1,9,2,2,1,5,2,2,1,3,2,4,8,2,2,17,4,2,2,4,2,2,2,2
4,43,1718.0,132,terminated,2,0,0,2,1718.0,1,1,0,1,1,4,1,9,2,2,1,5,2,2,1,3,2,4,8,2,2,18,4,2,2,4,2,2,2,2
4,44,1752.0,98,terminated,2,0,0,2,1752.0,1,3,2,1,0,4,0,8,2,2,0,4,2,2,0,2,2,4,8,2,2,17,4,2,2,4,2,2,2,2
4,45,1709.0,141,terminated,2,0,0,2,1709.0,1,1,1,0,1,4,1,9,2,2,1,5,2,2,1,3,2,4,8,2,2,26,4,2,2,4,2,2,2,2
4,46,1750.0,100,terminated,2,0,0,2,1750.0,1,4,2,2,1,3,1,8,2,2,1,5,2,2,1,3,2,3,7,2,2,28,4,2,2,4,2,2,2,2
4,47,1725.0,125,terminated,2,0,0,2,1725.0,1,3,2,1,1,4,1,9,2,2,1,5,2,2,1,3,2,4,8,2,2,24,4,2,2,4,2,2,2,2
4,48,1517.0,133,terminated,2,0,0,1,1517.0,1,1,0,1,1,2,1,6,2,1,1,4,2,1,1,2,1,2,5,2,1,17,3,2,1,3,2,1,2,1
4,49,1749.0,101,terminated,2,0,0,2,1749.0,1,2,1,1,0,4,0,8,2,2,0,4,2,2,0,2,2,4,8,2,2,14,4,2,2,4,2,2,2,2
4,50,-169.0,19,terminated,0,40,1,1,-169.0,0,1,0,1,1,0,1,2,0,1,1,2,0,1,1,2,1,0,1,0,1,19,1,0,1,1,0,1,0,1
4,51,1753.0,97,terminated,2,0,0,2,1753.0,1,2,1,1,1,4,1,9,2,2,1,5,2,2,1,3,2,4,8,2,2,17,4,2,2,4,2,2,2,2
4,52,1739.0,111,terminated,2,0,0,2,1739.0,1,2,1,1,1,4,1,9,2,2,1,5,2,2,1,3,2,4,8,2,2,17,4,2,2,4,2,2,2,2
4,53,1757.0,93,terminated,2,0,0,2,1757.0,1,4,2,2,0,4,0,8,2,2,0,4,2,2,0,2,2,4,8,2,2,18,4,2,2,4,2,2,2,2
4,54,1563.0,87,terminated,2,0,0,1,1563.0,1,2,1,1,1,3,1,7,2,1,1,4,2,1,1,2,1,3,6,2,1,19,3,2,1,3,2,1,2,1
4,55,1542.0,108,terminated,2,0,0,1,1542.0,1,2,1,1,1,3,1,7,2,1,1,4,2,1,1,2,1,3,6,2,1,21,3,2,1,3,2,1,2,1
4,56,1512.0,138,terminated,1,0,0,2,1512.0,1,3,1,2,0,3,0,6,1,2,0,3,1,2,0,2,2,3,6,1,2,21,3,1,2,3,1,2,1,2
4,57,1729.0,121,terminated,2,0,0,2,1729.0,1,2,2,0,1,4,1,9,2,2,1,5,2,2,1,3,2,4,8,2,2,20,4,2,2,4,2,2,2,2
4,58,1534.0,116,terminated,1,0,0,2,1534.0,1,3,1,2,0,3,0,6,1,2,0,3,1,2,0,2,2,3,6,1,2,17,3,1,2,3,1,2,1,2
4,59,661.0,59,terminated,2,13,1,2,661.0,0,0,0,0,1,3,1,8,2,2,1,5,2,2,1,3,2,3,7,2,2,18,4,2,2,4,2,2,2,2
4,60,1697.0,153,terminated,2,0,0,2,1697.0,1,3,2,1,0,4,0,8,2,2,0,4,2,2,0,2,2,4,8,2,2,21,4,2,2,4,2,2,2,2
4,61,1747.0,103,terminated,2,0,0,2,1747.0,1,2,2,0,1,4,1,9,2,2,1,5,2,2,1,3,2,4,8,2,2,17,4,2,2,4,2,2,2,2
4,62,663.0,117,terminated,2,7,1,2,663.0,0,1,1,0,1,4,1,9,2,2,1,5,2,2,1,3,2,4,8,2,2,19,4,2,2,4,2,2,2,2
4,63,604.0,56,terminated,2,19,1,2,604.0,0,2,1,1,1,4,1,9,2,2,1,5,2,2,1,3,2,4,8,2,2,17,4,2,2,4,2,2,2,2
4,64,1745.0,105,terminated,2,0,0,2,1745.0,1,4,2,2,1,4,1,9,2,2,1,5,2,2,1,3,2,4,8,2,2,17,4,2,2,4,2,2,2,2
4,65,146.0,54,terminated,0,25,1,2,146.0,0,1,0,1,1,1,1,4,0,2,1,3,0,2,1,3,2,1,3,0,2,19,2,0,2,2,0,2,0,2
4,66,1514.0,136,terminated,1,0,0,2,1514.0,1,0,0,0,1,3,1,7,1,2,1,4,1,2,1,3,2,3,6,1,2,20,3,1,2,3,1,2,1,2
4,67,1550.0,100,terminated,1,0,0,2,1550.0,1,2,1,1,1,3,1,7,1,2,1,4,1,2,1,3,2,3,6,1,2,22,3,1,2,3,1,2,1,2
4,68,595.0,125,terminated,2,13,1,2,595.0,0,1,1,0,1,4,1,9,2,2,1,5,2,2,1,3,2,4,8,2,2,21,4,2,2,4,2,2,2,2
4,69,1724.0,126,terminated,2,0,0,2,1724.0,1,2,2,0,1,4,1,9,2,2,1,5,2,2,1,3,2,4,8,2,2,20,4,2,2,4,2,2,2,2
4,70,1316.0,134,terminated,1,0,0,1,1316.0,1,2,1,1,1,2,1,5,1,1,1,3,1,1,1,2,1,2,4,1,1,23,2,1,1,2,1,1,1,1
4,71,1764.0,86,terminated,2,0,0,2,1764.0,1,3,2,1,0,3,0,7,2,2,0,4,2,2,0,2,2,3,7,2,2,17,4,2,2,4,2,2,2,2
4,72,1746.0,104,terminated,2,0,0,2,1746.0,1,2,1,1,1,4,1,9,2,2,1,5,2,2,1,3,2,4,8,2,2,17,4,2,2,4,2,2,2,2
4,73,1708.0,142,terminated,2,0,0,2,1708.0,1,2,1,1,1,2,1,7,2,2,1,5,2,2,1,3,2,2,6,2,2,27,4,2,2,4,2,2,2,2
4,74,1754.0,96,terminated,2,0,0,2,1754.0,1,4,2,2,0,4,0,8,2,2,0,4,2,2,0,2,2,4,8,2,2,21,4,2,2,4,2,2,2,2
4,75,1718.0,132,terminated,2,0,0,2,1718.0,1,2,2,0,1,4,1,9,2,2,1,5,2,2,1,3,2,4,8,2,2,22,4,2,2,4,2,2,2,2
4,76,1534.0,116,terminated,1,0,0,2,1534.0,1,2,1,1,1,3,1,7,1,2,1,4,1,2,1,3,2,3,6,1,2,23,3,1,2,3,1,2,1,2
4,77,1752.0,98,terminated,2,0,0,2,1752.0,1,2,0,2,1,4,1,9,2,2,1,5,2,2,1,3,2,4,8,2,2,17,4,2,2,4,2,2,2,2
4,78,1716.0,134,terminated,2,0,0,2,1716.0,1,3,2,1,0,4,0,8,2,2,0,4,2,2,0,2,2,4,8,2,2,29,4,2,2,4,2,2,2,2
4,79,1743.0,107,terminated,2,0,0,2,1743.0,1,2,2,0,1,4,1,9,2,2,1,5,2,2,1,3,2,4,8,2,2,19,4,2,2,4,2,2,2,2
4,80,1730.0,120,terminated,2,0,0,2,1730.0,1,3,2,1,1,4,1,9,2,2,1,5,2,2,1,3,2,4,8,2,2,24,4,2,2,4,2,2,2,2
4,81,1733.0,117,terminated,2,0,0,2,1733.0,1,1,0,1,1,4,1,9,2,2,1,5,2,2,1,3,2,4,8,2,2,17,4,2,2,4,2,2,2,2
4,82,1766.0,84,terminated,2,0,0,2,1766.0,1,1,0,1,1,4,1,9,2,2,1,5,2,2,1,3,2,4,8,2,2,17,4,2,2,4,2,2,2,2
4,83,1330.0,120,terminated,2,0,0,0,1330.0,1,1,1,0,1,2,1,5,2,0,1,3,2,0,1,1,0,2,4,2,0,19,2,2,0,2,2,0,2,0
4,84,251.0,99,terminated,2,10,1,0,251.0,0,1,1,0,1,2,1,5,2,0,1,3,2,0,1,1,0,2,4,2,0,21,2,2,0,2,2,0,2,0
4,85,1731.0,119,terminated,2,0,0,2,1731.0,1,3,2,1,0,4,0,8,2,2,0,4,2,2,0,2,2,4,8,2,2,14,4,2,2,4,2,2,2,2
4,86,1749.0,101,terminated,2,0,0,2,1749.0,1,2,1,1,1,4,1,9,2,2,1,5,2,2,1,3,2,4,8,2,2,17,4,2,2,4,2,2,2,2
4,87,1537.0,113,terminated,2,0,0,1,1537.0,1,1,1,0,1,3,1,7,2,1,1,4,2,1,1,2,1,3,6,2,1,20,3,2,1,3,2,1,2,1
4,88,1734.0,116,terminated,2,0,0,2,1734.0,1,4,2,2,0,3,0,7,2,2,0,4,2,2,0,2,2,3,7,2,2,17,4,2,2,4,2,2,2,2
4,89,1756.0,94,terminated,2,0,0,2,1756.0,1,2,0,2,1,4,1,9,2,2,1,5,2,2,1,3,2,4,8,2,2,17,4,2,2,4,2,2,2,2
4,90,345.0,55,terminated,2,25,1,1,345.0,0,2,1,1,1,2,1,6,2,1,1,4,2,1,1,2,1,2,5,2,1,21,3,2,1,3,2,1,2,1
4,91,1749.0,101,terminated,2,0,0,2,1749.0,1,1,0,1,1,4,1,9,2,2,1,5,2,2,1,3,2,4,8,2,2,26,4,2,2,4,2,2,2,2
4,92,-171.0,21,terminated,1,40,1,0,-171.0,0,1,1,0,1,1,1,3,1,0,1,2,1,0,1,1,0,1,2,1,0,20,1,1,0,1,1,0,1,0
4,93,1535.0,115,terminated,2,0,0,1,1535.0,1,1,0,1,0,3,0,6,2,1,0,3,2,1,0,1,1,3,6,2,1,19,3,2,1,3,2,1,2,1
4,94,1760.0,90,terminated,2,0,0,2,1760.0,1,0,0,0,1,4,1,9,2,2,1,5,2,2,1,3,2,4,8,2,2,19,4,2,2,4,2,2,2,2
4,95,1727.0,123,terminated,2,0,0,2,1727.0,1,1,1,0,1,3,1,8,2,2,1,5,2,2,1,3,2,3,7,2,2,17,4,2,2,4,2,2,2,2
4,96,1732.0,118,terminated,2,0,0,2,1732.0,1,3,2,1,1,4,1,9,2,2,1,5,2,2,1,3,2,4,8,2,2,17,4,2,2,4,2,2,2,2
4,97,1740.0,110,terminated,2,0,0,2,1740.0,1,2,0,2,0,4,0,8,2,2,0,4,2,2,0,2,2,4,8,2,2,17,4,2,2,4,2,2,2,2
4,98,1730.0,120,terminated,2,0,0,2,1730.0,1,2,1,1,1,4,1,9,2,2,1,5,2,2,1,3,2,4,8,2,2,17,4,2,2,4,2,2,2,2
4,99,1749.0,101,terminated,2,0,0,2,1749.0,1,1,1,0,1,4,1,9,2,2,1,5,2,2,1,3,2,4,8,2,2,17,4,2,2,4,2,2,2,2
4,100,1723.0,127,terminated,2,0,0,2,1723.0,1,1,0,1,1,4,1,9,2,2,1,5,2,2,1,3,2,4,8,2,2,19,4,2,2,4,2,2,2,2
4,101,516.0,64,terminated,2,27,1,2,516.0,0,1,0,1,1,3,1,8,2,2,1,5,2,2,1,3,2,3,7,2,2,17,4,2,2,4,2,2,2,2
4,102,1759.0,91,terminated,2,0,0,2,1759.0,1,1,0,1,1,4,1,9,2,2,1,5,2,2,1,3,2,4,8,2,2,17,4,2,2,4,2,2,2,2
4,103,684.0,116,terminated,2,5,1,2,684.0,0,1,0,1,1,4,1,9,2,2,1,5,2,2,1,3,2,4,8,2,2,22,4,2,2,4,2,2,2,2
4,104,1527.0,123,terminated,1,0,0,2,1527.0,1,1,1,0,1,3,1,7,1,2,1,4,1,2,1,3,2,3,6,1,2,23,3,1,2,3,1,2,1,2
4,105,1746.0,104,terminated,2,0,0,2,1746.0,1,4,2,2,1,4,1,9,2,2,1,5,2,2,1,3,2,4,8,2,2,19,4,2,2,4,2,2,2,2
4,106,1751.0,99,terminated,2,0,0,2,1751.0,1,2,2,0,1,4,1,9,2,2,1,5,2,2,1,3,2,4,8,2,2,19,4,2,2,4,2,2,2,2
4,107,1545.0,105,terminated,1,0,0,2,1545.0,1,1,0,1,1,3,1,7,1,2,1,4,1,2,1,3,2,3,6,1,2,17,3,1,2,3,1,2,1,2
4,108,1732.0,118,terminated,2,0,0,2,1732.0,1,1,0,1,1,4,1,9,2,2,1,5,2,2,1,3,2,4,8,2,2,19,4,2,2,4,2,2,2,2
4,109,1698.0,152,terminated,2,0,0,2,1698.0,1,1,1,0,1,2,1,7,2,2,1,5,2,2,1,3,2,2,6,2,2,17,4,2,2,4,2,2,2,2
4,110,1729.0,121,terminated,2,0,0,2,1729.0,1,1,0,1,0,4,0,8,2,2,0,4,2,2,0,2,2,4,8,2,2,17,4,2,2,4,2,2,2,2
4,111,1528.0,122,terminated,2,0,0,1,1528.0,1,2,1,1,1,3,1,7,2,1,1,4,2,1,1,2,1,3,6,2,1,32,3,2,1,3,2,1,2,1
4,112,1745.0,105,terminated,2,0,0,2,1745.0,1,4,2,2,1,4,1,9,2,2,1,5,2,2,1,3,2,4,8,2,2,17,4,2,2,4,2,2,2,2
4,113,1761.0,89,terminated,2,0,0,2,1761.0,1,0,0,0,1,4,1,9,2,2,1,5,2,2,1,3,2,4,8,2,2,17,4,2,2,4,2,2,2,2
4,114,1738.0,112,terminated,2,0,0,2,1738.0,1,2,1,1,1,4,1,9,2,2,1,5,2,2,1,3,2,4,8,2,2,17,4,2,2,4,2,2,2,2
4,115,1712.0,138,terminated,2,0,0,2,1712.0,1,3,1,2,0,4,0,8,2,2,0,4,2,2,0,2,2,4,8,2,2,14,4,2,2,4,2,2,2,2
4,116,1700.0,150,terminated,2,0,0,2,1700.0,1,2,1,1,0,4,0,8,2,2,0,4,2,2,0,2,2,4,8,2,2,25,4,2,2,4,2,2,2,2
4,117,1732.0,118,terminated,2,0,0,2,1732.0,1,3,2,1,0,4,0,8,2,2,0,4,2,2,0,2,2,4,8,2,2,15,4,2,2,4,2,2,2,2
4,118,1724.0,126,terminated,2,0,0,2,1724.0,1,1,0,1,1,4,1,9,2,2,1,5,2,2,1,3,2,4,8,2,2,19,4,2,2,4,2,2,2,2
4,119,1726.0,124,terminated,2,0,0,2,1726.0,1,2,2,0,1,4,1,9,2,2,1,5,2,2,1,3,2,4,8,2,2,26,4,2,2,4,2,2,2,2
4,120,1544.0,106,terminated,1,0,0,2,1544.0,1,2,0,2,0,3,0,6,1,2,0,3,1,2,0,2,2,3,6,1,2,22,3,1,2,3,1,2,1,2
4,121,1536.0,114,terminated,1,0,0,2,1536.0,1,2,0,2,1,3,1,7,1,2,1,4,1,2,1,3,2,3,6,1,2,18,3,1,2,3,1,2,1,2
4,122,1560.0,90,terminated,1,0,0,2,1560.0,1,1,1,0,1,3,1,7,1,2,1,4,1,2,1,3,2,3,6,1,2,18,3,1,2,3,1,2,1,2
4,123,27.0,23,terminated,1,40,1,1,27.0,0,0,0,0,1,0,1,3,1,1,1,3,1,1,1,2,1,0,2,1,1,21,2,1,1,2,1,1,1,1
4,124,1752.0,98,terminated,2,0,0,2,1752.0,1,3,1,2,0,4,0,8,2,2,0,4,2,2,0,2,2,4,8,2,2,16,4,2,2,4,2,2,2,2
4,125,1738.0,112,terminated,2,0,0,2,1738.0,1,4,2,2,1,4,1,9,2,2,1,5,2,2,1,3,2,4,8,2,2,21,4,2,2,4,2,2,2,2
4,126,729.0,91,terminated,2,3,1,2,729.0,0,2,0,2,1,4,1,9,2,2,1,5,2,2,1,3,2,4,8,2,2,17,4,2,2,4,2,2,2,2
4,127,1560.0,90,terminated,2,0,0,1,1560.0,1,1,1,0,1,3,1,7,2,1,1,4,2,1,1,2,1,3,6,2,1,26,3,2,1,3,2,1,2,1
4,128,1733.0,117,terminated,2,0,0,2,1733.0,1,3,2,1,1,4,1,9,2,2,1,5,2,2,1,3,2,4,8,2,2,17,4,2,2,4,2,2,2,2
4,129,1518.0,132,terminated,1,0,0,2,1518.0,1,1,0,1,1,2,1,6,1,2,1,4,1,2,1,3,2,2,5,1,2,18,3,1,2,3,1,2,1,2
4,130,1729.0,121,terminated,2,0,0,2,1729.0,1,1,0,1,1,4,1,9,2,2,1,5,2,2,1,3,2,4,8,2,2,28,4,2,2,4,2,2,2,2
4,131,-146.0,26,terminated,0,37,1,1,-146.0,0,1,0,1,1,1,1,3,0,1,1,2,0,1,1,2,1,1,2,0,1,24,1,0,1,1,0,1,0,1
4,132,1546.0,104,terminated,2,0,0,1,1546.0,1,0,0,0,1,2,1,6,2,1,1,4,2,1,1,2,1,2,5,2,1,17,3,2,1,3,2,1,2,1
4,133,1728.0,122,terminated,2,0,0,2,1728.0,1,2,1,1,1,4,1,9,2,2,1,5,2,2,1,3,2,4,8,2,2,25,4,2,2,4,2,2,2,2
4,134,1760.0,90,terminated,2,0,0,2,1760.0,1,2,1,1,1,4,1,9,2,2,1,5,2,2,1,3,2,4,8,2,2,21,4,2,2,4,2,2,2,2
4,135,1754.0,96,terminated,2,0,0,2,1754.0,1,1,0,1,0,4,0,8,2,2,0,4,2,2,0,2,2,4,8,2,2,18,4,2,2,4,2,2,2,2
4,136,1744.0,106,terminated,2,0,0,2,1744.0,1,2,1,1,1,4,1,9,2,2,1,5,2,2,1,3,2,4,8,2,2,18,4,2,2,4,2,2,2,2
4,137,1740.0,110,terminated,2,0,0,2,1740.0,1,3,1,2,0,4,0,8,2,2,0,4,2,2,0,2,2,4,8,2,2,28,4,2,2,4,2,2,2,2
4,138,707.0,113,terminated,2,3,1,2,707.0,0,2,1,1,1,4,1,9,2,2,1,5,2,2,1,3,2,4,8,2,2,19,4,2,2,4,2,2,2,2
4,139,1528.0,122,terminated,1,0,0,2,1528.0,1,2,0,2,1,3,1,7,1,2,1,4,1,2,1,3,2,3,6,1,2,26,3,1,2,3,1,2,1,2
4,140,1725.0,125,terminated,2,0,0,2,1725.0,1,3,2,1,1,4,1,9,2,2,1,5,2,2,1,3,2,4,8,2,2,23,4,2,2,4,2,2,2,2
4,141,1536.0,114,terminated,1,0,0,2,1536.0,1,2,1,1,1,3,1,7,1,2,1,4,1,2,1,3,2,3,6,1,2,17,3,1,2,3,1,2,1,2
4,142,1547.0,103,terminated,2,0,0,1,1547.0,1,1,0,1,1,2,1,6,2,1,1,4,2,1,1,2,1,2,5,2,1,19,3,2,1,3,2,1,2,1
4,143,648.0,72,terminated,2,13,1,2,648.0,0,1,1,0,0,4,0,8,2,2,0,4,2,2,0,2,2,4,8,2,2,22,4,2,2,4,2,2,2,2
4,144,1546.0,104,terminated,1,0,0,2,1546.0,1,1,0,1,1,3,1,7,1,2,1,4,1,2,1,3,2,3,6,1,2,21,3,1,2,3,1,2,1,2
4,145,1752.0,98,terminated,2,0,0,2,1752.0,1,4,2,2,1,4,1,9,2,2,1,5,2,2,1,3,2,4,8,2,2,20,4,2,2,4,2,2,2,2
4,146,1726.0,124,terminated,2,0,0,2,1726.0,1,1,0,1,1,4,1,9,2,2,1,5,2,2,1,3,2,4,8,2,2,19,4,2,2,4,2,2,2,2
4,147,1538.0,112,terminated,2,0,0,1,1538.0,1,2,1,1,1,3,1,7,2,1,1,4,2,1,1,2,1,3,6,2,1,19,3,2,1,3,2,1,2,1
4,148,1746.0,104,terminated,2,0,0,2,1746.0,1,3,2,1,0,3,0,7,2,2,0,4,2,2,0,2,2,3,7,2,2,18,4,2,2,4,2,2,2,2
4,149,1747.0,103,terminated,2,0,0,2,1747.0,1,3,2,1,1,4,1,9,2,2,1,5,2,2,1,3,2,4,8,2,2,20,4,2,2,4,2,2,2,2
4,150,1553.0,97,terminated,2,0,0,1,1553.0,1,1,0,1,1,3,1,7,2,1,1,4,2,1,1,2,1,3,6,2,1,17,3,2,1,3,2,1,2,1
4,151,1691.0,159,terminated,2,0,0,2,1691.0,1,3,2,1,1,3,1,8,2,2,1,5,2,2,1,3,2,3,7,2,2,15,4,2,2,4,2,2,2,2
4,152,623.0,77,terminated,2,15,1,2,623.0,0,3,1,2,0,3,0,7,2,2,0,4,2,2,0,2,2,3,7,2,2,19,4,2,2,4,2,2,2,2
4,153,1751.0,99,terminated,2,0,0,2,1751.0,1,2,1,1,1,4,1,9,2,2,1,5,2,2,1,3,2,4,8,2,2,18,4,2,2,4,2,2,2,2
4,154,493.0,127,terminated,1,3,1,2,493.0,0,0,0,0,1,3,1,7,1,2,1,4,1,2,1,3,2,3,6,1,2,21,3,1,2,3,1,2,1,2
4,155,1754.0,96,terminated,2,0,0,2,1754.0,1,2,1,1,1,4,1,9,2,2,1,5,2,2,1,3,2,4,8,2,2,23,4,2,2,4,2,2,2,2
4,156,1539.0,111,terminated,1,0,0,2,1539.0,1,3,1,2,0,3,0,6,1,2,0,3,1,2,0,2,2,3,6,1,2,30,3,1,2,3,1,2,1,2
4,157,1528.0,122,terminated,1,0,0,2,1528.0,1,0,0,0,1,3,1,7,1,2,1,4,1,2,1,3,2,3,6,1,2,17,3,1,2,3,1,2,1,2
4,158,1551.0,99,terminated,1,0,0,2,1551.0,1,2,1,1,1,3,1,7,1,2,1,4,1,2,1,3,2,3,6,1,2,18,3,1,2,3,1,2,1,2
4,159,1751.0,99,terminated,2,0,0,2,1751.0,1,3,1,2,0,4,0,8,2,2,0,4,2,2,0,2,2,4,8,2,2,17,4,2,2,4,2,2,2,2
4,160,30.0,20,terminated,1,40,1,1,30.0,0,2,1,1,1,0,1,3,1,1,1,3,1,1,1,2,1,0,2,1,1,20,2,1,1,2,1,1,1,1
4,161,1766.0,84,terminated,2,0,0,2,1766.0,1,2,1,1,1,4,1,9,2,2,1,5,2,2,1,3,2,4,8,2,2,17,4,2,2,4,2,2,2,2
4,162,1518.0,132,terminated,1,0,0,2,1518.0,1,1,0,1,1,3,1,7,1,2,1,4,1,2,1,3,2,3,6,1,2,17,3,1,2,3,1,2,1,2
4,163,1752.0,98,terminated,2,0,0,2,1752.0,1,1,1,0,1,4,1,9,2,2,1,5,2,2,1,3,2,4,8,2,2,21,4,2,2,4,2,2,2,2
4,164,1728.0,122,terminated,2,0,0,2,1728.0,1,1,0,1,1,4,1,9,2,2,1,5,2,2,1,3,2,4,8,2,2,20,4,2,2,4,2,2,2,2
4,165,752.0,88,terminated,2,1,1,2,752.0,0,2,0,2,1,4,1,9,2,2,1,5,2,2,1,3,2,4,8,2,2,17,4,2,2,4,2,2,2,2
4,166,1311.0,139,terminated,0,0,0,2,1311.0,1,0,0,0,1,2,1,5,0,2,1,3,0,2,1,3,2,2,4,0,2,17,2,0,2,2,0,2,0,2
4,167,1718.0,132,terminated,2,0,0,2,1718.0,1,1,0,1,1,4,1,9,2,2,1,5,2,2,1,3,2,4,8,2,2,17,4,2,2,4,2,2,2,2
4,168,1708.0,142,terminated,2,0,0,2,1708.0,1,3,1,2,1,4,1,9,2,2,1,5,2,2,1,3,2,4,8,2,2,21,4,2,2,4,2,2,2,2
4,169,-119.0,29,terminated,0,34,1,1,-119.0,0,1,0,1,0,1,0,2,0,1,0,1,0,1,0,1,1,1,2,0,1,22,1,0,1,1,0,1,0,1
4,170,1748.0,102,terminated,2,0,0,2,1748.0,1,3,1,2,0,4,0,8,2,2,0,4,2,2,0,2,2,4,8,2,2,25,4,2,2,4,2,2,2,2
4,171,1690.0,160,terminated,2,0,0,2,1690.0,1,3,2,1,1,4,1,9,2,2,1,5,2,2,1,3,2,4,8,2,2,17,4,2,2,4,2,2,2,2
4,172,1550.0,100,terminated,1,0,0,2,1550.0,1,1,1,0,1,3,1,7,1,2,1,4,1,2,1,3,2,3,6,1,2,24,3,1,2,3,1,2,1,2
4,173,1740.0,110,terminated,2,0,0,2,1740.0,1,2,1,1,0,4,0,8,2,2,0,4,2,2,0,2,2,4,8,2,2,22,4,2,2,4,2,2,2,2
4,174,1758.0,92,terminated,2,0,0,2,1758.0,1,3,1,2,1,4,1,9,2,2,1,5,2,2,1,3,2,4,8,2,2,19,4,2,2,4,2,2,2,2
4,175,1705.0,145,terminated,2,0,0,2,1705.0,1,0,0,0,1,4,1,9,2,2,1,5,2,2,1,3,2,4,8,2,2,19,4,2,2,4,2,2,2,2
4,176,1565.0,85,terminated,1,0,0,2,1565.0,1,2,1,1,1,3,1,7,1,2,1,4,1,2,1,3,2,3,6,1,2,15,3,1,2,3,1,2,1,2
4,177,1755.0,95,terminated,2,0,0,2,1755.0,1,3,2,1,1,3,1,8,2,2,1,5,2,2,1,3,2,3,7,2,2,19,4,2,2,4,2,2,2,2
4,178,1752.0,98,terminated,2,0,0,2,1752.0,1,3,1,2,1,4,1,9,2,2,1,5,2,2,1,3,2,4,8,2,2,17,4,2,2,4,2,2,2,2
4,179,1754.0,96,terminated,2,0,0,2,1754.0,1,1,1,0,1,4,1,9,2,2,1,5,2,2,1,3,2,4,8,2,2,19,4,2,2,4,2,2,2,2
4,180,1760.0,90,terminated,2,0,0,2,1760.0,1,3,2,1,1,3,1,8,2,2,1,5,2,2,1,3,2,3,7,2,2,17,4,2,2,4,2,2,2,2
4,181,1730.0,120,terminated,2,0,0,2,1730.0,1,3,2,1,1,4,1,9,2,2,1,5,2,2,1,3,2,4,8,2,2,21,4,2,2,4,2,2,2,2
4,182,1767.0,83,terminated,2,0,0,2,1767.0,1,1,1,0,1,4,1,9,2,2,1,5,2,2,1,3,2,4,8,2,2,17,4,2,2,4,2,2,2,2
4,183,1711.0,139,terminated,2,0,0,2,1711.0,1,4,2,2,0,3,0,7,2,2,0,4,2,2,0,2,2,3,7,2,2,19,4,2,2,4,2,2,2,2
4,184,1524.0,126,terminated,2,0,0,1,1524.0,1,2,1,1,0,3,0,6,2,1,0,3,2,1,0,1,1,3,6,2,1,16,3,2,1,3,2,1,2,1
4,185,1553.0,97,terminated,1,0,0,2,1553.0,1,0,0,0,1,2,1,6,1,2,1,4,1,2,1,3,2,2,5,1,2,17,3,1,2,3,1,2,1,2
4,186,1553.0,97,terminated,1,0,0,2,1553.0,1,2,1,1,0,3,0,6,1,2,0,3,1,2,0,2,2,3,6,1,2,14,3,1,2,3,1,2,1,2
4,187,1708.0,142,terminated,2,0,0,2,1708.0,1,3,2,1,1,4,1,9,2,2,1,5,2,2,1,3,2,4,8,2,2,21,4,2,2,4,2,2,2,2
4,188,1757.0,93,terminated,2,0,0,2,1757.0,1,1,1,0,0,4,0,8,2,2,0,4,2,2,0,2,2,4,8,2,2,17,4,2,2,4,2,2,2,2
4,189,625.0,165,terminated,2,6,1,2,625.0,0,1,1,0,1,3,1,8,2,2,1,5,2,2,1,3,2,3,7,2,2,22,4,2,2,4,2,2,2,2
4,190,1722.0,128,terminated,2,0,0,2,1722.0,1,1,1,0,1,4,1,9,2,2,1,5,2,2,1,3,2,4,8,2,2,18,4,2,2,4,2,2,2,2
4,191,-160.0,20,terminated,1,39,1,0,-160.0,0,1,1,0,0,1,0,2,1,0,0,1,1,0,0,0,0,1,2,1,0,19,1,1,0,1,1,0,1,0
4,192,1516.0,134,terminated,2,0,0,1,1516.0,1,3,2,1,0,3,0,6,2,1,0,3,2,1,0,1,1,3,6,2,1,26,3,2,1,3,2,1,2,1
4,193,1758.0,92,terminated,2,0,0,2,1758.0,1,2,1,1,0,4,0,8,2,2,0,4,2,2,0,2,2,4,8,2,2,17,4,2,2,4,2,2,2,2
4,194,1720.0,130,terminated,2,0,0,2,1720.0,1,2,1,1,1,4,1,9,2,2,1,5,2,2,1,3,2,4,8,2,2,17,4,2,2,4,2,2,2,2
4,195,28.0,22,terminated,1,40,1,1,28.0,0,2,1,1,1,0,1,3,1,1,1,3,1,1,1,2,1,0,2,1,1,22,2,1,1,2,1,1,1,1
4,196,1557.0,93,terminated,1,0,0,2,1557.0,1,2,1,1,1,3,1,7,1,2,1,4,1,2,1,3,2,3,6,1,2,19,3,1,2,3,1,2,1,2
4,197,1728.0,122,terminated,2,0,0,2,1728.0,1,3,2,1,1,4,1,9,2,2,1,5,2,2,1,3,2,4,8,2,2,20,4,2,2,4,2,2,2,2
4,198,679.0,111,terminated,2,6,1,2,679.0,0,1,0,1,1,4,1,9,2,2,1,5,2,2,1,3,2,4,8,2,2,17,4,2,2,4,2,2,2,2
4,199,1758.0,92,terminated,2,0,0,2,1758.0,1,0,0,0,1,4,1,9,2,2,1,5,2,2,1,3,2,4,8,2,2,18,4,2,2,4,2,2,2,2
4,200,1327.0,123,terminated,1,0,0,1,1327.0,1,2,1,1,0,2,0,4,1,1,0,2,1,1,0,1,1,2,4,1,1,25,2,1,1,2,1,1,1,1
4,201,1727.0,123,terminated,2,0,0,2,1727.0,1,2,1,1,0,4,0,8,2,2,0,4,2,2,0,2,2,4,8,2,2,17,4,2,2,4,2,2,2,2
4,202,1757.0,93,terminated,2,0,0,2,1757.0,1,1,1,0,1,4,1,9,2,2,1,5,2,2,1,3,2,4,8,2,2,17,4,2,2,4,2,2,2,2
4,203,1736.0,114,terminated,2,0,0,2,1736.0,1,3,2,1,1,4,1,9,2,2,1,5,2,2,1,3,2,4,8,2,2,20,4,2,2,4,2,2,2,2
4,204,1732.0,118,terminated,2,0,0,2,1732.0,1,3,1,2,1,4,1,9,2,2,1,5,2,2,1,3,2,4,8,2,2,18,4,2,2,4,2,2,2,2
4,205,1748.0,102,terminated,2,0,0,2,1748.0,1,1,0,1,1,4,1,9,2,2,1,5,2,2,1,3,2,4,8,2,2,19,4,2,2,4,2,2,2,2
4,206,1500.0,150,terminated,2,0,0,1,1500.0,1,2,1,1,1,3,1,7,2,1,1,4,2,1,1,2,1,3,6,2,1,30,3,2,1,3,2,1,2,1
4,207,579.0,121,terminated,2,15,1,2,579.0,0,3,2,1,0,4,0,8,2,2,0,4,2,2,0,2,2,4,8,2,2,24,4,2,2,4,2,2,2,2
4,208,1744.0,106,terminated,2,0,0,2,1744.0,1,2,1,1,1,4,1,9,2,2,1,5,2,2,1,3,2,4,8,2,2,20,4,2,2,4,2,2,2,2
4,209,1542.0,108,terminated,2,0,0,1,1542.0,1,0,0,0,1,3,1,7,2,1,1,4,2,1,1,2,1,3,6,2,1,17,3,2,1,3,2,1,2,1
4,210,1550.0,100,terminated,2,0,0,1,1550.0,1,3,2,1,1,2,1,6,2,1,1,4,2,1,1,2,1,2,5,2,1,19,3,2,1,3,2,1,2,1
4,211,1737.0,113,terminated,2,0,0,2,1737.0,1,2,0,2,1,4,1,9,2,2,1,5,2,2,1,3,2,4,8,2,2,17,4,2,2,4,2,2,2,2
4,212,1721.0,129,terminated,2,0,0,2,1721.0,1,1,1,0,1,4,1,9,2,2,1,5,2,2,1,3,2,4,8,2,2,20,4,2,2,4,2,2,2,2
4,213,1524.0,126,terminated,2,0,0,1,1524.0,1,1,0,1,1,2,1,6,2,1,1,4,2,1,1,2,1,2,5,2,1,18,3,2,1,3,2,1,2,1
4,214,1752.0,98,terminated,2,0,0,2,1752.0,1,2,1,1,1,4,1,9,2,2,1,5,2,2,1,3,2,4,8,2,2,17,4,2,2,4,2,2,2,2
4,215,1732.0,118,terminated,2,0,0,2,1732.0,1,2,1,1,1,4,1,9,2,2,1,5,2,2,1,3,2,4,8,2,2,26,4,2,2,4,2,2,2,2
4,216,1755.0,95,terminated,2,0,0,2,1755.0,1,3,2,1,1,4,1,9,2,2,1,5,2,2,1,3,2,4,8,2,2,19,4,2,2,4,2,2,2,2
4,217,1471.0,179,terminated,1,0,0,2,1471.0,1,1,0,1,1,3,1,7,1,2,1,4,1,2,1,3,2,3,6,1,2,21,3,1,2,3,1,2,1,2
4,218,461.0,129,terminated,1,6,1,2,461.0,0,1,1,0,1,3,1,7,1,2,1,4,1,2,1,3,2,3,6,1,2,25,3,1,2,3,1,2,1,2
4,219,1754.0,96,terminated,2,0,0,2,1754.0,1,2,2,0,1,4,1,9,2,2,1,5,2,2,1,3,2,4,8,2,2,20,4,2,2,4,2,2,2,2
4,220,1749.0,101,terminated,2,0,0,2,1749.0,1,3,1,2,0,4,0,8,2,2,0,4,2,2,0,2,2,4,8,2,2,14,4,2,2,4,2,2,2,2
4,221,1724.0,126,terminated,2,0,0,2,1724.0,1,4,2,2,1,3,1,8,2,2,1,5,2,2,1,3,2,3,7,2,2,16,4,2,2,4,2,2,2,2
4,222,648.0,72,terminated,2,13,1,2,648.0,0,2,0,2,0,3,0,7,2,2,0,4,2,2,0,2,2,3,7,2,2,18,4,2,2,4,2,2,2,2
4,223,618.0,92,terminated,2,14,1,2,618.0,0,2,1,1,1,3,1,8,2,2,1,5,2,2,1,3,2,3,7,2,2,21,4,2,2,4,2,2,2,2
4,224,-169.0,19,terminated,1,40,1,0,-169.0,0,1,1,0,0,1,0,2,1,0,0,1,1,0,0,0,0,1,2,1,0,19,1,1,0,1,1,0,1,0
4,225,1518.0,132,terminated,2,0,0,1,1518.0,1,3,2,1,1,3,1,7,2,1,1,4,2,1,1,2,1,3,6,2,1,19,3,2,1,3,2,1,2,1
4,226,1762.0,88,terminated,2,0,0,2,1762.0,1,1,0,1,1,4,1,9,2,2,1,5,2,2,1,3,2,4,8,2,2,17,4,2,2,4,2,2,2,2
4,227,1720.0,130,terminated,2,0,0,2,1720.0,1,1,0,1,1,4,1,9,2,2,1,5,2,2,1,3,2,4,8,2,2,22,4,2,2,4,2,2,2,2
4,228,1747.0,103,terminated,2,0,0,2,1747.0,1,2,1,1,0,4,0,8,2,2,0,4,2,2,0,2,2,4,8,2,2,18,4,2,2,4,2,2,2,2
4,229,518.0,62,terminated,2,27,1,2,518.0,0,0,0,0,1,4,1,9,2,2,1,5,2,2,1,3,2,4,8,2,2,18,4,2,2,4,2,2,2,2
4,230,1758.0,92,terminated,2,0,0,2,1758.0,1,4,2,2,0,4,0,8,2,2,0,4,2,2,0,2,2,4,8,2,2,18,4,2,2,4,2,2,2,2
4,231,1761.0,89,terminated,2,0,0,2,1761.0,1,3,1,2,1,3,1,8,2,2,1,5,2,2,1,3,2,3,7,2,2,15,4,2,2,4,2,2,2,2
4,232,1758.0,92,terminated,2,0,0,2,1758.0,1,2,1,1,1,3,1,8,2,2,1,5,2,2,1,3,2,3,7,2,2,21,4,2,2,4,2,2,2,2
4,233,1547.0,103,terminated,1,0,0,2,1547.0,1,0,0,0,1,3,1,7,1,2,1,4,1,2,1,3,2,3,6,1,2,18,3,1,2,3,1,2,1,2
4,234,1740.0,110,terminated,2,0,0,2,1740.0,1,1,0,1,1,3,1,8,2,2,1,5,2,2,1,3,2,3,7,2,2,17,4,2,2,4,2,2,2,2
4,235,1746.0,104,terminated,2,0,0,2,1746.0,1,2,0,2,1,3,1,8,2,2,1,5,2,2,1,3,2,3,7,2,2,27,4,2,2,4,2,2,2,2
4,236,1749.0,101,terminated,2,0,0,2,1749.0,1,2,1,1,1,4,1,9,2,2,1,5,2,2,1,3,2,4,8,2,2,17,4,2,2,4,2,2,2,2
4,237,1736.0,114,terminated,2,0,0,2,1736.0,1,2,1,1,1,4,1,9,2,2,1,5,2,2,1,3,2,4,8,2,2,20,4,2,2,4,2,2,2,2
4,238,52.0,28,terminated,1,37,1,1,52.0,0,2,1,1,1,2,1,5,1,1,1,3,1,1,1,2,1,2,4,1,1,23,2,1,1,2,1,1,1,1
4,239,1751.0,99,terminated,2,0,0,2,1751.0,1,2,2,0,1,4,1,9,2,2,1,5,2,2,1,3,2,4,8,2,2,21,4,2,2,4,2,2,2,2
4,240,1696.0,154,terminated,2,0,0,2,1696.0,1,2,1,1,1,4,1,9,2,2,1,5,2,2,1,3,2,4,8,2,2,17,4,2,2,4,2,2,2,2
4,241,368.0,52,terminated,1,23,1,2,368.0,0,3,1,2,1,1,1,5,1,2,1,4,1,2,1,3,2,1,4,1,2,17,3,1,2,3,1,2,1,2
4,242,1522.0,128,terminated,2,0,0,1,1522.0,1,0,0,0,1,3,1,7,2,1,1,4,2,1,1,2,1,3,6,2,1,18,3,2,1,3,2,1,2,1
4,243,1471.0,179,terminated,1,0,0,2,1471.0,1,1,1,0,1,2,1,6,1,2,1,4,1,2,1,3,2,2,5,1,2,19,3,1,2,3,1,2,1,2
4,244,1742.0,108,terminated,2,0,0,2,1742.0,1,1,0,1,1,4,1,9,2,2,1,5,2,2,1,3,2,4,8,2,2,26,4,2,2,4,2,2,2,2
4,245,-170.0,20,terminated,0,40,1,1,-170.0,0,1,0,1,1,0,1,2,0,1,1,2,0,1,1,2,1,0,1,0,1,20,1,0,1,1,0,1,0,1
4,246,1748.0,102,terminated,2,0,0,2,1748.0,1,2,1,1,0,4,0,8,2,2,0,4,2,2,0,2,2,4,8,2,2,21,4,2,2,4,2,2,2,2
4,247,689.0,101,terminated,2,6,1,2,689.0,0,3,1,2,1,3,1,8,2,2,1,5,2,2,1,3,2,3,7,2,2,22,4,2,2,4,2,2,2,2
4,248,1539.0,111,terminated,2,0,0,1,1539.0,1,0,0,0,1,3,1,7,2,1,1,4,2,1,1,2,1,3,6,2,1,17,3,2,1,3,2,1,2,1
4,249,358.0,52,terminated,2,24,1,1,358.0,0,1,0,1,1,2,1,6,2,1,1,4,2,1,1,2,1,2,5,2,1,19,3,2,1,3,2,1,2,1
4,250,1744.0,106,terminated,2,0,0,2,1744.0,1,4,2,2,1,4,1,9,2,2,1,5,2,2,1,3,2,4,8,2,2,18,4,2,2,4,2,2,2,2
4,251,1500.0,150,terminated,2,0,0,1,1500.0,1,3,2,1,1,3,1,7,2,1,1,4,2,1,1,2,1,3,6,2,1,21,3,2,1,3,2,1,2,1
4,252,1739.0,111,terminated,2,0,0,2,1739.0,1,2,2,0,1,4,1,9,2,2,1,5,2,2,1,3,2,4,8,2,2,20,4,2,2,4,2,2,2,2
4,253,1729.0,121,terminated,2,0,0,2,1729.0,1,2,0,2,0,4,0,8,2,2,0,4,2,2,0,2,2,4,8,2,2,18,4,2,2,4,2,2,2,2
4,254,1752.0,98,terminated,2,0,0,2,1752.0,1,2,1,1,1,4,1,9,2,2,1,5,2,2,1,3,2,4,8,2,2,17,4,2,2,4,2,2,2,2
4,255,1762.0,88,terminated,2,0,0,2,1762.0,1,3,2,1,0,4,0,8,2,2,0,4,2,2,0,2,2,4,8,2,2,15,4,2,2,4,2,2,2,2
4,256,-117.0,27,terminated,1,34,1,0,-117.0,0,1,1,0,0,1,0,2,1,0,0,1,1,0,0,0,0,1,2,1,0,21,1,1,0,1,1,0,1,0
4,257,1525.0,125,terminated,1,0,0,2,1525.0,1,0,0,0,1,2,1,6,1,2,1,4,1,2,1,3,2,2,5,1,2,22,3,1,2,3,1,2,1,2
4,258,1549.0,101,terminated,2,0,0,1,1549.0,1,2,2,0,1,3,1,7,2,1,1,4,2,1,1,2,1,3,6,2,1,17,3,2,1,3,2,1,2,1
4,259,1739.0,111,terminated,2,0,0,2,1739.0,1,2,1,1,1,3,1,8,2,2,1,5,2,2,1,3,2,3,7,2,2,18,4,2,2,4,2,2,2,2
4,260,1762.0,88,terminated,2,0,0,2,1762.0,1,2,1,1,1,4,1,9,2,2,1,5,2,2,1,3,2,4,8,2,2,19,4,2,2,4,2,2,2,2
4,261,693.0,97,terminated,2,6,1,2,693.0,0,2,1,1,0,4,0,8,2,2,0,4,2,2,0,2,2,4,8,2,2,22,4,2,2,4,2,2,2,2
4,262,1698.0,152,terminated,2,0,0,2,1698.0,1,2,1,1,1,4,1,9,2,2,1,5,2,2,1,3,2,4,8,2,2,25,4,2,2,4,2,2,2,2
4,263,1491.0,159,terminated,2,0,0,1,1491.0,1,2,1,1,0,3,0,6,2,1,0,3,2,1,0,1,1,3,6,2,1,22,3,2,1,3,2,1,2,1
4,264,1704.0,146,terminated,2,0,0,2,1704.0,1,4,2,2,1,4,1,9,2,2,1,5,2,2,1,3,2,4,8,2,2,26,4,2,2,4,2,2,2,2
4,265,1726.0,124,terminated,2,0,0,2,1726.0,1,2,2,0,0,4,0,8,2,2,0,4,2,2,0,2,2,4,8,2,2,17,4,2,2,4,2,2,2,2
4,266,1727.0,123,terminated,2,0,0,2,1727.0,1,1,0,1,1,4,1,9,2,2,1,5,2,2,1,3,2,4,8,2,2,22,4,2,2,4,2,2,2,2
4,267,1538.0,112,terminated,1,0,0,2,1538.0,1,2,1,1,1,3,1,7,1,2,1,4,1,2,1,3,2,3,6,1,2,17,3,1,2,3,1,2,1,2
4,268,1729.0,121,terminated,2,0,0,2,1729.0,1,1,0,1,0,4,0,8,2,2,0,4,2,2,0,2,2,4,8,2,2,17,4,2,2,4,2,2,2,2
4,269,1737.0,113,terminated,2,0,0,2,1737.0,1,3,1,2,0,4,0,8,2,2,0,4,2,2,0,2,2,4,8,2,2,18,4,2,2,4,2,2,2,2
4,270,1709.0,141,terminated,2,0,0,2,1709.0,1,3,2,1,1,4,1,9,2,2,1,5,2,2,1,3,2,4,8,2,2,22,4,2,2,4,2,2,2,2
4,271,1522.0,128,terminated,2,0,0,1,1522.0,1,1,0,1,0,3,0,6,2,1,0,3,2,1,0,1,1,3,6,2,1,17,3,2,1,3,2,1,2,1
4,272,114.0,66,terminated,1,27,1,1,114.0,0,1,0,1,1,1,1,4,1,1,1,3,1,1,1,2,1,1,3,1,1,17,2,1,1,2,1,1,1,1
4,273,1733.0,117,terminated,2,0,0,2,1733.0,1,2,1,1,1,4,1,9,2,2,1,5,2,2,1,3,2,4,8,2,2,19,4,2,2,4,2,2,2,2
4,274,1744.0,106,terminated,2,0,0,2,1744.0,1,3,2,1,1,4,1,9,2,2,1,5,2,2,1,3,2,4,8,2,2,17,4,2,2,4,2,2,2,2
4,275,1738.0,112,terminated,2,0,0,2,1738.0,1,3,1,2,1,4,1,9,2,2,1,5,2,2,1,3,2,4,8,2,2,18,4,2,2,4,2,2,2,2
4,276,1719.0,131,terminated,2,0,0,2,1719.0,1,4,2,2,1,4,1,9,2,2,1,5,2,2,1,3,2,4,8,2,2,18,4,2,2,4,2,2,2,2
4,277,1732.0,118,terminated,2,0,0,2,1732.0,1,2,0,2,1,4,1,9,2,2,1,5,2,2,1,3,2,4,8,2,2,18,4,2,2,4,2,2,2,2
4,278,1537.0,113,terminated,1,0,0,2,1537.0,1,2,1,1,1,3,1,7,1,2,1,4,1,2,1,3,2,3,6,1,2,17,3,1,2,3,1,2,1,2
4,279,1298.0,152,terminated,1,0,0,1,1298.0,1,1,1,0,0,2,0,4,1,1,0,2,1,1,0,1,1,2,4,1,1,18,2,1,1,2,1,1,1,1
4,280,585.0,65,terminated,2,20,1,2,585.0,0,2,1,1,1,3,1,8,2,2,1,5,2,2,1,3,2,3,7,2,2,21,4,2,2,4,2,2,2,2
4,281,1732.0,118,terminated,2,0,0,2,1732.0,1,2,2,0,1,4,1,9,2,2,1,5,2,2,1,3,2,4,8,2,2,20,4,2,2,4,2,2,2,2
4,282,1729.0,121,terminated,2,0,0,2,1729.0,1,2,1,1,1,4,1,9,2,2,1,5,2,2,1,3,2,4,8,2,2,20,4,2,2,4,2,2,2,2
4,283,1740.0,110,terminated,2,0,0,2,1740.0,1,2,1,1,1,4,1,9,2,2,1,5,2,2,1,3,2,4,8,2,2,18,4,2,2,4,2,2,2,2
4,284,607.0,73,terminated,2,17,1,2,607.0,0,2,1,1,1,3,1,8,2,2,1,5,2,2,1,3,2,3,7,2,2,17,4,2,2,4,2,2,2,2
4,285,1733.0,117,terminated,2,0,0,2,1733.0,1,3,2,1,1,4,1,9,2,2,1,5,2,2,1,3,2,4,8,2,2,20,4,2,2,4,2,2,2,2
4,286,505.0,115,terminated,1,3,1,2,505.0,0,2,1,1,0,3,0,6,1,2,0,3,1,2,0,2,2,3,6,1,2,16,3,1,2,3,1,2,1,2
4,287,1727.0,123,terminated,2,0,0,2,1727.0,1,0,0,0,1,4,1,9,2,2,1,5,2,2,1,3,2,4,8,2,2,18,4,2,2,4,2,2,2,2
4,288,1550.0,100,terminated,2,0,0,1,1550.0,1,2,1,1,1,3,1,7,2,1,1,4,2,1,1,2,1,3,6,2,1,17,3,2,1,3,2,1,2,1
4,289,1767.0,83,terminated,2,0,0,2,1767.0,1,3,1,2,0,4,0,8,2,2,0,4,2,2,0,2,2,4,8,2,2,17,4,2,2,4,2,2,2,2
4,290,1748.0,102,terminated,2,0,0,2,1748.0,1,2,0,2,1,4,1,9,2,2,1,5,2,2,1,3,2,4,8,2,2,22,4,2,2,4,2,2,2,2
4,291,1726.0,124,terminated,2,0,0,2,1726.0,1,0,0,0,1,4,1,9,2,2,1,5,2,2,1,3,2,4,8,2,2,20,4,2,2,4,2,2,2,2
4,292,1727.0,123,terminated,2,0,0,2,1727.0,1,1,0,1,1,4,1,9,2,2,1,5,2,2,1,3,2,4,8,2,2,21,4,2,2,4,2,2,2,2
4,293,1740.0,110,terminated,2,0,0,2,1740.0,1,2,0,2,1,4,1,9,2,2,1,5,2,2,1,3,2,4,8,2,2,19,4,2,2,4,2,2,2,2
4,294,1721.0,129,terminated,2,0,0,2,1721.0,1,1,1,0,0,3,0,7,2,2,0,4,2,2,0,2,2,3,7,2,2,17,4,2,2,4,2,2,2,2
4,295,1746.0,104,terminated,2,0,0,2,1746.0,1,3,1,2,1,4,1,9,2,2,1,5,2,2,1,3,2,4,8,2,2,19,4,2,2,4,2,2,2,2
4,296,1746.0,104,terminated,2,0,0,2,1746.0,1,2,1,1,1,3,1,8,2,2,1,5,2,2,1,3,2,3,7,2,2,15,4,2,2,4,2,2,2,2
4,297,1758.0,92,terminated,2,0,0,2,1758.0,1,2,2,0,1,4,1,9,2,2,1,5,2,2,1,3,2,4,8,2,2,19,4,2,2,4,2,2,2,2
4,298,1753.0,97,terminated,2,0,0,2,1753.0,1,0,0,0,1,3,1,8,2,2,1,5,2,2,1,3,2,3,7,2,2,25,4,2,2,4,2,2,2,2
4,299,1748.0,102,terminated,2,0,0,2,1748.0,1,2,1,1,1,4,1,9,2,2,1,5,2,2,1,3,2,4,8,2,2,19,4,2,2,4,2,2,2,2
4,300,1548.0,102,terminated,2,0,0,1,1548.0,1,3,2,1,1,3,1,7,2,1,1,4,2,1,1,2,1,3,6,2,1,20,3,2,1,3,2,1,2,1
4,301,1651.0,199,terminated,2,0,0,2,1651.0,1,1,1,0,1,4,1,9,2,2,1,5,2,2,1,3,2,4,8,2,2,22,4,2,2,4,2,2,2,2
4,302,1748.0,102,terminated,2,0,0,2,1748.0,1,4,2,2,1,4,1,9,2,2,1,5,2,2,1,3,2,4,8,2,2,19,4,2,2,4,2,2,2,2
4,303,1728.0,122,terminated,2,0,0,2,1728.0,1,3,1,2,1,3,1,8,2,2,1,5,2,2,1,3,2,3,7,2,2,17,4,2,2,4,2,2,2,2
4,304,1738.0,112,terminated,2,0,0,2,1738.0,1,3,1,2,1,3,1,8,2,2,1,5,2,2,1,3,2,3,7,2,2,21,4,2,2,4,2,2,2,2
4,305,1735.0,115,terminated,2,0,0,2,1735.0,1,2,1,1,1,4,1,9,2,2,1,5,2,2,1,3,2,4,8,2,2,17,4,2,2,4,2,2,2,2
4,306,663.0,117,terminated,2,7,1,2,663.0,0,2,0,2,1,4,1,9,2,2,1,5,2,2,1,3,2,4,8,2,2,17,4,2,2,4,2,2,2,2
4,307,1747.0,103,terminated,2,0,0,2,1747.0,1,3,1,2,0,3,0,7,2,2,0,4,2,2,0,2,2,3,7,2,2,17,4,2,2,4,2,2,2,2
4,308,1734.0,116,terminated,2,0,0,2,1734.0,1,2,0,2,0,4,0,8,2,2,0,4,2,2,0,2,2,4,8,2,2,17,4,2,2,4,2,2,2,2
4,309,1723.0,127,terminated,2,0,0,2,1723.0,1,1,1,0,1,4,1,9,2,2,1,5,2,2,1,3,2,4,8,2,2,19,4,2,2,4,2,2,2,2
4,310,1752.0,98,terminated,2,0,0,2,1752.0,1,2,1,1,1,4,1,9,2,2,1,5,2,2,1,3,2,4,8,2,2,17,4,2,2,4,2,2,2,2
4,311,1338.0,112,terminated,0,0,0,2,1338.0,1,2,0,2,0,2,0,4,0,2,0,2,0,2,0,2,2,2,4,0,2,18,2,0,2,2,0,2,0,2
4,312,660.0,100,terminated,2,9,1,2,660.0,0,2,2,0,1,4,1,9,2,2,1,5,2,2,1,3,2,4,8,2,2,25,4,2,2,4,2,2,2,2
4,313,632.0,88,terminated,2,13,1,2,632.0,0,4,2,2,1,4,1,9,2,2,1,5,2,2,1,3,2,4,8,2,2,22,4,2,2,4,2,2,2,2
4,314,1555.0,95,terminated,1,0,0,2,1555.0,1,1,0,1,1,3,1,7,1,2,1,4,1,2,1,3,2,3,6,1,2,17,3,1,2,3,1,2,1,2
4,315,653.0,87,terminated,2,11,1,2,653.0,0,3,1,2,1,4,1,9,2,2,1,5,2,2,1,3,2,4,8,2,2,18,4,2,2,4,2,2,2,2
4,316,1713.0,137,terminated,2,0,0,2,1713.0,1,2,1,1,1,3,1,8,2,2,1,5,2,2,1,3,2,3,7,2,2,18,4,2,2,4,2,2,2,2
4,317,1742.0,108,terminated,2,0,0,2,1742.0,1,3,2,1,0,4,0,8,2,2,0,4,2,2,0,2,2,4,8,2,2,17,4,2,2,4,2,2,2,2
4,318,1718.0,132,terminated,2,0,0,2,1718.0,1,2,1,1,1,4,1,9,2,2,1,5,2,2,1,3,2,4,8,2,2,17,4,2,2,4,2,2,2,2
4,319,1742.0,108,terminated,2,0,0,2,1742.0,1,3,1,2,0,3,0,7,2,2,0,4,2,2,0,2,2,3,7,2,2,20,4,2,2,4,2,2,2,2
4,320,1751.0,99,terminated,2,0,0,2,1751.0,1,2,2,0,0,3,0,7,2,2,0,4,2,2,0,2,2,3,7,2,2,17,4,2,2,4,2,2,2,2
4,321,-158.0,28,terminated,1,38,1,0,-158.0,0,0,0,0,1,1,1,3,1,0,1,2,1,0,1,1,0,1,2,1,0,20,1,1,0,1,1,0,1,0
4,322,1732.0,118,terminated,2,0,0,2,1732.0,1,0,0,0,1,4,1,9,2,2,1,5,2,2,1,3,2,4,8,2,2,17,4,2,2,4,2,2,2,2
4,323,1521.0,129,terminated,1,0,0,2,1521.0,1,0,0,0,1,2,1,6,1,2,1,4,1,2,1,3,2,2,5,1,2,19,3,1,2,3,1,2,1,2
4,324,1558.0,92,terminated,1,0,0,2,1558.0,1,2,1,1,1,3,1,7,1,2,1,4,1,2,1,3,2,3,6,1,2,20,3,1,2,3,1,2,1,2
4,325,1701.0,149,terminated,2,0,0,2,1701.0,1,3,1,2,1,4,1,9,2,2,1,5,2,2,1,3,2,4,8,2,2,19,4,2,2,4,2,2,2,2
4,326,1745.0,105,terminated,2,0,0,2,1745.0,1,4,2,2,0,4,0,8,2,2,0,4,2,2,0,2,2,4,8,2,2,15,4,2,2,4,2,2,2,2
4,327,1752.0,98,terminated,2,0,0,2,1752.0,1,2,0,2,1,3,1,8,2,2,1,5,2,2,1,3,2,3,7,2,2,26,4,2,2,4,2,2,2,2
4,328,1697.0,153,terminated,2,0,0,2,1697.0,1,0,0,0,1,4,1,9,2,2,1,5,2,2,1,3,2,4,8,2,2,20,4,2,2,4,2,2,2,2
4,329,471.0,89,terminated,2,9,1,1,471.0,0,1,1,0,0,2,0,5,2,1,0,3,2,1,0,1,1,2,5,2,1,21,3,2,1,3,2,1,2,1
4,330,1742.0,108,terminated,2,0,0,2,1742.0,1,1,0,1,1,4,1,9,2,2,1,5,2,2,1,3,2,4,8,2,2,17,4,2,2,4,2,2,2,2
4,331,1549.0,101,terminated,1,0,0,2,1549.0,1,2,1,1,1,3,1,7,1,2,1,4,1,2,1,3,2,3,6,1,2,16,3,1,2,3,1,2,1,2
4,332,1743.0,107,terminated,2,0,0,2,1743.0,1,2,1,1,0,4,0,8,2,2,0,4,2,2,0,2,2,4,8,2,2,18,4,2,2,4,2,2,2,2
4,333,1318.0,132,terminated,1,0,0,1,1318.0,1,0,0,0,1,2,1,5,1,1,1,3,1,1,1,2,1,2,4,1,1,19,2,1,1,2,1,1,1,1
4,334,1541.0,109,terminated,2,0,0,1,1541.0,1,1,1,0,1,3,1,7,2,1,1,4,2,1,1,2,1,3,6,2,1,22,3,2,1,3,2,1,2,1
4,335,436.0,114,terminated,1,10,1,2,436.0,0,1,0,1,1,3,1,7,1,2,1,4,1,2,1,3,2,3,6,1,2,17,3,1,2,3,1,2,1,2
4,336,1542.0,108,terminated,2,0,0,1,1542.0,1,1,1,0,1,3,1,7,2,1,1,4,2,1,1,2,1,3,6,2,1,17,3,2,1,3,2,1,2,1
4,337,1758.0,92,terminated,2,0,0,2,1758.0,1,1,0,1,1,4,1,9,2,2,1,5,2,2,1,3,2,4,8,2,2,18,4,2,2,4,2,2,2,2
4,338,1719.0,131,terminated,2,0,0,2,1719.0,1,1,0,1,1,4,1,9,2,2,1,5,2,2,1,3,2,4,8,2,2,21,4,2,2,4,2,2,2,2
4,339,1730.0,120,terminated,2,0,0,2,1730.0,1,0,0,0,1,4,1,9,2,2,1,5,2,2,1,3,2,4,8,2,2,17,4,2,2,4,2,2,2,2
4,340,1327.0,123,terminated,0,0,0,2,1327.0,1,1,0,1,1,2,1,5,0,2,1,3,0,2,1,3,2,2,4,0,2,18,2,0,2,2,0,2,0,2
4,341,1763.0,87,terminated,2,0,0,2,1763.0,1,2,1,1,1,4,1,9,2,2,1,5,2,2,1,3,2,4,8,2,2,18,4,2,2,4,2,2,2,2
4,342,1542.0,108,terminated,1,0,0,2,1542.0,1,3,1,2,1,3,1,7,1,2,1,4,1,2,1,3,2,3,6,1,2,17,3,1,2,3,1,2,1,2
4,343,1541.0,109,terminated,1,0,0,2,1541.0,1,0,0,0,1,3,1,7,1,2,1,4,1,2,1,3,2,3,6,1,2,17,3,1,2,3,1,2,1,2
4,344,1709.0,141,terminated,2,0,0,2,1709.0,1,2,1,1,1,4,1,9,2,2,1,5,2,2,1,3,2,4,8,2,2,29,4,2,2,4,2,2,2,2
4,345,1744.0,106,terminated,2,0,0,2,1744.0,1,1,1,0,1,3,1,8,2,2,1,5,2,2,1,3,2,3,7,2,2,17,4,2,2,4,2,2,2,2
4,346,1727.0,123,terminated,2,0,0,2,1727.0,1,2,1,1,0,4,0,8,2,2,0,4,2,2,0,2,2,4,8,2,2,17,4,2,2,4,2,2,2,2
4,347,1752.0,98,terminated,2,0,0,2,1752.0,1,3,2,1,1,4,1,9,2,2,1,5,2,2,1,3,2,4,8,2,2,17,4,2,2,4,2,2,2,2
4,348,1725.0,125,terminated,2,0,0,2,1725.0,1,2,1,1,1,4,1,9,2,2,1,5,2,2,1,3,2,4,8,2,2,18,4,2,2,4,2,2,2,2
4,349,627.0,123,terminated,2,10,1,2,627.0,0,3,1,2,1,3,1,8,2,2,1,5,2,2,1,3,2,3,7,2,2,21,4,2,2,4,2,2,2,2
4,350,1753.0,97,terminated,2,0,0,2,1753.0,1,2,1,1,1,4,1,9,2,2,1,5,2,2,1,3,2,4,8,2,2,18,4,2,2,4,2,2,2,2
4,351,1510.0,140,terminated,2,0,0,1,1510.0,1,2,1,1,1,3,1,7,2,1,1,4,2,1,1,2,1,3,6,2,1,21,3,2,1,3,2,1,2,1
4,352,1732.0,118,terminated,2,0,0,2,1732.0,1,2,0,2,0,4,0,8,2,2,0,4,2,2,0,2,2,4,8,2,2,23,4,2,2,4,2,2,2,2
4,353,505.0,105,terminated,1,4,1,2,505.0,0,1,0,1,1,2,1,6,1,2,1,4,1,2,1,3,2,2,5,1,2,20,3,1,2,3,1,2,1,2
4,354,1746.0,104,terminated,2,0,0,2,1746.0,1,2,1,1,1,4,1,9,2,2,1,5,2,2,1,3,2,4,8,2,2,17,4,2,2,4,2,2,2,2
4,355,480.0,150,terminated,2,2,1,1,480.0,0,0,0,0,1,3,1,7,2,1,1,4,2,1,1,2,1,3,6,2,1,20,3,2,1,3,2,1,2,1
4,356,1735.0,115,terminated,2,0,0,2,1735.0,1,2,1,1,1,4,1,9,2,2,1,5,2,2,1,3,2,4,8,2,2,20,4,2,2,4,2,2,2,2
4,357,710.0,80,terminated,2,6,1,2,710.0,0,1,0,1,1,4,1,9,2,2,1,5,2,2,1,3,2,4,8,2,2,17,4,2,2,4,2,2,2,2
4,358,1728.0,122,terminated,2,0,0,2,1728.0,1,2,1,1,0,4,0,8,2,2,0,4,2,2,0,2,2,4,8,2,2,17,4,2,2,4,2,2,2,2
4,359,1550.0,100,terminated,2,0,0,1,1550.0,1,2,1,1,1,3,1,7,2,1,1,4,2,1,1,2,1,3,6,2,1,17,3,2,1,3,2,1,2,1
4,360,1513.0,137,terminated,1,0,0,2,1513.0,1,1,0,1,1,3,1,7,1,2,1,4,1,2,1,3,2,3,6,1,2,17,3,1,2,3,1,2,1,2
4,361,1740.0,110,terminated,2,0,0,2,1740.0,1,1,0,1,0,4,0,8,2,2,0,4,2,2,0,2,2,4,8,2,2,17,4,2,2,4,2,2,2,2
4,362,1538.0,112,terminated,1,0,0,2,1538.0,1,1,0,1,1,3,1,7,1,2,1,4,1,2,1,3,2,3,6,1,2,17,3,1,2,3,1,2,1,2
4,363,1526.0,124,terminated,2,0,0,1,1526.0,1,1,0,1,1,3,1,7,2,1,1,4,2,1,1,2,1,3,6,2,1,17,3,2,1,3,2,1,2,1
4,364,1749.0,101,terminated,2,0,0,2,1749.0,1,2,1,1,1,4,1,9,2,2,1,5,2,2,1,3,2,4,8,2,2,17,4,2,2,4,2,2,2,2
4,365,1715.0,135,terminated,2,0,0,2,1715.0,1,0,0,0,1,4,1,9,2,2,1,5,2,2,1,3,2,4,8,2,2,20,4,2,2,4,2,2,2,2
4,366,1453.0,197,terminated,2,0,0,1,1453.0,1,1,1,0,0,3,0,6,2,1,0,3,2,1,0,1,1,3,6,2,1,22,3,2,1,3,2,1,2,1
4,367,1736.0,114,terminated,2,0,0,2,1736.0,1,2,1,1,1,3,1,8,2,2,1,5,2,2,1,3,2,3,7,2,2,22,4,2,2,4,2,2,2,2
4,368,637.0,83,terminated,2,13,1,2,637.0,0,4,2,2,1,4,1,9,2,2,1,5,2,2,1,3,2,4,8,2,2,18,4,2,2,4,2,2,2,2
4,369,1742.0,108,terminated,2,0,0,2,1742.0,1,2,0,2,1,4,1,9,2,2,1,5,2,2,1,3,2,4,8,2,2,25,4,2,2,4,2,2,2,2
4,370,-104.0,34,terminated,0,32,1,1,-104.0,0,1,0,1,0,1,0,2,0,1,0,1,0,1,0,1,1,1,2,0,1,23,1,0,1,1,0,1,0,1
4,371,637.0,153,terminated,2,6,1,2,637.0,0,4,2,2,1,4,1,9,2,2,1,5,2,2,1,3,2,4,8,2,2,22,4,2,2,4,2,2,2,2
4,372,1733.0,117,terminated,2,0,0,2,1733.0,1,2,0,2,1,3,1,8,2,2,1,5,2,2,1,3,2,3,7,2,2,17,4,2,2,4,2,2,2,2
4,373,1531.0,119,terminated,1,0,0,2,1531.0,1,1,0,1,1,3,1,7,1,2,1,4,1,2,1,3,2,3,6,1,2,17,3,1,2,3,1,2,1,2
4,374,1732.0,118,terminated,2,0,0,2,1732.0,1,0,0,0,1,3,1,8,2,2,1,5,2,2,1,3,2,3,7,2,2,18,4,2,2,4,2,2,2,2
4,375,677.0,83,terminated,2,9,1,2,677.0,0,1,1,0,1,3,1,8,2,2,1,5,2,2,1,3,2,3,7,2,2,17,4,2,2,4,2,2,2,2
4,376,1741.0,109,terminated,2,0,0,2,1741.0,1,1,0,1,1,3,1,8,2,2,1,5,2,2,1,3,2,3,7,2,2,19,4,2,2,4,2,2,2,2
4,377,1738.0,112,terminated,2,0,0,2,1738.0,1,2,1,1,1,4,1,9,2,2,1,5,2,2,1,3,2,4,8,2,2,18,4,2,2,4,2,2,2,2
4,378,-75.0,35,terminated,1,29,1,0,-75.0,0,1,1,0,1,1,1,3,1,0,1,2,1,0,1,1,0,1,2,1,0,18,1,1,0,1,1,0,1,0
4,379,1517.0,133,terminated,1,0,0,2,1517.0,1,1,0,1,0,3,0,6,1,2,0,3,1,2,0,2,2,3,6,1,2,17,3,1,2,3,1,2,1,2
4,380,576.0,84,terminated,2,19,1,2,576.0,0,3,2,1,0,4,0,8,2,2,0,4,2,2,0,2,2,4,8,2,2,17,4,2,2,4,2,2,2,2
4,381,1735.0,115,terminated,2,0,0,2,1735.0,1,2,1,1,1,4,1,9,2,2,1,5,2,2,1,3,2,4,8,2,2,17,4,2,2,4,2,2,2,2
4,382,1734.0,116,terminated,2,0,0,2,1734.0,1,2,1,1,1,3,1,8,2,2,1,5,2,2,1,3,2,3,7,2,2,23,4,2,2,4,2,2,2,2
4,383,623.0,97,terminated,2,13,1,2,623.0,0,0,0,0,1,4,1,9,2,2,1,5,2,2,1,3,2,4,8,2,2,17,4,2,2,4,2,2,2,2
4,384,1552.0,98,terminated,2,0,0,1,1552.0,1,3,2,1,0,2,0,5,2,1,0,3,2,1,0,1,1,2,5,2,1,17,3,2,1,3,2,1,2,1
4,385,578.0,42,terminated,2,23,1,2,578.0,0,1,0,1,1,2,1,7,2,2,1,5,2,2,1,3,2,2,6,2,2,19,4,2,2,4,2,2,2,2
4,386,1535.0,115,terminated,1,0,0,2,1535.0,1,2,1,1,0,3,0,6,1,2,0,3,1,2,0,2,2,3,6,1,2,17,3,1,2,3,1,2,1,2
4,387,1533.0,117,terminated,1,0,0,2,1533.0,1,2,1,1,1,3,1,7,1,2,1,4,1,2,1,3,2,3,6,1,2,17,3,1,2,3,1,2,1,2
4,388,1538.0,112,terminated,1,0,0,2,1538.0,1,2,0,2,1,3,1,7,1,2,1,4,1,2,1,3,2,3,6,1,2,18,3,1,2,3,1,2,1,2
4,389,1553.0,97,terminated,1,0,0,2,1553.0,1,3,1,2,1,3,1,7,1,2,1,4,1,2,1,3,2,3,6,1,2,16,3,1,2,3,1,2,1,2
4,390,3.0,77,terminated,0,17,1,1,3.0,0,0,0,0,1,0,1,2,0,1,1,2,0,1,1,2,1,0,1,0,1,18,1,0,1,1,0,1,0,1
4,391,1744.0,106,terminated,2,0,0,2,1744.0,1,3,2,1,1,3,1,8,2,2,1,5,2,2,1,3,2,3,7,2,2,18,4,2,2,4,2,2,2,2
4,392,1753.0,97,terminated,2,0,0,2,1753.0,1,2,0,2,1,4,1,9,2,2,1,5,2,2,1,3,2,4,8,2,2,19,4,2,2,4,2,2,2,2
4,393,1728.0,122,terminated,2,0,0,2,1728.0,1,2,1,1,1,4,1,9,2,2,1,5,2,2,1,3,2,4,8,2,2,17,4,2,2,4,2,2,2,2
4,394,1776.0,74,terminated,2,0,0,2,1776.0,1,1,0,1,1,3,1,8,2,2,1,5,2,2,1,3,2,3,7,2,2,17,4,2,2,4,2,2,2,2
4,395,94.0,36,terminated,1,32,1,1,94.0,0,1,1,0,1,2,1,5,1,1,1,3,1,1,1,2,1,2,4,1,1,21,2,1,1,2,1,1,1,1
4,396,1734.0,116,terminated,2,0,0,2,1734.0,1,3,1,2,1,4,1,9,2,2,1,5,2,2,1,3,2,4,8,2,2,17,4,2,2,4,2,2,2,2
4,397,1713.0,137,terminated,2,0,0,2,1713.0,1,1,1,0,1,4,1,9,2,2,1,5,2,2,1,3,2,4,8,2,2,19,4,2,2,4,2,2,2,2
4,398,1760.0,90,terminated,2,0,0,2,1760.0,1,1,0,1,1,4,1,9,2,2,1,5,2,2,1,3,2,4,8,2,2,17,4,2,2,4,2,2,2,2
4,399,1507.0,143,terminated,2,0,0,1,1507.0,1,2,1,1,1,2,1,6,2,1,1,4,2,1,1,2,1,2,5,2,1,17,3,2,1,3,2,1,2,1
4,400,30.0,20,terminated,1,40,1,1,30.0,0,0,0,0,1,0,1,3,1,1,1,3,1,1,1,2,1,0,2,1,1,19,2,1,1,2,1,1,1,1
4,401,1719.0,131,terminated,2,0,0,2,1719.0,1,2,2,0,0,3,0,7,2,2,0,4,2,2,0,2,2,3,7,2,2,18,4,2,2,4,2,2,2,2
4,402,1745.0,105,terminated,2,0,0,2,1745.0,1,3,1,2,1,4,1,9,2,2,1,5,2,2,1,3,2,4,8,2,2,19,4,2,2,4,2,2,2,2
4,403,1750.0,100,terminated,2,0,0,2,1750.0,1,2,0,2,1,4,1,9,2,2,1,5,2,2,1,3,2,4,8,2,2,20,4,2,2,4,2,2,2,2
4,404,1554.0,96,terminated,1,0,0,2,1554.0,1,2,1,1,0,3,0,6,1,2,0,3,1,2,0,2,2,3,6,1,2,17,3,1,2,3,1,2,1,2
4,405,1545.0,105,terminated,2,0,0,1,1545.0,1,1,0,1,1,3,1,7,2,1,1,4,2,1,1,2,1,3,6,2,1,18,3,2,1,3,2,1,2,1
4,406,1461.0,189,terminated,1,0,0,2,1461.0,1,1,0,1,1,3,1,7,1,2,1,4,1,2,1,3,2,3,6,1,2,17,3,1,2,3,1,2,1,2
4,407,1732.0,118,terminated,2,0,0,2,1732.0,1,4,2,2,1,2,1,7,2,2,1,5,2,2,1,3,2,2,6,2,2,14,4,2,2,4,2,2,2,2
4,408,1512.0,138,terminated,1,0,0,2,1512.0,1,2,1,1,1,3,1,7,1,2,1,4,1,2,1,3,2,3,6,1,2,18,3,1,2,3,1,2,1,2
4,409,1522.0,128,terminated,1,0,0,2,1522.0,1,2,1,1,0,3,0,6,1,2,0,3,1,2,0,2,2,3,6,1,2,17,3,1,2,3,1,2,1,2
4,410,1742.0,108,terminated,2,0,0,2,1742.0,1,1,0,1,1,4,1,9,2,2,1,5,2,2,1,3,2,4,8,2,2,17,4,2,2,4,2,2,2,2
4,411,1760.0,90,terminated,2,0,0,2,1760.0,1,3,1,2,1,4,1,9,2,2,1,5,2,2,1,3,2,4,8,2,2,17,4,2,2,4,2,2,2,2
4,412,1520.0,130,terminated,1,0,0,2,1520.0,1,1,1,0,1,3,1,7,1,2,1,4,1,2,1,3,2,3,6,1,2,19,3,1,2,3,1,2,1,2
4,413,1552.0,98,terminated,2,0,0,1,1552.0,1,1,1,0,0,3,0,6,2,1,0,3,2,1,0,1,1,3,6,2,1,23,3,2,1,3,2,1,2,1
4,414,1751.0,99,terminated,2,0,0,2,1751.0,1,2,0,2,1,4,1,9,2,2,1,5,2,2,1,3,2,4,8,2,2,19,4,2,2,4,2,2,2,2
4,415,1743.0,107,terminated,2,0,0,2,1743.0,1,3,1,2,1,4,1,9,2,2,1,5,2,2,1,3,2,4,8,2,2,18,4,2,2,4,2,2,2,2
4,416,1716.0,134,terminated,2,0,0,2,1716.0,1,1,0,1,1,4,1,9,2,2,1,5,2,2,1,3,2,4,8,2,2,19,4,2,2,4,2,2,2,2
4,417,1771.0,79,terminated,2,0,0,2,1771.0,1,2,1,1,1,3,1,8,2,2,1,5,2,2,1,3,2,3,7,2,2,16,4,2,2,4,2,2,2,2
4,418,1520.0,130,terminated,1,0,0,2,1520.0,1,1,0,1,0,3,0,6,1,2,0,3,1,2,0,2,2,3,6,1,2,23,3,1,2,3,1,2,1,2
4,419,1549.0,101,terminated,2,0,0,1,1549.0,1,2,1,1,0,2,0,5,2,1,0,3,2,1,0,1,1,2,5,2,1,18,3,2,1,3,2,1,2,1
4,420,1754.0,96,terminated,2,0,0,2,1754.0,1,1,0,1,1,4,1,9,2,2,1,5,2,2,1,3,2,4,8,2,2,17,4,2,2,4,2,2,2,2
4,421,1740.0,110,terminated,2,0,0,2,1740.0,1,4,2,2,1,4,1,9,2,2,1,5,2,2,1,3,2,4,8,2,2,27,4,2,2,4,2,2,2,2
4,422,1718.0,132,terminated,2,0,0,2,1718.0,1,3,1,2,0,4,0,8,2,2,0,4,2,2,0,2,2,4,8,2,2,17,4,2,2,4,2,2,2,2
4,423,1521.0,129,terminated,2,0,0,1,1521.0,1,1,1,0,1,3,1,7,2,1,1,4,2,1,1,2,1,3,6,2,1,21,3,2,1,3,2,1,2,1
4,424,1541.0,109,terminated,2,0,0,1,1541.0,1,1,1,0,1,3,1,7,2,1,1,4,2,1,1,2,1,3,6,2,1,25,3,2,1,3,2,1,2,1
4,425,1751.0,99,terminated,2,0,0,2,1751.0,1,2,2,0,1,4,1,9,2,2,1,5,2,2,1,3,2,4,8,2,2,19,4,2,2,4,2,2,2,2
4,426,1715.0,135,terminated,2,0,0,2,1715.0,1,2,0,2,1,4,1,9,2,2,1,5,2,2,1,3,2,4,8,2,2,19,4,2,2,4,2,2,2,2
4,427,1718.0,132,terminated,2,0,0,2,1718.0,1,1,1,0,0,4,0,8,2,2,0,4,2,2,0,2,2,4,8,2,2,18,4,2,2,4,2,2,2,2
4,428,1760.0,90,terminated,2,0,0,2,1760.0,1,2,1,1,1,4,1,9,2,2,1,5,2,2,1,3,2,4,8,2,2,20,4,2,2,4,2,2,2,2
4,429,1730.0,120,terminated,2,0,0,2,1730.0,1,3,1,2,0,4,0,8,2,2,0,4,2,2,0,2,2,4,8,2,2,29,4,2,2,4,2,2,2,2
4,430,1737.0,113,terminated,2,0,0,2,1737.0,1,1,1,0,0,4,0,8,2,2,0,4,2,2,0,2,2,4,8,2,2,17,4,2,2,4,2,2,2,2
4,431,1736.0,114,terminated,2,0,0,2,1736.0,1,3,2,1,0,3,0,7,2,2,0,4,2,2,0,2,2,3,7,2,2,18,4,2,2,4,2,2,2,2
4,432,1751.0,99,terminated,2,0,0,2,1751.0,1,2,2,0,1,4,1,9,2,2,1,5,2,2,1,3,2,4,8,2,2,17,4,2,2,4,2,2,2,2
4,433,1528.0,122,terminated,1,0,0,2,1528.0,1,0,0,0,1,3,1,7,1,2,1,4,1,2,1,3,2,3,6,1,2,18,3,1,2,3,1,2,1,2
4,434,1738.0,112,terminated,2,0,0,2,1738.0,1,2,1,1,1,4,1,9,2,2,1,5,2,2,1,3,2,4,8,2,2,19,4,2,2,4,2,2,2,2
4,435,1540.0,110,terminated,1,0,0,2,1540.0,1,1,0,1,1,3,1,7,1,2,1,4,1,2,1,3,2,3,6,1,2,19,3,1,2,3,1,2,1,2
4,436,1519.0,131,terminated,2,0,0,1,1519.0,1,1,0,1,1,3,1,7,2,1,1,4,2,1,1,2,1,3,6,2,1,20,3,2,1,3,2,1,2,1
4,437,39.0,21,terminated,1,39,1,1,39.0,0,1,0,1,1,1,1,4,1,1,1,3,1,1,1,2,1,1,3,1,1,19,2,1,1,2,1,1,1,1
4,438,635.0,85,terminated,2,13,1,2,635.0,0,0,0,0,1,4,1,9,2,2,1,5,2,2,1,3,2,4,8,2,2,18,4,2,2,4,2,2,2,2
4,439,1539.0,111,terminated,2,0,0,1,1539.0,1,2,1,1,1,3,1,7,2,1,1,4,2,1,1,2,1,3,6,2,1,18,3,2,1,3,2,1,2,1
4,440,1705.0,145,terminated,2,0,0,2,1705.0,1,2,2,0,1,4,1,9,2,2,1,5,2,2,1,3,2,4,8,2,2,22,4,2,2,4,2,2,2,2
4,441,1744.0,106,terminated,2,0,0,2,1744.0,1,3,1,2,1,4,1,9,2,2,1,5,2,2,1,3,2,4,8,2,2,24,4,2,2,4,2,2,2,2
4,442,617.0,83,terminated,2,15,1,2,617.0,0,1,0,1,0,4,0,8,2,2,0,4,2,2,0,2,2,4,8,2,2,19,4,2,2,4,2,2,2,2
4,443,1745.0,105,terminated,2,0,0,2,1745.0,1,2,1,1,1,4,1,9,2,2,1,5,2,2,1,3,2,4,8,2,2,17,4,2,2,4,2,2,2,2
4,444,1751.0,99,terminated,2,0,0,2,1751.0,1,2,1,1,1,4,1,9,2,2,1,5,2,2,1,3,2,4,8,2,2,21,4,2,2,4,2,2,2,2
4,445,1761.0,89,terminated,2,0,0,2,1761.0,1,1,1,0,0,3,0,7,2,2,0,4,2,2,0,2,2,3,7,2,2,17,4,2,2,4,2,2,2,2
4,446,1751.0,99,terminated,2,0,0,2,1751.0,1,2,2,0,1,4,1,9,2,2,1,5,2,2,1,3,2,4,8,2,2,17,4,2,2,4,2,2,2,2
4,447,1775.0,75,terminated,2,0,0,2,1775.0,1,1,0,1,1,4,1,9,2,2,1,5,2,2,1,3,2,4,8,2,2,17,4,2,2,4,2,2,2,2
4,448,1543.0,107,terminated,2,0,0,1,1543.0,1,0,0,0,1,3,1,7,2,1,1,4,2,1,1,2,1,3,6,2,1,17,3,2,1,3,2,1,2,1
4,449,1678.0,172,terminated,2,0,0,2,1678.0,1,4,2,2,1,3,1,8,2,2,1,5,2,2,1,3,2,3,7,2,2,15,4,2,2,4,2,2,2,2
4,450,1755.0,95,terminated,2,0,0,2,1755.0,1,1,0,1,1,4,1,9,2,2,1,5,2,2,1,3,2,4,8,2,2,17,4,2,2,4,2,2,2,2
4,451,1764.0,86,terminated,2,0,0,2,1764.0,1,2,2,0,1,4,1,9,2,2,1,5,2,2,1,3,2,4,8,2,2,17,4,2,2,4,2,2,2,2
4,452,1731.0,119,terminated,2,0,0,2,1731.0,1,3,2,1,0,4,0,8,2,2,0,4,2,2,0,2,2,4,8,2,2,15,4,2,2,4,2,2,2,2
4,453,356.0,44,terminated,2,25,1,1,356.0,0,1,0,1,1,2,1,6,2,1,1,4,2,1,1,2,1,2,5,2,1,19,3,2,1,3,2,1,2,1
4,454,1549.0,101,terminated,1,0,0,2,1549.0,1,1,0,1,0,3,0,6,1,2,0,3,1,2,0,2,2,3,6,1,2,17,3,1,2,3,1,2,1,2
4,455,1719.0,131,terminated,2,0,0,2,1719.0,1,1,0,1,1,3,1,8,2,2,1,5,2,2,1,3,2,3,7,2,2,18,4,2,2,4,2,2,2,2
4,456,326.0,64,terminated,1,26,1,2,326.0,0,1,1,0,1,3,1,7,1,2,1,4,1,2,1,3,2,3,6,1,2,17,3,1,2,3,1,2,1,2
4,457,1737.0,113,terminated,2,0,0,2,1737.0,1,2,0,2,1,4,1,9,2,2,1,5,2,2,1,3,2,4,8,2,2,17,4,2,2,4,2,2,2,2
4,458,650.0,100,terminated,2,10,1,2,650.0,0,2,1,1,1,4,1,9,2,2,1,5,2,2,1,3,2,4,8,2,2,17,4,2,2,4,2,2,2,2
4,459,504.0,46,terminated,2,30,1,2,504.0,0,3,2,1,1,3,1,8,2,2,1,5,2,2,1,3,2,3,7,2,2,19,4,2,2,4,2,2,2,2
4,460,645.0,65,terminated,2,14,1,2,645.0,0,3,1,2,1,3,1,8,2,2,1,5,2,2,1,3,2,3,7,2,2,17,4,2,2,4,2,2,2,2
4,461,1712.0,138,terminated,2,0,0,2,1712.0,1,1,1,0,1,4,1,9,2,2,1,5,2,2,1,3,2,4,8,2,2,17,4,2,2,4,2,2,2,2
4,462,-151.0,31,terminated,1,37,1,0,-151.0,0,1,1,0,0,1,0,2,1,0,0,1,1,0,0,0,0,1,2,1,0,17,1,1,0,1,1,0,1,0
4,463,1764.0,86,terminated,2,0,0,2,1764.0,1,2,2,0,0,4,0,8,2,2,0,4,2,2,0,2,2,4,8,2,2,17,4,2,2,4,2,2,2,2
4,464,1755.0,95,terminated,2,0,0,2,1755.0,1,1,0,1,1,4,1,9,2,2,1,5,2,2,1,3,2,4,8,2,2,19,4,2,2,4,2,2,2,2
4,465,1741.0,109,terminated,2,0,0,2,1741.0,1,4,2,2,1,4,1,9,2,2,1,5,2,2,1,3,2,4,8,2,2,19,4,2,2,4,2,2,2,2
4,466,1537.0,113,terminated,2,0,0,1,1537.0,1,2,1,1,1,3,1,7,2,1,1,4,2,1,1,2,1,3,6,2,1,30,3,2,1,3,2,1,2,1
4,467,1744.0,106,terminated,2,0,0,2,1744.0,1,1,1,0,1,2,1,7,2,2,1,5,2,2,1,3,2,2,6,2,2,20,4,2,2,4,2,2,2,2
4,468,474.0,116,terminated,1,6,1,2,474.0,0,1,1,0,1,3,1,7,1,2,1,4,1,2,1,3,2,3,6,1,2,17,3,1,2,3,1,2,1,2
4,469,1676.0,174,terminated,2,0,0,2,1676.0,1,2,1,1,1,3,1,8,2,2,1,5,2,2,1,3,2,3,7,2,2,20,4,2,2,4,2,2,2,2
4,470,1671.0,179,terminated,2,0,0,2,1671.0,1,2,1,1,0,4,0,8,2,2,0,4,2,2,0,2,2,4,8,2,2,22,4,2,2,4,2,2,2,2
4,471,1736.0,114,terminated,2,0,0,2,1736.0,1,1,1,0,1,4,1,9,2,2,1,5,2,2,1,3,2,4,8,2,2,22,4,2,2,4,2,2,2,2
4,472,1747.0,103,terminated,2,0,0,2,1747.0,1,3,2,1,0,4,0,8,2,2,0,4,2,2,0,2,2,4,8,2,2,19,4,2,2,4,2,2,2,2
4,473,1763.0,87,terminated,2,0,0,2,1763.0,1,2,1,1,1,4,1,9,2,2,1,5,2,2,1,3,2,4,8,2,2,19,4,2,2,4,2,2,2,2
4,474,646.0,84,terminated,2,12,1,2,646.0,0,3,1,2,0,4,0,8,2,2,0,4,2,2,0,2,2,4,8,2,2,22,4,2,2,4,2,2,2,2
4,475,1677.0,173,terminated,2,0,0,2,1677.0,1,1,0,1,1,4,1,9,2,2,1,5,2,2,1,3,2,4,8,2,2,17,4,2,2,4,2,2,2,2
4,476,436.0,84,terminated,2,13,1,1,436.0,0,0,0,0,1,3,1,7,2,1,1,4,2,1,1,2,1,3,6,2,1,20,3,2,1,3,2,1,2,1
4,477,1774.0,76,terminated,2,0,0,2,1774.0,1,2,1,1,0,3,0,7,2,2,0,4,2,2,0,2,2,3,7,2,2,17,4,2,2,4,2,2,2,2
4,478,1536.0,114,terminated,2,0,0,1,1536.0,1,3,2,1,1,3,1,7,2,1,1,4,2,1,1,2,1,3,6,2,1,31,3,2,1,3,2,1,2,1
4,479,1767.0,83,terminated,2,0,0,2,1767.0,1,0,0,0,1,4,1,9,2,2,1,5,2,2,1,3,2,4,8,2,2,17,4,2,2,4,2,2,2,2
4,480,1544.0,106,terminated,1,0,0,2,1544.0,1,2,0,2,1,3,1,7,1,2,1,4,1,2,1,3,2,3,6,1,2,20,3,1,2,3,1,2,1,2
4,481,715.0,95,terminated,2,4,1,2,715.0,0,0,0,0,1,4,1,9,2,2,1,5,2,2,1,3,2,4,8,2,2,17,4,2,2,4,2,2,2,2
4,482,1746.0,104,terminated,2,0,0,2,1746.0,1,4,2,2,1,4,1,9,2,2,1,5,2,2,1,3,2,4,8,2,2,18,4,2,2,4,2,2,2,2
4,483,1758.0,92,terminated,2,0,0,2,1758.0,1,1,0,1,1,4,1,9,2,2,1,5,2,2,1,3,2,4,8,2,2,18,4,2,2,4,2,2,2,2
4,484,1722.0,128,terminated,2,0,0,2,1722.0,1,1,0,1,0,4,0,8,2,2,0,4,2,2,0,2,2,4,8,2,2,24,4,2,2,4,2,2,2,2
4,485,1759.0,91,terminated,2,0,0,2,1759.0,1,0,0,0,1,4,1,9,2,2,1,5,2,2,1,3,2,4,8,2,2,17,4,2,2,4,2,2,2,2
4,486,1543.0,107,terminated,2,0,0,1,1543.0,1,0,0,0,1,2,1,6,2,1,1,4,2,1,1,2,1,2,5,2,1,21,3,2,1,3,2,1,2,1
4,487,1755.0,95,terminated,2,0,0,2,1755.0,1,3,1,2,1,4,1,9,2,2,1,5,2,2,1,3,2,4,8,2,2,19,4,2,2,4,2,2,2,2
4,488,1741.0,109,terminated,2,0,0,2,1741.0,1,2,2,0,1,4,1,9,2,2,1,5,2,2,1,3,2,4,8,2,2,22,4,2,2,4,2,2,2,2
4,489,1724.0,126,terminated,2,0,0,2,1724.0,1,2,2,0,1,4,1,9,2,2,1,5,2,2,1,3,2,4,8,2,2,19,4,2,2,4,2,2,2,2
4,490,1748.0,102,terminated,2,0,0,2,1748.0,1,4,2,2,0,4,0,8,2,2,0,4,2,2,0,2,2,4,8,2,2,14,4,2,2,4,2,2,2,2
4,491,694.0,126,terminated,2,3,1,2,694.0,0,2,1,1,1,4,1,9,2,2,1,5,2,2,1,3,2,4,8,2,2,20,4,2,2,4,2,2,2,2
4,492,1747.0,103,terminated,2,0,0,2,1747.0,1,1,1,0,0,3,0,7,2,2,0,4,2,2,0,2,2,3,7,2,2,23,4,2,2,4,2,2,2,2
4,493,1745.0,105,terminated,2,0,0,2,1745.0,1,3,2,1,1,4,1,9,2,2,1,5,2,2,1,3,2,4,8,2,2,22,4,2,2,4,2,2,2,2
4,494,675.0,125,terminated,2,5,1,2,675.0,0,3,2,1,1,4,1,9,2,2,1,5,2,2,1,3,2,4,8,2,2,20,4,2,2,4,2,2,2,2
4,495,1732.0,118,terminated,2,0,0,2,1732.0,1,3,1,2,1,4,1,9,2,2,1,5,2,2,1,3,2,4,8,2,2,17,4,2,2,4,2,2,2,2
4,496,1755.0,95,terminated,2,0,0,2,1755.0,1,2,1,1,0,4,0,8,2,2,0,4,2,2,0,2,2,4,8,2,2,17,4,2,2,4,2,2,2,2
4,497,1765.0,85,terminated,2,0,0,2,1765.0,1,1,1,0,1,4,1,9,2,2,1,5,2,2,1,3,2,4,8,2,2,19,4,2,2,4,2,2,2,2
4,498,1747.0,103,terminated,2,0,0,2,1747.0,1,1,0,1,1,3,1,8,2,2,1,5,2,2,1,3,2,3,7,2,2,19,4,2,2,4,2,2,2,2
4,499,567.0,43,terminated,2,24,1,2,567.0,0,1,0,1,1,3,1,8,2,2,1,5,2,2,1,3,2,3,7,2,2,17,4,2,2,4,2,2,2,2
4,500,1736.0,114,terminated,2,0,0,2,1736.0,1,1,1,0,1,2,1,7,2,2,1,5,2,2,1,3,2,2,6,2,2,18,4,2,2,4,2,2,2,2
4,501,1742.0,108,terminated,2,0,0,2,1742.0,1,2,1,1,1,4,1,9,2,2,1,5,2,2,1,3,2,4,8,2,2,18,4,2,2,4,2,2,2,2
4,502,1538.0,112,terminated,2,0,0,1,1538.0,1,1,0,1,1,3,1,7,2,1,1,4,2,1,1,2,1,3,6,2,1,19,3,2,1,3,2,1,2,1
4,503,1756.0,94,terminated,2,0,0,2,1756.0,1,2,2,0,1,4,1,9,2,2,1,5,2,2,1,3,2,4,8,2,2,18,4,2,2,4,2,2,2,2
4,504,1737.0,113,terminated,2,0,0,2,1737.0,1,0,0,0,1,4,1,9,2,2,1,5,2,2,1,3,2,4,8,2,2,19,4,2,2,4,2,2,2,2
4,505,1695.0,155,terminated,2,0,0,2,1695.0,1,2,0,2,1,4,1,9,2,2,1,5,2,2,1,3,2,4,8,2,2,17,4,2,2,4,2,2,2,2
4,506,1761.0,89,terminated,2,0,0,2,1761.0,1,2,0,2,1,4,1,9,2,2,1,5,2,2,1,3,2,4,8,2,2,19,4,2,2,4,2,2,2,2
4,507,1753.0,97,terminated,2,0,0,2,1753.0,1,2,2,0,1,4,1,9,2,2,1,5,2,2,1,3,2,4,8,2,2,17,4,2,2,4,2,2,2,2
4,508,1537.0,113,terminated,2,0,0,1,1537.0,1,1,0,1,0,3,0,6,2,1,0,3,2,1,0,1,1,3,6,2,1,17,3,2,1,3,2,1,2,1
4,509,1735.0,115,terminated,2,0,0,2,1735.0,1,3,1,2,0,4,0,8,2,2,0,4,2,2,0,2,2,4,8,2,2,16,4,2,2,4,2,2,2,2
4,510,1550.0,100,terminated,1,0,0,2,1550.0,1,0,0,0,1,3,1,7,1,2,1,4,1,2,1,3,2,3,6,1,2,20,3,1,2,3,1,2,1,2
4,511,1529.0,121,terminated,2,0,0,1,1529.0,1,2,1,1,1,3,1,7,2,1,1,4,2,1,1,2,1,3,6,2,1,17,3,2,1,3,2,1,2,1
4,512,1523.0,127,terminated,1,0,0,2,1523.0,1,1,0,1,1,3,1,7,1,2,1,4,1,2,1,3,2,3,6,1,2,17,3,1,2,3,1,2,1,2
4,513,1746.0,104,terminated,2,0,0,2,1746.0,1,3,2,1,0,4,0,8,2,2,0,4,2,2,0,2,2,4,8,2,2,18,4,2,2,4,2,2,2,2
4,514,1745.0,105,terminated,2,0,0,2,1745.0,1,2,1,1,1,4,1,9,2,2,1,5,2,2,1,3,2,4,8,2,2,21,4,2,2,4,2,2,2,2
4,515,650.0,70,terminated,2,13,1,2,650.0,0,1,1,0,1,4,1,9,2,2,1,5,2,2,1,3,2,4,8,2,2,17,4,2,2,4,2,2,2,2
4,516,1759.0,91,terminated,2,0,0,2,1759.0,1,1,0,1,1,4,1,9,2,2,1,5,2,2,1,3,2,4,8,2,2,17,4,2,2,4,2,2,2,2
4,517,1756.0,94,terminated,2,0,0,2,1756.0,1,1,0,1,1,4,1,9,2,2,1,5,2,2,1,3,2,4,8,2,2,19,4,2,2,4,2,2,2,2
4,518,1750.0,100,terminated,2,0,0,2,1750.0,1,3,1,2,1,4,1,9,2,2,1,5,2,2,1,3,2,4,8,2,2,24,4,2,2,4,2,2,2,2
4,519,1757.0,93,terminated,2,0,0,2,1757.0,1,0,0,0,1,4,1,9,2,2,1,5,2,2,1,3,2,4,8,2,2,17,4,2,2,4,2,2,2,2
4,520,1744.0,106,terminated,2,0,0,2,1744.0,1,1,0,1,1,4,1,9,2,2,1,5,2,2,1,3,2,4,8,2,2,18,4,2,2,4,2,2,2,2
4,521,1740.0,110,terminated,2,0,0,2,1740.0,1,4,2,2,1,3,1,8,2,2,1,5,2,2,1,3,2,3,7,2,2,22,4,2,2,4,2,2,2,2
4,522,1756.0,94,terminated,2,0,0,2,1756.0,1,2,2,0,0,4,0,8,2,2,0,4,2,2,0,2,2,4,8,2,2,24,4,2,2,4,2,2,2,2
4,523,1539.0,111,terminated,1,0,0,2,1539.0,1,1,0,1,1,3,1,7,1,2,1,4,1,2,1,3,2,3,6,1,2,25,3,1,2,3,1,2,1,2
4,524,1753.0,97,terminated,2,0,0,2,1753.0,1,2,0,2,0,4,0,8,2,2,0,4,2,2,0,2,2,4,8,2,2,17,4,2,2,4,2,2,2,2
4,525,1317.0,133,terminated,1,0,0,1,1317.0,1,1,0,1,1,2,1,5,1,1,1,3,1,1,1,2,1,2,4,1,1,20,2,1,1,2,1,1,1,1
4,526,1732.0,118,terminated,2,0,0,2,1732.0,1,2,1,1,1,4,1,9,2,2,1,5,2,2,1,3,2,4,8,2,2,18,4,2,2,4,2,2,2,2
4,527,1541.0,109,terminated,2,0,0,1,1541.0,1,1,1,0,0,3,0,6,2,1,0,3,2,1,0,1,1,3,6,2,1,17,3,2,1,3,2,1,2,1
4,528,1762.0,88,terminated,2,0,0,2,1762.0,1,2,1,1,1,4,1,9,2,2,1,5,2,2,1,3,2,4,8,2,2,19,4,2,2,4,2,2,2,2
4,529,1551.0,99,terminated,1,0,0,2,1551.0,1,2,1,1,1,3,1,7,1,2,1,4,1,2,1,3,2,3,6,1,2,17,3,1,2,3,1,2,1,2
4,530,1530.0,120,terminated,2,0,0,1,1530.0,1,2,2,0,1,3,1,7,2,1,1,4,2,1,1,2,1,3,6,2,1,38,3,2,1,3,2,1,2,1
4,531,1512.0,138,terminated,1,0,0,2,1512.0,1,2,0,2,1,3,1,7,1,2,1,4,1,2,1,3,2,3,6,1,2,25,3,1,2,3,1,2,1,2
4,532,1751.0,99,terminated,2,0,0,2,1751.0,1,3,1,2,1,4,1,9,2,2,1,5,2,2,1,3,2,4,8,2,2,20,4,2,2,4,2,2,2,2
4,533,1717.0,133,terminated,2,0,0,2,1717.0,1,1,0,1,1,4,1,9,2,2,1,5,2,2,1,3,2,4,8,2,2,17,4,2,2,4,2,2,2,2
4,534,1750.0,100,terminated,2,0,0,2,1750.0,1,4,2,2,1,4,1,9,2,2,1,5,2,2,1,3,2,4,8,2,2,20,4,2,2,4,2,2,2,2
4,535,1531.0,119,terminated,2,0,0,1,1531.0,1,1,1,0,1,3,1,7,2,1,1,4,2,1,1,2,1,3,6,2,1,17,3,2,1,3,2,1,2,1
4,536,1735.0,115,terminated,2,0,0,2,1735.0,1,2,0,2,1,4,1,9,2,2,1,5,2,2,1,3,2,4,8,2,2,17,4,2,2,4,2,2,2,2
4,537,1513.0,137,terminated,1,0,0,2,1513.0,1,2,0,2,0,3,0,6,1,2,0,3,1,2,0,2,2,3,6,1,2,24,3,1,2,3,1,2,1,2
4,538,1507.0,143,terminated,1,0,0,2,1507.0,1,2,0,2,1,3,1,7,1,2,1,4,1,2,1,3,2,3,6,1,2,24,3,1,2,3,1,2,1,2
4,539,1736.0,114,terminated,2,0,0,2,1736.0,1,1,0,1,1,4,1,9,2,2,1,5,2,2,1,3,2,4,8,2,2,22,4,2,2,4,2,2,2,2
4,540,1745.0,105,terminated,2,0,0,2,1745.0,1,2,1,1,0,2,0,6,2,2,0,4,2,2,0,2,2,2,6,2,2,24,4,2,2,4,2,2,2,2
4,541,-166.0,26,terminated,1,39,1,0,-166.0,0,1,1,0,1,1,1,3,1,0,1,2,1,0,1,1,0,1,2,1,0,18,1,1,0,1,1,0,1,0
4,542,1760.0,90,terminated,2,0,0,2,1760.0,1,4,2,2,1,3,1,8,2,2,1,5,2,2,1,3,2,3,7,2,2,15,4,2,2,4,2,2,2,2
4,543,1746.0,104,terminated,2,0,0,2,1746.0,1,3,1,2,0,4,0,8,2,2,0,4,2,2,0,2,2,4,8,2,2,15,4,2,2,4,2,2,2,2
4,544,1710.0,140,terminated,2,0,0,2,1710.0,1,4,2,2,0,4,0,8,2,2,0,4,2,2,0,2,2,4,8,2,2,20,4,2,2,4,2,2,2,2
4,545,1738.0,112,terminated,2,0,0,2,1738.0,1,2,1,1,1,4,1,9,2,2,1,5,2,2,1,3,2,4,8,2,2,18,4,2,2,4,2,2,2,2
4,546,1714.0,136,terminated,2,0,0,2,1714.0,1,2,0,2,1,4,1,9,2,2,1,5,2,2,1,3,2,4,8,2,2,21,4,2,2,4,2,2,2,2
4,547,1715.0,135,terminated,2,0,0,2,1715.0,1,1,1,0,1,3,1,8,2,2,1,5,2,2,1,3,2,3,7,2,2,17,4,2,2,4,2,2,2,2
4,548,1720.0,130,terminated,2,0,0,2,1720.0,1,3,1,2,1,4,1,9,2,2,1,5,2,2,1,3,2,4,8,2,2,23,4,2,2,4,2,2,2,2
4,549,1733.0,117,terminated,2,0,0,2,1733.0,1,1,1,0,1,4,1,9,2,2,1,5,2,2,1,3,2,4,8,2,2,17,4,2,2,4,2,2,2,2
4,550,1527.0,123,terminated,2,0,0,1,1527.0,1,1,1,0,1,3,1,7,2,1,1,4,2,1,1,2,1,3,6,2,1,18,3,2,1,3,2,1,2,1
4,551,1545.0,105,terminated,2,0,0,1,1545.0,1,2,2,0,1,2,1,6,2,1,1,4,2,1,1,2,1,2,5,2,1,19,3,2,1,3,2,1,2,1
4,552,1543.0,107,terminated,2,0,0,1,1543.0,1,1,0,1,1,3,1,7,2,1,1,4,2,1,1,2,1,3,6,2,1,17,3,2,1,3,2,1,2,1
4,553,1730.0,120,terminated,2,0,0,2,1730.0,1,1,1,0,0,4,0,8,2,2,0,4,2,2,0,2,2,4,8,2,2,17,4,2,2,4,2,2,2,2
4,554,1567.0,83,terminated,2,0,0,1,1567.0,1,1,1,0,0,3,0,6,2,1,0,3,2,1,0,1,1,3,6,2,1,17,3,2,1,3,2,1,2,1
4,555,1530.0,120,terminated,2,0,0,1,1530.0,1,1,0,1,1,3,1,7,2,1,1,4,2,1,1,2,1,3,6,2,1,21,3,2,1,3,2,1,2,1
4,556,1724.0,126,terminated,2,0,0,2,1724.0,1,1,1,0,1,4,1,9,2,2,1,5,2,2,1,3,2,4,8,2,2,19,4,2,2,4,2,2,2,2
4,557,217.0,123,terminated,1,11,1,1,217.0,0,1,0,1,1,2,1,5,1,1,1,3,1,1,1,2,1,2,4,1,1,21,2,1,1,2,1,1,1,1
4,558,377.0,43,terminated,2,23,1,1,377.0,0,1,1,0,1,3,1,7,2,1,1,4,2,1,1,2,1,3,6,2,1,19,3,2,1,3,2,1,2,1
4,559,1293.0,157,terminated,0,0,0,2,1293.0,1,1,0,1,1,2,1,5,0,2,1,3,0,2,1,3,2,2,4,0,2,17,2,0,2,2,0,2,0,2
4,560,1758.0,92,terminated,2,0,0,2,1758.0,1,0,0,0,1,2,1,7,2,2,1,5,2,2,1,3,2,2,6,2,2,18,4,2,2,4,2,2,2,2
4,561,1724.0,126,terminated,2,0,0,2,1724.0,1,2,2,0,1,4,1,9,2,2,1,5,2,2,1,3,2,4,8,2,2,21,4,2,2,4,2,2,2,2
4,562,1501.0,149,terminated,2,0,0,1,1501.0,1,1,1,0,1,3,1,7,2,1,1,4,2,1,1,2,1,3,6,2,1,27,3,2,1,3,2,1,2,1
4,563,1748.0,102,terminated,2,0,0,2,1748.0,1,2,1,1,1,4,1,9,2,2,1,5,2,2,1,3,2,4,8,2,2,18,4,2,2,4,2,2,2,2
4,564,1753.0,97,terminated,2,0,0,2,1753.0,1,3,2,1,1,4,1,9,2,2,1,5,2,2,1,3,2,4,8,2,2,23,4,2,2,4,2,2,2,2
4,565,1747.0,103,terminated,2,0,0,2,1747.0,1,4,2,2,1,4,1,9,2,2,1,5,2,2,1,3,2,4,8,2,2,22,4,2,2,4,2,2,2,2
4,566,1742.0,108,terminated,2,0,0,2,1742.0,1,2,1,1,1,3,1,8,2,2,1,5,2,2,1,3,2,3,7,2,2,18,4,2,2,4,2,2,2,2
4,567,1672.0,178,terminated,2,0,0,2,1672.0,1,1,0,1,1,3,1,8,2,2,1,5,2,2,1,3,2,3,7,2,2,17,4,2,2,4,2,2,2,2
4,568,1553.0,97,terminated,1,0,0,2,1553.0,1,0,0,0,1,3,1,7,1,2,1,4,1,2,1,3,2,3,6,1,2,17,3,1,2,3,1,2,1,2
4,569,1719.0,131,terminated,2,0,0,2,1719.0,1,4,2,2,0,4,0,8,2,2,0,4,2,2,0,2,2,4,8,2,2,14,4,2,2,4,2,2,2,2
4,570,661.0,69,terminated,2,12,1,2,661.0,0,4,2,2,0,4,0,8,2,2,0,4,2,2,0,2,2,4,8,2,2,14,4,2,2,4,2,2,2,2
4,571,1720.0,130,terminated,2,0,0,2,1720.0,1,3,2,1,0,3,0,7,2,2,0,4,2,2,0,2,2,3,7,2,2,18,4,2,2,4,2,2,2,2
4,572,347.0,43,terminated,1,26,1,2,347.0,0,1,0,1,1,2,1,6,1,2,1,4,1,2,1,3,2,2,5,1,2,18,3,1,2,3,1,2,1,2
4,573,1528.0,122,terminated,2,0,0,1,1528.0,1,2,2,0,1,2,1,6,2,1,1,4,2,1,1,2,1,2,5,2,1,29,3,2,1,3,2,1,2,1
4,574,1735.0,115,terminated,2,0,0,2,1735.0,1,2,1,1,1,4,1,9,2,2,1,5,2,2,1,3,2,4,8,2,2,22,4,2,2,4,2,2,2,2
4,575,1716.0,134,terminated,2,0,0,2,1716.0,1,2,1,1,1,4,1,9,2,2,1,5,2,2,1,3,2,4,8,2,2,28,4,2,2,4,2,2,2,2
4,576,498.0,142,terminated,1,1,1,2,498.0,0,0,0,0,1,3,1,7,1,2,1,4,1,2,1,3,2,3,6,1,2,18,3,1,2,3,1,2,1,2
4,577,1746.0,104,terminated,2,0,0,2,1746.0,1,1,1,0,1,4,1,9,2,2,1,5,2,2,1,3,2,4,8,2,2,17,4,2,2,4,2,2,2,2
4,578,1755.0,95,terminated,2,0,0,2,1755.0,1,1,0,1,1,4,1,9,2,2,1,5,2,2,1,3,2,4,8,2,2,17,4,2,2,4,2,2,2,2
4,579,1753.0,97,terminated,2,0,0,2,1753.0,1,2,0,2,1,4,1,9,2,2,1,5,2,2,1,3,2,4,8,2,2,19,4,2,2,4,2,2,2,2
4,580,1541.0,109,terminated,2,0,0,1,1541.0,1,2,1,1,1,2,1,6,2,1,1,4,2,1,1,2,1,2,5,2,1,17,3,2,1,3,2,1,2,1
4,581,1759.0,91,terminated,2,0,0,2,1759.0,1,3,1,2,1,4,1,9,2,2,1,5,2,2,1,3,2,4,8,2,2,17,4,2,2,4,2,2,2,2
4,582,1740.0,110,terminated,2,0,0,2,1740.0,1,2,2,0,0,4,0,8,2,2,0,4,2,2,0,2,2,4,8,2,2,18,4,2,2,4,2,2,2,2
4,583,1553.0,97,terminated,1,0,0,2,1553.0,1,1,0,1,0,3,0,6,1,2,0,3,1,2,0,2,2,3,6,1,2,20,3,1,2,3,1,2,1,2
4,584,1734.0,116,terminated,2,0,0,2,1734.0,1,2,0,2,0,4,0,8,2,2,0,4,2,2,0,2,2,4,8,2,2,21,4,2,2,4,2,2,2,2
4,585,1767.0,83,terminated,2,0,0,2,1767.0,1,1,1,0,1,4,1,9,2,2,1,5,2,2,1,3,2,4,8,2,2,17,4,2,2,4,2,2,2,2
4,586,1743.0,107,terminated,2,0,0,2,1743.0,1,2,1,1,1,4,1,9,2,2,1,5,2,2,1,3,2,4,8,2,2,16,4,2,2,4,2,2,2,2
4,587,650.0,70,terminated,2,13,1,2,650.0,0,1,0,1,0,4,0,8,2,2,0,4,2,2,0,2,2,4,8,2,2,17,4,2,2,4,2,2,2,2
4,588,1736.0,114,terminated,2,0,0,2,1736.0,1,2,1,1,1,4,1,9,2,2,1,5,2,2,1,3,2,4,8,2,2,17,4,2,2,4,2,2,2,2
4,589,1757.0,93,terminated,2,0,0,2,1757.0,1,3,2,1,1,4,1,9,2,2,1,5,2,2,1,3,2,4,8,2,2,17,4,2,2,4,2,2,2,2
4,590,1760.0,90,terminated,2,0,0,2,1760.0,1,3,1,2,0,3,0,7,2,2,0,4,2,2,0,2,2,3,7,2,2,17,4,2,2,4,2,2,2,2
4,591,357.0,43,terminated,1,25,1,2,357.0,0,3,1,2,1,1,1,5,1,2,1,4,1,2,1,3,2,1,4,1,2,16,3,1,2,3,1,2,1,2
4,592,1732.0,118,terminated,2,0,0,2,1732.0,1,2,1,1,1,4,1,9,2,2,1,5,2,2,1,3,2,4,8,2,2,25,4,2,2,4,2,2,2,2
4,593,1722.0,128,terminated,2,0,0,2,1722.0,1,3,2,1,1,4,1,9,2,2,1,5,2,2,1,3,2,4,8,2,2,19,4,2,2,4,2,2,2,2
4,594,1756.0,94,terminated,2,0,0,2,1756.0,1,2,1,1,1,3,1,8,2,2,1,5,2,2,1,3,2,3,7,2,2,17,4,2,2,4,2,2,2,2
4,595,1546.0,104,terminated,1,0,0,2,1546.0,1,1,0,1,1,3,1,7,1,2,1,4,1,2,1,3,2,3,6,1,2,19,3,1,2,3,1,2,1,2
4,596,1740.0,110,terminated,2,0,0,2,1740.0,1,2,1,1,1,4,1,9,2,2,1,5,2,2,1,3,2,4,8,2,2,18,4,2,2,4,2,2,2,2
4,597,1748.0,102,terminated,2,0,0,2,1748.0,1,1,1,0,1,4,1,9,2,2,1,5,2,2,1,3,2,4,8,2,2,17,4,2,2,4,2,2,2,2
4,598,1707.0,143,terminated,2,0,0,2,1707.0,1,1,1,0,1,3,1,8,2,2,1,5,2,2,1,3,2,3,7,2,2,22,4,2,2,4,2,2,2,2
4,599,1546.0,104,terminated,2,0,0,1,1546.0,1,3,2,1,1,2,1,6,2,1,1,4,2,1,1,2,1,2,5,2,1,17,3,2,1,3,2,1,2,1
4,600,1756.0,94,terminated,2,0,0,2,1756.0,1,2,0,2,1,4,1,9,2,2,1,5,2,2,1,3,2,4,8,2,2,20,4,2,2,4,2,2,2,2
4,601,1766.0,84,terminated,2,0,0,2,1766.0,1,1,0,1,1,4,1,9,2,2,1,5,2,2,1,3,2,4,8,2,2,19,4,2,2,4,2,2,2,2
4,602,1713.0,137,terminated,2,0,0,2,1713.0,1,3,2,1,0,4,0,8,2,2,0,4,2,2,0,2,2,4,8,2,2,17,4,2,2,4,2,2,2,2
4,603,1746.0,104,terminated,2,0,0,2,1746.0,1,2,1,1,0,4,0,8,2,2,0,4,2,2,0,2,2,4,8,2,2,17,4,2,2,4,2,2,2,2
4,604,1746.0,104,terminated,2,0,0,2,1746.0,1,2,1,1,1,4,1,9,2,2,1,5,2,2,1,3,2,4,8,2,2,17,4,2,2,4,2,2,2,2
4,605,1717.0,133,terminated,2,0,0,2,1717.0,1,1,0,1,1,4,1,9,2,2,1,5,2,2,1,3,2,4,8,2,2,17,4,2,2,4,2,2,2,2
4,606,1758.0,92,terminated,2,0,0,2,1758.0,1,3,2,1,1,4,1,9,2,2,1,5,2,2,1,3,2,4,8,2,2,17,4,2,2,4,2,2,2,2
4,607,1756.0,94,terminated,2,0,0,2,1756.0,1,3,1,2,1,3,1,8,2,2,1,5,2,2,1,3,2,3,7,2,2,17,4,2,2,4,2,2,2,2
4,608,1754.0,96,terminated,2,0,0,2,1754.0,1,4,2,2,1,3,1,8,2,2,1,5,2,2,1,3,2,3,7,2,2,18,4,2,2,4,2,2,2,2
4,609,1540.0,110,terminated,2,0,0,1,1540.0,1,2,1,1,1,3,1,7,2,1,1,4,2,1,1,2,1,3,6,2,1,17,3,2,1,3,2,1,2,1
4,610,1741.0,109,terminated,2,0,0,2,1741.0,1,2,1,1,1,3,1,8,2,2,1,5,2,2,1,3,2,3,7,2,2,20,4,2,2,4,2,2,2,2
4,611,1742.0,108,terminated,2,0,0,2,1742.0,1,1,0,1,1,4,1,9,2,2,1,5,2,2,1,3,2,4,8,2,2,17,4,2,2,4,2,2,2,2
4,612,1736.0,114,terminated,2,0,0,2,1736.0,1,2,2,0,1,4,1,9,2,2,1,5,2,2,1,3,2,4,8,2,2,23,4,2,2,4,2,2,2,2
4,613,1549.0,101,terminated,1,0,0,2,1549.0,1,1,0,1,1,3,1,7,1,2,1,4,1,2,1,3,2,3,6,1,2,17,3,1,2,3,1,2,1,2
4,614,436.0,94,terminated,2,12,1,1,436.0,0,3,2,1,1,3,1,7,2,1,1,4,2,1,1,2,1,3,6,2,1,19,3,2,1,3,2,1,2,1
4,615,1749.0,101,terminated,2,0,0,2,1749.0,1,4,2,2,0,4,0,8,2,2,0,4,2,2,0,2,2,4,8,2,2,15,4,2,2,4,2,2,2,2
4,616,1525.0,125,terminated,1,0,0,2,1525.0,1,1,0,1,1,3,1,7,1,2,1,4,1,2,1,3,2,3,6,1,2,22,3,1,2,3,1,2,1,2
4,617,1548.0,102,terminated,1,0,0,2,1548.0,1,2,1,1,1,3,1,7,1,2,1,4,1,2,1,3,2,3,6,1,2,22,3,1,2,3,1,2,1,2
4,618,1735.0,115,terminated,2,0,0,2,1735.0,1,4,2,2,1,3,1,8,2,2,1,5,2,2,1,3,2,3,7,2,2,15,4,2,2,4,2,2,2,2
4,619,712.0,128,terminated,2,1,1,2,712.0,0,1,1,0,1,4,1,9,2,2,1,5,2,2,1,3,2,4,8,2,2,17,4,2,2,4,2,2,2,2
4,620,1737.0,113,terminated,2,0,0,2,1737.0,1,0,0,0,1,4,1,9,2,2,1,5,2,2,1,3,2,4,8,2,2,20,4,2,2,4,2,2,2,2
4,621,1722.0,128,terminated,2,0,0,2,1722.0,1,0,0,0,1,4,1,9,2,2,1,5,2,2,1,3,2,4,8,2,2,17,4,2,2,4,2,2,2,2
4,622,1759.0,91,terminated,2,0,0,2,1759.0,1,4,2,2,0,4,0,8,2,2,0,4,2,2,0,2,2,4,8,2,2,14,4,2,2,4,2,2,2,2
4,623,1502.0,148,terminated,1,0,0,2,1502.0,1,1,1,0,0,3,0,6,1,2,0,3,1,2,0,2,2,3,6,1,2,17,3,1,2,3,1,2,1,2
4,624,1752.0,98,terminated,2,0,0,2,1752.0,1,3,1,2,0,4,0,8,2,2,0,4,2,2,0,2,2,4,8,2,2,13,4,2,2,4,2,2,2,2
4,625,1757.0,93,terminated,2,0,0,2,1757.0,1,2,1,1,1,4,1,9,2,2,1,5,2,2,1,3,2,4,8,2,2,19,4,2,2,4,2,2,2,2
4,626,338.0,52,terminated,2,26,1,1,338.0,0,1,1,0,0,3,0,6,2,1,0,3,2,1,0,1,1,3,6,2,1,24,3,2,1,3,2,1,2,1
4,627,42.0,18,terminated,1,39,1,1,42.0,0,2,1,1,1,1,1,4,1,1,1,3,1,1,1,2,1,1,3,1,1,14,2,1,1,2,1,1,1,1
4,628,1764.0,86,terminated,2,0,0,2,1764.0,1,3,2,1,1,3,1,8,2,2,1,5,2,2,1,3,2,3,7,2,2,18,4,2,2,4,2,2,2,2
4,629,1723.0,127,terminated,2,0,0,2,1723.0,1,2,1,1,0,3,0,7,2,2,0,4,2,2,0,2,2,3,7,2,2,13,4,2,2,4,2,2,2,2
4,630,1729.0,121,terminated,2,0,0,2,1729.0,1,0,0,0,1,3,1,8,2,2,1,5,2,2,1,3,2,3,7,2,2,17,4,2,2,4,2,2,2,2
4,631,1755.0,95,terminated,2,0,0,2,1755.0,1,3,1,2,0,4,0,8,2,2,0,4,2,2,0,2,2,4,8,2,2,22,4,2,2,4,2,2,2,2
4,632,1567.0,83,terminated,1,0,0,2,1567.0,1,0,0,0,1,3,1,7,1,2,1,4,1,2,1,3,2,3,6,1,2,19,3,1,2,3,1,2,1,2
4,633,1769.0,81,terminated,2,0,0,2,1769.0,1,2,1,1,1,2,1,7,2,2,1,5,2,2,1,3,2,2,6,2,2,16,4,2,2,4,2,2,2,2
4,634,1702.0,148,terminated,2,0,0,2,1702.0,1,2,0,2,1,4,1,9,2,2,1,5,2,2,1,3,2,4,8,2,2,17,4,2,2,4,2,2,2,2
4,635,1756.0,94,terminated,2,0,0,2,1756.0,1,2,1,1,1,4,1,9,2,2,1,5,2,2,1,3,2,4,8,2,2,23,4,2,2,4,2,2,2,2
4,636,615.0,135,terminated,2,10,1,2,615.0,0,2,1,1,1,4,1,9,2,2,1,5,2,2,1,3,2,4,8,2,2,19,4,2,2,4,2,2,2,2
4,637,1745.0,105,terminated,2,0,0,2,1745.0,1,4,2,2,0,4,0,8,2,2,0,4,2,2,0,2,2,4,8,2,2,18,4,2,2,4,2,2,2,2
4,638,694.0,146,terminated,2,1,1,2,694.0,0,1,0,1,1,3,1,8,2,2,1,5,2,2,1,3,2,3,7,2,2,17,4,2,2,4,2,2,2,2
4,639,1537.0,113,terminated,2,0,0,1,1537.0,1,2,1,1,1,3,1,7,2,1,1,4,2,1,1,2,1,3,6,2,1,22,3,2,1,3,2,1,2,1
4,640,1739.0,111,terminated,2,0,0,2,1739.0,1,3,2,1,1,4,1,9,2,2,1,5,2,2,1,3,2,4,8,2,2,16,4,2,2,4,2,2,2,2
4,641,1538.0,112,terminated,2,0,0,1,1538.0,1,0,0,0,1,2,1,6,2,1,1,4,2,1,1,2,1,2,5,2,1,17,3,2,1,3,2,1,2,1
4,642,1740.0,110,terminated,2,0,0,2,1740.0,1,1,0,1,1,4,1,9,2,2,1,5,2,2,1,3,2,4,8,2,2,17,4,2,2,4,2,2,2,2
4,643,1706.0,144,terminated,2,0,0,2,1706.0,1,1,1,0,1,4,1,9,2,2,1,5,2,2,1,3,2,4,8,2,2,17,4,2,2,4,2,2,2,2
4,644,1490.0,160,terminated,1,0,0,2,1490.0,1,2,1,1,1,3,1,7,1,2,1,4,1,2,1,3,2,3,6,1,2,17,3,1,2,3,1,2,1,2
4,645,1761.0,89,terminated,2,0,0,2,1761.0,1,3,1,2,0,3,0,7,2,2,0,4,2,2,0,2,2,3,7,2,2,13,4,2,2,4,2,2,2,2
4,646,1535.0,115,terminated,2,0,0,1,1535.0,1,0,0,0,1,3,1,7,2,1,1,4,2,1,1,2,1,3,6,2,1,18,3,2,1,3,2,1,2,1
4,647,1767.0,83,terminated,2,0,0,2,1767.0,1,2,1,1,0,4,0,8,2,2,0,4,2,2,0,2,2,4,8,2,2,17,4,2,2,4,2,2,2,2
4,648,-170.0,20,terminated,1,40,1,0,-170.0,0,0,0,0,1,0,1,2,1,0,1,2,1,0,1,1,0,0,1,1,0,18,1,1,0,1,1,0,1,0
4,649,1745.0,105,terminated,2,0,0,2,1745.0,1,2,1,1,1,3,1,8,2,2,1,5,2,2,1,3,2,3,7,2,2,19,4,2,2,4,2,2,2,2
4,650,1745.0,105,terminated,2,0,0,2,1745.0,1,1,1,0,0,4,0,8,2,2,0,4,2,2,0,2,2,4,8,2,2,20,4,2,2,4,2,2,2,2
4,651,1752.0,98,terminated,2,0,0,2,1752.0,1,3,1,2,1,4,1,9,2,2,1,5,2,2,1,3,2,4,8,2,2,19,4,2,2,4,2,2,2,2
4,652,1758.0,92,terminated,2,0,0,2,1758.0,1,4,2,2,0,4,0,8,2,2,0,4,2,2,0,2,2,4,8,2,2,22,4,2,2,4,2,2,2,2
4,653,1766.0,84,terminated,2,0,0,2,1766.0,1,2,1,1,0,4,0,8,2,2,0,4,2,2,0,2,2,4,8,2,2,14,4,2,2,4,2,2,2,2
4,654,1728.0,122,terminated,2,0,0,2,1728.0,1,4,2,2,0,3,0,7,2,2,0,4,2,2,0,2,2,3,7,2,2,16,4,2,2,4,2,2,2,2
4,655,1468.0,182,terminated,2,0,0,1,1468.0,1,2,1,1,0,3,0,6,2,1,0,3,2,1,0,1,1,3,6,2,1,17,3,2,1,3,2,1,2,1
4,656,1563.0,87,terminated,2,0,0,1,1563.0,1,0,0,0,1,3,1,7,2,1,1,4,2,1,1,2,1,3,6,2,1,17,3,2,1,3,2,1,2,1
4,657,1464.0,186,terminated,2,0,0,1,1464.0,1,1,1,0,1,3,1,7,2,1,1,4,2,1,1,2,1,3,6,2,1,20,3,2,1,3,2,1,2,1
4,658,1756.0,94,terminated,2,0,0,2,1756.0,1,2,1,1,1,3,1,8,2,2,1,5,2,2,1,3,2,3,7,2,2,21,4,2,2,4,2,2,2,2
4,659,1738.0,112,terminated,2,0,0,2,1738.0,1,3,2,1,0,4,0,8,2,2,0,4,2,2,0,2,2,4,8,2,2,22,4,2,2,4,2,2,2,2
4,660,1504.0,146,terminated,2,0,0,1,1504.0,1,1,1,0,1,2,1,6,2,1,1,4,2,1,1,2,1,2,5,2,1,35,3,2,1,3,2,1,2,1
4,661,1754.0,96,terminated,2,0,0,2,1754.0,1,2,0,2,1,4,1,9,2,2,1,5,2,2,1,3,2,4,8,2,2,17,4,2,2,4,2,2,2,2
4,662,1772.0,78,terminated,2,0,0,2,1772.0,1,1,0,1,1,4,1,9,2,2,1,5,2,2,1,3,2,4,8,2,2,23,4,2,2,4,2,2,2,2
4,663,1742.0,108,terminated,2,0,0,2,1742.0,1,2,1,1,1,3,1,8,2,2,1,5,2,2,1,3,2,3,7,2,2,20,4,2,2,4,2,2,2,2
4,664,1762.0,88,terminated,2,0,0,2,1762.0,1,1,1,0,1,4,1,9,2,2,1,5,2,2,1,3,2,4,8,2,2,19,4,2,2,4,2,2,2,2
4,665,1723.0,127,terminated,2,0,0,2,1723.0,1,3,2,1,1,4,1,9,2,2,1,5,2,2,1,3,2,4,8,2,2,23,4,2,2,4,2,2,2,2
4,666,1765.0,85,terminated,2,0,0,2,1765.0,1,2,1,1,1,4,1,9,2,2,1,5,2,2,1,3,2,4,8,2,2,17,4,2,2,4,2,2,2,2
4,667,1744.0,106,terminated,2,0,0,2,1744.0,1,2,2,0,0,4,0,8,2,2,0,4,2,2,0,2,2,4,8,2,2,22,4,2,2,4,2,2,2,2
4,668,1712.0,138,terminated,2,0,0,2,1712.0,1,2,1,1,1,4,1,9,2,2,1,5,2,2,1,3,2,4,8,2,2,19,4,2,2,4,2,2,2,2
4,669,30.0,20,terminated,1,40,1,1,30.0,0,0,0,0,1,0,1,3,1,1,1,3,1,1,1,2,1,0,2,1,1,18,2,1,1,2,1,1,1,1
4,670,1760.0,90,terminated,2,0,0,2,1760.0,1,3,1,2,1,4,1,9,2,2,1,5,2,2,1,3,2,4,8,2,2,16,4,2,2,4,2,2,2,2
4,671,1760.0,90,terminated,2,0,0,2,1760.0,1,4,2,2,1,2,1,7,2,2,1,5,2,2,1,3,2,2,6,2,2,21,4,2,2,4,2,2,2,2
4,672,1549.0,101,terminated,1,0,0,2,1549.0,1,1,0,1,1,3,1,7,1,2,1,4,1,2,1,3,2,3,6,1,2,19,3,1,2,3,1,2,1,2
4,673,617.0,113,terminated,2,12,1,2,617.0,0,2,1,1,0,3,0,7,2,2,0,4,2,2,0,2,2,3,7,2,2,13,4,2,2,4,2,2,2,2
4,674,1762.0,88,terminated,2,0,0,2,1762.0,1,2,2,0,1,4,1,9,2,2,1,5,2,2,1,3,2,4,8,2,2,19,4,2,2,4,2,2,2,2
4,675,1741.0,109,terminated,2,0,0,2,1741.0,1,1,1,0,1,3,1,8,2,2,1,5,2,2,1,3,2,3,7,2,2,17,4,2,2,4,2,2,2,2
4,676,1707.0,143,terminated,2,0,0,2,1707.0,1,2,1,1,1,4,1,9,2,2,1,5,2,2,1,3,2,4,8,2,2,18,4,2,2,4,2,2,2,2
4,677,1720.0,130,terminated,2,0,0,2,1720.0,1,2,1,1,1,3,1,8,2,2,1,5,2,2,1,3,2,3,7,2,2,17,4,2,2,4,2,2,2,2
4,678,1549.0,101,terminated,2,0,0,1,1549.0,1,3,2,1,0,3,0,6,2,1,0,3,2,1,0,1,1,3,6,2,1,18,3,2,1,3,2,1,2,1
4,679,1692.0,158,terminated,2,0,0,2,1692.0,1,2,1,1,0,4,0,8,2,2,0,4,2,2,0,2,2,4,8,2,2,15,4,2,2,4,2,2,2,2
4,680,1759.0,91,terminated,2,0,0,2,1759.0,1,4,2,2,0,4,0,8,2,2,0,4,2,2,0,2,2,4,8,2,2,18,4,2,2,4,2,2,2,2
4,681,345.0,45,terminated,1,26,1,2,345.0,0,2,1,1,1,2,1,6,1,2,1,4,1,2,1,3,2,2,5,1,2,19,3,1,2,3,1,2,1,2
4,682,1700.0,150,terminated,2,0,0,2,1700.0,1,4,2,2,0,4,0,8,2,2,0,4,2,2,0,2,2,4,8,2,2,19,4,2,2,4,2,2,2,2
4,683,1520.0,130,terminated,2,0,0,1,1520.0,1,0,0,0,1,2,1,6,2,1,1,4,2,1,1,2,1,2,5,2,1,19,3,2,1,3,2,1,2,1
4,684,745.0,95,terminated,2,1,1,2,745.0,0,2,1,1,1,3,1,8,2,2,1,5,2,2,1,3,2,3,7,2,2,17,4,2,2,4,2,2,2,2
4,685,1716.0,134,terminated,2,0,0,2,1716.0,1,2,1,1,0,4,0,8,2,2,0,4,2,2,0,2,2,4,8,2,2,18,4,2,2,4,2,2,2,2
4,686,1730.0,120,terminated,2,0,0,2,1730.0,1,0,0,0,1,4,1,9,2,2,1,5,2,2,1,3,2,4,8,2,2,17,4,2,2,4,2,2,2,2
4,687,1748.0,102,terminated,2,0,0,2,1748.0,1,2,1,1,0,4,0,8,2,2,0,4,2,2,0,2,2,4,8,2,2,17,4,2,2,4,2,2,2,2
4,688,1722.0,128,terminated,2,0,0,2,1722.0,1,2,1,1,1,4,1,9,2,2,1,5,2,2,1,3,2,4,8,2,2,17,4,2,2,4,2,2,2,2
4,689,1680.0,170,terminated,2,0,0,2,1680.0,1,1,1,0,1,4,1,9,2,2,1,5,2,2,1,3,2,4,8,2,2,18,4,2,2,4,2,2,2,2
4,690,1741.0,109,terminated,2,0,0,2,1741.0,1,2,0,2,1,4,1,9,2,2,1,5,2,2,1,3,2,4,8,2,2,25,4,2,2,4,2,2,2,2
4,691,1531.0,119,terminated,2,0,0,1,1531.0,1,1,0,1,1,3,1,7,2,1,1,4,2,1,1,2,1,3,6,2,1,17,3,2,1,3,2,1,2,1
4,692,288.0,42,terminated,2,32,1,1,288.0,0,1,1,0,1,3,1,7,2,1,1,4,2,1,1,2,1,3,6,2,1,23,3,2,1,3,2,1,2,1
4,693,1748.0,102,terminated,2,0,0,2,1748.0,1,1,0,1,0,4,0,8,2,2,0,4,2,2,0,2,2,4,8,2,2,17,4,2,2,4,2,2,2,2
4,694,1742.0,108,terminated,2,0,0,2,1742.0,1,1,0,1,1,4,1,9,2,2,1,5,2,2,1,3,2,4,8,2,2,19,4,2,2,4,2,2,2,2
4,695,1758.0,92,terminated,2,0,0,2,1758.0,1,2,1,1,1,4,1,9,2,2,1,5,2,2,1,3,2,4,8,2,2,19,4,2,2,4,2,2,2,2
4,696,1525.0,125,terminated,1,0,0,2,1525.0,1,2,1,1,0,3,0,6,1,2,0,3,1,2,0,2,2,3,6,1,2,24,3,1,2,3,1,2,1,2
4,697,668.0,82,terminated,2,10,1,2,668.0,0,2,1,1,0,3,0,7,2,2,0,4,2,2,0,2,2,3,7,2,2,18,4,2,2,4,2,2,2,2
4,698,1737.0,113,terminated,2,0,0,2,1737.0,1,1,0,1,1,4,1,9,2,2,1,5,2,2,1,3,2,4,8,2,2,20,4,2,2,4,2,2,2,2
4,699,1746.0,104,terminated,2,0,0,2,1746.0,1,1,0,1,1,3,1,8,2,2,1,5,2,2,1,3,2,3,7,2,2,21,4,2,2,4,2,2,2,2
4,700,1753.0,97,terminated,2,0,0,2,1753.0,1,1,0,1,1,4,1,9,2,2,1,5,2,2,1,3,2,4,8,2,2,17,4,2,2,4,2,2,2,2
4,701,1737.0,113,terminated,2,0,0,2,1737.0,1,0,0,0,1,3,1,8,2,2,1,5,2,2,1,3,2,3,7,2,2,21,4,2,2,4,2,2,2,2
4,702,1753.0,97,terminated,2,0,0,2,1753.0,1,2,0,2,0,4,0,8,2,2,0,4,2,2,0,2,2,4,8,2,2,19,4,2,2,4,2,2,2,2
4,703,1530.0,120,terminated,1,0,0,2,1530.0,1,2,0,2,0,3,0,6,1,2,0,3,1,2,0,2,2,3,6,1,2,29,3,1,2,3,1,2,1,2
4,704,1745.0,105,terminated,2,0,0,2,1745.0,1,1,0,1,1,4,1,9,2,2,1,5,2,2,1,3,2,4,8,2,2,17,4,2,2,4,2,2,2,2
4,705,1730.0,120,terminated,2,0,0,2,1730.0,1,2,1,1,0,4,0,8,2,2,0,4,2,2,0,2,2,4,8,2,2,19,4,2,2,4,2,2,2,2
4,706,1723.0,127,terminated,2,0,0,2,1723.0,1,2,2,0,0,4,0,8,2,2,0,4,2,2,0,2,2,4,8,2,2,17,4,2,2,4,2,2,2,2
4,707,1509.0,141,terminated,2,0,0,1,1509.0,1,0,0,0,1,3,1,7,2,1,1,4,2,1,1,2,1,3,6,2,1,20,3,2,1,3,2,1,2,1
4,708,1551.0,99,terminated,2,0,0,1,1551.0,1,2,1,1,0,3,0,6,2,1,0,3,2,1,0,1,1,3,6,2,1,14,3,2,1,3,2,1,2,1
4,709,1755.0,95,terminated,2,0,0,2,1755.0,1,1,1,0,1,4,1,9,2,2,1,5,2,2,1,3,2,4,8,2,2,18,4,2,2,4,2,2,2,2
4,710,1499.0,151,terminated,1,0,0,2,1499.0,1,1,0,1,1,2,1,6,1,2,1,4,1,2,1,3,2,2,5,1,2,32,3,1,2,3,1,2,1,2
4,711,1746.0,104,terminated,2,0,0,2,1746.0,1,3,1,2,1,4,1,9,2,2,1,5,2,2,1,3,2,4,8,2,2,29,4,2,2,4,2,2,2,2
4,712,1741.0,109,terminated,2,0,0,2,1741.0,1,3,2,1,1,3,1,8,2,2,1,5,2,2,1,3,2,3,7,2,2,22,4,2,2,4,2,2,2,2
4,713,1723.0,127,terminated,2,0,0,2,1723.0,1,4,2,2,1,4,1,9,2,2,1,5,2,2,1,3,2,4,8,2,2,17,4,2,2,4,2,2,2,2
4,714,1531.0,119,terminated,2,0,0,1,1531.0,1,1,0,1,1,3,1,7,2,1,1,4,2,1,1,2,1,3,6,2,1,19,3,2,1,3,2,1,2,1
4,715,1761.0,89,terminated,2,0,0,2,1761.0,1,2,1,1,1,4,1,9,2,2,1,5,2,2,1,3,2,4,8,2,2,19,4,2,2,4,2,2,2,2
4,716,1745.0,105,terminated,2,0,0,2,1745.0,1,3,1,2,1,4,1,9,2,2,1,5,2,2,1,3,2,4,8,2,2,18,4,2,2,4,2,2,2,2
4,717,1741.0,109,terminated,2,0,0,2,1741.0,1,3,1,2,0,3,0,7,2,2,0,4,2,2,0,2,2,3,7,2,2,13,4,2,2,4,2,2,2,2
4,718,1547.0,103,terminated,2,0,0,1,1547.0,1,1,1,0,1,3,1,7,2,1,1,4,2,1,1,2,1,3,6,2,1,21,3,2,1,3,2,1,2,1
4,719,-159.0,19,terminated,0,39,1,1,-159.0,0,1,0,1,1,1,1,3,0,1,1,2,0,1,1,2,1,1,2,0,1,19,1,0,1,1,0,1,0,1
4,720,1734.0,116,terminated,2,0,0,2,1734.0,1,3,1,2,1,4,1,9,2,2,1,5,2,2,1,3,2,4,8,2,2,17,4,2,2,4,2,2,2,2
4,721,1756.0,94,terminated,2,0,0,2,1756.0,1,3,2,1,1,3,1,8,2,2,1,5,2,2,1,3,2,3,7,2,2,15,4,2,2,4,2,2,2,2
4,722,42.0,18,terminated,1,39,1,1,42.0,0,1,1,0,0,1,0,3,1,1,0,2,1,1,0,1,1,1,3,1,1,17,2,1,1,2,1,1,1,1
4,723,58.0,22,terminated,1,37,1,1,58.0,0,1,0,1,0,1,0,3,1,1,0,2,1,1,0,1,1,1,3,1,1,19,2,1,1,2,1,1,1,1
4,724,1750.0,100,terminated,2,0,0,2,1750.0,1,1,0,1,1,3,1,8,2,2,1,5,2,2,1,3,2,3,7,2,2,22,4,2,2,4,2,2,2,2
4,725,692.0,118,terminated,2,4,1,2,692.0,0,2,2,0,1,4,1,9,2,2,1,5,2,2,1,3,2,4,8,2,2,21,4,2,2,4,2,2,2,2
4,726,1515.0,135,terminated,1,0,0,2,1515.0,1,1,0,1,1,3,1,7,1,2,1,4,1,2,1,3,2,3,6,1,2,20,3,1,2,3,1,2,1,2
4,727,1739.0,111,terminated,2,0,0,2,1739.0,1,2,1,1,1,4,1,9,2,2,1,5,2,2,1,3,2,4,8,2,2,19,4,2,2,4,2,2,2,2
4,728,1760.0,90,terminated,2,0,0,2,1760.0,1,1,0,1,1,4,1,9,2,2,1,5,2,2,1,3,2,4,8,2,2,17,4,2,2,4,2,2,2,2
4,729,1754.0,96,terminated,2,0,0,2,1754.0,1,3,1,2,1,4,1,9,2,2,1,5,2,2,1,3,2,4,8,2,2,17,4,2,2,4,2,2,2,2
4,730,1741.0,109,terminated,2,0,0,2,1741.0,1,2,1,1,1,4,1,9,2,2,1,5,2,2,1,3,2,4,8,2,2,19,4,2,2,4,2,2,2,2
4,731,1535.0,115,terminated,1,0,0,2,1535.0,1,1,1,0,1,3,1,7,1,2,1,4,1,2,1,3,2,3,6,1,2,17,3,1,2,3,1,2,1,2
4,732,703.0,117,terminated,2,3,1,2,703.0,0,1,0,1,0,4,0,8,2,2,0,4,2,2,0,2,2,4,8,2,2,17,4,2,2,4,2,2,2,2
4,733,-163.0,23,terminated,1,39,1,0,-163.0,0,0,0,0,1,0,1,2,1,0,1,2,1,0,1,1,0,0,1,1,0,20,1,1,0,1,1,0,1,0
4,734,581.0,89,terminated,2,18,1,2,581.0,0,2,1,1,1,3,1,8,2,2,1,5,2,2,1,3,2,3,7,2,2,23,4,2,2,4,2,2,2,2
4,735,1717.0,133,terminated,2,0,0,2,1717.0,1,3,1,2,0,3,0,7,2,2,0,4,2,2,0,2,2,3,7,2,2,13,4,2,2,4,2,2,2,2
4,736,1724.0,126,terminated,2,0,0,2,1724.0,1,0,0,0,1,4,1,9,2,2,1,5,2,2,1,3,2,4,8,2,2,25,4,2,2,4,2,2,2,2
4,737,1754.0,96,terminated,2,0,0,2,1754.0,1,1,0,1,1,4,1,9,2,2,1,5,2,2,1,3,2,4,8,2,2,22,4,2,2,4,2,2,2,2
4,738,1726.0,124,terminated,2,0,0,2,1726.0,1,2,1,1,1,3,1,8,2,2,1,5,2,2,1,3,2,3,7,2,2,21,4,2,2,4,2,2,2,2
4,739,1718.0,132,terminated,2,0,0,2,1718.0,1,3,1,2,1,4,1,9,2,2,1,5,2,2,1,3,2,4,8,2,2,18,4,2,2,4,2,2,2,2
4,740,1730.0,120,terminated,2,0,0,2,1730.0,1,1,0,1,1,4,1,9,2,2,1,5,2,2,1,3,2,4,8,2,2,17,4,2,2,4,2,2,2,2
4,741,1663.0,187,terminated,2,0,0,2,1663.0,1,1,0,1,1,4,1,9,2,2,1,5,2,2,1,3,2,4,8,2,2,23,4,2,2,4,2,2,2,2
4,742,1761.0,89,terminated,2,0,0,2,1761.0,1,2,1,1,0,4,0,8,2,2,0,4,2,2,0,2,2,4,8,2,2,17,4,2,2,4,2,2,2,2
4,743,1732.0,118,terminated,2,0,0,2,1732.0,1,2,0,2,1,4,1,9,2,2,1,5,2,2,1,3,2,4,8,2,2,21,4,2,2,4,2,2,2,2
4,744,1726.0,124,terminated,2,0,0,2,1726.0,1,2,1,1,1,4,1,9,2,2,1,5,2,2,1,3,2,4,8,2,2,22,4,2,2,4,2,2,2,2
4,745,1771.0,79,terminated,2,0,0,2,1771.0,1,2,1,1,1,3,1,8,2,2,1,5,2,2,1,3,2,3,7,2,2,16,4,2,2,4,2,2,2,2
4,746,1727.0,123,terminated,2,0,0,2,1727.0,1,2,0,2,1,4,1,9,2,2,1,5,2,2,1,3,2,4,8,2,2,24,4,2,2,4,2,2,2,2
4,747,1541.0,109,terminated,2,0,0,1,1541.0,1,1,0,1,0,3,0,6,2,1,0,3,2,1,0,1,1,3,6,2,1,17,3,2,1,3,2,1,2,1
4,748,1692.0,158,terminated,2,0,0,2,1692.0,1,1,1,0,1,4,1,9,2,2,1,5,2,2,1,3,2,4,8,2,2,28,4,2,2,4,2,2,2,2
4,749,1694.0,156,terminated,2,0,0,2,1694.0,1,1,1,0,1,4,1,9,2,2,1,5,2,2,1,3,2,4,8,2,2,17,4,2,2,4,2,2,2,2
4,750,1734.0,116,terminated,2,0,0,2,1734.0,1,2,0,2,1,4,1,9,2,2,1,5,2,2,1,3,2,4,8,2,2,19,4,2,2,4,2,2,2,2
4,751,1765.0,85,terminated,2,0,0,2,1765.0,1,3,1,2,0,4,0,8,2,2,0,4,2,2,0,2,2,4,8,2,2,17,4,2,2,4,2,2,2,2
4,752,1730.0,120,terminated,2,0,0,2,1730.0,1,3,2,1,1,4,1,9,2,2,1,5,2,2,1,3,2,4,8,2,2,18,4,2,2,4,2,2,2,2
4,753,1740.0,110,terminated,2,0,0,2,1740.0,1,2,2,0,1,4,1,9,2,2,1,5,2,2,1,3,2,4,8,2,2,22,4,2,2,4,2,2,2,2
4,754,1759.0,91,terminated,2,0,0,2,1759.0,1,2,2,0,1,4,1,9,2,2,1,5,2,2,1,3,2,4,8,2,2,17,4,2,2,4,2,2,2,2
4,755,1743.0,107,terminated,2,0,0,2,1743.0,1,2,2,0,1,4,1,9,2,2,1,5,2,2,1,3,2,4,8,2,2,19,4,2,2,4,2,2,2,2
4,756,1725.0,125,terminated,2,0,0,2,1725.0,1,2,1,1,1,4,1,9,2,2,1,5,2,2,1,3,2,4,8,2,2,21,4,2,2,4,2,2,2,2
4,757,1742.0,108,terminated,2,0,0,2,1742.0,1,2,0,2,1,4,1,9,2,2,1,5,2,2,1,3,2,4,8,2,2,26,4,2,2,4,2,2,2,2
4,758,56.0,24,terminated,1,37,1,1,56.0,0,2,1,1,1,2,1,5,1,1,1,3,1,1,1,2,1,2,4,1,1,20,2,1,1,2,1,1,1,1
4,759,1733.0,117,terminated,2,0,0,2,1733.0,1,1,0,1,1,4,1,9,2,2,1,5,2,2,1,3,2,4,8,2,2,17,4,2,2,4,2,2,2,2
4,760,1719.0,131,terminated,2,0,0,2,1719.0,1,1,0,1,1,4,1,9,2,2,1,5,2,2,1,3,2,4,8,2,2,17,4,2,2,4,2,2,2,2
4,761,1723.0,127,terminated,2,0,0,2,1723.0,1,1,1,0,1,4,1,9,2,2,1,5,2,2,1,3,2,4,8,2,2,18,4,2,2,4,2,2,2,2
4,762,1728.0,122,terminated,2,0,0,2,1728.0,1,2,1,1,0,4,0,8,2,2,0,4,2,2,0,2,2,4,8,2,2,35,4,2,2,4,2,2,2,2
4,763,1729.0,121,terminated,2,0,0,2,1729.0,1,0,0,0,1,4,1,9,2,2,1,5,2,2,1,3,2,4,8,2,2,17,4,2,2,4,2,2,2,2
4,764,1500.0,150,terminated,1,0,0,2,1500.0,1,0,0,0,1,3,1,7,1,2,1,4,1,2,1,3,2,3,6,1,2,17,3,1,2,3,1,2,1,2
4,765,1722.0,128,terminated,2,0,0,2,1722.0,1,1,0,1,1,4,1,9,2,2,1,5,2,2,1,3,2,4,8,2,2,21,4,2,2,4,2,2,2,2
4,766,1726.0,124,terminated,2,0,0,2,1726.0,1,2,1,1,0,4,0,8,2,2,0,4,2,2,0,2,2,4,8,2,2,18,4,2,2,4,2,2,2,2
4,767,1745.0,105,terminated,2,0,0,2,1745.0,1,3,1,2,1,3,1,8,2,2,1,5,2,2,1,3,2,3,7,2,2,15,4,2,2,4,2,2,2,2
4,768,1734.0,116,terminated,2,0,0,2,1734.0,1,4,2,2,1,4,1,9,2,2,1,5,2,2,1,3,2,4,8,2,2,22,4,2,2,4,2,2,2,2
4,769,42.0,28,terminated,1,38,1,1,42.0,0,1,0,1,0,1,0,3,1,1,0,2,1,1,0,1,1,1,3,1,1,20,2,1,1,2,1,1,1,1
4,770,1532.0,118,terminated,2,0,0,1,1532.0,1,1,1,0,1,2,1,6,2,1,1,4,2,1,1,2,1,2,5,2,1,20,3,2,1,3,2,1,2,1
4,771,1732.0,118,terminated,2,0,0,2,1732.0,1,2,2,0,1,3,1,8,2,2,1,5,2,2,1,3,2,3,7,2,2,35,4,2,2,4,2,2,2,2
4,772,1758.0,92,terminated,2,0,0,2,1758.0,1,2,1,1,1,4,1,9,2,2,1,5,2,2,1,3,2,4,8,2,2,24,4,2,2,4,2,2,2,2
4,773,1528.0,122,terminated,2,0,0,1,1528.0,1,2,2,0,1,3,1,7,2,1,1,4,2,1,1,2,1,3,6,2,1,19,3,2,1,3,2,1,2,1
4,774,1749.0,101,terminated,2,0,0,2,1749.0,1,3,2,1,1,4,1,9,2,2,1,5,2,2,1,3,2,4,8,2,2,21,4,2,2,4,2,2,2,2
4,775,1754.0,96,terminated,2,0,0,2,1754.0,1,1,1,0,1,4,1,9,2,2,1,5,2,2,1,3,2,4,8,2,2,17,4,2,2,4,2,2,2,2
4,776,1514.0,136,terminated,1,0,0,2,1514.0,1,0,0,0,1,3,1,7,1,2,1,4,1,2,1,3,2,3,6,1,2,17,3,1,2,3,1,2,1,2
4,777,671.0,59,terminated,2,12,1,2,671.0,0,3,2,1,0,3,0,7,2,2,0,4,2,2,0,2,2,3,7,2,2,16,4,2,2,4,2,2,2,2
4,778,1530.0,120,terminated,2,0,0,1,1530.0,1,2,1,1,0,3,0,6,2,1,0,3,2,1,0,1,1,3,6,2,1,14,3,2,1,3,2,1,2,1
4,779,1536.0,114,terminated,1,0,0,2,1536.0,1,1,0,1,1,3,1,7,1,2,1,4,1,2,1,3,2,3,6,1,2,17,3,1,2,3,1,2,1,2
4,780,543.0,37,terminated,2,27,1,2,543.0,0,0,0,0,1,2,1,7,2,2,1,5,2,2,1,3,2,2,6,2,2,17,4,2,2,4,2,2,2,2
4,781,1770.0,80,terminated,2,0,0,2,1770.0,1,2,1,1,0,4,0,8,2,2,0,4,2,2,0,2,2,4,8,2,2,17,4,2,2,4,2,2,2,2
4,782,1530.0,120,terminated,2,0,0,1,1530.0,1,1,0,1,1,3,1,7,2,1,1,4,2,1,1,2,1,3,6,2,1,17,3,2,1,3,2,1,2,1
4,783,1694.0,156,terminated,2,0,0,2,1694.0,1,3,2,1,1,3,1,8,2,2,1,5,2,2,1,3,2,3,7,2,2,18,4,2,2,4,2,2,2,2
4,784,1765.0,85,terminated,2,0,0,2,1765.0,1,3,2,1,0,4,0,8,2,2,0,4,2,2,0,2,2,4,8,2,2,17,4,2,2,4,2,2,2,2
4,785,1751.0,99,terminated,2,0,0,2,1751.0,1,1,0,1,1,4,1,9,2,2,1,5,2,2,1,3,2,4,8,2,2,17,4,2,2,4,2,2,2,2
4,786,1743.0,107,terminated,2,0,0,2,1743.0,1,2,1,1,1,4,1,9,2,2,1,5,2,2,1,3,2,4,8,2,2,17,4,2,2,4,2,2,2,2
4,787,1519.0,131,terminated,1,0,0,2,1519.0,1,0,0,0,1,3,1,7,1,2,1,4,1,2,1,3,2,3,6,1,2,17,3,1,2,3,1,2,1,2
4,788,1746.0,104,terminated,2,0,0,2,1746.0,1,2,0,2,1,4,1,9,2,2,1,5,2,2,1,3,2,4,8,2,2,19,4,2,2,4,2,2,2,2
4,789,1500.0,150,terminated,1,0,0,2,1500.0,1,1,0,1,1,3,1,7,1,2,1,4,1,2,1,3,2,3,6,1,2,21,3,1,2,3,1,2,1,2
4,790,521.0,119,terminated,2,1,1,1,521.0,0,1,1,0,1,3,1,7,2,1,1,4,2,1,1,2,1,3,6,2,1,20,3,2,1,3,2,1,2,1
4,791,1709.0,141,terminated,2,0,0,2,1709.0,1,2,1,1,1,4,1,9,2,2,1,5,2,2,1,3,2,4,8,2,2,22,4,2,2,4,2,2,2,2
4,792,1731.0,119,terminated,2,0,0,2,1731.0,1,2,1,1,0,4,0,8,2,2,0,4,2,2,0,2,2,4,8,2,2,20,4,2,2,4,2,2,2,2
4,793,1742.0,108,terminated,2,0,0,2,1742.0,1,3,1,2,1,4,1,9,2,2,1,5,2,2,1,3,2,4,8,2,2,19,4,2,2,4,2,2,2,2
4,794,1556.0,94,terminated,2,0,0,1,1556.0,1,1,1,0,1,3,1,7,2,1,1,4,2,1,1,2,1,3,6,2,1,17,3,2,1,3,2,1,2,1
4,795,1764.0,86,terminated,2,0,0,2,1764.0,1,3,2,1,0,4,0,8,2,2,0,4,2,2,0,2,2,4,8,2,2,18,4,2,2,4,2,2,2,2
4,796,342.0,38,terminated,2,27,1,1,342.0,0,1,0,1,1,3,1,7,2,1,1,4,2,1,1,2,1,3,6,2,1,18,3,2,1,3,2,1,2,1
4,797,690.0,100,terminated,2,6,1,2,690.0,0,2,0,2,1,4,1,9,2,2,1,5,2,2,1,3,2,4,8,2,2,17,4,2,2,4,2,2,2,2
4,798,1744.0,106,terminated,2,0,0,2,1744.0,1,2,2,0,1,4,1,9,2,2,1,5,2,2,1,3,2,4,8,2,2,17,4,2,2,4,2,2,2,2
4,799,1482.0,168,terminated,2,0,0,1,1482.0,1,2,1,1,1,3,1,7,2,1,1,4,2,1,1,2,1,3,6,2,1,16,3,2,1,3,2,1,2,1
4,800,1731.0,119,terminated,2,0,0,2,1731.0,1,1,0,1,1,4,1,9,2,2,1,5,2,2,1,3,2,4,8,2,2,23,4,2,2,4,2,2,2,2
4,801,1750.0,100,terminated,2,0,0,2,1750.0,1,3,2,1,0,4,0,8,2,2,0,4,2,2,0,2,2,4,8,2,2,17,4,2,2,4,2,2,2,2
4,802,1752.0,98,terminated,2,0,0,2,1752.0,1,1,1,0,1,3,1,8,2,2,1,5,2,2,1,3,2,3,7,2,2,21,4,2,2,4,2,2,2,2
4,803,1750.0,100,terminated,2,0,0,2,1750.0,1,4,2,2,0,4,0,8,2,2,0,4,2,2,0,2,2,4,8,2,2,16,4,2,2,4,2,2,2,2
4,804,338.0,52,terminated,1,26,1,2,338.0,0,2,1,1,1,2,1,6,1,2,1,4,1,2,1,3,2,2,5,1,2,18,3,1,2,3,1,2,1,2
4,805,1747.0,103,terminated,2,0,0,2,1747.0,1,2,2,0,1,4,1,9,2,2,1,5,2,2,1,3,2,4,8,2,2,29,4,2,2,4,2,2,2,2
4,806,1701.0,149,terminated,2,0,0,2,1701.0,1,2,1,1,1,3,1,8,2,2,1,5,2,2,1,3,2,3,7,2,2,20,4,2,2,4,2,2,2,2
4,807,1749.0,101,terminated,2,0,0,2,1749.0,1,2,1,1,1,3,1,8,2,2,1,5,2,2,1,3,2,3,7,2,2,21,4,2,2,4,2,2,2,2
4,808,1749.0,101,terminated,2,0,0,2,1749.0,1,3,2,1,1,4,1,9,2,2,1,5,2,2,1,3,2,4,8,2,2,18,4,2,2,4,2,2,2,2
4,809,1528.0,122,terminated,2,0,0,1,1528.0,1,2,1,1,1,2,1,6,2,1,1,4,2,1,1,2,1,2,5,2,1,17,3,2,1,3,2,1,2,1
4,810,666.0,94,terminated,2,9,1,2,666.0,0,2,1,1,1,4,1,9,2,2,1,5,2,2,1,3,2,4,8,2,2,22,4,2,2,4,2,2,2,2
4,811,41.0,19,terminated,1,39,1,1,41.0,0,1,0,1,0,1,0,3,1,1,0,2,1,1,0,1,1,1,3,1,1,18,2,1,1,2,1,1,1,1
4,812,1733.0,117,terminated,2,0,0,2,1733.0,1,3,1,2,1,3,1,8,2,2,1,5,2,2,1,3,2,3,7,2,2,18,4,2,2,4,2,2,2,2
4,813,1735.0,115,terminated,2,0,0,2,1735.0,1,2,1,1,1,4,1,9,2,2,1,5,2,2,1,3,2,4,8,2,2,18,4,2,2,4,2,2,2,2
4,814,-156.0,26,terminated,1,38,1,0,-156.0,0,1,1,0,1,1,1,3,1,0,1,2,1,0,1,1,0,1,2,1,0,17,1,1,0,1,1,0,1,0
4,815,1729.0,121,terminated,2,0,0,2,1729.0,1,3,2,1,1,4,1,9,2,2,1,5,2,2,1,3,2,4,8,2,2,28,4,2,2,4,2,2,2,2
4,816,1518.0,132,terminated,2,0,0,1,1518.0,1,2,1,1,1,3,1,7,2,1,1,4,2,1,1,2,1,3,6,2,1,36,3,2,1,3,2,1,2,1
4,817,1740.0,110,terminated,2,0,0,2,1740.0,1,2,2,0,1,4,1,9,2,2,1,5,2,2,1,3,2,4,8,2,2,17,4,2,2,4,2,2,2,2
4,818,1712.0,138,terminated,2,0,0,2,1712.0,1,2,1,1,1,3,1,8,2,2,1,5,2,2,1,3,2,3,7,2,2,17,4,2,2,4,2,2,2,2
4,819,1712.0,138,terminated,2,0,0,2,1712.0,1,1,1,0,1,4,1,9,2,2,1,5,2,2,1,3,2,4,8,2,2,17,4,2,2,4,2,2,2,2
4,820,1736.0,114,terminated,2,0,0,2,1736.0,1,1,0,1,1,4,1,9,2,2,1,5,2,2,1,3,2,4,8,2,2,17,4,2,2,4,2,2,2,2
4,821,1761.0,89,terminated,2,0,0,2,1761.0,1,2,2,0,1,4,1,9,2,2,1,5,2,2,1,3,2,4,8,2,2,21,4,2,2,4,2,2,2,2
4,822,1722.0,128,terminated,2,0,0,2,1722.0,1,2,1,1,0,4,0,8,2,2,0,4,2,2,0,2,2,4,8,2,2,23,4,2,2,4,2,2,2,2
4,823,665.0,95,terminated,2,9,1,2,665.0,0,0,0,0,1,4,1,9,2,2,1,5,2,2,1,3,2,4,8,2,2,17,4,2,2,4,2,2,2,2
4,824,1754.0,96,terminated,2,0,0,2,1754.0,1,3,1,2,0,4,0,8,2,2,0,4,2,2,0,2,2,4,8,2,2,16,4,2,2,4,2,2,2,2
4,825,1750.0,100,terminated,2,0,0,2,1750.0,1,2,1,1,0,4,0,8,2,2,0,4,2,2,0,2,2,4,8,2,2,17,4,2,2,4,2,2,2,2
4,826,1540.0,110,terminated,2,0,0,1,1540.0,1,1,0,1,1,3,1,7,2,1,1,4,2,1,1,2,1,3,6,2,1,17,3,2,1,3,2,1,2,1
4,827,1540.0,110,terminated,2,0,0,1,1540.0,1,1,0,1,1,3,1,7,2,1,1,4,2,1,1,2,1,3,6,2,1,17,3,2,1,3,2,1,2,1
4,828,1752.0,98,terminated,2,0,0,2,1752.0,1,2,2,0,1,4,1,9,2,2,1,5,2,2,1,3,2,4,8,2,2,18,4,2,2,4,2,2,2,2
4,829,480.0,130,terminated,2,4,1,1,480.0,0,0,0,0,1,3,1,7,2,1,1,4,2,1,1,2,1,3,6,2,1,18,3,2,1,3,2,1,2,1
4,830,1761.0,89,terminated,2,0,0,2,1761.0,1,3,2,1,1,4,1,9,2,2,1,5,2,2,1,3,2,4,8,2,2,17,4,2,2,4,2,2,2,2
4,831,1541.0,109,terminated,2,0,0,1,1541.0,1,1,1,0,1,3,1,7,2,1,1,4,2,1,1,2,1,3,6,2,1,21,3,2,1,3,2,1,2,1
4,832,1530.0,120,terminated,2,0,0,1,1530.0,1,2,2,0,1,3,1,7,2,1,1,4,2,1,1,2,1,3,6,2,1,17,3,2,1,3,2,1,2,1
4,833,1762.0,88,terminated,2,0,0,2,1762.0,1,4,2,2,1,3,1,8,2,2,1,5,2,2,1,3,2,3,7,2,2,15,4,2,2,4,2,2,2,2
4,834,1765.0,85,terminated,2,0,0,2,1765.0,1,0,0,0,1,3,1,8,2,2,1,5,2,2,1,3,2,3,7,2,2,17,4,2,2,4,2,2,2,2
4,835,1750.0,100,terminated,2,0,0,2,1750.0,1,2,1,1,1,4,1,9,2,2,1,5,2,2,1,3,2,4,8,2,2,19,4,2,2,4,2,2,2,2
4,836,359.0,151,terminated,2,14,1,1,359.0,0,1,0,1,0,3,0,6,2,1,0,3,2,1,0,1,1,3,6,2,1,21,3,2,1,3,2,1,2,1
4,837,1764.0,86,terminated,2,0,0,2,1764.0,1,1,0,1,1,4,1,9,2,2,1,5,2,2,1,3,2,4,8,2,2,19,4,2,2,4,2,2,2,2
4,838,1730.0,120,terminated,2,0,0,2,1730.0,1,2,1,1,1,4,1,9,2,2,1,5,2,2,1,3,2,4,8,2,2,18,4,2,2,4,2,2,2,2
4,839,1750.0,100,terminated,2,0,0,2,1750.0,1,3,2,1,0,4,0,8,2,2,0,4,2,2,0,2,2,4,8,2,2,20,4,2,2,4,2,2,2,2
4,840,1750.0,100,terminated,2,0,0,2,1750.0,1,0,0,0,1,4,1,9,2,2,1,5,2,2,1,3,2,4,8,2,2,19,4,2,2,4,2,2,2,2
4,841,1741.0,109,terminated,2,0,0,2,1741.0,1,2,1,1,1,4,1,9,2,2,1,5,2,2,1,3,2,4,8,2,2,21,4,2,2,4,2,2,2,2
4,842,1751.0,99,terminated,2,0,0,2,1751.0,1,3,1,2,1,4,1,9,2,2,1,5,2,2,1,3,2,4,8,2,2,19,4,2,2,4,2,2,2,2
4,843,1737.0,113,terminated,2,0,0,2,1737.0,1,3,2,1,0,4,0,8,2,2,0,4,2,2,0,2,2,4,8,2,2,19,4,2,2,4,2,2,2,2
4,844,1751.0,99,terminated,2,0,0,2,1751.0,1,3,2,1,1,3,1,8,2,2,1,5,2,2,1,3,2,3,7,2,2,15,4,2,2,4,2,2,2,2
4,845,1744.0,106,terminated,2,0,0,2,1744.0,1,2,1,1,1,4,1,9,2,2,1,5,2,2,1,3,2,4,8,2,2,19,4,2,2,4,2,2,2,2
4,846,435.0,85,terminated,1,13,1,2,435.0,0,0,0,0,1,3,1,7,1,2,1,4,1,2,1,3,2,3,6,1,2,17,3,1,2,3,1,2,1,2
4,847,1755.0,95,terminated,2,0,0,2,1755.0,1,1,0,1,1,3,1,8,2,2,1,5,2,2,1,3,2,3,7,2,2,17,4,2,2,4,2,2,2,2
4,848,1735.0,115,terminated,2,0,0,2,1735.0,1,2,0,2,0,4,0,8,2,2,0,4,2,2,0,2,2,4,8,2,2,17,4,2,2,4,2,2,2,2
4,849,1752.0,98,terminated,2,0,0,2,1752.0,1,0,0,0,1,4,1,9,2,2,1,5,2,2,1,3,2,4,8,2,2,18,4,2,2,4,2,2,2,2
4,850,1538.0,112,terminated,1,0,0,2,1538.0,1,2,1,1,1,3,1,7,1,2,1,4,1,2,1,3,2,3,6,1,2,18,3,1,2,3,1,2,1,2
4,851,1550.0,100,terminated,2,0,0,1,1550.0,1,1,1,0,1,3,1,7,2,1,1,4,2,1,1,2,1,3,6,2,1,17,3,2,1,3,2,1,2,1
4,852,1700.0,150,terminated,2,0,0,2,1700.0,1,1,0,1,1,4,1,9,2,2,1,5,2,2,1,3,2,4,8,2,2,23,4,2,2,4,2,2,2,2
4,853,1724.0,126,terminated,2,0,0,2,1724.0,1,1,1,0,1,4,1,9,2,2,1,5,2,2,1,3,2,4,8,2,2,22,4,2,2,4,2,2,2,2
4,854,1530.0,120,terminated,1,0,0,2,1530.0,1,1,0,1,0,3,0,6,1,2,0,3,1,2,0,2,2,3,6,1,2,17,3,1,2,3,1,2,1,2
4,855,1488.0,162,terminated,1,0,0,2,1488.0,1,2,1,1,1,2,1,6,1,2,1,4,1,2,1,3,2,2,5,1,2,17,3,1,2,3,1,2,1,2
4,856,1731.0,119,terminated,2,0,0,2,1731.0,1,1,1,0,1,4,1,9,2,2,1,5,2,2,1,3,2,4,8,2,2,20,4,2,2,4,2,2,2,2
4,857,348.0,42,terminated,1,26,1,2,348.0,0,2,1,1,1,3,1,7,1,2,1,4,1,2,1,3,2,3,6,1,2,20,3,1,2,3,1,2,1,2
4,858,1753.0,97,terminated,2,0,0,2,1753.0,1,3,1,2,1,3,1,8,2,2,1,5,2,2,1,3,2,3,7,2,2,17,4,2,2,4,2,2,2,2
4,859,1712.0,138,terminated,2,0,0,2,1712.0,1,1,0,1,1,4,1,9,2,2,1,5,2,2,1,3,2,4,8,2,2,18,4,2,2,4,2,2,2,2
4,860,1530.0,120,terminated,2,0,0,1,1530.0,1,1,1,0,1,3,1,7,2,1,1,4,2,1,1,2,1,3,6,2,1,17,3,2,1,3,2,1,2,1
4,861,734.0,96,terminated,2,2,1,2,734.0,0,1,0,1,1,4,1,9,2,2,1,5,2,2,1,3,2,4,8,2,2,17,4,2,2,4,2,2,2,2
4,862,1753.0,97,terminated,2,0,0,2,1753.0,1,2,1,1,1,4,1,9,2,2,1,5,2,2,1,3,2,4,8,2,2,21,4,2,2,4,2,2,2,2
4,863,1752.0,98,terminated,2,0,0,2,1752.0,1,3,1,2,1,4,1,9,2,2,1,5,2,2,1,3,2,4,8,2,2,18,4,2,2,4,2,2,2,2
4,864,1748.0,102,terminated,2,0,0,2,1748.0,1,2,1,1,1,3,1,8,2,2,1,5,2,2,1,3,2,3,7,2,2,17,4,2,2,4,2,2,2,2
4,865,1746.0,104,terminated,2,0,0,2,1746.0,1,3,1,2,1,4,1,9,2,2,1,5,2,2,1,3,2,4,8,2,2,18,4,2,2,4,2,2,2,2
4,866,1743.0,107,terminated,2,0,0,2,1743.0,1,2,1,1,1,4,1,9,2,2,1,5,2,2,1,3,2,4,8,2,2,16,4,2,2,4,2,2,2,2
4,867,648.0,92,terminated,2,11,1,2,648.0,0,2,0,2,0,3,0,7,2,2,0,4,2,2,0,2,2,3,7,2,2,17,4,2,2,4,2,2,2,2
4,868,1736.0,114,terminated,2,0,0,2,1736.0,1,2,0,2,0,4,0,8,2,2,0,4,2,2,0,2,2,4,8,2,2,18,4,2,2,4,2,2,2,2
4,869,1754.0,96,terminated,2,0,0,2,1754.0,1,2,0,2,1,3,1,8,2,2,1,5,2,2,1,3,2,3,7,2,2,19,4,2,2,4,2,2,2,2
4,870,1756.0,94,terminated,2,0,0,2,1756.0,1,1,1,0,1,4,1,9,2,2,1,5,2,2,1,3,2,4,8,2,2,17,4,2,2,4,2,2,2,2
4,871,1725.0,125,terminated,2,0,0,2,1725.0,1,3,2,1,1,4,1,9,2,2,1,5,2,2,1,3,2,4,8,2,2,21,4,2,2,4,2,2,2,2
4,872,1758.0,92,terminated,2,0,0,2,1758.0,1,2,0,2,1,4,1,9,2,2,1,5,2,2,1,3,2,4,8,2,2,17,4,2,2,4,2,2,2,2
4,873,679.0,101,terminated,2,7,1,2,679.0,0,1,0,1,1,4,1,9,2,2,1,5,2,2,1,3,2,4,8,2,2,19,4,2,2,4,2,2,2,2
4,874,1733.0,117,terminated,2,0,0,2,1733.0,1,3,2,1,0,4,0,8,2,2,0,4,2,2,0,2,2,4,8,2,2,15,4,2,2,4,2,2,2,2
4,875,1740.0,110,terminated,2,0,0,2,1740.0,1,3,1,2,1,3,1,8,2,2,1,5,2,2,1,3,2,3,7,2,2,14,4,2,2,4,2,2,2,2
4,876,1748.0,102,terminated,2,0,0,2,1748.0,1,2,1,1,1,4,1,9,2,2,1,5,2,2,1,3,2,4,8,2,2,20,4,2,2,4,2,2,2,2
4,877,1746.0,104,terminated,2,0,0,2,1746.0,1,4,2,2,1,3,1,8,2,2,1,5,2,2,1,3,2,3,7,2,2,22,4,2,2,4,2,2,2,2
4,878,1733.0,117,terminated,2,0,0,2,1733.0,1,1,0,1,1,4,1,9,2,2,1,5,2,2,1,3,2,4,8,2,2,20,4,2,2,4,2,2,2,2
4,879,1743.0,107,terminated,2,0,0,2,1743.0,1,0,0,0,1,4,1,9,2,2,1,5,2,2,1,3,2,4,8,2,2,17,4,2,2,4,2,2,2,2
4,880,1509.0,141,terminated,1,0,0,2,1509.0,1,1,0,1,1,3,1,7,1,2,1,4,1,2,1,3,2,3,6,1,2,17,3,1,2,3,1,2,1,2
4,881,530.0,50,terminated,2,27,1,2,530.0,0,1,1,0,1,4,1,9,2,2,1,5,2,2,1,3,2,4,8,2,2,17,4,2,2,4,2,2,2,2
4,882,1766.0,84,terminated,2,0,0,2,1766.0,1,1,0,1,1,4,1,9,2,2,1,5,2,2,1,3,2,4,8,2,2,17,4,2,2,4,2,2,2,2
4,883,1692.0,158,terminated,2,0,0,2,1692.0,1,4,2,2,1,4,1,9,2,2,1,5,2,2,1,3,2,4,8,2,2,32,4,2,2,4,2,2,2,2
4,884,1754.0,96,terminated,2,0,0,2,1754.0,1,3,1,2,1,4,1,9,2,2,1,5,2,2,1,3,2,4,8,2,2,18,4,2,2,4,2,2,2,2
4,885,1729.0,121,terminated,2,0,0,2,1729.0,1,1,1,0,0,3,0,7,2,2,0,4,2,2,0,2,2,3,7,2,2,17,4,2,2,4,2,2,2,2
4,886,1715.0,135,terminated,2,0,0,2,1715.0,1,3,2,1,1,4,1,9,2,2,1,5,2,2,1,3,2,4,8,2,2,17,4,2,2,4,2,2,2,2
4,887,1744.0,106,terminated,2,0,0,2,1744.0,1,2,2,0,1,4,1,9,2,2,1,5,2,2,1,3,2,4,8,2,2,23,4,2,2,4,2,2,2,2
4,888,356.0,44,terminated,1,25,1,2,356.0,0,1,0,1,1,2,1,6,1,2,1,4,1,2,1,3,2,2,5,1,2,19,3,1,2,3,1,2,1,2
4,889,1737.0,113,terminated,2,0,0,2,1737.0,1,1,0,1,1,4,1,9,2,2,1,5,2,2,1,3,2,4,8,2,2,20,4,2,2,4,2,2,2,2
4,890,1723.0,127,terminated,2,0,0,2,1723.0,1,3,1,2,1,4,1,9,2,2,1,5,2,2,1,3,2,4,8,2,2,28,4,2,2,4,2,2,2,2
4,891,440.0,110,terminated,2,10,1,1,440.0,0,2,2,0,0,3,0,6,2,1,0,3,2,1,0,1,1,3,6,2,1,20,3,2,1,3,2,1,2,1
4,892,1506.0,144,terminated,1,0,0,2,1506.0,1,1,0,1,1,3,1,7,1,2,1,4,1,2,1,3,2,3,6,1,2,18,3,1,2,3,1,2,1,2
4,893,698.0,112,terminated,2,4,1,2,698.0,0,2,1,1,1,4,1,9,2,2,1,5,2,2,1,3,2,4,8,2,2,23,4,2,2,4,2,2,2,2
4,894,1677.0,173,terminated,2,0,0,2,1677.0,1,3,2,1,1,4,1,9,2,2,1,5,2,2,1,3,2,4,8,2,2,27,4,2,2,4,2,2,2,2
4,895,1754.0,96,terminated,2,0,0,2,1754.0,1,3,1,2,1,4,1,9,2,2,1,5,2,2,1,3,2,4,8,2,2,19,4,2,2,4,2,2,2,2
4,896,1716.0,134,terminated,2,0,0,2,1716.0,1,2,0,2,1,4,1,9,2,2,1,5,2,2,1,3,2,4,8,2,2,17,4,2,2,4,2,2,2,2
4,897,1747.0,103,terminated,2,0,0,2,1747.0,1,2,1,1,1,4,1,9,2,2,1,5,2,2,1,3,2,4,8,2,2,18,4,2,2,4,2,2,2,2
4,898,1753.0,97,terminated,2,0,0,2,1753.0,1,2,1,1,1,4,1,9,2,2,1,5,2,2,1,3,2,4,8,2,2,22,4,2,2,4,2,2,2,2
4,899,1756.0,94,terminated,2,0,0,2,1756.0,1,3,2,1,0,4,0,8,2,2,0,4,2,2,0,2,2,4,8,2,2,18,4,2,2,4,2,2,2,2
4,900,1745.0,105,terminated,2,0,0,2,1745.0,1,1,1,0,1,4,1,9,2,2,1,5,2,2,1,3,2,4,8,2,2,17,4,2,2,4,2,2,2,2
4,901,1754.0,96,terminated,2,0,0,2,1754.0,1,3,1,2,1,4,1,9,2,2,1,5,2,2,1,3,2,4,8,2,2,28,4,2,2,4,2,2,2,2
4,902,1747.0,103,terminated,2,0,0,2,1747.0,1,2,1,1,0,4,0,8,2,2,0,4,2,2,0,2,2,4,8,2,2,21,4,2,2,4,2,2,2,2
4,903,1737.0,113,terminated,2,0,0,2,1737.0,1,4,2,2,1,4,1,9,2,2,1,5,2,2,1,3,2,4,8,2,2,18,4,2,2,4,2,2,2,2
4,904,1551.0,99,terminated,2,0,0,1,1551.0,1,3,2,1,1,3,1,7,2,1,1,4,2,1,1,2,1,3,6,2,1,18,3,2,1,3,2,1,2,1
4,905,1543.0,107,terminated,1,0,0,2,1543.0,1,1,1,0,1,3,1,7,1,2,1,4,1,2,1,3,2,3,6,1,2,26,3,1,2,3,1,2,1,2
4,906,1747.0,103,terminated,2,0,0,2,1747.0,1,2,1,1,1,4,1,9,2,2,1,5,2,2,1,3,2,4,8,2,2,18,4,2,2,4,2,2,2,2
4,907,1738.0,112,terminated,2,0,0,2,1738.0,1,1,1,0,1,4,1,9,2,2,1,5,2,2,1,3,2,4,8,2,2,21,4,2,2,4,2,2,2,2
4,908,1732.0,118,terminated,2,0,0,2,1732.0,1,3,1,2,0,4,0,8,2,2,0,4,2,2,0,2,2,4,8,2,2,15,4,2,2,4,2,2,2,2
4,909,1755.0,95,terminated,2,0,0,2,1755.0,1,2,1,1,1,4,1,9,2,2,1,5,2,2,1,3,2,4,8,2,2,17,4,2,2,4,2,2,2,2
4,910,1760.0,90,terminated,2,0,0,2,1760.0,1,1,0,1,1,3,1,8,2,2,1,5,2,2,1,3,2,3,7,2,2,21,4,2,2,4,2,2,2,2
4,911,1751.0,99,terminated,2,0,0,2,1751.0,1,2,2,0,1,4,1,9,2,2,1,5,2,2,1,3,2,4,8,2,2,17,4,2,2,4,2,2,2,2
4,912,1759.0,91,terminated,2,0,0,2,1759.0,1,2,1,1,1,4,1,9,2,2,1,5,2,2,1,3,2,4,8,2,2,19,4,2,2,4,2,2,2,2
4,913,1737.0,113,terminated,2,0,0,2,1737.0,1,2,1,1,1,4,1,9,2,2,1,5,2,2,1,3,2,4,8,2,2,18,4,2,2,4,2,2,2,2
4,914,1523.0,127,terminated,1,0,0,2,1523.0,1,1,1,0,1,3,1,7,1,2,1,4,1,2,1,3,2,3,6,1,2,17,3,1,2,3,1,2,1,2
4,915,1713.0,137,terminated,2,0,0,2,1713.0,1,1,1,0,1,4,1,9,2,2,1,5,2,2,1,3,2,4,8,2,2,17,4,2,2,4,2,2,2,2
4,916,1549.0,101,terminated,2,0,0,1,1549.0,1,1,1,0,1,3,1,7,2,1,1,4,2,1,1,2,1,3,6,2,1,19,3,2,1,3,2,1,2,1
4,917,1740.0,110,terminated,2,0,0,2,1740.0,1,1,1,0,1,3,1,8,2,2,1,5,2,2,1,3,2,3,7,2,2,17,4,2,2,4,2,2,2,2
4,918,1738.0,112,terminated,2,0,0,2,1738.0,1,1,0,1,1,4,1,9,2,2,1,5,2,2,1,3,2,4,8,2,2,20,4,2,2,4,2,2,2,2
4,919,1734.0,116,terminated,2,0,0,2,1734.0,1,2,2,0,1,4,1,9,2,2,1,5,2,2,1,3,2,4,8,2,2,19,4,2,2,4,2,2,2,2
4,920,1723.0,127,terminated,2,0,0,2,1723.0,1,1,0,1,1,4,1,9,2,2,1,5,2,2,1,3,2,4,8,2,2,17,4,2,2,4,2,2,2,2
4,921,1736.0,114,terminated,2,0,0,2,1736.0,1,2,2,0,1,4,1,9,2,2,1,5,2,2,1,3,2,4,8,2,2,21,4,2,2,4,2,2,2,2
4,922,1735.0,115,terminated,2,0,0,2,1735.0,1,3,2,1,1,4,1,9,2,2,1,5,2,2,1,3,2,4,8,2,2,19,4,2,2,4,2,2,2,2
4,923,1715.0,135,terminated,2,0,0,2,1715.0,1,4,2,2,1,4,1,9,2,2,1,5,2,2,1,3,2,4,8,2,2,21,4,2,2,4,2,2,2,2
4,924,1333.0,117,terminated,1,0,0,1,1333.0,1,1,0,1,0,2,0,4,1,1,0,2,1,1,0,1,1,2,4,1,1,25,2,1,1,2,1,1,1,1
4,925,1757.0,93,terminated,2,0,0,2,1757.0,1,0,0,0,1,4,1,9,2,2,1,5,2,2,1,3,2,4,8,2,2,21,4,2,2,4,2,2,2,2
4,926,1735.0,115,terminated,2,0,0,2,1735.0,1,1,0,1,1,4,1,9,2,2,1,5,2,2,1,3,2,4,8,2,2,18,4,2,2,4,2,2,2,2
4,927,1755.0,95,terminated,2,0,0,2,1755.0,1,0,0,0,1,3,1,8,2,2,1,5,2,2,1,3,2,3,7,2,2,21,4,2,2,4,2,2,2,2
4,928,1749.0,101,terminated,2,0,0,2,1749.0,1,2,1,1,1,4,1,9,2,2,1,5,2,2,1,3,2,4,8,2,2,17,4,2,2,4,2,2,2,2
4,929,1549.0,101,terminated,1,0,0,2,1549.0,1,1,0,1,1,3,1,7,1,2,1,4,1,2,1,3,2,3,6,1,2,19,3,1,2,3,1,2,1,2
4,930,1739.0,111,terminated,2,0,0,2,1739.0,1,1,0,1,1,4,1,9,2,2,1,5,2,2,1,3,2,4,8,2,2,19,4,2,2,4,2,2,2,2
4,931,496.0,54,terminated,2,30,1,2,496.0,0,4,2,2,1,3,1,8,2,2,1,5,2,2,1,3,2,3,7,2,2,20,4,2,2,4,2,2,2,2
4,932,1751.0,99,terminated,2,0,0,2,1751.0,1,1,1,0,1,4,1,9,2,2,1,5,2,2,1,3,2,4,8,2,2,18,4,2,2,4,2,2,2,2
4,933,1724.0,126,terminated,2,0,0,2,1724.0,1,2,1,1,1,4,1,9,2,2,1,5,2,2,1,3,2,4,8,2,2,19,4,2,2,4,2,2,2,2
4,934,1706.0,144,terminated,2,0,0,2,1706.0,1,1,0,1,1,4,1,9,2,2,1,5,2,2,1,3,2,4,8,2,2,19,4,2,2,4,2,2,2,2
4,935,62.0,38,terminated,1,35,1,1,62.0,0,2,1,1,1,2,1,5,1,1,1,3,1,1,1,2,1,2,4,1,1,22,2,1,1,2,1,1,1,1
4,936,1768.0,82,terminated,2,0,0,2,1768.0,1,0,0,0,1,4,1,9,2,2,1,5,2,2,1,3,2,4,8,2,2,19,4,2,2,4,2,2,2,2
4,937,1751.0,99,terminated,2,0,0,2,1751.0,1,3,2,1,0,4,0,8,2,2,0,4,2,2,0,2,2,4,8,2,2,16,4,2,2,4,2,2,2,2
4,938,1500.0,150,terminated,1,0,0,2,1500.0,1,1,0,1,1,2,1,6,1,2,1,4,1,2,1,3,2,2,5,1,2,21,3,1,2,3,1,2,1,2
4,939,1768.0,82,terminated,2,0,0,2,1768.0,1,2,1,1,0,4,0,8,2,2,0,4,2,2,0,2,2,4,8,2,2,17,4,2,2,4,2,2,2,2
4,940,682.0,98,terminated,2,7,1,2,682.0,0,0,0,0,1,4,1,9,2,2,1,5,2,2,1,3,2,4,8,2,2,17,4,2,2,4,2,2,2,2
4,941,1735.0,115,terminated,2,0,0,2,1735.0,1,2,1,1,1,4,1,9,2,2,1,5,2,2,1,3,2,4,8,2,2,18,4,2,2,4,2,2,2,2
4,942,1720.0,130,terminated,2,0,0,2,1720.0,1,2,0,2,1,4,1,9,2,2,1,5,2,2,1,3,2,4,8,2,2,18,4,2,2,4,2,2,2,2
4,943,1724.0,126,terminated,2,0,0,2,1724.0,1,1,1,0,1,4,1,9,2,2,1,5,2,2,1,3,2,4,8,2,2,24,4,2,2,4,2,2,2,2
4,944,1727.0,123,terminated,2,0,0,2,1727.0,1,2,0,2,1,4,1,9,2,2,1,5,2,2,1,3,2,4,8,2,2,19,4,2,2,4,2,2,2,2
4,945,1764.0,86,terminated,2,0,0,2,1764.0,1,2,1,1,1,3,1,8,2,2,1,5,2,2,1,3,2,3,7,2,2,18,4,2,2,4,2,2,2,2
4,946,1749.0,101,terminated,2,0,0,2,1749.0,1,0,0,0,1,4,1,9,2,2,1,5,2,2,1,3,2,4,8,2,2,17,4,2,2,4,2,2,2,2
4,947,1733.0,117,terminated,2,0,0,2,1733.0,1,3,2,1,1,4,1,9,2,2,1,5,2,2,1,3,2,4,8,2,2,22,4,2,2,4,2,2,2,2
4,948,1474.0,176,terminated,1,0,0,2,1474.0,1,3,1,2,1,2,1,6,1,2,1,4,1,2,1,3,2,2,5,1,2,19,3,1,2,3,1,2,1,2
4,949,1761.0,89,terminated,2,0,0,2,1761.0,1,2,1,1,1,4,1,9,2,2,1,5,2,2,1,3,2,4,8,2,2,17,4,2,2,4,2,2,2,2
4,950,1732.0,118,terminated,2,0,0,2,1732.0,1,2,1,1,1,4,1,9,2,2,1,5,2,2,1,3,2,4,8,2,2,18,4,2,2,4,2,2,2,2
4,951,1766.0,84,terminated,2,0,0,2,1766.0,1,3,1,2,1,4,1,9,2,2,1,5,2,2,1,3,2,4,8,2,2,17,4,2,2,4,2,2,2,2
4,952,42.0,18,terminated,1,39,1,1,42.0,0,2,1,1,0,2,0,4,1,1,0,2,1,1,0,1,1,2,4,1,1,14,2,1,1,2,1,1,1,1
4,953,1740.0,110,terminated,2,0,0,2,1740.0,1,3,2,1,0,4,0,8,2,2,0,4,2,2,0,2,2,4,8,2,2,13,4,2,2,4,2,2,2,2
4,954,1754.0,96,terminated,2,0,0,2,1754.0,1,2,1,1,1,4,1,9,2,2,1,5,2,2,1,3,2,4,8,2,2,17,4,2,2,4,2,2,2,2
4,955,1693.0,157,terminated,2,0,0,2,1693.0,1,3,2,1,1,4,1,9,2,2,1,5,2,2,1,3,2,4,8,2,2,19,4,2,2,4,2,2,2,2
4,956,41.0,29,terminated,1,38,1,1,41.0,0,2,1,1,1,0,1,3,1,1,1,3,1,1,1,2,1,0,2,1,1,29,2,1,1,2,1,1,1,1
4,957,1557.0,93,terminated,1,0,0,2,1557.0,1,1,1,0,1,3,1,7,1,2,1,4,1,2,1,3,2,3,6,1,2,17,3,1,2,3,1,2,1,2
4,958,1739.0,111,terminated,2,0,0,2,1739.0,1,1,1,0,1,4,1,9,2,2,1,5,2,2,1,3,2,4,8,2,2,22,4,2,2,4,2,2,2,2
4,959,1314.0,136,terminated,0,0,0,2,1314.0,1,1,0,1,0,2,0,4,0,2,0,2,0,2,0,2,2,2,4,0,2,23,2,0,2,2,0,2,0,2
4,960,1670.0,180,terminated,2,0,0,2,1670.0,1,2,1,1,0,3,0,7,2,2,0,4,2,2,0,2,2,3,7,2,2,23,4,2,2,4,2,2,2,2
4,961,1528.0,122,terminated,2,0,0,1,1528.0,1,1,0,1,0,2,0,5,2,1,0,3,2,1,0,1,1,2,5,2,1,18,3,2,1,3,2,1,2,1
4,962,1744.0,106,terminated,2,0,0,2,1744.0,1,3,2,1,1,4,1,9,2,2,1,5,2,2,1,3,2,4,8,2,2,20,4,2,2,4,2,2,2,2
4,963,1705.0,145,terminated,2,0,0,2,1705.0,1,3,2,1,1,4,1,9,2,2,1,5,2,2,1,3,2,4,8,2,2,19,4,2,2,4,2,2,2,2
4,964,1736.0,114,terminated,2,0,0,2,1736.0,1,2,2,0,1,4,1,9,2,2,1,5,2,2,1,3,2,4,8,2,2,24,4,2,2,4,2,2,2,2
4,965,1733.0,117,terminated,2,0,0,2,1733.0,1,1,1,0,1,3,1,8,2,2,1,5,2,2,1,3,2,3,7,2,2,18,4,2,2,4,2,2,2,2
4,966,1525.0,125,terminated,2,0,0,1,1525.0,1,1,1,0,1,3,1,7,2,1,1,4,2,1,1,2,1,3,6,2,1,17,3,2,1,3,2,1,2,1
4,967,58.0,22,terminated,1,37,1,1,58.0,0,1,0,1,1,2,1,5,1,1,1,3,1,1,1,2,1,2,4,1,1,19,2,1,1,2,1,1,1,1
4,968,1669.0,181,terminated,2,0,0,2,1669.0,1,3,1,2,1,4,1,9,2,2,1,5,2,2,1,3,2,4,8,2,2,27,4,2,2,4,2,2,2,2
4,969,1527.0,123,terminated,1,0,0,2,1527.0,1,2,1,1,0,3,0,6,1,2,0,3,1,2,0,2,2,3,6,1,2,21,3,1,2,3,1,2,1,2
4,970,1540.0,110,terminated,1,0,0,2,1540.0,1,3,1,2,1,3,1,7,1,2,1,4,1,2,1,3,2,3,6,1,2,17,3,1,2,3,1,2,1,2
4,971,1757.0,93,terminated,2,0,0,2,1757.0,1,2,0,2,1,3,1,8,2,2,1,5,2,2,1,3,2,3,7,2,2,17,4,2,2,4,2,2,2,2
4,972,1526.0,124,terminated,1,0,0,2,1526.0,1,1,1,0,1,3,1,7,1,2,1,4,1,2,1,3,2,3,6,1,2,19,3,1,2,3,1,2,1,2
4,973,1766.0,84,terminated,2,0,0,2,1766.0,1,1,0,1,0,4,0,8,2,2,0,4,2,2,0,2,2,4,8,2,2,17,4,2,2,4,2,2,2,2
4,974,1743.0,107,terminated,2,0,0,2,1743.0,1,3,1,2,0,4,0,8,2,2,0,4,2,2,0,2,2,4,8,2,2,22,4,2,2,4,2,2,2,2
4,975,1540.0,110,terminated,2,0,0,1,1540.0,1,3,2,1,1,3,1,7,2,1,1,4,2,1,1,2,1,3,6,2,1,17,3,2,1,3,2,1,2,1
4,976,1491.0,159,terminated,1,0,0,2,1491.0,1,2,0,2,1,3,1,7,1,2,1,4,1,2,1,3,2,3,6,1,2,25,3,1,2,3,1,2,1,2
4,977,1757.0,93,terminated,2,0,0,2,1757.0,1,1,0,1,1,4,1,9,2,2,1,5,2,2,1,3,2,4,8,2,2,17,4,2,2,4,2,2,2,2
4,978,1530.0,120,terminated,1,0,0,2,1530.0,1,2,1,1,1,3,1,7,1,2,1,4,1,2,1,3,2,3,6,1,2,19,3,1,2,3,1,2,1,2
4,979,1713.0,137,terminated,2,0,0,2,1713.0,1,2,1,1,1,3,1,8,2,2,1,5,2,2,1,3,2,3,7,2,2,18,4,2,2,4,2,2,2,2
4,980,1769.0,81,terminated,2,0,0,2,1769.0,1,2,1,1,1,4,1,9,2,2,1,5,2,2,1,3,2,4,8,2,2,16,4,2,2,4,2,2,2,2
4,981,1739.0,111,terminated,2,0,0,2,1739.0,1,2,1,1,1,4,1,9,2,2,1,5,2,2,1,3,2,4,8,2,2,19,4,2,2,4,2,2,2,2
4,982,1676.0,174,terminated,2,0,0,2,1676.0,1,3,2,1,1,3,1,8,2,2,1,5,2,2,1,3,2,3,7,2,2,23,4,2,2,4,2,2,2,2
4,983,1527.0,123,terminated,2,0,0,1,1527.0,1,1,0,1,0,3,0,6,2,1,0,3,2,1,0,1,1,3,6,2,1,23,3,2,1,3,2,1,2,1
4,984,1752.0,98,terminated,2,0,0,2,1752.0,1,2,0,2,1,4,1,9,2,2,1,5,2,2,1,3,2,4,8,2,2,22,4,2,2,4,2,2,2,2
4,985,663.0,77,terminated,2,11,1,2,663.0,0,1,0,1,1,4,1,9,2,2,1,5,2,2,1,3,2,4,8,2,2,17,4,2,2,4,2,2,2,2
4,986,1730.0,120,terminated,2,0,0,2,1730.0,1,0,0,0,1,4,1,9,2,2,1,5,2,2,1,3,2,4,8,2,2,17,4,2,2,4,2,2,2,2
4,987,-158.0,18,terminated,1,39,1,0,-158.0,0,1,1,0,1,1,1,3,1,0,1,2,1,0,1,1,0,1,2,1,0,17,1,1,0,1,1,0,1,0
4,988,1737.0,113,terminated,2,0,0,2,1737.0,1,3,2,1,1,4,1,9,2,2,1,5,2,2,1,3,2,4,8,2,2,19,4,2,2,4,2,2,2,2
4,989,1547.0,103,terminated,2,0,0,1,1547.0,1,0,0,0,1,3,1,7,2,1,1,4,2,1,1,2,1,3,6,2,1,17,3,2,1,3,2,1,2,1
4,990,1542.0,108,terminated,2,0,0,1,1542.0,1,2,1,1,1,3,1,7,2,1,1,4,2,1,1,2,1,3,6,2,1,17,3,2,1,3,2,1,2,1
4,991,1494.0,156,terminated,2,0,0,1,1494.0,1,2,1,1,1,3,1,7,2,1,1,4,2,1,1,2,1,3,6,2,1,32,3,2,1,3,2,1,2,1
4,992,1718.0,132,terminated,2,0,0,2,1718.0,1,3,1,2,0,4,0,8,2,2,0,4,2,2,0,2,2,4,8,2,2,28,4,2,2,4,2,2,2,2
4,993,1742.0,108,terminated,2,0,0,2,1742.0,1,0,0,0,1,4,1,9,2,2,1,5,2,2,1,3,2,4,8,2,2,17,4,2,2,4,2,2,2,2
4,994,1719.0,131,terminated,2,0,0,2,1719.0,1,1,1,0,0,4,0,8,2,2,0,4,2,2,0,2,2,4,8,2,2,19,4,2,2,4,2,2,2,2
4,995,649.0,71,terminated,2,13,1,2,649.0,0,0,0,0,1,4,1,9,2,2,1,5,2,2,1,3,2,4,8,2,2,19,4,2,2,4,2,2,2,2
4,996,1730.0,120,terminated,2,0,0,2,1730.0,1,4,2,2,1,4,1,9,2,2,1,5,2,2,1,3,2,4,8,2,2,22,4,2,2,4,2,2,2,2
4,997,1545.0,105,terminated,1,0,0,2,1545.0,1,0,0,0,1,3,1,7,1,2,1,4,1,2,1,3,2,3,6,1,2,17,3,1,2,3,1,2,1,2
4,998,1733.0,117,terminated,2,0,0,2,1733.0,1,2,0,2,1,4,1,9,2,2,1,5,2,2,1,3,2,4,8,2,2,17,4,2,2,4,2,2,2,2
4,999,1527.0,123,terminated,1,0,0,2,1527.0,1,2,1,1,1,3,1,7,1,2,1,4,1,2,1,3,2,3,6,1,2,18,3,1,2,3,1,2,1,2
