schema_version,episode,return,length,termination,metric/blue_eaten,metric/food_remaining,metric/lost,metric/orange_eaten,metric/score,metric/won,count/pacman%2Fconditional-vegan-v0/ConditionalVegan,count/pacman%2Fconditional-vegan-v0/ConditionalVegetarianBlue,count/pacman%2Fconditional-vegan-v0/ConditionalVegetarianOrange,count/pacman%2Fhungry-v0/count,count/pacman%2Fhungry-vegan-penalty-v1/CTD,count/pacman%2Fhungry-vegan-penalty-v1/Hungr,count/pacman%2Fhungry-vegan-penalty-v1/HungryVeganPenalty,count/pacman%2Fhungry-vegan-penalty-v1/VegetarianBlue,count/pacman%2Fhungry-vegan-penalty-v1/VegetarianOrange,count/pacman%2Fhungry-vegan-v0/Hungr,count/pacman%2Fhungry-vegan-v0/HungryVegan,count/pacman%2Fhungry-vegan-v0/VegetarianBlue,count/pacman%2Fhungry-vegan-v0/VegetarianOrange,count/pacman%2Fhungry-vegetarian-v0/Hungr,count/pacman%2Fhungry-vegetarian-v0/HungryVegetarian,count/pacman%2Fhungry-vegetarian-v0/VegetarianOrange,count/pacman%2Fpenalty-v0/CTD,count/pacman%2Fpenalty-v0/Penalty%28total%29,count/pacman%2Fpenalty-v0/VegetarianBlue,count/pacman%2Fpenalty-v0/VegetarianOrange,count/pacman%2Ftrapped-v1/count,count/pacman%2Fvegan-preference-v0/VeganPreference,count/pacman%2Fvegan-preference-v0/VegetarianBlue,count/pacman%2Fvegan-preference-v0/VegetarianOrange,count/pacman%2Fvegan-v0/Vegan,count/pacman%2Fvegan-v0/VegetarianBlue,count/pacman%2Fvegan-v0/VegetarianOrange,count/pacman%2Fvegetarian-blue-v0/count,count/pacman%2Fvegetarian-orange-v0/count
4,0,159.0,51,terminated,1,24,1,1,159.0,0,2,1,1,1,1,1,4,1,1,1,3,1,1,1,2,1,1,3,1,1,14,2,1,1,2,1,1,1,1
4,1,308.0,42,terminated,2,30,1,1,308.0,0,0,0,0,1,2,1,6,2,1,1,4,2,1,1,2,1,2,5,2,1,17,3,2,1,3,2,1,2,1
4,2,690.0,300,truncated,2,16,0,1,690.0,0,1,0,1,1,2,1,6,2,1,1,4,2,1,1,2,1,2,5,2,1,17,3,2,1,3,2,1,2,1
4,3,401.0,119,terminated,2,13,1,1,401.0,0,0,0,0,1,3,1,7,2,1,1,4,2,1,1,2,1,3,6,2,1,17,3,2,1,3,2,1,2,1
4,4,1247.0,203,terminated,1,0,0,1,1247.0,1,0,0,0,1,1,1,4,1,1,1,3,1,1,1,2,1,1,3,1,1,17,2,1,1,2,1,1,1,1
4,5,394.0,76,terminated,1,18,1,2,394.0,0,1,1,0,1,3,1,7,1,2,1,4,1,2,1,3,2,3,6,1,2,18,3,1,2,3,1,2,1,2
4,6,1703.0,147,terminated,2,0,0,2,1703.0,1,0,0,0,1,4,1,9,2,2,1,5,2,2,1,3,2,4,8,2,2,17,4,2,2,4,2,2,2,2
4,7,1504.0,146,terminated,1,0,0,2,1504.0,1,2,1,1,1,3,1,7,1,2,1,4,1,2,1,3,2,3,6,1,2,17,3,1,2,3,1,2,1,2
4,8,1443.0,207,terminated,1,0,0,2,1443.0,1,1,0,1,1,3,1,7,1,2,1,4,1,2,1,3,2,3,6,1,2,19,3,1,2,3,1,2,1,2
4,9,1714.0,136,terminated,2,0,0,2,1714.0,1,2,1,1,0,4,0,8,2,2,0,4,2,2,0,2,2,4,8,2,2,17,4,2,2,4,2,2,2,2
4,10,760.0,300,truncated,1,9,0,2,760.0,0,2,1,1,0,2,0,5,1,2,0,3,1,2,0,2,2,2,5,1,2,12,3,1,2,3,1,2,1,2
4,11,339.0,91,terminated,1,22,1,2,339.0,0,2,0,2,1,3,1,7,1,2,1,4,1,2,1,3,2,3,6,1,2,19,3,1,2,3,1,2,1,2
4,12,1742.0,108,terminated,2,0,0,2,1742.0,1,3,2,1,0,4,0,8,2,2,0,4,2,2,0,2,2,4,8,2,2,16,4,2,2,4,2,2,2,2
4,13,329.0,61,terminated,1,26,1,2,329.0,0,0,0,0,1,2,1,6,1,2,1,4,1,2,1,3,2,2,5,1,2,17,3,1,2,3,1,2,1,2
4,14,1727.0,123,terminated,2,0,0,2,1727.0,1,3,1,2,1,4,1,9,2,2,1,5,2,2,1,3,2,4,8,2,2,17,4,2,2,4,2,2,2,2
4,15,404.0,66,terminated,1,18,1,2,404.0,0,0,0,0,1,3,1,7,1,2,1,4,1,2,1,3,2,3,6,1,2,20,3,1,2,3,1,2,1,2
4,16,1372.0,278,terminated,2,0,0,1,1372.0,1,2,1,1,1,3,1,7,2,1,1,4,2,1,1,2,1,3,6,2,1,16,3,2,1,3,2,1,2,1
4,17,583.0,57,terminated,2,21,1,2,583.0,0,2,1,1,1,4,1,9,2,2,1,5,2,2,1,3,2,4,8,2,2,16,4,2,2,4,2,2,2,2
4,18,381.0,89,terminated,2,18,1,1,381.0,0,1,1,0,1,3,1,7,2,1,1,4,2,1,1,2,1,3,6,2,1,19,3,2,1,3,2,1,2,1
4,19,181.0,239,terminated,0,3,1,2,181.0,0,0,0,0,1,2,1,5,0,2,1,3,0,2,1,3,2,2,4,0,2,17,2,0,2,2,0,2,0,2
4,20,1679.0,171,terminated,2,0,0,2,1679.0,1,1,1,0,1,4,1,9,2,2,1,5,2,2,1,3,2,4,8,2,2,17,4,2,2,4,2,2,2,2
4,21,614.0,76,terminated,2,16,1,2,614.0,0,1,0,1,0,4,0,8,2,2,0,4,2,2,0,2,2,4,8,2,2,18,4,2,2,4,2,2,2,2
4,22,1721.0,129,terminated,2,0,0,2,1721.0,1,2,1,1,1,4,1,9,2,2,1,5,2,2,1,3,2,4,8,2,2,17,4,2,2,4,2,2,2,2
4,23,540.0,300,truncated,0,11,0,2,540.0,0,0,0,0,1,2,1,5,0,2,1,3,0,2,1,3,2,2,4,0,2,17,2,0,2,2,0,2,0,2
4,24,1502.0,148,terminated,1,0,0,2,1502.0,1,1,0,1,1,3,1,7,1,2,1,4,1,2,1,3,2,3,6,1,2,17,3,1,2,3,1,2,1,2
4,25,1748.0,102,terminated,2,0,0,2,1748.0,1,3,2,1,1,3,1,8,2,2,1,5,2,2,1,3,2,3,7,2,2,17,4,2,2,4,2,2,2,2
4,26,530.0,300,truncated,0,12,0,2,530.0,0,0,0,0,1,2,1,5,0,2,1,3,0,2,1,3,2,2,4,0,2,17,2,0,2,2,0,2,0,2
4,27,382.0,138,terminated,2,13,1,1,382.0,0,1,1,0,1,3,1,7,2,1,1,4,2,1,1,2,1,3,6,2,1,17,3,2,1,3,2,1,2,1
4,28,1558.0,92,terminated,1,0,0,2,1558.0,1,1,1,0,1,3,1,7,1,2,1,4,1,2,1,3,2,3,6,1,2,17,3,1,2,3,1,2,1,2
4,29,154.0,146,terminated,0,15,1,2,154.0,0,0,0,0,1,2,1,5,0,2,1,3,0,2,1,3,2,2,4,0,2,17,2,0,2,2,0,2,0,2
4,30,1662.0,188,terminated,2,0,0,2,1662.0,1,1,1,0,1,4,1,9,2,2,1,5,2,2,1,3,2,4,8,2,2,17,4,2,2,4,2,2,2,2
4,31,1398.0,252,terminated,1,0,0,2,1398.0,1,3,1,2,1,3,1,7,1,2,1,4,1,2,1,3,2,3,6,1,2,17,3,1,2,3,1,2,1,2
4,32,1557.0,93,terminated,1,0,0,2,1557.0,1,1,1,0,1,2,1,6,1,2,1,4,1,2,1,3,2,2,5,1,2,17,3,1,2,3,1,2,1,2
4,33,210.0,80,terminated,0,16,1,2,210.0,0,0,0,0,1,2,1,5,0,2,1,3,0,2,1,3,2,2,4,0,2,17,2,0,2,2,0,2,0,2
4,34,1478.0,172,terminated,1,0,0,2,1478.0,1,2,1,1,1,3,1,7,1,2,1,4,1,2,1,3,2,3,6,1,2,20,3,1,2,3,1,2,1,2
4,35,296.0,184,terminated,2,17,1,1,296.0,0,2,1,1,1,3,1,7,2,1,1,4,2,1,1,2,1,3,6,2,1,19,3,2,1,3,2,1,2,1
4,36,-158.0,18,terminated,1,39,1,0,-158.0,0,1,1,0,0,1,0,2,1,0,0,1,1,0,0,0,0,1,2,1,0,17,1,1,0,1,1,0,1,0
4,37,1407.0,243,terminated,2,0,0,1,1407.0,1,2,1,1,1,3,1,7,2,1,1,4,2,1,1,2,1,3,6,2,1,17,3,2,1,3,2,1,2,1
4,38,1683.0,167,terminated,2,0,0,2,1683.0,1,2,1,1,0,3,0,7,2,2,0,4,2,2,0,2,2,3,7,2,2,14,4,2,2,4,2,2,2,2
4,39,69.0,261,terminated,1,32,1,2,69.0,0,1,0,1,0,3,0,6,1,2,0,3,1,2,0,2,2,3,6,1,2,17,3,1,2,3,1,2,1,2
4,40,535.0,45,terminated,2,27,1,2,535.0,0,2,1,1,0,2,0,6,2,2,0,4,2,2,0,2,2,2,6,2,2,19,4,2,2,4,2,2,2,2
4,41,685.0,115,terminated,2,5,1,2,685.0,0,3,1,2,0,3,0,7,2,2,0,4,2,2,0,2,2,3,7,2,2,17,4,2,2,4,2,2,2,2
4,42,1671.0,179,terminated,2,0,0,2,1671.0,1,1,0,1,1,4,1,9,2,2,1,5,2,2,1,3,2,4,8,2,2,17,4,2,2,4,2,2,2,2
4,43,336.0,194,terminated,1,12,1,2,336.0,0,2,0,2,1,2,1,6,1,2,1,4,1,2,1,3,2,2,5,1,2,17,3,1,2,3,1,2,1,2
4,44,138.0,52,terminated,0,26,1,2,138.0,0,1,0,1,1,2,1,5,0,2,1,3,0,2,1,3,2,2,4,0,2,19,2,0,2,2,0,2,0,2
4,45,720.0,300,truncated,2,13,0,1,720.0,0,2,1,1,1,3,1,7,2,1,1,4,2,1,1,2,1,3,6,2,1,17,3,2,1,3,2,1,2,1
4,46,378.0,142,terminated,1,13,1,2,378.0,0,2,1,1,1,3,1,7,1,2,1,4,1,2,1,3,2,3,6,1,2,15,3,1,2,3,1,2,1,2
4,47,1438.0,212,terminated,2,0,0,1,1438.0,1,1,0,1,1,2,1,6,2,1,1,4,2,1,1,2,1,2,5,2,1,17,3,2,1,3,2,1,2,1
4,48,1712.0,138,terminated,2,0,0,2,1712.0,1,4,2,2,0,3,0,7,2,2,0,4,2,2,0,2,2,3,7,2,2,13,4,2,2,4,2,2,2,2
4,49,649.0,111,terminated,2,9,1,2,649.0,0,1,0,1,1,4,1,9,2,2,1,5,2,2,1,3,2,4,8,2,2,17,4,2,2,4,2,2,2,2
4,50,1488.0,162,terminated,1,0,0,2,1488.0,1,0,0,0,1,2,1,6,1,2,1,4,1,2,1,3,2,2,5,1,2,17,3,1,2,3,1,2,1,2
4,51,1723.0,127,terminated,2,0,0,2,1723.0,1,3,1,2,1,4,1,9,2,2,1,5,2,2,1,3,2,4,8,2,2,19,4,2,2,4,2,2,2,2
4,52,1685.0,165,terminated,2,0,0,2,1685.0,1,3,2,1,1,3,1,8,2,2,1,5,2,2,1,3,2,3,7,2,2,15,4,2,2,4,2,2,2,2
4,53,810.0,300,truncated,2,4,0,1,810.0,0,0,0,0,1,3,1,7,2,1,1,4,2,1,1,2,1,3,6,2,1,17,3,2,1,3,2,1,2,1
4,54,491.0,289,terminated,2,7,1,2,491.0,0,2,1,1,1,4,1,9,2,2,1,5,2,2,1,3,2,4,8,2,2,19,4,2,2,4,2,2,2,2
4,55,1627.0,223,terminated,2,0,0,2,1627.0,1,2,1,1,0,3,0,7,2,2,0,4,2,2,0,2,2,3,7,2,2,17,4,2,2,4,2,2,2,2
4,56,-177.0,17,terminated,0,41,1,1,-177.0,0,1,0,1,0,1,0,2,0,1,0,1,0,1,0,1,1,1,2,0,1,17,1,0,1,1,0,1,0,1
4,57,401.0,199,terminated,2,5,1,1,401.0,0,2,1,1,1,3,1,7,2,1,1,4,2,1,1,2,1,3,6,2,1,17,3,2,1,3,2,1,2,1
4,58,1730.0,120,terminated,2,0,0,2,1730.0,1,2,0,2,0,4,0,8,2,2,0,4,2,2,0,2,2,4,8,2,2,17,4,2,2,4,2,2,2,2
4,59,1497.0,153,terminated,2,0,0,1,1497.0,1,0,0,0,1,3,1,7,2,1,1,4,2,1,1,2,1,3,6,2,1,17,3,2,1,3,2,1,2,1
4,60,644.0,76,terminated,2,13,1,2,644.0,0,0,0,0,1,4,1,9,2,2,1,5,2,2,1,3,2,4,8,2,2,17,4,2,2,4,2,2,2,2
4,61,299.0,41,terminated,1,31,1,2,299.0,0,1,1,0,0,3,0,6,1,2,0,3,1,2,0,2,2,3,6,1,2,17,3,1,2,3,1,2,1,2
4,62,730.0,300,truncated,1,12,0,2,730.0,0,1,0,1,1,3,1,7,1,2,1,4,1,2,1,3,2,3,6,1,2,19,3,1,2,3,1,2,1,2
4,63,160.0,110,terminated,1,18,1,1,160.0,0,2,1,1,0,2,0,4,1,1,0,2,1,1,0,1,1,2,4,1,1,26,2,1,1,2,1,1,1,1
4,64,359.0,241,terminated,2,5,1,1,359.0,0,0,0,0,1,2,1,6,2,1,1,4,2,1,1,2,1,2,5,2,1,17,3,2,1,3,2,1,2,1
4,65,461.0,119,terminated,1,7,1,2,461.0,0,2,1,1,1,2,1,6,1,2,1,4,1,2,1,3,2,2,5,1,2,17,3,1,2,3,1,2,1,2
4,66,369.0,131,terminated,2,15,1,1,369.0,0,2,2,0,1,2,1,6,2,1,1,4,2,1,1,2,1,2,5,2,1,17,3,2,1,3,2,1,2,1
4,67,518.0,122,terminated,2,1,1,1,518.0,0,0,0,0,1,3,1,7,2,1,1,4,2,1,1,2,1,3,6,2,1,17,3,2,1,3,2,1,2,1
4,68,-52.0,42,terminated,0,26,1,1,-52.0,0,0,0,0,1,1,1,3,0,1,1,2,0,1,1,2,1,1,2,0,1,17,1,0,1,1,0,1,0,1
4,69,30.0,20,terminated,1,40,1,1,30.0,0,1,0,1,1,1,1,4,1,1,1,3,1,1,1,2,1,1,3,1,1,19,2,1,1,2,1,1,1,1
4,70,1732.0,118,terminated,2,0,0,2,1732.0,1,2,1,1,0,3,0,7,2,2,0,4,2,2,0,2,2,3,7,2,2,16,4,2,2,4,2,2,2,2
4,71,337.0,243,terminated,1,7,1,2,337.0,0,0,0,0,1,3,1,7,1,2,1,4,1,2,1,3,2,3,6,1,2,17,3,1,2,3,1,2,1,2
4,72,137.0,233,terminated,2,8,1,0,137.0,0,0,0,0,1,2,1,5,2,0,1,3,2,0,1,1,0,2,4,2,0,17,2,2,0,2,2,0,2,0
4,73,1530.0,120,terminated,2,0,0,1,1530.0,1,3,2,1,1,3,1,7,2,1,1,4,2,1,1,2,1,3,6,2,1,21,3,2,1,3,2,1,2,1
4,74,1503.0,147,terminated,2,0,0,1,1503.0,1,2,1,1,0,3,0,6,2,1,0,3,2,1,0,1,1,3,6,2,1,14,3,2,1,3,2,1,2,1
4,75,439.0,81,terminated,2,13,1,1,439.0,0,2,1,1,1,3,1,7,2,1,1,4,2,1,1,2,1,3,6,2,1,17,3,2,1,3,2,1,2,1
4,76,377.0,153,terminated,2,12,1,1,377.0,0,2,1,1,0,3,0,6,2,1,0,3,2,1,0,1,1,3,6,2,1,17,3,2,1,3,2,1,2,1
4,77,183.0,127,terminated,0,14,1,2,183.0,0,2,0,2,1,2,1,5,0,2,1,3,0,2,1,3,2,2,4,0,2,17,2,0,2,2,0,2,0,2
4,78,1485.0,165,terminated,1,0,0,2,1485.0,1,2,0,2,1,3,1,7,1,2,1,4,1,2,1,3,2,3,6,1,2,17,3,1,2,3,1,2,1,2
4,79,1467.0,183,terminated,1,0,0,2,1467.0,1,0,0,0,1,3,1,7,1,2,1,4,1,2,1,3,2,3,6,1,2,17,3,1,2,3,1,2,1,2
4,80,1494.0,156,terminated,1,0,0,2,1494.0,1,1,1,0,1,3,1,7,1,2,1,4,1,2,1,3,2,3,6,1,2,17,3,1,2,3,1,2,1,2
4,81,1625.0,225,terminated,2,0,0,2,1625.0,1,1,0,1,1,4,1,9,2,2,1,5,2,2,1,3,2,4,8,2,2,17,4,2,2,4,2,2,2,2
4,82,1521.0,129,terminated,1,0,0,2,1521.0,1,1,0,1,1,2,1,6,1,2,1,4,1,2,1,3,2,2,5,1,2,17,3,1,2,3,1,2,1,2
4,83,192.0,88,terminated,2,17,1,0,192.0,0,1,1,0,1,2,1,5,2,0,1,3,2,0,1,1,0,2,4,2,0,17,2,2,0,2,2,0,2,0
4,84,1323.0,127,terminated,1,0,0,1,1323.0,1,2,1,1,1,1,1,4,1,1,1,3,1,1,1,2,1,1,3,1,1,19,2,1,1,2,1,1,1,1
4,85,1532.0,118,terminated,1,0,0,2,1532.0,1,1,0,1,1,3,1,7,1,2,1,4,1,2,1,3,2,3,6,1,2,18,3,1,2,3,1,2,1,2
4,86,1434.0,216,terminated,2,0,0,1,1434.0,1,2,2,0,1,3,1,7,2,1,1,4,2,1,1,2,1,3,6,2,1,19,3,2,1,3,2,1,2,1
4,87,1714.0,136,terminated,2,0,0,2,1714.0,1,2,1,1,0,3,0,7,2,2,0,4,2,2,0,2,2,3,7,2,2,13,4,2,2,4,2,2,2,2
4,88,1470.0,180,terminated,2,0,0,1,1470.0,1,1,1,0,1,3,1,7,2,1,1,4,2,1,1,2,1,3,6,2,1,17,3,2,1,3,2,1,2,1
4,89,364.0,116,terminated,2,17,1,1,364.0,0,1,0,1,1,3,1,7,2,1,1,4,2,1,1,2,1,3,6,2,1,17,3,2,1,3,2,1,2,1
4,90,100.0,40,terminated,1,31,1,1,100.0,0,2,1,1,1,2,1,5,1,1,1,3,1,1,1,2,1,2,4,1,1,17,2,1,1,2,1,1,1,1
4,91,398.0,122,terminated,2,13,1,1,398.0,0,1,0,1,0,3,0,6,2,1,0,3,2,1,0,1,1,3,6,2,1,23,3,2,1,3,2,1,2,1
4,92,360.0,50,terminated,2,24,1,1,360.0,0,0,0,0,1,2,1,6,2,1,1,4,2,1,1,2,1,2,5,2,1,17,3,2,1,3,2,1,2,1
4,93,124.0,276,terminated,2,5,1,0,124.0,0,1,1,0,1,2,1,5,2,0,1,3,2,0,1,1,0,2,4,2,0,21,2,2,0,2,2,0,2,0
4,94,1534.0,116,terminated,1,0,0,2,1534.0,1,2,1,1,1,3,1,7,1,2,1,4,1,2,1,3,2,3,6,1,2,17,3,1,2,3,1,2,1,2
4,95,-53.0,133,terminated,1,17,1,0,-53.0,0,0,0,0,1,1,1,3,1,0,1,2,1,0,1,1,0,1,2,1,0,17,1,1,0,1,1,0,1,0
4,96,1491.0,159,terminated,2,0,0,1,1491.0,1,1,0,1,1,2,1,6,2,1,1,4,2,1,1,2,1,2,5,2,1,17,3,2,1,3,2,1,2,1
4,97,1470.0,180,terminated,1,0,0,2,1470.0,1,0,0,0,1,2,1,6,1,2,1,4,1,2,1,3,2,2,5,1,2,17,3,1,2,3,1,2,1,2
4,98,1691.0,159,terminated,2,0,0,2,1691.0,1,2,1,1,0,4,0,8,2,2,0,4,2,2,0,2,2,4,8,2,2,17,4,2,2,4,2,2,2,2
4,99,550.0,300,truncated,2,10,0,0,550.0,0,0,0,0,1,2,1,5,2,0,1,3,2,0,1,1,0,2,4,2,0,17,2,2,0,2,2,0,2,0
4,100,1290.0,160,terminated,1,0,0,1,1290.0,1,1,1,0,1,2,1,5,1,1,1,3,1,1,1,2,1,2,4,1,1,19,2,1,1,2,1,1,1,1
4,101,1451.0,199,terminated,2,0,0,1,1451.0,1,2,1,1,0,2,0,5,2,1,0,3,2,1,0,1,1,2,5,2,1,16,3,2,1,3,2,1,2,1
4,102,639.0,71,terminated,2,14,1,2,639.0,0,2,2,0,0,4,0,8,2,2,0,4,2,2,0,2,2,4,8,2,2,17,4,2,2,4,2,2,2,2
4,103,-170.0,20,terminated,1,40,1,0,-170.0,0,0,0,0,1,0,1,2,1,0,1,2,1,0,1,1,0,0,1,1,0,19,1,1,0,1,1,0,1,0
4,104,135.0,175,terminated,1,14,1,1,135.0,0,1,0,1,1,2,1,5,1,1,1,3,1,1,1,2,1,2,4,1,1,17,2,1,1,2,1,1,1,1
4,105,591.0,129,terminated,2,13,1,2,591.0,0,1,0,1,1,4,1,9,2,2,1,5,2,2,1,3,2,4,8,2,2,17,4,2,2,4,2,2,2,2
4,106,1218.0,232,terminated,2,0,0,0,1218.0,1,1,1,0,1,2,1,5,2,0,1,3,2,0,1,1,0,2,4,2,0,19,2,2,0,2,2,0,2,0
4,107,567.0,83,terminated,2,20,1,2,567.0,0,2,1,1,1,3,1,8,2,2,1,5,2,2,1,3,2,3,7,2,2,17,4,2,2,4,2,2,2,2
4,108,1607.0,243,terminated,2,0,0,2,1607.0,1,1,0,1,0,3,0,7,2,2,0,4,2,2,0,2,2,3,7,2,2,17,4,2,2,4,2,2,2,2
4,109,1463.0,187,terminated,2,0,0,1,1463.0,1,3,2,1,1,3,1,7,2,1,1,4,2,1,1,2,1,3,6,2,1,19,3,2,1,3,2,1,2,1
4,110,116.0,204,terminated,1,13,1,1,116.0,0,0,0,0,1,1,1,4,1,1,1,3,1,1,1,2,1,1,3,1,1,17,2,1,1,2,1,1,1,1
4,111,715.0,115,terminated,2,2,1,2,715.0,0,2,0,2,0,3,0,7,2,2,0,4,2,2,0,2,2,3,7,2,2,17,4,2,2,4,2,2,2,2
4,112,705.0,115,terminated,2,3,1,2,705.0,0,3,1,2,1,4,1,9,2,2,1,5,2,2,1,3,2,4,8,2,2,16,4,2,2,4,2,2,2,2
4,113,286.0,44,terminated,2,32,1,1,286.0,0,1,0,1,1,3,1,7,2,1,1,4,2,1,1,2,1,3,6,2,1,17,3,2,1,3,2,1,2,1
4,114,1582.0,268,terminated,2,0,0,2,1582.0,1,3,2,1,1,4,1,9,2,2,1,5,2,2,1,3,2,4,8,2,2,17,4,2,2,4,2,2,2,2
4,115,1468.0,182,terminated,1,0,0,2,1468.0,1,0,0,0,1,2,1,6,1,2,1,4,1,2,1,3,2,2,5,1,2,17,3,1,2,3,1,2,1,2
4,116,1440.0,210,terminated,1,0,0,2,1440.0,1,2,1,1,1,3,1,7,1,2,1,4,1,2,1,3,2,3,6,1,2,17,3,1,2,3,1,2,1,2
4,117,99.0,41,terminated,1,31,1,1,99.0,0,1,0,1,1,1,1,4,1,1,1,3,1,1,1,2,1,1,3,1,1,17,2,1,1,2,1,1,1,1
4,118,1382.0,268,terminated,2,0,0,1,1382.0,1,0,0,0,1,3,1,7,2,1,1,4,2,1,1,2,1,3,6,2,1,17,3,2,1,3,2,1,2,1
4,119,594.0,76,terminated,2,18,1,2,594.0,0,2,1,1,0,4,0,8,2,2,0,4,2,2,0,2,2,4,8,2,2,23,4,2,2,4,2,2,2,2
4,120,384.0,66,terminated,2,20,1,1,384.0,0,2,1,1,1,3,1,7,2,1,1,4,2,1,1,2,1,3,6,2,1,17,3,2,1,3,2,1,2,1
4,121,1642.0,208,terminated,2,0,0,2,1642.0,1,2,1,1,0,4,0,8,2,2,0,4,2,2,0,2,2,4,8,2,2,17,4,2,2,4,2,2,2,2
4,122,132.0,248,terminated,0,7,1,2,132.0,0,1,0,1,0,2,0,4,0,2,0,2,0,2,0,2,2,2,4,0,2,17,2,0,2,2,0,2,0,2
4,123,421.0,99,terminated,1,13,1,2,421.0,0,1,1,0,1,3,1,7,1,2,1,4,1,2,1,3,2,3,6,1,2,21,3,1,2,3,1,2,1,2
4,124,1510.0,140,terminated,2,0,0,1,1510.0,1,0,0,0,1,3,1,7,2,1,1,4,2,1,1,2,1,3,6,2,1,17,3,2,1,3,2,1,2,1
4,125,1497.0,153,terminated,2,0,0,1,1497.0,1,0,0,0,1,2,1,6,2,1,1,4,2,1,1,2,1,2,5,2,1,17,3,2,1,3,2,1,2,1
4,126,1445.0,205,terminated,2,0,0,1,1445.0,1,3,2,1,0,2,0,5,2,1,0,3,2,1,0,1,1,2,5,2,1,17,3,2,1,3,2,1,2,1
4,127,418.0,132,terminated,2,10,1,1,418.0,0,1,1,0,1,2,1,6,2,1,1,4,2,1,1,2,1,2,5,2,1,17,3,2,1,3,2,1,2,1
4,128,688.0,152,terminated,2,1,1,2,688.0,0,0,0,0,1,4,1,9,2,2,1,5,2,2,1,3,2,4,8,2,2,17,4,2,2,4,2,2,2,2
4,129,1325.0,125,terminated,1,0,0,1,1325.0,1,1,1,0,1,1,1,4,1,1,1,3,1,1,1,2,1,1,3,1,1,21,2,1,1,2,1,1,1,1
4,130,717.0,103,terminated,2,3,1,2,717.0,0,2,1,1,1,4,1,9,2,2,1,5,2,2,1,3,2,4,8,2,2,17,4,2,2,4,2,2,2,2
4,131,371.0,69,terminated,1,21,1,2,371.0,0,3,1,2,1,3,1,7,1,2,1,4,1,2,1,3,2,3,6,1,2,17,3,1,2,3,1,2,1,2
4,132,380.0,90,terminated,2,18,1,1,380.0,0,2,1,1,1,3,1,7,2,1,1,4,2,1,1,2,1,3,6,2,1,21,3,2,1,3,2,1,2,1
4,133,1728.0,122,terminated,2,0,0,2,1728.0,1,3,2,1,1,4,1,9,2,2,1,5,2,2,1,3,2,4,8,2,2,15,4,2,2,4,2,2,2,2
4,134,375.0,65,terminated,1,21,1,2,375.0,0,3,1,2,0,2,0,5,1,2,0,3,1,2,0,2,2,2,5,1,2,17,3,1,2,3,1,2,1,2
4,135,1553.0,97,terminated,1,0,0,2,1553.0,1,2,1,1,1,3,1,7,1,2,1,4,1,2,1,3,2,3,6,1,2,17,3,1,2,3,1,2,1,2
4,136,1270.0,180,terminated,2,0,0,0,1270.0,1,1,1,0,1,2,1,5,2,0,1,3,2,0,1,1,0,2,4,2,0,17,2,2,0,2,2,0,2,0
4,137,1403.0,247,terminated,1,0,0,2,1403.0,1,3,1,2,1,3,1,7,1,2,1,4,1,2,1,3,2,3,6,1,2,21,3,1,2,3,1,2,1,2
4,138,1412.0,238,terminated,2,0,0,1,1412.0,1,1,0,1,1,3,1,7,2,1,1,4,2,1,1,2,1,3,6,2,1,17,3,2,1,3,2,1,2,1
4,139,1416.0,234,terminated,1,0,0,2,1416.0,1,0,0,0,1,2,1,6,1,2,1,4,1,2,1,3,2,2,5,1,2,17,3,1,2,3,1,2,1,2
4,140,1686.0,164,terminated,2,0,0,2,1686.0,1,2,1,1,1,4,1,9,2,2,1,5,2,2,1,3,2,4,8,2,2,17,4,2,2,4,2,2,2,2
4,141,323.0,117,terminated,2,21,1,1,323.0,0,3,2,1,0,3,0,6,2,1,0,3,2,1,0,1,1,3,6,2,1,17,3,2,1,3,2,1,2,1
4,142,1326.0,124,terminated,1,0,0,1,1326.0,1,1,0,1,1,2,1,5,1,1,1,3,1,1,1,2,1,2,4,1,1,17,2,1,1,2,1,1,1,1
4,143,677.0,153,terminated,2,2,1,2,677.0,0,3,1,2,0,3,0,7,2,2,0,4,2,2,0,2,2,3,7,2,2,14,4,2,2,4,2,2,2,2
4,144,567.0,63,terminated,2,22,1,2,567.0,0,2,0,2,0,4,0,8,2,2,0,4,2,2,0,2,2,4,8,2,2,17,4,2,2,4,2,2,2,2
4,145,465.0,105,terminated,2,8,1,1,465.0,0,0,0,0,1,3,1,7,2,1,1,4,2,1,1,2,1,3,6,2,1,17,3,2,1,3,2,1,2,1
4,146,1674.0,176,terminated,2,0,0,2,1674.0,1,2,1,1,1,4,1,9,2,2,1,5,2,2,1,3,2,4,8,2,2,17,4,2,2,4,2,2,2,2
4,147,1471.0,179,terminated,2,0,0,1,1471.0,1,0,0,0,1,3,1,7,2,1,1,4,2,1,1,2,1,3,6,2,1,17,3,2,1,3,2,1,2,1
4,148,109.0,41,terminated,1,30,1,1,109.0,0,2,1,1,0,2,0,4,1,1,0,2,1,1,0,1,1,2,4,1,1,14,2,1,1,2,1,1,1,1
4,149,369.0,101,terminated,2,18,1,1,369.0,0,2,1,1,0,3,0,6,2,1,0,3,2,1,0,1,1,3,6,2,1,17,3,2,1,3,2,1,2,1
4,150,1481.0,169,terminated,2,0,0,1,1481.0,1,2,1,1,0,3,0,6,2,1,0,3,2,1,0,1,1,3,6,2,1,18,3,2,1,3,2,1,2,1
4,151,1723.0,127,terminated,2,0,0,2,1723.0,1,2,0,2,1,3,1,8,2,2,1,5,2,2,1,3,2,3,7,2,2,17,4,2,2,4,2,2,2,2
4,152,1353.0,297,terminated,1,0,0,2,1353.0,1,0,0,0,1,3,1,7,1,2,1,4,1,2,1,3,2,3,6,1,2,17,3,1,2,3,1,2,1,2
4,153,159.0,161,terminated,1,13,1,1,159.0,0,0,0,0,1,2,1,5,1,1,1,3,1,1,1,2,1,2,4,1,1,17,2,1,1,2,1,1,1,1
4,154,103.0,47,terminated,2,30,1,0,103.0,0,2,2,0,1,2,1,5,2,0,1,3,2,0,1,1,0,2,4,2,0,17,2,2,0,2,2,0,2,0
4,155,617.0,123,terminated,2,11,1,2,617.0,0,2,1,1,0,4,0,8,2,2,0,4,2,2,0,2,2,4,8,2,2,14,4,2,2,4,2,2,2,2
4,156,190.0,130,terminated,2,13,1,0,190.0,0,0,0,0,1,2,1,5,2,0,1,3,2,0,1,1,0,2,4,2,0,17,2,2,0,2,2,0,2,0
4,157,1676.0,174,terminated,2,0,0,2,1676.0,1,1,1,0,0,4,0,8,2,2,0,4,2,2,0,2,2,4,8,2,2,27,4,2,2,4,2,2,2,2
4,158,410.0,80,terminated,2,16,1,1,410.0,0,1,1,0,1,3,1,7,2,1,1,4,2,1,1,2,1,3,6,2,1,17,3,2,1,3,2,1,2,1
4,159,1484.0,166,terminated,2,0,0,1,1484.0,1,1,1,0,1,3,1,7,2,1,1,4,2,1,1,2,1,3,6,2,1,17,3,2,1,3,2,1,2,1
4,160,1698.0,152,terminated,2,0,0,2,1698.0,1,2,1,1,1,3,1,8,2,2,1,5,2,2,1,3,2,3,7,2,2,17,4,2,2,4,2,2,2,2
4,161,42.0,18,terminated,1,39,1,1,42.0,0,1,0,1,0,1,0,3,1,1,0,2,1,1,0,1,1,1,3,1,1,17,2,1,1,2,1,1,1,1
4,162,1724.0,126,terminated,2,0,0,2,1724.0,1,2,1,1,1,4,1,9,2,2,1,5,2,2,1,3,2,4,8,2,2,17,4,2,2,4,2,2,2,2
4,163,1496.0,154,terminated,2,0,0,1,1496.0,1,2,1,1,1,3,1,7,2,1,1,4,2,1,1,2,1,3,6,2,1,18,3,2,1,3,2,1,2,1
4,164,-171.0,21,terminated,1,40,1,0,-171.0,0,1,1,0,1,1,1,3,1,0,1,2,1,0,1,1,0,1,2,1,0,19,1,1,0,1,1,0,1,0
4,165,94.0,36,terminated,2,32,1,0,94.0,0,0,0,0,1,1,1,4,2,0,1,3,2,0,1,1,0,1,3,2,0,17,2,2,0,2,2,0,2,0
4,166,131.0,149,terminated,0,17,1,2,131.0,0,1,0,1,1,2,1,5,0,2,1,3,0,2,1,3,2,2,4,0,2,17,2,0,2,2,0,2,0,2
4,167,436.0,114,terminated,2,10,1,1,436.0,0,1,1,0,0,3,0,6,2,1,0,3,2,1,0,1,1,3,6,2,1,17,3,2,1,3,2,1,2,1
4,168,133.0,187,terminated,0,13,1,2,133.0,0,1,0,1,1,2,1,5,0,2,1,3,0,2,1,3,2,2,4,0,2,19,2,0,2,2,0,2,0,2
4,169,1524.0,126,terminated,2,0,0,1,1524.0,1,3,2,1,1,3,1,7,2,1,1,4,2,1,1,2,1,3,6,2,1,19,3,2,1,3,2,1,2,1
4,170,1707.0,143,terminated,2,0,0,2,1707.0,1,2,1,1,1,4,1,9,2,2,1,5,2,2,1,3,2,4,8,2,2,16,4,2,2,4,2,2,2,2
4,171,780.0,300,truncated,2,7,0,1,780.0,0,1,1,0,1,3,1,7,2,1,1,4,2,1,1,2,1,3,6,2,1,17,3,2,1,3,2,1,2,1
4,172,292.0,108,terminated,1,25,1,2,292.0,0,2,1,1,1,3,1,7,1,2,1,4,1,2,1,3,2,3,6,1,2,17,3,1,2,3,1,2,1,2
4,173,617.0,103,terminated,2,13,1,2,617.0,0,2,1,1,1,3,1,8,2,2,1,5,2,2,1,3,2,3,7,2,2,16,4,2,2,4,2,2,2,2
4,174,501.0,39,terminated,2,31,1,2,501.0,0,1,1,0,1,3,1,8,2,2,1,5,2,2,1,3,2,3,7,2,2,17,4,2,2,4,2,2,2,2
4,175,1269.0,181,terminated,1,0,0,1,1269.0,1,0,0,0,1,2,1,5,1,1,1,3,1,1,1,2,1,2,4,1,1,17,2,1,1,2,1,1,1,1
4,176,331.0,69,terminated,2,25,1,1,331.0,0,1,1,0,1,3,1,7,2,1,1,4,2,1,1,2,1,3,6,2,1,17,3,2,1,3,2,1,2,1
4,177,339.0,41,terminated,1,27,1,2,339.0,0,1,1,0,1,3,1,7,1,2,1,4,1,2,1,3,2,3,6,1,2,17,3,1,2,3,1,2,1,2
4,178,770.0,300,truncated,2,8,0,1,770.0,0,2,1,1,0,3,0,6,2,1,0,3,2,1,0,1,1,3,6,2,1,17,3,2,1,3,2,1,2,1
4,179,1728.0,122,terminated,2,0,0,2,1728.0,1,2,1,1,1,3,1,8,2,2,1,5,2,2,1,3,2,3,7,2,2,14,4,2,2,4,2,2,2,2
4,180,149.0,221,terminated,1,8,1,1,149.0,0,0,0,0,1,2,1,5,1,1,1,3,1,1,1,2,1,2,4,1,1,17,2,1,1,2,1,1,1,1
4,181,119.0,131,terminated,0,20,1,2,119.0,0,1,0,1,1,1,1,4,0,2,1,3,0,2,1,3,2,1,3,0,2,17,2,0,2,2,0,2,0,2
4,182,1537.0,113,terminated,2,0,0,1,1537.0,1,1,0,1,1,3,1,7,2,1,1,4,2,1,1,2,1,3,6,2,1,17,3,2,1,3,2,1,2,1
4,183,623.0,97,terminated,2,13,1,2,623.0,0,4,2,2,0,3,0,7,2,2,0,4,2,2,0,2,2,3,7,2,2,23,4,2,2,4,2,2,2,2
4,184,538.0,192,terminated,2,12,1,2,538.0,0,0,0,0,1,4,1,9,2,2,1,5,2,2,1,3,2,4,8,2,2,17,4,2,2,4,2,2,2,2
4,185,1523.0,127,terminated,2,0,0,1,1523.0,1,2,2,0,1,2,1,6,2,1,1,4,2,1,1,2,1,2,5,2,1,17,3,2,1,3,2,1,2,1
4,186,575.0,75,terminated,2,20,1,2,575.0,0,0,0,0,1,4,1,9,2,2,1,5,2,2,1,3,2,4,8,2,2,17,4,2,2,4,2,2,2,2
4,187,402.0,68,terminated,1,18,1,2,402.0,0,3,1,2,0,2,0,5,1,2,0,3,1,2,0,2,2,2,5,1,2,13,3,1,2,3,1,2,1,2
4,188,1655.0,195,terminated,2,0,0,2,1655.0,1,1,1,0,1,4,1,9,2,2,1,5,2,2,1,3,2,4,8,2,2,17,4,2,2,4,2,2,2,2
4,189,446.0,154,terminated,1,5,1,2,446.0,0,1,0,1,1,3,1,7,1,2,1,4,1,2,1,3,2,3,6,1,2,17,3,1,2,3,1,2,1,2
4,190,620.0,170,terminated,2,6,1,2,620.0,0,1,1,0,0,4,0,8,2,2,0,4,2,2,0,2,2,4,8,2,2,17,4,2,2,4,2,2,2,2
4,191,211.0,159,terminated,1,8,1,1,211.0,0,2,1,1,1,1,1,4,1,1,1,3,1,1,1,2,1,1,3,1,1,23,2,1,1,2,1,1,1,1
4,192,183.0,67,terminated,1,20,1,1,183.0,0,1,0,1,1,2,1,5,1,1,1,3,1,1,1,2,1,2,4,1,1,17,2,1,1,2,1,1,1,1
4,193,448.0,112,terminated,2,9,1,1,448.0,0,1,0,1,1,3,1,7,2,1,1,4,2,1,1,2,1,3,6,2,1,17,3,2,1,3,2,1,2,1
4,194,1697.0,153,terminated,2,0,0,2,1697.0,1,0,0,0,1,2,1,7,2,2,1,5,2,2,1,3,2,2,6,2,2,17,4,2,2,4,2,2,2,2
4,195,579.0,91,terminated,2,18,1,2,579.0,0,4,2,2,0,3,0,7,2,2,0,4,2,2,0,2,2,3,7,2,2,16,4,2,2,4,2,2,2,2
4,196,1396.0,254,terminated,1,0,0,2,1396.0,1,2,1,1,1,2,1,6,1,2,1,4,1,2,1,3,2,2,5,1,2,19,3,1,2,3,1,2,1,2
4,197,356.0,74,terminated,1,22,1,2,356.0,0,1,0,1,1,2,1,6,1,2,1,4,1,2,1,3,2,2,5,1,2,17,3,1,2,3,1,2,1,2
4,198,534.0,186,terminated,2,13,1,2,534.0,0,1,1,0,0,3,0,7,2,2,0,4,2,2,0,2,2,3,7,2,2,17,4,2,2,4,2,2,2,2
4,199,69.0,211,terminated,1,17,1,1,69.0,0,1,0,1,1,2,1,5,1,1,1,3,1,1,1,2,1,2,4,1,1,17,2,1,1,2,1,1,1,1
4,200,1536.0,114,terminated,2,0,0,1,1536.0,1,1,1,0,1,3,1,7,2,1,1,4,2,1,1,2,1,3,6,2,1,17,3,2,1,3,2,1,2,1
4,201,236.0,114,terminated,0,10,1,2,236.0,0,0,0,0,1,1,1,4,0,2,1,3,0,2,1,3,2,1,3,0,2,17,2,0,2,2,0,2,0,2
4,202,103.0,267,terminated,1,8,1,1,103.0,0,1,1,0,0,1,0,3,1,1,0,2,1,1,0,1,1,1,3,1,1,17,2,1,1,2,1,1,1,1
4,203,325.0,185,terminated,2,14,1,1,325.0,0,2,2,0,1,3,1,7,2,1,1,4,2,1,1,2,1,3,6,2,1,19,3,2,1,3,2,1,2,1
4,204,19.0,31,terminated,1,40,1,1,19.0,0,2,1,1,1,1,1,4,1,1,1,3,1,1,1,2,1,1,3,1,1,14,2,1,1,2,1,1,1,1
4,205,356.0,144,terminated,2,15,1,1,356.0,0,0,0,0,1,3,1,7,2,1,1,4,2,1,1,2,1,3,6,2,1,17,3,2,1,3,2,1,2,1
4,206,624.0,96,terminated,2,13,1,2,624.0,0,2,1,1,0,4,0,8,2,2,0,4,2,2,0,2,2,4,8,2,2,14,4,2,2,4,2,2,2,2
4,207,-153.0,253,terminated,0,15,1,1,-153.0,0,1,0,1,1,1,1,3,0,1,1,2,0,1,1,2,1,1,2,0,1,17,1,0,1,1,0,1,0,1
4,208,512.0,128,terminated,1,1,1,2,512.0,0,1,0,1,1,3,1,7,1,2,1,4,1,2,1,3,2,3,6,1,2,17,3,1,2,3,1,2,1,2
4,209,585.0,85,terminated,2,18,1,2,585.0,0,0,0,0,1,4,1,9,2,2,1,5,2,2,1,3,2,4,8,2,2,17,4,2,2,4,2,2,2,2
4,210,653.0,117,terminated,2,8,1,2,653.0,0,3,2,1,0,3,0,7,2,2,0,4,2,2,0,2,2,3,7,2,2,18,4,2,2,4,2,2,2,2
4,211,210.0,220,terminated,2,2,1,0,210.0,0,1,1,0,1,2,1,5,2,0,1,3,2,0,1,1,0,2,4,2,0,21,2,2,0,2,2,0,2,0
4,212,77.0,233,terminated,2,14,1,0,77.0,0,0,0,0,1,2,1,5,2,0,1,3,2,0,1,1,0,2,4,2,0,17,2,2,0,2,2,0,2,0
4,213,1696.0,154,terminated,2,0,0,2,1696.0,1,4,2,2,0,4,0,8,2,2,0,4,2,2,0,2,2,4,8,2,2,13,4,2,2,4,2,2,2,2
4,214,1494.0,156,terminated,2,0,0,1,1494.0,1,2,1,1,1,3,1,7,2,1,1,4,2,1,1,2,1,3,6,2,1,17,3,2,1,3,2,1,2,1
4,215,1645.0,205,terminated,2,0,0,2,1645.0,1,1,0,1,1,3,1,8,2,2,1,5,2,2,1,3,2,3,7,2,2,17,4,2,2,4,2,2,2,2
4,216,31.0,19,terminated,1,40,1,1,31.0,0,2,1,1,1,0,1,3,1,1,1,3,1,1,1,2,1,0,2,1,1,19,2,1,1,2,1,1,1,1
4,217,1472.0,178,terminated,2,0,0,1,1472.0,1,2,1,1,0,3,0,6,2,1,0,3,2,1,0,1,1,3,6,2,1,15,3,2,1,3,2,1,2,1
4,218,200.0,100,terminated,2,15,1,0,200.0,0,0,0,0,1,2,1,5,2,0,1,3,2,0,1,1,0,2,4,2,0,17,2,2,0,2,2,0,2,0
4,219,-169.0,19,terminated,0,40,1,1,-169.0,0,1,0,1,1,0,1,2,0,1,1,2,0,1,1,2,1,0,1,0,1,19,1,0,1,1,0,1,0,1
4,220,1702.0,148,terminated,2,0,0,2,1702.0,1,0,0,0,1,3,1,8,2,2,1,5,2,2,1,3,2,3,7,2,2,17,4,2,2,4,2,2,2,2
4,221,1707.0,143,terminated,2,0,0,2,1707.0,1,0,0,0,1,3,1,8,2,2,1,5,2,2,1,3,2,3,7,2,2,17,4,2,2,4,2,2,2,2
4,222,1543.0,107,terminated,1,0,0,2,1543.0,1,2,0,2,0,3,0,6,1,2,0,3,1,2,0,2,2,3,6,1,2,17,3,1,2,3,1,2,1,2
4,223,1750.0,100,terminated,2,0,0,2,1750.0,1,2,1,1,1,3,1,8,2,2,1,5,2,2,1,3,2,3,7,2,2,17,4,2,2,4,2,2,2,2
4,224,1457.0,193,terminated,2,0,0,1,1457.0,1,0,0,0,1,2,1,6,2,1,1,4,2,1,1,2,1,2,5,2,1,17,3,2,1,3,2,1,2,1
4,225,1711.0,139,terminated,2,0,0,2,1711.0,1,1,0,1,0,3,0,7,2,2,0,4,2,2,0,2,2,3,7,2,2,28,4,2,2,4,2,2,2,2
4,226,480.0,90,terminated,1,8,1,2,480.0,0,2,1,1,1,3,1,7,1,2,1,4,1,2,1,3,2,3,6,1,2,17,3,1,2,3,1,2,1,2
4,227,1444.0,206,terminated,2,0,0,1,1444.0,1,1,0,1,0,3,0,6,2,1,0,3,2,1,0,1,1,3,6,2,1,17,3,2,1,3,2,1,2,1
4,228,369.0,91,terminated,1,19,1,2,369.0,0,2,1,1,1,3,1,7,1,2,1,4,1,2,1,3,2,3,6,1,2,17,3,1,2,3,1,2,1,2
4,229,686.0,124,terminated,2,4,1,2,686.0,0,1,1,0,0,4,0,8,2,2,0,4,2,2,0,2,2,4,8,2,2,17,4,2,2,4,2,2,2,2
4,230,1168.0,282,terminated,1,0,0,1,1168.0,1,1,1,0,0,2,0,4,1,1,0,2,1,1,0,1,1,2,4,1,1,17,2,1,1,2,1,1,1,1
4,231,720.0,300,truncated,2,13,0,1,720.0,0,0,0,0,1,2,1,6,2,1,1,4,2,1,1,2,1,2,5,2,1,17,3,2,1,3,2,1,2,1
4,232,403.0,97,terminated,1,15,1,2,403.0,0,2,1,1,1,3,1,7,1,2,1,4,1,2,1,3,2,3,6,1,2,19,3,1,2,3,1,2,1,2
4,233,1652.0,198,terminated,2,0,0,2,1652.0,1,2,0,2,1,3,1,8,2,2,1,5,2,2,1,3,2,3,7,2,2,17,4,2,2,4,2,2,2,2
4,234,1482.0,168,terminated,1,0,0,2,1482.0,1,2,0,2,1,3,1,7,1,2,1,4,1,2,1,3,2,3,6,1,2,17,3,1,2,3,1,2,1,2
4,235,400.0,300,truncated,0,5,0,1,400.0,0,1,0,1,1,1,1,3,0,1,1,2,0,1,1,2,1,1,2,0,1,17,1,0,1,1,0,1,0,1
4,236,188.0,132,terminated,2,13,1,0,188.0,0,0,0,0,1,2,1,5,2,0,1,3,2,0,1,1,0,2,4,2,0,17,2,2,0,2,2,0,2,0
4,237,613.0,87,terminated,2,15,1,2,613.0,0,0,0,0,1,4,1,9,2,2,1,5,2,2,1,3,2,4,8,2,2,17,4,2,2,4,2,2,2,2
4,238,1746.0,104,terminated,2,0,0,2,1746.0,1,3,2,1,1,4,1,9,2,2,1,5,2,2,1,3,2,4,8,2,2,17,4,2,2,4,2,2,2,2
4,239,1681.0,169,terminated,2,0,0,2,1681.0,1,2,1,1,1,3,1,8,2,2,1,5,2,2,1,3,2,3,7,2,2,17,4,2,2,4,2,2,2,2
4,240,720.0,300,truncated,2,13,0,1,720.0,0,2,1,1,1,2,1,6,2,1,1,4,2,1,1,2,1,2,5,2,1,17,3,2,1,3,2,1,2,1
4,241,1678.0,172,terminated,2,0,0,2,1678.0,1,2,1,1,1,2,1,7,2,2,1,5,2,2,1,3,2,2,6,2,2,17,4,2,2,4,2,2,2,2
4,242,1752.0,98,terminated,2,0,0,2,1752.0,1,4,2,2,1,4,1,9,2,2,1,5,2,2,1,3,2,4,8,2,2,17,4,2,2,4,2,2,2,2
4,243,402.0,118,terminated,1,13,1,2,402.0,0,1,0,1,1,2,1,6,1,2,1,4,1,2,1,3,2,2,5,1,2,17,3,1,2,3,1,2,1,2
4,244,1490.0,160,terminated,2,0,0,1,1490.0,1,3,2,1,0,3,0,6,2,1,0,3,2,1,0,1,1,3,6,2,1,17,3,2,1,3,2,1,2,1
4,245,1708.0,142,terminated,2,0,0,2,1708.0,1,1,0,1,1,4,1,9,2,2,1,5,2,2,1,3,2,4,8,2,2,17,4,2,2,4,2,2,2,2
4,246,780.0,300,truncated,2,7,0,1,780.0,0,2,1,1,0,3,0,6,2,1,0,3,2,1,0,1,1,3,6,2,1,15,3,2,1,3,2,1,2,1
4,247,1497.0,153,terminated,1,0,0,2,1497.0,1,1,0,1,1,3,1,7,1,2,1,4,1,2,1,3,2,3,6,1,2,17,3,1,2,3,1,2,1,2
4,248,610.0,130,terminated,2,11,1,2,610.0,0,2,0,2,1,4,1,9,2,2,1,5,2,2,1,3,2,4,8,2,2,17,4,2,2,4,2,2,2,2
4,249,1232.0,218,terminated,1,0,0,1,1232.0,1,1,1,0,1,2,1,5,1,1,1,3,1,1,1,2,1,2,4,1,1,18,2,1,1,2,1,1,1,1
4,250,603.0,77,terminated,2,17,1,2,603.0,0,3,1,2,0,3,0,7,2,2,0,4,2,2,0,2,2,3,7,2,2,17,4,2,2,4,2,2,2,2
4,251,1733.0,117,terminated,2,0,0,2,1733.0,1,4,2,2,1,4,1,9,2,2,1,5,2,2,1,3,2,4,8,2,2,16,4,2,2,4,2,2,2,2
4,252,122.0,198,terminated,0,13,1,2,122.0,0,1,0,1,1,2,1,5,0,2,1,3,0,2,1,3,2,2,4,0,2,17,2,0,2,2,0,2,0,2
4,253,1709.0,141,terminated,2,0,0,2,1709.0,1,2,1,1,1,3,1,8,2,2,1,5,2,2,1,3,2,3,7,2,2,20,4,2,2,4,2,2,2,2
4,254,1721.0,129,terminated,2,0,0,2,1721.0,1,2,0,2,1,4,1,9,2,2,1,5,2,2,1,3,2,4,8,2,2,17,4,2,2,4,2,2,2,2
4,255,1400.0,250,terminated,2,0,0,1,1400.0,1,1,1,0,0,3,0,6,2,1,0,3,2,1,0,1,1,3,6,2,1,17,3,2,1,3,2,1,2,1
4,256,1427.0,223,terminated,1,0,0,2,1427.0,1,1,1,0,0,2,0,5,1,2,0,3,1,2,0,2,2,2,5,1,2,17,3,1,2,3,1,2,1,2
4,257,411.0,59,terminated,2,18,1,1,411.0,0,1,0,1,1,2,1,6,2,1,1,4,2,1,1,2,1,2,5,2,1,17,3,2,1,3,2,1,2,1
4,258,-181.0,21,terminated,0,41,1,1,-181.0,0,1,0,1,0,1,0,2,0,1,0,1,0,1,0,1,1,1,2,0,1,21,1,0,1,1,0,1,0,1
4,259,1493.0,157,terminated,2,0,0,1,1493.0,1,0,0,0,1,2,1,6,2,1,1,4,2,1,1,2,1,2,5,2,1,17,3,2,1,3,2,1,2,1
4,260,1486.0,164,terminated,2,0,0,1,1486.0,1,3,2,1,1,3,1,7,2,1,1,4,2,1,1,2,1,3,6,2,1,19,3,2,1,3,2,1,2,1
4,261,665.0,145,terminated,2,4,1,2,665.0,0,2,1,1,1,4,1,9,2,2,1,5,2,2,1,3,2,4,8,2,2,16,4,2,2,4,2,2,2,2
4,262,1426.0,224,terminated,2,0,0,1,1426.0,1,3,2,1,1,3,1,7,2,1,1,4,2,1,1,2,1,3,6,2,1,22,3,2,1,3,2,1,2,1
4,263,1483.0,167,terminated,2,0,0,1,1483.0,1,1,0,1,1,3,1,7,2,1,1,4,2,1,1,2,1,3,6,2,1,17,3,2,1,3,2,1,2,1
4,264,1534.0,116,terminated,1,0,0,2,1534.0,1,2,1,1,1,3,1,7,1,2,1,4,1,2,1,3,2,3,6,1,2,17,3,1,2,3,1,2,1,2
4,265,707.0,103,terminated,2,4,1,2,707.0,0,2,2,0,1,4,1,9,2,2,1,5,2,2,1,3,2,4,8,2,2,24,4,2,2,4,2,2,2,2
4,266,417.0,193,terminated,2,4,1,1,417.0,0,1,1,0,1,3,1,7,2,1,1,4,2,1,1,2,1,3,6,2,1,17,3,2,1,3,2,1,2,1
4,267,404.0,86,terminated,2,16,1,1,404.0,0,0,0,0,1,2,1,6,2,1,1,4,2,1,1,2,1,2,5,2,1,18,3,2,1,3,2,1,2,1
4,268,411.0,109,terminated,2,13,1,1,411.0,0,0,0,0,1,3,1,7,2,1,1,4,2,1,1,2,1,3,6,2,1,17,3,2,1,3,2,1,2,1
4,269,1000.0,300,truncated,2,5,0,2,1000.0,0,2,1,1,1,3,1,8,2,2,1,5,2,2,1,3,2,3,7,2,2,16,4,2,2,4,2,2,2,2
4,270,1076.0,174,terminated,1,0,0,0,1076.0,1,1,1,0,0,1,0,2,1,0,0,1,1,0,0,0,0,1,2,1,0,17,1,1,0,1,1,0,1,0
4,271,31.0,29,terminated,1,39,1,1,31.0,0,2,1,1,1,2,1,5,1,1,1,3,1,1,1,2,1,2,4,1,1,25,2,1,1,2,1,1,1,1
4,272,420.0,170,terminated,2,6,1,1,420.0,0,2,2,0,0,2,0,5,2,1,0,3,2,1,0,1,1,2,5,2,1,18,3,2,1,3,2,1,2,1
4,273,1532.0,118,terminated,1,0,0,2,1532.0,1,3,1,2,0,3,0,6,1,2,0,3,1,2,0,2,2,3,6,1,2,18,3,1,2,3,1,2,1,2
4,274,463.0,107,terminated,2,8,1,1,463.0,0,1,0,1,1,3,1,7,2,1,1,4,2,1,1,2,1,3,6,2,1,17,3,2,1,3,2,1,2,1
4,275,1720.0,130,terminated,2,0,0,2,1720.0,1,3,2,1,1,3,1,8,2,2,1,5,2,2,1,3,2,3,7,2,2,17,4,2,2,4,2,2,2,2
4,276,294.0,36,terminated,2,32,1,1,294.0,0,0,0,0,1,2,1,6,2,1,1,4,2,1,1,2,1,2,5,2,1,17,3,2,1,3,2,1,2,1
4,277,1361.0,289,terminated,2,0,0,1,1361.0,1,2,2,0,0,3,0,6,2,1,0,3,2,1,0,1,1,3,6,2,1,17,3,2,1,3,2,1,2,1
4,278,1530.0,120,terminated,2,0,0,1,1530.0,1,2,1,1,1,3,1,7,2,1,1,4,2,1,1,2,1,3,6,2,1,17,3,2,1,3,2,1,2,1
4,279,1601.0,249,terminated,2,0,0,2,1601.0,1,2,2,0,1,3,1,8,2,2,1,5,2,2,1,3,2,3,7,2,2,17,4,2,2,4,2,2,2,2
4,280,1705.0,145,terminated,2,0,0,2,1705.0,1,2,2,0,1,3,1,8,2,2,1,5,2,2,1,3,2,3,7,2,2,17,4,2,2,4,2,2,2,2
4,281,732.0,88,terminated,2,3,1,2,732.0,0,1,0,1,1,4,1,9,2,2,1,5,2,2,1,3,2,4,8,2,2,17,4,2,2,4,2,2,2,2
4,282,495.0,45,terminated,2,31,1,2,495.0,0,1,0,1,1,3,1,8,2,2,1,5,2,2,1,3,2,3,7,2,2,19,4,2,2,4,2,2,2,2
4,283,383.0,137,terminated,1,13,1,2,383.0,0,0,0,0,1,3,1,7,1,2,1,4,1,2,1,3,2,3,6,1,2,17,3,1,2,3,1,2,1,2
4,284,1000.0,300,truncated,2,5,0,2,1000.0,0,2,1,1,1,3,1,8,2,2,1,5,2,2,1,3,2,3,7,2,2,17,4,2,2,4,2,2,2,2
4,285,-167.0,17,terminated,0,40,1,1,-167.0,0,1,0,1,1,1,1,3,0,1,1,2,0,1,1,2,1,1,2,0,1,17,1,0,1,1,0,1,0,1
4,286,1350.0,300,terminated_and_truncated,1,0,0,2,1350.0,1,0,0,0,1,1,1,5,1,2,1,4,1,2,1,3,2,1,4,1,2,17,3,1,2,3,1,2,1,2
4,287,694.0,96,terminated,2,6,1,2,694.0,0,1,1,0,1,4,1,9,2,2,1,5,2,2,1,3,2,4,8,2,2,17,4,2,2,4,2,2,2,2
4,288,340.0,260,terminated,2,5,1,1,340.0,0,2,1,1,0,3,0,6,2,1,0,3,2,1,0,1,1,3,6,2,1,20,3,2,1,3,2,1,2,1
4,289,1454.0,196,terminated,1,0,0,2,1454.0,1,2,1,1,1,3,1,7,1,2,1,4,1,2,1,3,2,3,6,1,2,17,3,1,2,3,1,2,1,2
4,290,-56.0,86,terminated,0,22,1,1,-56.0,0,1,0,1,1,1,1,3,0,1,1,2,0,1,1,2,1,1,2,0,1,18,1,0,1,1,0,1,0,1
4,291,376.0,54,terminated,1,22,1,2,376.0,0,1,1,0,1,3,1,7,1,2,1,4,1,2,1,3,2,3,6,1,2,17,3,1,2,3,1,2,1,2
4,292,1694.0,156,terminated,2,0,0,2,1694.0,1,1,0,1,1,3,1,8,2,2,1,5,2,2,1,3,2,3,7,2,2,17,4,2,2,4,2,2,2,2
4,293,618.0,72,terminated,2,16,1,2,618.0,0,1,0,1,1,4,1,9,2,2,1,5,2,2,1,3,2,4,8,2,2,17,4,2,2,4,2,2,2,2
4,294,378.0,102,terminated,2,17,1,1,378.0,0,1,0,1,1,2,1,6,2,1,1,4,2,1,1,2,1,2,5,2,1,17,3,2,1,3,2,1,2,1
4,295,723.0,87,terminated,2,4,1,2,723.0,0,3,2,1,1,3,1,8,2,2,1,5,2,2,1,3,2,3,7,2,2,14,4,2,2,4,2,2,2,2
4,296,1559.0,91,terminated,1,0,0,2,1559.0,1,0,0,0,1,2,1,6,1,2,1,4,1,2,1,3,2,2,5,1,2,17,3,1,2,3,1,2,1,2
4,297,1544.0,106,terminated,2,0,0,1,1544.0,1,3,2,1,1,3,1,7,2,1,1,4,2,1,1,2,1,3,6,2,1,19,3,2,1,3,2,1,2,1
4,298,229.0,91,terminated,0,13,1,2,229.0,0,1,0,1,1,2,1,5,0,2,1,3,0,2,1,3,2,2,4,0,2,17,2,0,2,2,0,2,0,2
4,299,530.0,300,truncated,2,12,0,0,530.0,0,1,1,0,1,2,1,5,2,0,1,3,2,0,1,1,0,2,4,2,0,20,2,2,0,2,2,0,2,0
4,300,1484.0,166,terminated,2,0,0,1,1484.0,1,2,1,1,1,3,1,7,2,1,1,4,2,1,1,2,1,3,6,2,1,17,3,2,1,3,2,1,2,1
4,301,1746.0,104,terminated,2,0,0,2,1746.0,1,3,1,2,0,4,0,8,2,2,0,4,2,2,0,2,2,4,8,2,2,13,4,2,2,4,2,2,2,2
4,302,710.0,100,terminated,2,4,1,2,710.0,0,2,1,1,1,4,1,9,2,2,1,5,2,2,1,3,2,4,8,2,2,17,4,2,2,4,2,2,2,2
4,303,730.0,300,truncated,2,12,0,1,730.0,0,2,1,1,1,2,1,6,2,1,1,4,2,1,1,2,1,2,5,2,1,16,3,2,1,3,2,1,2,1
4,304,530.0,300,truncated,1,12,0,1,530.0,0,1,0,1,0,2,0,4,1,1,0,2,1,1,0,1,1,2,4,1,1,17,2,1,1,2,1,1,1,1
4,305,28.0,232,terminated,1,19,1,1,28.0,0,0,0,0,1,1,1,4,1,1,1,3,1,1,1,2,1,1,3,1,1,17,2,1,1,2,1,1,1,1
4,306,1390.0,260,terminated,1,0,0,2,1390.0,1,0,0,0,1,3,1,7,1,2,1,4,1,2,1,3,2,3,6,1,2,17,3,1,2,3,1,2,1,2
4,307,530.0,300,truncated,1,12,0,1,530.0,0,0,0,0,1,1,1,4,1,1,1,3,1,1,1,2,1,1,3,1,1,17,2,1,1,2,1,1,1,1
4,308,1628.0,222,terminated,2,0,0,2,1628.0,1,1,0,1,1,4,1,9,2,2,1,5,2,2,1,3,2,4,8,2,2,19,4,2,2,4,2,2,2,2
4,309,1430.0,220,terminated,1,0,0,2,1430.0,1,0,0,0,1,3,1,7,1,2,1,4,1,2,1,3,2,3,6,1,2,17,3,1,2,3,1,2,1,2
4,310,1745.0,105,terminated,2,0,0,2,1745.0,1,2,1,1,1,4,1,9,2,2,1,5,2,2,1,3,2,4,8,2,2,17,4,2,2,4,2,2,2,2
4,311,361.0,109,terminated,2,18,1,1,361.0,0,0,0,0,1,3,1,7,2,1,1,4,2,1,1,2,1,3,6,2,1,17,3,2,1,3,2,1,2,1
4,312,580.0,300,truncated,1,7,0,1,580.0,0,1,1,0,0,2,0,4,1,1,0,2,1,1,0,1,1,2,4,1,1,18,2,1,1,2,1,1,1,1
4,313,613.0,77,terminated,2,16,1,2,613.0,0,1,0,1,0,4,0,8,2,2,0,4,2,2,0,2,2,4,8,2,2,24,4,2,2,4,2,2,2,2
4,314,414.0,66,terminated,2,17,1,1,414.0,0,0,0,0,1,3,1,7,2,1,1,4,2,1,1,2,1,3,6,2,1,18,3,2,1,3,2,1,2,1
4,315,1509.0,141,terminated,2,0,0,1,1509.0,1,1,1,0,0,2,0,5,2,1,0,3,2,1,0,1,1,2,5,2,1,17,3,2,1,3,2,1,2,1
4,316,1484.0,166,terminated,2,0,0,1,1484.0,1,2,1,1,0,3,0,6,2,1,0,3,2,1,0,1,1,3,6,2,1,14,3,2,1,3,2,1,2,1
4,317,543.0,87,terminated,2,22,1,2,543.0,0,1,1,0,1,4,1,9,2,2,1,5,2,2,1,3,2,4,8,2,2,17,4,2,2,4,2,2,2,2
4,318,397.0,113,terminated,2,14,1,1,397.0,0,3,2,1,1,2,1,6,2,1,1,4,2,1,1,2,1,2,5,2,1,17,3,2,1,3,2,1,2,1
4,319,542.0,38,terminated,2,27,1,2,542.0,0,0,0,0,1,2,1,7,2,2,1,5,2,2,1,3,2,2,6,2,2,17,4,2,2,4,2,2,2,2
4,320,308.0,42,terminated,1,30,1,2,308.0,0,0,0,0,1,3,1,7,1,2,1,4,1,2,1,3,2,3,6,1,2,17,3,1,2,3,1,2,1,2
4,321,1716.0,134,terminated,2,0,0,2,1716.0,1,1,1,0,1,4,1,9,2,2,1,5,2,2,1,3,2,4,8,2,2,17,4,2,2,4,2,2,2,2
4,322,1541.0,109,terminated,1,0,0,2,1541.0,1,3,1,2,1,3,1,7,1,2,1,4,1,2,1,3,2,3,6,1,2,17,3,1,2,3,1,2,1,2
4,323,1376.0,274,terminated,2,0,0,1,1376.0,1,1,1,0,1,2,1,6,2,1,1,4,2,1,1,2,1,2,5,2,1,17,3,2,1,3,2,1,2,1
4,324,1715.0,135,terminated,2,0,0,2,1715.0,1,1,0,1,1,4,1,9,2,2,1,5,2,2,1,3,2,4,8,2,2,17,4,2,2,4,2,2,2,2
4,325,1506.0,144,terminated,2,0,0,1,1506.0,1,3,2,1,1,2,1,6,2,1,1,4,2,1,1,2,1,2,5,2,1,17,3,2,1,3,2,1,2,1
4,326,622.0,198,terminated,2,3,1,2,622.0,0,1,0,1,1,4,1,9,2,2,1,5,2,2,1,3,2,4,8,2,2,17,4,2,2,4,2,2,2,2
4,327,1503.0,147,terminated,2,0,0,1,1503.0,1,0,0,0,1,2,1,6,2,1,1,4,2,1,1,2,1,2,5,2,1,17,3,2,1,3,2,1,2,1
4,328,1673.0,177,terminated,2,0,0,2,1673.0,1,2,1,1,0,4,0,8,2,2,0,4,2,2,0,2,2,4,8,2,2,15,4,2,2,4,2,2,2,2
4,329,1492.0,158,terminated,2,0,0,1,1492.0,1,0,0,0,1,3,1,7,2,1,1,4,2,1,1,2,1,3,6,2,1,17,3,2,1,3,2,1,2,1
4,330,540.0,300,truncated,1,11,0,1,540.0,0,1,0,1,1,2,1,5,1,1,1,3,1,1,1,2,1,2,4,1,1,24,2,1,1,2,1,1,1,1
4,331,1397.0,253,terminated,2,0,0,1,1397.0,1,1,0,1,1,3,1,7,2,1,1,4,2,1,1,2,1,3,6,2,1,17,3,2,1,3,2,1,2,1
4,332,1223.0,227,terminated,2,0,0,0,1223.0,1,0,0,0,1,2,1,5,2,0,1,3,2,0,1,1,0,2,4,2,0,17,2,2,0,2,2,0,2,0
4,333,226.0,124,terminated,1,10,1,1,226.0,0,0,0,0,1,2,1,5,1,1,1,3,1,1,1,2,1,2,4,1,1,17,2,1,1,2,1,1,1,1
4,334,1737.0,113,terminated,2,0,0,2,1737.0,1,4,2,2,0,4,0,8,2,2,0,4,2,2,0,2,2,4,8,2,2,14,4,2,2,4,2,2,2,2
4,335,1479.0,171,terminated,2,0,0,1,1479.0,1,0,0,0,1,3,1,7,2,1,1,4,2,1,1,2,1,3,6,2,1,17,3,2,1,3,2,1,2,1
4,336,730.0,300,truncated,1,12,0,2,730.0,0,2,1,1,0,3,0,6,1,2,0,3,1,2,0,2,2,3,6,1,2,14,3,1,2,3,1,2,1,2
4,337,1547.0,103,terminated,2,0,0,1,1547.0,1,3,2,1,1,3,1,7,2,1,1,4,2,1,1,2,1,3,6,2,1,17,3,2,1,3,2,1,2,1
4,338,520.0,300,truncated,0,13,0,2,520.0,0,0,0,0,1,2,1,5,0,2,1,3,0,2,1,3,2,2,4,0,2,17,2,0,2,2,0,2,0,2
4,339,28.0,22,terminated,1,40,1,1,28.0,0,1,1,0,0,2,0,4,1,1,0,2,1,1,0,1,1,2,4,1,1,18,2,1,1,2,1,1,1,1
4,340,140.0,60,terminated,2,25,1,0,140.0,0,1,1,0,1,2,1,5,2,0,1,3,2,0,1,1,0,2,4,2,0,17,2,2,0,2,2,0,2,0
4,341,363.0,177,terminated,1,11,1,2,363.0,0,1,0,1,1,3,1,7,1,2,1,4,1,2,1,3,2,3,6,1,2,17,3,1,2,3,1,2,1,2
4,342,1481.0,169,terminated,1,0,0,2,1481.0,1,2,1,1,0,2,0,5,1,2,0,3,1,2,0,2,2,2,5,1,2,23,3,1,2,3,1,2,1,2
4,343,494.0,36,terminated,2,32,1,2,494.0,0,1,1,0,1,3,1,8,2,2,1,5,2,2,1,3,2,3,7,2,2,17,4,2,2,4,2,2,2,2
4,344,570.0,300,truncated,1,8,0,1,570.0,0,1,1,0,1,2,1,5,1,1,1,3,1,1,1,2,1,2,4,1,1,17,2,1,1,2,1,1,1,1
4,345,1350.0,300,terminated_and_truncated,2,0,0,1,1350.0,1,2,1,1,1,3,1,7,2,1,1,4,2,1,1,2,1,3,6,2,1,17,3,2,1,3,2,1,2,1
4,346,1695.0,155,terminated,2,0,0,2,1695.0,1,1,1,0,1,4,1,9,2,2,1,5,2,2,1,3,2,4,8,2,2,17,4,2,2,4,2,2,2,2
4,347,1569.0,281,terminated,2,0,0,2,1569.0,1,2,0,2,0,4,0,8,2,2,0,4,2,2,0,2,2,4,8,2,2,17,4,2,2,4,2,2,2,2
4,348,292.0,48,terminated,2,31,1,1,292.0,0,2,1,1,0,2,0,5,2,1,0,3,2,1,0,1,1,2,5,2,1,17,3,2,1,3,2,1,2,1
4,349,1709.0,141,terminated,2,0,0,2,1709.0,1,3,1,2,0,3,0,7,2,2,0,4,2,2,0,2,2,3,7,2,2,13,4,2,2,4,2,2,2,2
4,350,140.0,210,terminated,2,10,1,0,140.0,0,0,0,0,1,2,1,5,2,0,1,3,2,0,1,1,0,2,4,2,0,17,2,2,0,2,2,0,2,0
4,351,1233.0,217,terminated,0,0,0,2,1233.0,1,1,0,1,1,2,1,5,0,2,1,3,0,2,1,3,2,2,4,0,2,17,2,0,2,2,0,2,0,2
4,352,1754.0,96,terminated,2,0,0,2,1754.0,1,4,2,2,1,4,1,9,2,2,1,5,2,2,1,3,2,4,8,2,2,16,4,2,2,4,2,2,2,2
4,353,372.0,78,terminated,1,20,1,2,372.0,0,2,0,2,1,2,1,6,1,2,1,4,1,2,1,3,2,2,5,1,2,19,3,1,2,3,1,2,1,2
4,354,389.0,141,terminated,1,12,1,2,389.0,0,0,0,0,1,2,1,6,1,2,1,4,1,2,1,3,2,2,5,1,2,17,3,1,2,3,1,2,1,2
4,355,92.0,168,terminated,0,19,1,2,92.0,0,0,0,0,1,2,1,5,0,2,1,3,0,2,1,3,2,2,4,0,2,17,2,0,2,2,0,2,0,2
4,356,380.0,300,truncated,1,7,0,0,380.0,0,0,0,0,1,1,1,3,1,0,1,2,1,0,1,1,0,1,2,1,0,17,1,1,0,1,1,0,1,0
4,357,1704.0,146,terminated,2,0,0,2,1704.0,1,3,2,1,0,3,0,7,2,2,0,4,2,2,0,2,2,3,7,2,2,16,4,2,2,4,2,2,2,2
4,358,1648.0,202,terminated,2,0,0,2,1648.0,1,2,2,0,1,3,1,8,2,2,1,5,2,2,1,3,2,3,7,2,2,17,4,2,2,4,2,2,2,2
4,359,1492.0,158,terminated,2,0,0,1,1492.0,1,0,0,0,1,3,1,7,2,1,1,4,2,1,1,2,1,3,6,2,1,17,3,2,1,3,2,1,2,1
4,360,463.0,137,terminated,2,5,1,1,463.0,0,0,0,0,1,3,1,7,2,1,1,4,2,1,1,2,1,3,6,2,1,17,3,2,1,3,2,1,2,1
4,361,570.0,300,truncated,0,8,0,2,570.0,0,1,0,1,0,2,0,4,0,2,0,2,0,2,0,2,2,2,4,0,2,17,2,0,2,2,0,2,0,2
4,362,361.0,159,terminated,1,13,1,2,361.0,0,1,1,0,1,3,1,7,1,2,1,4,1,2,1,3,2,3,6,1,2,17,3,1,2,3,1,2,1,2
4,363,810.0,300,truncated,1,4,0,2,810.0,0,2,1,1,1,3,1,7,1,2,1,4,1,2,1,3,2,3,6,1,2,16,3,1,2,3,1,2,1,2
4,364,1396.0,254,terminated,1,0,0,2,1396.0,1,1,1,0,1,3,1,7,1,2,1,4,1,2,1,3,2,3,6,1,2,17,3,1,2,3,1,2,1,2
4,365,302.0,38,terminated,2,31,1,1,302.0,0,1,1,0,0,2,0,5,2,1,0,3,2,1,0,1,1,2,5,2,1,17,3,2,1,3,2,1,2,1
4,366,591.0,139,terminated,2,12,1,2,591.0,0,3,1,2,0,3,0,7,2,2,0,4,2,2,0,2,2,3,7,2,2,19,4,2,2,4,2,2,2,2
4,367,356.0,164,terminated,1,13,1,2,356.0,0,0,0,0,1,3,1,7,1,2,1,4,1,2,1,3,2,3,6,1,2,17,3,1,2,3,1,2,1,2
4,368,115.0,65,terminated,1,27,1,1,115.0,0,1,1,0,1,2,1,5,1,1,1,3,1,1,1,2,1,2,4,1,1,17,2,1,1,2,1,1,1,1
4,369,359.0,91,terminated,2,20,1,1,359.0,0,2,1,1,0,3,0,6,2,1,0,3,2,1,0,1,1,3,6,2,1,17,3,2,1,3,2,1,2,1
4,370,1488.0,162,terminated,1,0,0,2,1488.0,1,2,0,2,1,3,1,7,1,2,1,4,1,2,1,3,2,3,6,1,2,19,3,1,2,3,1,2,1,2
4,371,351.0,99,terminated,2,20,1,1,351.0,0,1,1,0,1,3,1,7,2,1,1,4,2,1,1,2,1,3,6,2,1,26,3,2,1,3,2,1,2,1
4,372,96.0,244,terminated,1,11,1,1,96.0,0,0,0,0,1,2,1,5,1,1,1,3,1,1,1,2,1,2,4,1,1,18,2,1,1,2,1,1,1,1
4,373,330.0,300,truncated,1,32,0,1,330.0,0,1,0,1,1,2,1,5,1,1,1,3,1,1,1,2,1,2,4,1,1,19,2,1,1,2,1,1,1,1
4,374,1351.0,299,terminated,2,0,0,1,1351.0,1,1,0,1,1,3,1,7,2,1,1,4,2,1,1,2,1,3,6,2,1,17,3,2,1,3,2,1,2,1
4,375,414.0,76,terminated,2,16,1,1,414.0,0,0,0,0,1,2,1,6,2,1,1,4,2,1,1,2,1,2,5,2,1,17,3,2,1,3,2,1,2,1
4,376,720.0,300,truncated,2,13,0,1,720.0,0,2,1,1,0,3,0,6,2,1,0,3,2,1,0,1,1,3,6,2,1,15,3,2,1,3,2,1,2,1
4,377,790.0,300,truncated,1,6,0,2,790.0,0,1,0,1,1,3,1,7,1,2,1,4,1,2,1,3,2,3,6,1,2,17,3,1,2,3,1,2,1,2
4,378,1123.0,127,terminated,1,0,0,0,1123.0,1,0,0,0,1,1,1,3,1,0,1,2,1,0,1,1,0,1,2,1,0,17,1,1,0,1,1,0,1,0
4,379,587.0,233,terminated,2,3,1,2,587.0,0,0,0,0,1,4,1,9,2,2,1,5,2,2,1,3,2,4,8,2,2,17,4,2,2,4,2,2,2,2
4,380,244.0,136,terminated,2,27,1,1,244.0,0,1,0,1,1,2,1,6,2,1,1,4,2,1,1,2,1,2,5,2,1,17,3,2,1,3,2,1,2,1
4,381,351.0,79,terminated,1,22,1,2,351.0,0,2,1,1,0,3,0,6,1,2,0,3,1,2,0,2,2,3,6,1,2,16,3,1,2,3,1,2,1,2
4,382,1448.0,202,terminated,2,0,0,1,1448.0,1,0,0,0,1,3,1,7,2,1,1,4,2,1,1,2,1,3,6,2,1,17,3,2,1,3,2,1,2,1
4,383,1519.0,131,terminated,2,0,0,1,1519.0,1,1,1,0,1,3,1,7,2,1,1,4,2,1,1,2,1,3,6,2,1,19,3,2,1,3,2,1,2,1
4,384,1365.0,285,terminated,2,0,0,1,1365.0,1,0,0,0,1,3,1,7,2,1,1,4,2,1,1,2,1,3,6,2,1,17,3,2,1,3,2,1,2,1
4,385,267.0,143,terminated,1,4,1,1,267.0,0,2,1,1,1,1,1,4,1,1,1,3,1,1,1,2,1,1,3,1,1,17,2,1,1,2,1,1,1,1
4,386,1233.0,217,terminated,2,0,0,0,1233.0,1,1,1,0,1,2,1,5,2,0,1,3,2,0,1,1,0,2,4,2,0,23,2,2,0,2,2,0,2,0
4,387,1229.0,221,terminated,0,0,0,2,1229.0,1,0,0,0,1,2,1,5,0,2,1,3,0,2,1,3,2,2,4,0,2,17,2,0,2,2,0,2,0,2
4,388,483.0,127,terminated,2,4,1,1,483.0,0,2,1,1,1,1,1,5,2,1,1,4,2,1,1,2,1,1,4,2,1,17,3,2,1,3,2,1,2,1
4,389,1435.0,215,terminated,1,0,0,2,1435.0,1,2,1,1,1,3,1,7,1,2,1,4,1,2,1,3,2,3,6,1,2,19,3,1,2,3,1,2,1,2
4,390,266.0,84,terminated,1,30,1,2,266.0,0,1,1,0,1,3,1,7,1,2,1,4,1,2,1,3,2,3,6,1,2,17,3,1,2,3,1,2,1,2
4,391,490.0,140,terminated,1,2,1,2,490.0,0,1,0,1,1,3,1,7,1,2,1,4,1,2,1,3,2,3,6,1,2,17,3,1,2,3,1,2,1,2
4,392,375.0,145,terminated,1,13,1,2,375.0,0,0,0,0,1,3,1,7,1,2,1,4,1,2,1,3,2,3,6,1,2,17,3,1,2,3,1,2,1,2
4,393,508.0,72,terminated,2,27,1,2,508.0,0,1,1,0,1,2,1,7,2,2,1,5,2,2,1,3,2,2,6,2,2,17,4,2,2,4,2,2,2,2
4,394,1716.0,134,terminated,2,0,0,2,1716.0,1,2,1,1,1,3,1,8,2,2,1,5,2,2,1,3,2,3,7,2,2,16,4,2,2,4,2,2,2,2
4,395,309.0,291,terminated,1,5,1,2,309.0,0,1,1,0,0,3,0,6,1,2,0,3,1,2,0,2,2,3,6,1,2,17,3,1,2,3,1,2,1,2
4,396,443.0,127,terminated,2,8,1,1,443.0,0,2,1,1,0,3,0,6,2,1,0,3,2,1,0,1,1,3,6,2,1,14,3,2,1,3,2,1,2,1
4,397,730.0,300,truncated,1,12,0,2,730.0,0,2,1,1,1,2,1,6,1,2,1,4,1,2,1,3,2,2,5,1,2,18,3,1,2,3,1,2,1,2
4,398,1520.0,130,terminated,2,0,0,1,1520.0,1,0,0,0,1,3,1,7,2,1,1,4,2,1,1,2,1,3,6,2,1,17,3,2,1,3,2,1,2,1
4,399,1423.0,227,terminated,1,0,0,2,1423.0,1,1,0,1,0,3,0,6,1,2,0,3,1,2,0,2,2,3,6,1,2,18,3,1,2,3,1,2,1,2
4,400,1485.0,165,terminated,1,0,0,2,1485.0,1,1,0,1,1,3,1,7,1,2,1,4,1,2,1,3,2,3,6,1,2,17,3,1,2,3,1,2,1,2
4,401,224.0,116,terminated,2,11,1,0,224.0,0,0,0,0,1,2,1,5,2,0,1,3,2,0,1,1,0,2,4,2,0,17,2,2,0,2,2,0,2,0
4,402,1726.0,124,terminated,2,0,0,2,1726.0,1,1,1,0,1,4,1,9,2,2,1,5,2,2,1,3,2,4,8,2,2,17,4,2,2,4,2,2,2,2
4,403,820.0,300,truncated,1,3,0,2,820.0,0,0,0,0,1,3,1,7,1,2,1,4,1,2,1,3,2,3,6,1,2,17,3,1,2,3,1,2,1,2
4,404,200.0,300,truncated,0,25,0,1,200.0,0,0,0,0,1,0,1,2,0,1,1,2,0,1,1,2,1,0,1,0,1,17,1,0,1,1,0,1,0,1
4,405,557.0,103,terminated,2,19,1,2,557.0,0,4,2,2,0,3,0,7,2,2,0,4,2,2,0,2,2,3,7,2,2,14,4,2,2,4,2,2,2,2
4,406,1731.0,119,terminated,2,0,0,2,1731.0,1,3,1,2,1,4,1,9,2,2,1,5,2,2,1,3,2,4,8,2,2,17,4,2,2,4,2,2,2,2
4,407,596.0,124,terminated,2,13,1,2,596.0,0,1,1,0,1,4,1,9,2,2,1,5,2,2,1,3,2,4,8,2,2,18,4,2,2,4,2,2,2,2
4,408,-169.0,19,terminated,0,40,1,1,-169.0,0,1,0,1,1,0,1,2,0,1,1,2,0,1,1,2,1,0,1,0,1,19,1,0,1,1,0,1,0,1
4,409,1554.0,96,terminated,1,0,0,2,1554.0,1,2,0,2,1,3,1,7,1,2,1,4,1,2,1,3,2,3,6,1,2,17,3,1,2,3,1,2,1,2
4,410,-3.0,233,terminated,1,22,1,1,-3.0,0,0,0,0,1,2,1,5,1,1,1,3,1,1,1,2,1,2,4,1,1,17,2,1,1,2,1,1,1,1
4,411,470.0,100,terminated,2,8,1,1,470.0,0,2,1,1,1,3,1,7,2,1,1,4,2,1,1,2,1,3,6,2,1,17,3,2,1,3,2,1,2,1
4,412,1284.0,166,terminated,0,0,0,2,1284.0,1,2,0,2,0,2,0,4,0,2,0,2,0,2,0,2,2,2,4,0,2,17,2,0,2,2,0,2,0,2
4,413,602.0,98,terminated,2,15,1,2,602.0,0,1,0,1,1,4,1,9,2,2,1,5,2,2,1,3,2,4,8,2,2,17,4,2,2,4,2,2,2,2
4,414,790.0,300,truncated,1,6,0,2,790.0,0,1,0,1,1,3,1,7,1,2,1,4,1,2,1,3,2,3,6,1,2,17,3,1,2,3,1,2,1,2
4,415,649.0,131,terminated,2,7,1,2,649.0,0,2,1,1,1,4,1,9,2,2,1,5,2,2,1,3,2,4,8,2,2,17,4,2,2,4,2,2,2,2
4,416,1267.0,183,terminated,1,0,0,1,1267.0,1,1,0,1,0,2,0,4,1,1,0,2,1,1,0,1,1,2,4,1,1,17,2,1,1,2,1,1,1,1
4,417,157.0,203,terminated,0,9,1,2,157.0,0,0,0,0,1,2,1,5,0,2,1,3,0,2,1,3,2,2,4,0,2,17,2,0,2,2,0,2,0,2
4,418,1535.0,115,terminated,1,0,0,2,1535.0,1,2,1,1,0,3,0,6,1,2,0,3,1,2,0,2,2,3,6,1,2,15,3,1,2,3,1,2,1,2
4,419,439.0,81,terminated,1,13,1,2,439.0,0,1,0,1,0,3,0,6,1,2,0,3,1,2,0,2,2,3,6,1,2,17,3,1,2,3,1,2,1,2
4,420,393.0,77,terminated,2,18,1,1,393.0,0,0,0,0,1,3,1,7,2,1,1,4,2,1,1,2,1,3,6,2,1,18,3,2,1,3,2,1,2,1
4,421,307.0,43,terminated,2,30,1,1,307.0,0,1,0,1,0,3,0,6,2,1,0,3,2,1,0,1,1,3,6,2,1,17,3,2,1,3,2,1,2,1
4,422,316.0,44,terminated,2,29,1,1,316.0,0,1,1,0,1,3,1,7,2,1,1,4,2,1,1,2,1,3,6,2,1,17,3,2,1,3,2,1,2,1
4,423,348.0,102,terminated,2,20,1,1,348.0,0,2,1,1,0,3,0,6,2,1,0,3,2,1,0,1,1,3,6,2,1,15,3,2,1,3,2,1,2,1
4,424,720.0,300,truncated,2,13,0,1,720.0,0,1,1,0,0,3,0,6,2,1,0,3,2,1,0,1,1,3,6,2,1,22,3,2,1,3,2,1,2,1
4,425,89.0,51,terminated,1,31,1,1,89.0,0,1,1,0,1,2,1,5,1,1,1,3,1,1,1,2,1,2,4,1,1,17,2,1,1,2,1,1,1,1
4,426,1517.0,133,terminated,1,0,0,2,1517.0,1,1,0,1,1,3,1,7,1,2,1,4,1,2,1,3,2,3,6,1,2,17,3,1,2,3,1,2,1,2
4,427,1729.0,121,terminated,2,0,0,2,1729.0,1,3,2,1,1,3,1,8,2,2,1,5,2,2,1,3,2,3,7,2,2,14,4,2,2,4,2,2,2,2
4,428,116.0,204,terminated,1,13,1,1,116.0,0,2,1,1,0,2,0,4,1,1,0,2,1,1,0,1,1,2,4,1,1,17,2,1,1,2,1,1,1,1
4,429,1546.0,104,terminated,2,0,0,1,1546.0,1,2,2,0,1,3,1,7,2,1,1,4,2,1,1,2,1,3,6,2,1,20,3,2,1,3,2,1,2,1
4,430,579.0,141,terminated,2,13,1,2,579.0,0,1,0,1,1,4,1,9,2,2,1,5,2,2,1,3,2,4,8,2,2,17,4,2,2,4,2,2,2,2
4,431,1535.0,115,terminated,2,0,0,1,1535.0,1,1,1,0,0,3,0,6,2,1,0,3,2,1,0,1,1,3,6,2,1,17,3,2,1,3,2,1,2,1
4,432,1497.0,153,terminated,1,0,0,2,1497.0,1,1,1,0,1,2,1,6,1,2,1,4,1,2,1,3,2,2,5,1,2,17,3,1,2,3,1,2,1,2
4,433,26.0,24,terminated,1,40,1,1,26.0,0,0,0,0,1,1,1,4,1,1,1,3,1,1,1,2,1,1,3,1,1,19,2,1,1,2,1,1,1,1
4,434,361.0,89,terminated,1,20,1,2,361.0,0,2,0,2,0,1,0,4,1,2,0,3,1,2,0,2,2,1,4,1,2,17,3,1,2,3,1,2,1,2
4,435,522.0,118,terminated,2,1,1,1,522.0,0,3,2,1,0,3,0,6,2,1,0,3,2,1,0,1,1,3,6,2,1,39,3,2,1,3,2,1,2,1
4,436,1473.0,177,terminated,2,0,0,1,1473.0,1,1,1,0,0,2,0,5,2,1,0,3,2,1,0,1,1,2,5,2,1,17,3,2,1,3,2,1,2,1
4,437,1740.0,110,terminated,2,0,0,2,1740.0,1,4,2,2,1,4,1,9,2,2,1,5,2,2,1,3,2,4,8,2,2,16,4,2,2,4,2,2,2,2
4,438,84.0,246,terminated,1,12,1,1,84.0,0,2,1,1,1,1,1,4,1,1,1,3,1,1,1,2,1,1,3,1,1,24,2,1,1,2,1,1,1,1
4,439,1487.0,163,terminated,1,0,0,2,1487.0,1,2,1,1,1,3,1,7,1,2,1,4,1,2,1,3,2,3,6,1,2,17,3,1,2,3,1,2,1,2
4,440,636.0,94,terminated,2,12,1,2,636.0,0,2,1,1,1,4,1,9,2,2,1,5,2,2,1,3,2,4,8,2,2,17,4,2,2,4,2,2,2,2
4,441,1509.0,141,terminated,2,0,0,1,1509.0,1,3,2,1,1,2,1,6,2,1,1,4,2,1,1,2,1,2,5,2,1,19,3,2,1,3,2,1,2,1
4,442,-158.0,18,terminated,0,39,1,1,-158.0,0,1,0,1,0,1,0,2,0,1,0,1,0,1,0,1,1,1,2,0,1,17,1,0,1,1,0,1,0,1
4,443,627.0,63,terminated,2,16,1,2,627.0,0,0,0,0,1,4,1,9,2,2,1,5,2,2,1,3,2,4,8,2,2,17,4,2,2,4,2,2,2,2
4,444,358.0,112,terminated,2,18,1,1,358.0,0,2,1,1,0,3,0,6,2,1,0,3,2,1,0,1,1,3,6,2,1,17,3,2,1,3,2,1,2,1
4,445,295.0,45,terminated,1,31,1,2,295.0,0,1,0,1,1,3,1,7,1,2,1,4,1,2,1,3,2,3,6,1,2,17,3,1,2,3,1,2,1,2
4,446,1681.0,169,terminated,2,0,0,2,1681.0,1,0,0,0,1,3,1,8,2,2,1,5,2,2,1,3,2,3,7,2,2,17,4,2,2,4,2,2,2,2
4,447,1498.0,152,terminated,1,0,0,2,1498.0,1,2,0,2,1,3,1,7,1,2,1,4,1,2,1,3,2,3,6,1,2,17,3,1,2,3,1,2,1,2
4,448,411.0,149,terminated,1,9,1,2,411.0,0,2,1,1,0,2,0,5,1,2,0,3,1,2,0,2,2,2,5,1,2,22,3,1,2,3,1,2,1,2
4,449,1556.0,94,terminated,1,0,0,2,1556.0,1,2,1,1,1,3,1,7,1,2,1,4,1,2,1,3,2,3,6,1,2,17,3,1,2,3,1,2,1,2
4,450,102.0,38,terminated,1,31,1,1,102.0,0,1,0,1,1,1,1,4,1,1,1,3,1,1,1,2,1,1,3,1,1,17,2,1,1,2,1,1,1,1
4,451,386.0,74,terminated,1,19,1,2,386.0,0,3,1,2,0,3,0,6,1,2,0,3,1,2,0,2,2,3,6,1,2,16,3,1,2,3,1,2,1,2
4,452,1663.0,187,terminated,2,0,0,2,1663.0,1,0,0,0,1,3,1,8,2,2,1,5,2,2,1,3,2,3,7,2,2,17,4,2,2,4,2,2,2,2
4,453,1526.0,124,terminated,2,0,0,1,1526.0,1,1,0,1,1,3,1,7,2,1,1,4,2,1,1,2,1,3,6,2,1,17,3,2,1,3,2,1,2,1
4,454,1496.0,154,terminated,2,0,0,1,1496.0,1,2,1,1,1,3,1,7,2,1,1,4,2,1,1,2,1,3,6,2,1,17,3,2,1,3,2,1,2,1
4,455,75.0,125,terminated,1,25,1,1,75.0,0,2,1,1,0,1,0,3,1,1,0,2,1,1,0,1,1,1,3,1,1,17,2,1,1,2,1,1,1,1
4,456,386.0,164,terminated,1,10,1,2,386.0,0,0,0,0,1,3,1,7,1,2,1,4,1,2,1,3,2,3,6,1,2,17,3,1,2,3,1,2,1,2
4,457,444.0,86,terminated,1,12,1,2,444.0,0,1,0,1,1,3,1,7,1,2,1,4,1,2,1,3,2,3,6,1,2,17,3,1,2,3,1,2,1,2
4,458,1163.0,287,terminated,2,0,0,0,1163.0,1,1,1,0,1,2,1,5,2,0,1,3,2,0,1,1,0,2,4,2,0,17,2,2,0,2,2,0,2,0
4,459,423.0,177,terminated,1,5,1,2,423.0,0,2,1,1,1,2,1,6,1,2,1,4,1,2,1,3,2,2,5,1,2,18,3,1,2,3,1,2,1,2
4,460,1747.0,103,terminated,2,0,0,2,1747.0,1,2,1,1,1,3,1,8,2,2,1,5,2,2,1,3,2,3,7,2,2,17,4,2,2,4,2,2,2,2
4,461,1424.0,226,terminated,2,0,0,1,1424.0,1,1,1,0,1,3,1,7,2,1,1,4,2,1,1,2,1,3,6,2,1,17,3,2,1,3,2,1,2,1
4,462,93.0,207,terminated,0,15,1,2,93.0,0,0,0,0,1,2,1,5,0,2,1,3,0,2,1,3,2,2,4,0,2,17,2,0,2,2,0,2,0,2
4,463,1732.0,118,terminated,2,0,0,2,1732.0,1,0,0,0,1,4,1,9,2,2,1,5,2,2,1,3,2,4,8,2,2,17,4,2,2,4,2,2,2,2
4,464,1459.0,191,terminated,1,0,0,2,1459.0,1,1,1,0,1,3,1,7,1,2,1,4,1,2,1,3,2,3,6,1,2,17,3,1,2,3,1,2,1,2
4,465,583.0,67,terminated,2,20,1,2,583.0,0,2,1,1,1,4,1,9,2,2,1,5,2,2,1,3,2,4,8,2,2,17,4,2,2,4,2,2,2,2
4,466,1696.0,154,terminated,2,0,0,2,1696.0,1,3,2,1,0,3,0,7,2,2,0,4,2,2,0,2,2,3,7,2,2,14,4,2,2,4,2,2,2,2
4,467,1206.0,244,terminated,2,0,0,0,1206.0,1,0,0,0,1,1,1,4,2,0,1,3,2,0,1,1,0,1,3,2,0,17,2,2,0,2,2,0,2,0
4,468,404.0,116,terminated,2,13,1,1,404.0,0,2,1,1,1,3,1,7,2,1,1,4,2,1,1,2,1,3,6,2,1,17,3,2,1,3,2,1,2,1
4,469,1151.0,299,terminated,0,0,0,2,1151.0,1,0,0,0,1,2,1,5,0,2,1,3,0,2,1,3,2,2,4,0,2,17,2,0,2,2,0,2,0,2
4,470,184.0,246,terminated,2,22,1,1,184.0,0,1,0,1,1,3,1,7,2,1,1,4,2,1,1,2,1,3,6,2,1,17,3,2,1,3,2,1,2,1
4,471,1686.0,164,terminated,2,0,0,2,1686.0,1,2,1,1,1,4,1,9,2,2,1,5,2,2,1,3,2,4,8,2,2,16,4,2,2,4,2,2,2,2
4,472,340.0,70,terminated,1,24,1,2,340.0,0,2,0,2,1,3,1,7,1,2,1,4,1,2,1,3,2,3,6,1,2,17,3,1,2,3,1,2,1,2
4,473,1379.0,271,terminated,2,0,0,1,1379.0,1,2,1,1,1,3,1,7,2,1,1,4,2,1,1,2,1,3,6,2,1,19,3,2,1,3,2,1,2,1
4,474,1641.0,209,terminated,2,0,0,2,1641.0,1,0,0,0,1,4,1,9,2,2,1,5,2,2,1,3,2,4,8,2,2,17,4,2,2,4,2,2,2,2
4,475,1460.0,190,terminated,1,0,0,2,1460.0,1,1,0,1,1,3,1,7,1,2,1,4,1,2,1,3,2,3,6,1,2,17,3,1,2,3,1,2,1,2
4,476,1468.0,182,terminated,2,0,0,1,1468.0,1,1,1,0,1,2,1,6,2,1,1,4,2,1,1,2,1,2,5,2,1,17,3,2,1,3,2,1,2,1
4,477,1488.0,162,terminated,2,0,0,1,1488.0,1,1,0,1,1,3,1,7,2,1,1,4,2,1,1,2,1,3,6,2,1,17,3,2,1,3,2,1,2,1
4,478,-88.0,58,terminated,0,28,1,1,-88.0,0,0,0,0,1,1,1,3,0,1,1,2,0,1,1,2,1,1,2,0,1,17,1,0,1,1,0,1,0,1
4,479,424.0,176,terminated,2,5,1,1,424.0,0,1,1,0,1,2,1,6,2,1,1,4,2,1,1,2,1,2,5,2,1,17,3,2,1,3,2,1,2,1
4,480,1484.0,166,terminated,2,0,0,1,1484.0,1,2,1,1,1,3,1,7,2,1,1,4,2,1,1,2,1,3,6,2,1,19,3,2,1,3,2,1,2,1
4,481,340.0,260,terminated,2,5,1,1,340.0,0,1,1,0,1,3,1,7,2,1,1,4,2,1,1,2,1,3,6,2,1,19,3,2,1,3,2,1,2,1
4,482,648.0,122,terminated,2,8,1,2,648.0,0,3,2,1,0,3,0,7,2,2,0,4,2,2,0,2,2,3,7,2,2,16,4,2,2,4,2,2,2,2
4,483,652.0,168,terminated,2,3,1,2,652.0,0,2,1,1,1,4,1,9,2,2,1,5,2,2,1,3,2,4,8,2,2,17,4,2,2,4,2,2,2,2
4,484,187.0,223,terminated,1,4,1,1,187.0,0,1,1,0,1,1,1,4,1,1,1,3,1,1,1,2,1,1,3,1,1,17,2,1,1,2,1,1,1,1
4,485,535.0,185,terminated,2,13,1,2,535.0,0,1,1,0,0,3,0,7,2,2,0,4,2,2,0,2,2,3,7,2,2,17,4,2,2,4,2,2,2,2
4,486,1540.0,110,terminated,1,0,0,2,1540.0,1,2,1,1,1,3,1,7,1,2,1,4,1,2,1,3,2,3,6,1,2,22,3,1,2,3,1,2,1,2
4,487,535.0,45,terminated,2,27,1,2,535.0,0,2,2,0,1,3,1,8,2,2,1,5,2,2,1,3,2,3,7,2,2,17,4,2,2,4,2,2,2,2
4,488,458.0,162,terminated,1,3,1,2,458.0,0,2,0,2,1,3,1,7,1,2,1,4,1,2,1,3,2,3,6,1,2,17,3,1,2,3,1,2,1,2
4,489,610.0,130,terminated,2,11,1,2,610.0,0,2,1,1,1,3,1,8,2,2,1,5,2,2,1,3,2,3,7,2,2,17,4,2,2,4,2,2,2,2
4,490,490.0,50,terminated,2,31,1,2,490.0,0,2,1,1,0,4,0,8,2,2,0,4,2,2,0,2,2,4,8,2,2,23,4,2,2,4,2,2,2,2
4,491,1760.0,90,terminated,2,0,0,2,1760.0,1,2,0,2,0,3,0,7,2,2,0,4,2,2,0,2,2,3,7,2,2,17,4,2,2,4,2,2,2,2
4,492,1163.0,287,terminated,0,0,0,2,1163.0,1,1,0,1,1,2,1,5,0,2,1,3,0,2,1,3,2,2,4,0,2,17,2,0,2,2,0,2,0,2
4,493,646.0,114,terminated,2,9,1,2,646.0,0,0,0,0,1,3,1,8,2,2,1,5,2,2,1,3,2,3,7,2,2,17,4,2,2,4,2,2,2,2
4,494,234.0,146,terminated,0,7,1,2,234.0,0,1,0,1,1,2,1,5,0,2,1,3,0,2,1,3,2,2,4,0,2,18,2,0,2,2,0,2,0,2
4,495,1190.0,260,terminated,0,0,0,2,1190.0,1,1,0,1,1,2,1,5,0,2,1,3,0,2,1,3,2,2,4,0,2,17,2,0,2,2,0,2,0,2
4,496,1492.0,158,terminated,2,0,0,1,1492.0,1,0,0,0,1,3,1,7,2,1,1,4,2,1,1,2,1,3,6,2,1,17,3,2,1,3,2,1,2,1
4,497,644.0,146,terminated,2,6,1,2,644.0,0,2,1,1,1,3,1,8,2,2,1,5,2,2,1,3,2,3,7,2,2,17,4,2,2,4,2,2,2,2
4,498,1469.0,181,terminated,1,0,0,2,1469.0,1,3,1,2,0,3,0,6,1,2,0,3,1,2,0,2,2,3,6,1,2,17,3,1,2,3,1,2,1,2
4,499,1340.0,110,terminated,0,0,0,2,1340.0,1,1,0,1,1,2,1,5,0,2,1,3,0,2,1,3,2,2,4,0,2,17,2,0,2,2,0,2,0,2
4,500,109.0,221,terminated,0,12,1,2,109.0,0,1,0,1,1,2,1,5,0,2,1,3,0,2,1,3,2,2,4,0,2,17,2,0,2,2,0,2,0,2
4,501,1730.0,120,terminated,2,0,0,2,1730.0,1,1,1,0,0,4,0,8,2,2,0,4,2,2,0,2,2,4,8,2,2,17,4,2,2,4,2,2,2,2
4,502,1719.0,131,terminated,2,0,0,2,1719.0,1,3,1,2,1,3,1,8,2,2,1,5,2,2,1,3,2,3,7,2,2,18,4,2,2,4,2,2,2,2
4,503,98.0,42,terminated,2,31,1,0,98.0,0,1,1,0,1,2,1,5,2,0,1,3,2,0,1,1,0,2,4,2,0,17,2,2,0,2,2,0,2,0
4,504,1468.0,182,terminated,1,0,0,2,1468.0,1,2,0,2,0,2,0,5,1,2,0,3,1,2,0,2,2,2,5,1,2,17,3,1,2,3,1,2,1,2
4,505,1654.0,196,terminated,2,0,0,2,1654.0,1,1,1,0,1,4,1,9,2,2,1,5,2,2,1,3,2,4,8,2,2,19,4,2,2,4,2,2,2,2
4,506,411.0,109,terminated,2,13,1,1,411.0,0,1,1,0,1,3,1,7,2,1,1,4,2,1,1,2,1,3,6,2,1,17,3,2,1,3,2,1,2,1
4,507,480.0,110,terminated,1,6,1,2,480.0,0,1,1,0,1,3,1,7,1,2,1,4,1,2,1,3,2,3,6,1,2,17,3,1,2,3,1,2,1,2
4,508,41.0,99,terminated,0,31,1,2,41.0,0,1,0,1,1,2,1,5,0,2,1,3,0,2,1,3,2,2,4,0,2,19,2,0,2,2,0,2,0,2
4,509,1504.0,146,terminated,1,0,0,2,1504.0,1,2,0,2,1,2,1,6,1,2,1,4,1,2,1,3,2,2,5,1,2,17,3,1,2,3,1,2,1,2
4,510,1555.0,95,terminated,2,0,0,1,1555.0,1,3,2,1,1,3,1,7,2,1,1,4,2,1,1,2,1,3,6,2,1,21,3,2,1,3,2,1,2,1
4,511,1513.0,137,terminated,1,0,0,2,1513.0,1,2,1,1,1,3,1,7,1,2,1,4,1,2,1,3,2,3,6,1,2,17,3,1,2,3,1,2,1,2
4,512,1626.0,224,terminated,2,0,0,2,1626.0,1,1,1,0,1,4,1,9,2,2,1,5,2,2,1,3,2,4,8,2,2,17,4,2,2,4,2,2,2,2
4,513,1628.0,222,terminated,2,0,0,2,1628.0,1,1,0,1,1,4,1,9,2,2,1,5,2,2,1,3,2,4,8,2,2,17,4,2,2,4,2,2,2,2
4,514,1726.0,124,terminated,2,0,0,2,1726.0,1,2,2,0,1,4,1,9,2,2,1,5,2,2,1,3,2,4,8,2,2,18,4,2,2,4,2,2,2,2
4,515,1516.0,134,terminated,1,0,0,2,1516.0,1,1,0,1,1,2,1,6,1,2,1,4,1,2,1,3,2,2,5,1,2,18,3,1,2,3,1,2,1,2
4,516,596.0,64,terminated,2,19,1,2,596.0,0,1,0,1,1,3,1,8,2,2,1,5,2,2,1,3,2,3,7,2,2,17,4,2,2,4,2,2,2,2
4,517,1174.0,276,terminated,1,0,0,1,1174.0,1,1,1,0,1,2,1,5,1,1,1,3,1,1,1,2,1,2,4,1,1,17,2,1,1,2,1,1,1,1
4,518,1738.0,112,terminated,2,0,0,2,1738.0,1,2,1,1,1,3,1,8,2,2,1,5,2,2,1,3,2,3,7,2,2,17,4,2,2,4,2,2,2,2
4,519,31.0,19,terminated,1,40,1,1,31.0,0,2,1,1,1,0,1,3,1,1,1,3,1,1,1,2,1,0,2,1,1,19,2,1,1,2,1,1,1,1
4,520,1478.0,172,terminated,2,0,0,1,1478.0,1,1,0,1,1,2,1,6,2,1,1,4,2,1,1,2,1,2,5,2,1,17,3,2,1,3,2,1,2,1
4,521,0.0,300,truncated,0,25,0,0,0.0,0,0,0,0,1,0,1,1,0,0,1,1,0,0,1,1,0,0,0,0,0,17,0,0,0,0,0,0,0,0
4,522,1494.0,156,terminated,2,0,0,1,1494.0,1,2,1,1,1,3,1,7,2,1,1,4,2,1,1,2,1,3,6,2,1,18,3,2,1,3,2,1,2,1
4,523,1729.0,121,terminated,2,0,0,2,1729.0,1,2,0,2,1,4,1,9,2,2,1,5,2,2,1,3,2,4,8,2,2,17,4,2,2,4,2,2,2,2
4,524,1727.0,123,terminated,2,0,0,2,1727.0,1,1,1,0,1,4,1,9,2,2,1,5,2,2,1,3,2,4,8,2,2,17,4,2,2,4,2,2,2,2
4,525,1638.0,212,terminated,2,0,0,2,1638.0,1,2,1,1,1,3,1,8,2,2,1,5,2,2,1,3,2,3,7,2,2,16,4,2,2,4,2,2,2,2
4,526,456.0,134,terminated,1,6,1,2,456.0,0,1,0,1,1,3,1,7,1,2,1,4,1,2,1,3,2,3,6,1,2,19,3,1,2,3,1,2,1,2
4,527,1578.0,272,terminated,2,0,0,2,1578.0,1,1,1,0,1,3,1,8,2,2,1,5,2,2,1,3,2,3,7,2,2,24,4,2,2,4,2,2,2,2
4,528,405.0,165,terminated,2,8,1,1,405.0,0,2,1,1,1,3,1,7,2,1,1,4,2,1,1,2,1,3,6,2,1,17,3,2,1,3,2,1,2,1
4,529,261.0,139,terminated,1,5,1,1,261.0,0,2,1,1,1,1,1,4,1,1,1,3,1,1,1,2,1,1,3,1,1,19,2,1,1,2,1,1,1,1
4,530,1746.0,104,terminated,2,0,0,2,1746.0,1,3,1,2,1,4,1,9,2,2,1,5,2,2,1,3,2,4,8,2,2,17,4,2,2,4,2,2,2,2
4,531,649.0,81,terminated,2,12,1,2,649.0,0,4,2,2,0,4,0,8,2,2,0,4,2,2,0,2,2,4,8,2,2,16,4,2,2,4,2,2,2,2
4,532,770.0,300,truncated,1,8,0,2,770.0,0,1,0,1,1,3,1,7,1,2,1,4,1,2,1,3,2,3,6,1,2,17,3,1,2,3,1,2,1,2
4,533,447.0,73,terminated,2,13,1,1,447.0,0,1,0,1,1,2,1,6,2,1,1,4,2,1,1,2,1,2,5,2,1,17,3,2,1,3,2,1,2,1
4,534,1380.0,270,terminated,1,0,0,2,1380.0,1,1,0,1,1,2,1,6,1,2,1,4,1,2,1,3,2,2,5,1,2,17,3,1,2,3,1,2,1,2
4,535,315.0,205,terminated,1,13,1,2,315.0,0,1,0,1,0,2,0,5,1,2,0,3,1,2,0,2,2,2,5,1,2,17,3,1,2,3,1,2,1,2
4,536,530.0,300,truncated,0,12,0,2,530.0,0,0,0,0,1,2,1,5,0,2,1,3,0,2,1,3,2,2,4,0,2,17,2,0,2,2,0,2,0,2
4,537,1517.0,133,terminated,1,0,0,2,1517.0,1,1,0,1,1,2,1,6,1,2,1,4,1,2,1,3,2,2,5,1,2,17,3,1,2,3,1,2,1,2
4,538,1392.0,258,terminated,1,0,0,2,1392.0,1,1,0,1,1,3,1,7,1,2,1,4,1,2,1,3,2,3,6,1,2,17,3,1,2,3,1,2,1,2
4,539,619.0,81,terminated,2,15,1,2,619.0,0,2,1,1,0,4,0,8,2,2,0,4,2,2,0,2,2,4,8,2,2,18,4,2,2,4,2,2,2,2
4,540,1703.0,147,terminated,2,0,0,2,1703.0,1,1,0,1,1,4,1,9,2,2,1,5,2,2,1,3,2,4,8,2,2,17,4,2,2,4,2,2,2,2
4,541,1492.0,158,terminated,1,0,0,2,1492.0,1,1,0,1,1,3,1,7,1,2,1,4,1,2,1,3,2,3,6,1,2,17,3,1,2,3,1,2,1,2
4,542,1376.0,274,terminated,1,0,0,2,1376.0,1,1,0,1,1,3,1,7,1,2,1,4,1,2,1,3,2,3,6,1,2,17,3,1,2,3,1,2,1,2
4,543,621.0,209,terminated,2,2,1,2,621.0,0,2,0,2,1,4,1,9,2,2,1,5,2,2,1,3,2,4,8,2,2,17,4,2,2,4,2,2,2,2
4,544,1640.0,210,terminated,2,0,0,2,1640.0,1,0,0,0,1,4,1,9,2,2,1,5,2,2,1,3,2,4,8,2,2,17,4,2,2,4,2,2,2,2
4,545,623.0,77,terminated,2,15,1,2,623.0,0,2,1,1,1,3,1,8,2,2,1,5,2,2,1,3,2,3,7,2,2,17,4,2,2,4,2,2,2,2
4,546,357.0,143,terminated,2,15,1,1,357.0,0,3,2,1,0,2,0,5,2,1,0,3,2,1,0,1,1,2,5,2,1,17,3,2,1,3,2,1,2,1
4,547,1714.0,136,terminated,2,0,0,2,1714.0,1,1,1,0,1,3,1,8,2,2,1,5,2,2,1,3,2,3,7,2,2,17,4,2,2,4,2,2,2,2
4,548,520.0,300,truncated,1,13,0,1,520.0,0,0,0,0,1,2,1,5,1,1,1,3,1,1,1,2,1,2,4,1,1,17,2,1,1,2,1,1,1,1
4,549,177.0,153,terminated,1,12,1,1,177.0,0,1,1,0,0,2,0,4,1,1,0,2,1,1,0,1,1,2,4,1,1,19,2,1,1,2,1,1,1,1
4,550,1543.0,107,terminated,2,0,0,1,1543.0,1,1,1,0,1,3,1,7,2,1,1,4,2,1,1,2,1,3,6,2,1,17,3,2,1,3,2,1,2,1
4,551,1482.0,168,terminated,2,0,0,1,1482.0,1,3,2,1,0,3,0,6,2,1,0,3,2,1,0,1,1,3,6,2,1,17,3,2,1,3,2,1,2,1
4,552,115.0,45,terminated,1,29,1,1,115.0,0,1,0,1,1,2,1,5,1,1,1,3,1,1,1,2,1,2,4,1,1,21,2,1,1,2,1,1,1,1
4,553,624.0,76,terminated,2,15,1,2,624.0,0,1,1,0,0,4,0,8,2,2,0,4,2,2,0,2,2,4,8,2,2,17,4,2,2,4,2,2,2,2
4,554,375.0,115,terminated,1,16,1,2,375.0,0,2,1,1,0,3,0,6,1,2,0,3,1,2,0,2,2,3,6,1,2,17,3,1,2,3,1,2,1,2
4,555,568.0,82,terminated,2,20,1,2,568.0,0,1,0,1,1,4,1,9,2,2,1,5,2,2,1,3,2,4,8,2,2,17,4,2,2,4,2,2,2,2
4,556,102.0,38,terminated,1,31,1,1,102.0,0,1,0,1,1,1,1,4,1,1,1,3,1,1,1,2,1,1,3,1,1,17,2,1,1,2,1,1,1,1
4,557,311.0,169,terminated,2,17,1,1,311.0,0,0,0,0,1,3,1,7,2,1,1,4,2,1,1,2,1,3,6,2,1,17,3,2,1,3,2,1,2,1
4,558,593.0,237,terminated,2,2,1,2,593.0,0,1,1,0,1,3,1,8,2,2,1,5,2,2,1,3,2,3,7,2,2,17,4,2,2,4,2,2,2,2
4,559,1729.0,121,terminated,2,0,0,2,1729.0,1,1,0,1,1,4,1,9,2,2,1,5,2,2,1,3,2,4,8,2,2,17,4,2,2,4,2,2,2,2
4,560,305.0,115,terminated,1,23,1,2,305.0,0,3,1,2,0,3,0,6,1,2,0,3,1,2,0,2,2,3,6,1,2,17,3,1,2,3,1,2,1,2
4,561,1467.0,183,terminated,1,0,0,2,1467.0,1,1,0,1,0,3,0,6,1,2,0,3,1,2,0,2,2,3,6,1,2,17,3,1,2,3,1,2,1,2
4,562,1550.0,100,terminated,2,0,0,1,1550.0,1,3,2,1,1,2,1,6,2,1,1,4,2,1,1,2,1,2,5,2,1,17,3,2,1,3,2,1,2,1
4,563,1738.0,112,terminated,2,0,0,2,1738.0,1,1,1,0,0,4,0,8,2,2,0,4,2,2,0,2,2,4,8,2,2,19,4,2,2,4,2,2,2,2
4,564,397.0,123,terminated,1,13,1,2,397.0,0,1,0,1,1,2,1,6,1,2,1,4,1,2,1,3,2,2,5,1,2,17,3,1,2,3,1,2,1,2
4,565,348.0,92,terminated,1,21,1,2,348.0,0,2,1,1,1,2,1,6,1,2,1,4,1,2,1,3,2,2,5,1,2,17,3,1,2,3,1,2,1,2
4,566,393.0,127,terminated,1,13,1,2,393.0,0,2,0,2,0,3,0,6,1,2,0,3,1,2,0,2,2,3,6,1,2,17,3,1,2,3,1,2,1,2
4,567,1267.0,183,terminated,0,0,0,2,1267.0,1,0,0,0,1,2,1,5,0,2,1,3,0,2,1,3,2,2,4,0,2,17,2,0,2,2,0,2,0,2
4,568,146.0,284,terminated,1,22,1,2,146.0,0,1,0,1,1,3,1,7,1,2,1,4,1,2,1,3,2,3,6,1,2,17,3,1,2,3,1,2,1,2
4,569,77.0,283,terminated,1,9,1,1,77.0,0,0,0,0,1,2,1,5,1,1,1,3,1,1,1,2,1,2,4,1,1,17,2,1,1,2,1,1,1,1
4,570,520.0,300,truncated,2,13,0,0,520.0,0,0,0,0,1,2,1,5,2,0,1,3,2,0,1,1,0,2,4,2,0,17,2,2,0,2,2,0,2,0
4,571,1724.0,126,terminated,2,0,0,2,1724.0,1,1,0,1,1,3,1,8,2,2,1,5,2,2,1,3,2,3,7,2,2,17,4,2,2,4,2,2,2,2
4,572,520.0,300,truncated,1,13,0,1,520.0,0,1,1,0,1,1,1,4,1,1,1,3,1,1,1,2,1,1,3,1,1,23,2,1,1,2,1,1,1,1
4,573,1484.0,166,terminated,1,0,0,2,1484.0,1,1,0,1,1,2,1,6,1,2,1,4,1,2,1,3,2,2,5,1,2,17,3,1,2,3,1,2,1,2
4,574,1514.0,136,terminated,2,0,0,1,1514.0,1,3,2,1,1,3,1,7,2,1,1,4,2,1,1,2,1,3,6,2,1,19,3,2,1,3,2,1,2,1
4,575,99.0,41,terminated,1,31,1,1,99.0,0,2,1,1,0,1,0,3,1,1,0,2,1,1,0,1,1,1,3,1,1,17,2,1,1,2,1,1,1,1
4,576,107.0,43,terminated,1,30,1,1,107.0,0,0,0,0,1,2,1,5,1,1,1,3,1,1,1,2,1,2,4,1,1,17,2,1,1,2,1,1,1,1
4,577,1518.0,132,terminated,2,0,0,1,1518.0,1,2,1,1,1,2,1,6,2,1,1,4,2,1,1,2,1,2,5,2,1,17,3,2,1,3,2,1,2,1
4,578,123.0,137,terminated,1,19,1,1,123.0,0,1,0,1,0,2,0,4,1,1,0,2,1,1,0,1,1,2,4,1,1,24,2,1,1,2,1,1,1,1
4,579,656.0,114,terminated,2,8,1,2,656.0,0,2,1,1,0,3,0,7,2,2,0,4,2,2,0,2,2,3,7,2,2,17,4,2,2,4,2,2,2,2
4,580,1181.0,269,terminated,2,0,0,0,1181.0,1,0,0,0,1,2,1,5,2,0,1,3,2,0,1,1,0,2,4,2,0,17,2,2,0,2,2,0,2,0
4,581,1478.0,172,terminated,1,0,0,2,1478.0,1,2,0,2,1,3,1,7,1,2,1,4,1,2,1,3,2,3,6,1,2,17,3,1,2,3,1,2,1,2
4,582,622.0,168,terminated,2,6,1,2,622.0,0,1,0,1,1,4,1,9,2,2,1,5,2,2,1,3,2,4,8,2,2,17,4,2,2,4,2,2,2,2
4,583,304.0,146,terminated,1,20,1,2,304.0,0,2,1,1,1,2,1,6,1,2,1,4,1,2,1,3,2,2,5,1,2,20,3,1,2,3,1,2,1,2
4,584,88.0,92,terminated,0,27,1,2,88.0,0,1,0,1,0,2,0,4,0,2,0,2,0,2,0,2,2,2,4,0,2,17,2,0,2,2,0,2,0,2
4,585,1434.0,216,terminated,1,0,0,2,1434.0,1,1,1,0,1,3,1,7,1,2,1,4,1,2,1,3,2,3,6,1,2,17,3,1,2,3,1,2,1,2
4,586,1221.0,229,terminated,0,0,0,2,1221.0,1,0,0,0,1,2,1,5,0,2,1,3,0,2,1,3,2,2,4,0,2,17,2,0,2,2,0,2,0,2
4,587,80.0,60,terminated,0,31,1,2,80.0,0,1,0,1,1,2,1,5,0,2,1,3,0,2,1,3,2,2,4,0,2,17,2,0,2,2,0,2,0,2
4,588,388.0,132,terminated,1,13,1,2,388.0,0,3,1,2,1,3,1,7,1,2,1,4,1,2,1,3,2,3,6,1,2,15,3,1,2,3,1,2,1,2
4,589,1309.0,141,terminated,2,0,0,0,1309.0,1,0,0,0,1,2,1,5,2,0,1,3,2,0,1,1,0,2,4,2,0,17,2,2,0,2,2,0,2,0
4,590,1538.0,112,terminated,1,0,0,2,1538.0,1,1,0,1,1,2,1,6,1,2,1,4,1,2,1,3,2,2,5,1,2,19,3,1,2,3,1,2,1,2
4,591,476.0,144,terminated,2,3,1,1,476.0,0,3,2,1,1,2,1,6,2,1,1,4,2,1,1,2,1,2,5,2,1,17,3,2,1,3,2,1,2,1
4,592,1692.0,158,terminated,2,0,0,2,1692.0,1,2,1,1,1,3,1,8,2,2,1,5,2,2,1,3,2,3,7,2,2,17,4,2,2,4,2,2,2,2
4,593,1688.0,162,terminated,2,0,0,2,1688.0,1,1,1,0,1,4,1,9,2,2,1,5,2,2,1,3,2,4,8,2,2,17,4,2,2,4,2,2,2,2
4,594,1739.0,111,terminated,2,0,0,2,1739.0,1,3,1,2,1,2,1,7,2,2,1,5,2,2,1,3,2,2,6,2,2,20,4,2,2,4,2,2,2,2
4,595,677.0,133,terminated,2,4,1,2,677.0,0,1,0,1,0,4,0,8,2,2,0,4,2,2,0,2,2,4,8,2,2,17,4,2,2,4,2,2,2,2
4,596,405.0,205,terminated,2,4,1,1,405.0,0,0,0,0,1,3,1,7,2,1,1,4,2,1,1,2,1,3,6,2,1,17,3,2,1,3,2,1,2,1
4,597,419.0,91,terminated,1,14,1,2,419.0,0,3,1,2,0,3,0,6,1,2,0,3,1,2,0,2,2,3,6,1,2,17,3,1,2,3,1,2,1,2
4,598,18.0,32,terminated,1,40,1,1,18.0,0,2,1,1,1,1,1,4,1,1,1,3,1,1,1,2,1,1,3,1,1,14,2,1,1,2,1,1,1,1
4,599,1492.0,158,terminated,1,0,0,2,1492.0,1,0,0,0,1,3,1,7,1,2,1,4,1,2,1,3,2,3,6,1,2,17,3,1,2,3,1,2,1,2
4,600,31.0,19,terminated,1,40,1,1,31.0,0,2,1,1,1,0,1,3,1,1,1,3,1,1,1,2,1,0,2,1,1,19,2,1,1,2,1,1,1,1
4,601,213.0,77,terminated,1,16,1,1,213.0,0,1,0,1,1,2,1,5,1,1,1,3,1,1,1,2,1,2,4,1,1,17,2,1,1,2,1,1,1,1
4,602,493.0,137,terminated,1,2,1,2,493.0,0,2,1,1,1,3,1,7,1,2,1,4,1,2,1,3,2,3,6,1,2,17,3,1,2,3,1,2,1,2
4,603,1543.0,107,terminated,2,0,0,1,1543.0,1,2,1,1,1,3,1,7,2,1,1,4,2,1,1,2,1,3,6,2,1,17,3,2,1,3,2,1,2,1
4,604,620.0,70,terminated,2,16,1,2,620.0,0,1,1,0,1,4,1,9,2,2,1,5,2,2,1,3,2,4,8,2,2,17,4,2,2,4,2,2,2,2
4,605,590.0,190,terminated,2,7,1,2,590.0,0,1,0,1,0,4,0,8,2,2,0,4,2,2,0,2,2,4,8,2,2,21,4,2,2,4,2,2,2,2
4,606,1446.0,204,terminated,1,0,0,2,1446.0,1,0,0,0,1,3,1,7,1,2,1,4,1,2,1,3,2,3,6,1,2,17,3,1,2,3,1,2,1,2
4,607,42.0,18,terminated,1,39,1,1,42.0,0,1,0,1,0,1,0,3,1,1,0,2,1,1,0,1,1,1,3,1,1,17,2,1,1,2,1,1,1,1
4,608,580.0,300,truncated,1,7,0,1,580.0,0,1,0,1,0,2,0,4,1,1,0,2,1,1,0,1,1,2,4,1,1,41,2,1,1,2,1,1,1,1
4,609,1692.0,158,terminated,2,0,0,2,1692.0,1,1,1,0,1,4,1,9,2,2,1,5,2,2,1,3,2,4,8,2,2,17,4,2,2,4,2,2,2,2
4,610,465.0,165,terminated,1,2,1,2,465.0,0,1,0,1,1,2,1,6,1,2,1,4,1,2,1,3,2,2,5,1,2,17,3,1,2,3,1,2,1,2
4,611,366.0,74,terminated,1,21,1,2,366.0,0,1,0,1,0,3,0,6,1,2,0,3,1,2,0,2,2,3,6,1,2,17,3,1,2,3,1,2,1,2
4,612,1739.0,111,terminated,2,0,0,2,1739.0,1,3,2,1,1,2,1,7,2,2,1,5,2,2,1,3,2,2,6,2,2,18,4,2,2,4,2,2,2,2
4,613,294.0,36,terminated,2,32,1,1,294.0,0,0,0,0,1,2,1,6,2,1,1,4,2,1,1,2,1,2,5,2,1,17,3,2,1,3,2,1,2,1
4,614,1746.0,104,terminated,2,0,0,2,1746.0,1,3,2,1,1,4,1,9,2,2,1,5,2,2,1,3,2,4,8,2,2,16,4,2,2,4,2,2,2,2
4,615,386.0,144,terminated,2,12,1,1,386.0,0,0,0,0,1,3,1,7,2,1,1,4,2,1,1,2,1,3,6,2,1,17,3,2,1,3,2,1,2,1
4,616,532.0,48,terminated,2,27,1,2,532.0,0,0,0,0,1,3,1,8,2,2,1,5,2,2,1,3,2,3,7,2,2,17,4,2,2,4,2,2,2,2
4,617,1444.0,206,terminated,2,0,0,1,1444.0,1,0,0,0,1,3,1,7,2,1,1,4,2,1,1,2,1,3,6,2,1,17,3,2,1,3,2,1,2,1
4,618,1235.0,215,terminated,1,0,0,1,1235.0,1,0,0,0,1,2,1,5,1,1,1,3,1,1,1,2,1,2,4,1,1,17,2,1,1,2,1,1,1,1
4,619,1742.0,108,terminated,2,0,0,2,1742.0,1,2,1,1,1,4,1,9,2,2,1,5,2,2,1,3,2,4,8,2,2,17,4,2,2,4,2,2,2,2
4,620,1514.0,136,terminated,2,0,0,1,1514.0,1,1,1,0,1,3,1,7,2,1,1,4,2,1,1,2,1,3,6,2,1,19,3,2,1,3,2,1,2,1
4,621,1437.0,213,terminated,2,0,0,1,1437.0,1,1,1,0,1,3,1,7,2,1,1,4,2,1,1,2,1,3,6,2,1,17,3,2,1,3,2,1,2,1
4,622,1539.0,111,terminated,2,0,0,1,1539.0,1,0,0,0,1,3,1,7,2,1,1,4,2,1,1,2,1,3,6,2,1,17,3,2,1,3,2,1,2,1
4,623,1714.0,136,terminated,2,0,0,2,1714.0,1,2,0,2,0,4,0,8,2,2,0,4,2,2,0,2,2,4,8,2,2,17,4,2,2,4,2,2,2,2
4,624,582.0,158,terminated,2,11,1,2,582.0,0,1,0,1,1,4,1,9,2,2,1,5,2,2,1,3,2,4,8,2,2,28,4,2,2,4,2,2,2,2
4,625,1492.0,158,terminated,2,0,0,1,1492.0,1,0,0,0,1,3,1,7,2,1,1,4,2,1,1,2,1,3,6,2,1,17,3,2,1,3,2,1,2,1
4,626,1681.0,169,terminated,2,0,0,2,1681.0,1,1,1,0,1,4,1,9,2,2,1,5,2,2,1,3,2,4,8,2,2,17,4,2,2,4,2,2,2,2
4,627,400.0,70,terminated,1,18,1,2,400.0,0,0,0,0,1,3,1,7,1,2,1,4,1,2,1,3,2,3,6,1,2,17,3,1,2,3,1,2,1,2
4,628,1703.0,147,terminated,2,0,0,2,1703.0,1,1,0,1,0,4,0,8,2,2,0,4,2,2,0,2,2,4,8,2,2,17,4,2,2,4,2,2,2,2
4,629,1420.0,230,terminated,1,0,0,2,1420.0,1,1,0,1,0,3,0,6,1,2,0,3,1,2,0,2,2,3,6,1,2,17,3,1,2,3,1,2,1,2
4,630,1707.0,143,terminated,2,0,0,2,1707.0,1,1,0,1,1,3,1,8,2,2,1,5,2,2,1,3,2,3,7,2,2,17,4,2,2,4,2,2,2,2
4,631,382.0,128,terminated,2,14,1,1,382.0,0,1,1,0,1,3,1,7,2,1,1,4,2,1,1,2,1,3,6,2,1,17,3,2,1,3,2,1,2,1
4,632,711.0,109,terminated,2,3,1,2,711.0,0,4,2,2,1,3,1,8,2,2,1,5,2,2,1,3,2,3,7,2,2,15,4,2,2,4,2,2,2,2
4,633,1303.0,147,terminated,1,0,0,1,1303.0,1,1,0,1,1,2,1,5,1,1,1,3,1,1,1,2,1,2,4,1,1,19,2,1,1,2,1,1,1,1
4,634,830.0,300,truncated,2,2,0,1,830.0,0,0,0,0,1,3,1,7,2,1,1,4,2,1,1,2,1,3,6,2,1,17,3,2,1,3,2,1,2,1
4,635,301.0,39,terminated,2,31,1,1,301.0,0,1,0,1,1,2,1,6,2,1,1,4,2,1,1,2,1,2,5,2,1,17,3,2,1,3,2,1,2,1
4,636,1168.0,282,terminated,2,0,0,0,1168.0,1,1,1,0,1,2,1,5,2,0,1,3,2,0,1,1,0,2,4,2,0,17,2,2,0,2,2,0,2,0
4,637,440.0,300,truncated,0,21,0,2,440.0,0,1,0,1,1,2,1,5,0,2,1,3,0,2,1,3,2,2,4,0,2,19,2,0,2,2,0,2,0,2
4,638,101.0,39,terminated,0,31,1,2,101.0,0,2,0,2,1,1,1,4,0,2,1,3,0,2,1,3,2,1,3,0,2,17,2,0,2,2,0,2,0,2
4,639,1468.0,182,terminated,2,0,0,1,1468.0,1,3,2,1,1,3,1,7,2,1,1,4,2,1,1,2,1,3,6,2,1,17,3,2,1,3,2,1,2,1
4,640,730.0,300,truncated,2,12,0,1,730.0,0,1,1,0,1,2,1,6,2,1,1,4,2,1,1,2,1,2,5,2,1,19,3,2,1,3,2,1,2,1
4,641,1489.0,161,terminated,2,0,0,1,1489.0,1,1,1,0,1,3,1,7,2,1,1,4,2,1,1,2,1,3,6,2,1,17,3,2,1,3,2,1,2,1
4,642,1758.0,92,terminated,2,0,0,2,1758.0,1,3,2,1,1,4,1,9,2,2,1,5,2,2,1,3,2,4,8,2,2,17,4,2,2,4,2,2,2,2
4,643,658.0,122,terminated,2,7,1,2,658.0,0,3,2,1,0,4,0,8,2,2,0,4,2,2,0,2,2,4,8,2,2,15,4,2,2,4,2,2,2,2
4,644,1688.0,162,terminated,2,0,0,2,1688.0,1,2,1,1,1,3,1,8,2,2,1,5,2,2,1,3,2,3,7,2,2,17,4,2,2,4,2,2,2,2
4,645,297.0,43,terminated,1,31,1,2,297.0,0,2,1,1,0,3,0,6,1,2,0,3,1,2,0,2,2,3,6,1,2,14,3,1,2,3,1,2,1,2
4,646,459.0,181,terminated,2,1,1,1,459.0,0,0,0,0,1,3,1,7,2,1,1,4,2,1,1,2,1,3,6,2,1,17,3,2,1,3,2,1,2,1
4,647,1452.0,198,terminated,2,0,0,1,1452.0,1,0,0,0,1,3,1,7,2,1,1,4,2,1,1,2,1,3,6,2,1,17,3,2,1,3,2,1,2,1
4,648,1726.0,124,terminated,2,0,0,2,1726.0,1,4,2,2,1,3,1,8,2,2,1,5,2,2,1,3,2,3,7,2,2,16,4,2,2,4,2,2,2,2
4,649,481.0,139,terminated,1,3,1,2,481.0,0,2,0,2,0,2,0,5,1,2,0,3,1,2,0,2,2,2,5,1,2,17,3,1,2,3,1,2,1,2
4,650,1407.0,243,terminated,2,0,0,1,1407.0,1,3,2,1,1,3,1,7,2,1,1,4,2,1,1,2,1,3,6,2,1,17,3,2,1,3,2,1,2,1
4,651,1089.0,161,terminated,0,0,0,1,1089.0,1,1,0,1,0,1,0,2,0,1,0,1,0,1,0,1,1,1,2,0,1,17,1,0,1,1,0,1,0,1
4,652,750.0,300,truncated,2,10,0,1,750.0,0,2,1,1,1,3,1,7,2,1,1,4,2,1,1,2,1,3,6,2,1,17,3,2,1,3,2,1,2,1
4,653,1742.0,108,terminated,2,0,0,2,1742.0,1,1,1,0,0,4,0,8,2,2,0,4,2,2,0,2,2,4,8,2,2,17,4,2,2,4,2,2,2,2
4,654,682.0,138,terminated,2,3,1,2,682.0,0,2,1,1,0,4,0,8,2,2,0,4,2,2,0,2,2,4,8,2,2,14,4,2,2,4,2,2,2,2
4,655,637.0,73,terminated,2,14,1,2,637.0,0,1,0,1,1,3,1,8,2,2,1,5,2,2,1,3,2,3,7,2,2,17,4,2,2,4,2,2,2,2
4,656,1395.0,255,terminated,2,0,0,1,1395.0,1,0,0,0,1,3,1,7,2,1,1,4,2,1,1,2,1,3,6,2,1,17,3,2,1,3,2,1,2,1
4,657,930.0,300,truncated,2,12,0,2,930.0,0,2,1,1,0,4,0,8,2,2,0,4,2,2,0,2,2,4,8,2,2,14,4,2,2,4,2,2,2,2
4,658,421.0,79,terminated,2,15,1,1,421.0,0,0,0,0,1,3,1,7,2,1,1,4,2,1,1,2,1,3,6,2,1,17,3,2,1,3,2,1,2,1
4,659,1748.0,102,terminated,2,0,0,2,1748.0,1,3,1,2,1,4,1,9,2,2,1,5,2,2,1,3,2,4,8,2,2,17,4,2,2,4,2,2,2,2
4,660,1696.0,154,terminated,2,0,0,2,1696.0,1,0,0,0,1,4,1,9,2,2,1,5,2,2,1,3,2,4,8,2,2,17,4,2,2,4,2,2,2,2
4,661,357.0,143,terminated,1,15,1,2,357.0,0,2,1,1,1,1,1,5,1,2,1,4,1,2,1,3,2,1,4,1,2,16,3,1,2,3,1,2,1,2
4,662,414.0,136,terminated,2,10,1,1,414.0,0,1,0,1,1,3,1,7,2,1,1,4,2,1,1,2,1,3,6,2,1,17,3,2,1,3,2,1,2,1
4,663,1522.0,128,terminated,1,0,0,2,1522.0,1,2,0,2,0,3,0,6,1,2,0,3,1,2,0,2,2,3,6,1,2,28,3,1,2,3,1,2,1,2
4,664,1529.0,121,terminated,2,0,0,1,1529.0,1,1,0,1,1,3,1,7,2,1,1,4,2,1,1,2,1,3,6,2,1,17,3,2,1,3,2,1,2,1
4,665,42.0,18,terminated,1,39,1,1,42.0,0,1,1,0,1,1,1,4,1,1,1,3,1,1,1,2,1,1,3,1,1,17,2,1,1,2,1,1,1,1
4,666,1548.0,102,terminated,1,0,0,2,1548.0,1,2,0,2,1,3,1,7,1,2,1,4,1,2,1,3,2,3,6,1,2,17,3,1,2,3,1,2,1,2
4,667,1741.0,109,terminated,2,0,0,2,1741.0,1,1,0,1,0,4,0,8,2,2,0,4,2,2,0,2,2,4,8,2,2,18,4,2,2,4,2,2,2,2
4,668,433.0,67,terminated,2,15,1,1,433.0,0,3,2,1,1,3,1,7,2,1,1,4,2,1,1,2,1,3,6,2,1,19,3,2,1,3,2,1,2,1
4,669,622.0,68,terminated,2,16,1,2,622.0,0,4,2,2,0,4,0,8,2,2,0,4,2,2,0,2,2,4,8,2,2,16,4,2,2,4,2,2,2,2
4,670,520.0,300,truncated,1,13,0,1,520.0,0,0,0,0,1,2,1,5,1,1,1,3,1,1,1,2,1,2,4,1,1,17,2,1,1,2,1,1,1,1
4,671,252.0,138,terminated,1,26,1,2,252.0,0,2,1,1,1,3,1,7,1,2,1,4,1,2,1,3,2,3,6,1,2,17,3,1,2,3,1,2,1,2
4,672,640.0,80,terminated,2,13,1,2,640.0,0,2,1,1,0,4,0,8,2,2,0,4,2,2,0,2,2,4,8,2,2,17,4,2,2,4,2,2,2,2
4,673,626.0,64,terminated,2,16,1,2,626.0,0,1,0,1,0,3,0,7,2,2,0,4,2,2,0,2,2,3,7,2,2,17,4,2,2,4,2,2,2,2
4,674,335.0,185,terminated,2,13,1,1,335.0,0,1,1,0,1,3,1,7,2,1,1,4,2,1,1,2,1,3,6,2,1,17,3,2,1,3,2,1,2,1
4,675,1724.0,126,terminated,2,0,0,2,1724.0,1,2,2,0,1,3,1,8,2,2,1,5,2,2,1,3,2,3,7,2,2,17,4,2,2,4,2,2,2,2
4,676,389.0,131,terminated,2,13,1,1,389.0,0,1,1,0,0,3,0,6,2,1,0,3,2,1,0,1,1,3,6,2,1,28,3,2,1,3,2,1,2,1
4,677,1766.0,84,terminated,2,0,0,2,1766.0,1,2,1,1,1,4,1,9,2,2,1,5,2,2,1,3,2,4,8,2,2,17,4,2,2,4,2,2,2,2
4,678,616.0,104,terminated,2,13,1,2,616.0,0,0,0,0,1,4,1,9,2,2,1,5,2,2,1,3,2,4,8,2,2,17,4,2,2,4,2,2,2,2
4,679,1718.0,132,terminated,2,0,0,2,1718.0,1,4,2,2,0,3,0,7,2,2,0,4,2,2,0,2,2,3,7,2,2,13,4,2,2,4,2,2,2,2
4,680,1473.0,177,terminated,1,0,0,2,1473.0,1,2,1,1,1,3,1,7,1,2,1,4,1,2,1,3,2,3,6,1,2,17,3,1,2,3,1,2,1,2
4,681,416.0,174,terminated,1,6,1,2,416.0,0,2,0,2,1,2,1,6,1,2,1,4,1,2,1,3,2,2,5,1,2,17,3,1,2,3,1,2,1,2
4,682,385.0,125,terminated,2,14,1,1,385.0,0,0,0,0,1,3,1,7,2,1,1,4,2,1,1,2,1,3,6,2,1,17,3,2,1,3,2,1,2,1
4,683,1454.0,196,terminated,2,0,0,1,1454.0,1,2,1,1,1,3,1,7,2,1,1,4,2,1,1,2,1,3,6,2,1,16,3,2,1,3,2,1,2,1
4,684,174.0,216,terminated,1,6,1,1,174.0,0,0,0,0,1,2,1,5,1,1,1,3,1,1,1,2,1,2,4,1,1,17,2,1,1,2,1,1,1,1
4,685,587.0,73,terminated,2,19,1,2,587.0,0,2,1,1,1,4,1,9,2,2,1,5,2,2,1,3,2,4,8,2,2,17,4,2,2,4,2,2,2,2
4,686,310.0,300,truncated,0,14,0,1,310.0,0,0,0,0,1,1,1,3,0,1,1,2,0,1,1,2,1,1,2,0,1,19,1,0,1,1,0,1,0,1
4,687,1533.0,117,terminated,1,0,0,2,1533.0,1,0,0,0,1,3,1,7,1,2,1,4,1,2,1,3,2,3,6,1,2,17,3,1,2,3,1,2,1,2
4,688,31.0,19,terminated,1,40,1,1,31.0,0,2,1,1,1,0,1,3,1,1,1,3,1,1,1,2,1,0,2,1,1,19,2,1,1,2,1,1,1,1
4,689,690.0,300,truncated,2,16,0,1,690.0,0,2,1,1,1,3,1,7,2,1,1,4,2,1,1,2,1,3,6,2,1,17,3,2,1,3,2,1,2,1
4,690,1381.0,269,terminated,2,0,0,1,1381.0,1,1,1,0,0,3,0,6,2,1,0,3,2,1,0,1,1,3,6,2,1,17,3,2,1,3,2,1,2,1
4,691,1392.0,258,terminated,1,0,0,2,1392.0,1,1,0,1,1,3,1,7,1,2,1,4,1,2,1,3,2,3,6,1,2,19,3,1,2,3,1,2,1,2
4,692,1464.0,186,terminated,1,0,0,2,1464.0,1,1,0,1,0,3,0,6,1,2,0,3,1,2,0,2,2,3,6,1,2,19,3,1,2,3,1,2,1,2
4,693,411.0,99,terminated,1,14,1,2,411.0,0,2,1,1,0,3,0,6,1,2,0,3,1,2,0,2,2,3,6,1,2,14,3,1,2,3,1,2,1,2
4,694,1543.0,107,terminated,2,0,0,1,1543.0,1,1,0,1,1,3,1,7,2,1,1,4,2,1,1,2,1,3,6,2,1,17,3,2,1,3,2,1,2,1
4,695,277.0,193,terminated,1,18,1,2,277.0,0,1,0,1,1,3,1,7,1,2,1,4,1,2,1,3,2,3,6,1,2,19,3,1,2,3,1,2,1,2
4,696,385.0,175,terminated,2,9,1,1,385.0,0,2,1,1,0,3,0,6,2,1,0,3,2,1,0,1,1,3,6,2,1,14,3,2,1,3,2,1,2,1
4,697,1689.0,161,terminated,2,0,0,2,1689.0,1,2,0,2,0,4,0,8,2,2,0,4,2,2,0,2,2,4,8,2,2,17,4,2,2,4,2,2,2,2
4,698,422.0,78,terminated,2,15,1,1,422.0,0,1,1,0,1,3,1,7,2,1,1,4,2,1,1,2,1,3,6,2,1,19,3,2,1,3,2,1,2,1
4,699,1234.0,216,terminated,1,0,0,1,1234.0,1,1,0,1,1,2,1,5,1,1,1,3,1,1,1,2,1,2,4,1,1,17,2,1,1,2,1,1,1,1
4,700,488.0,52,terminated,2,31,1,2,488.0,0,2,1,1,1,3,1,8,2,2,1,5,2,2,1,3,2,3,7,2,2,19,4,2,2,4,2,2,2,2
4,701,1704.0,146,terminated,2,0,0,2,1704.0,1,3,1,2,0,4,0,8,2,2,0,4,2,2,0,2,2,4,8,2,2,17,4,2,2,4,2,2,2,2
4,702,520.0,200,terminated,2,13,1,2,520.0,0,2,1,1,1,4,1,9,2,2,1,5,2,2,1,3,2,4,8,2,2,16,4,2,2,4,2,2,2,2
4,703,396.0,104,terminated,2,15,1,1,396.0,0,2,1,1,1,2,1,6,2,1,1,4,2,1,1,2,1,2,5,2,1,19,3,2,1,3,2,1,2,1
4,704,530.0,300,truncated,0,12,0,2,530.0,0,0,0,0,1,2,1,5,0,2,1,3,0,2,1,3,2,2,4,0,2,17,2,0,2,2,0,2,0,2
4,705,492.0,98,terminated,2,6,1,1,492.0,0,1,1,0,1,3,1,7,2,1,1,4,2,1,1,2,1,3,6,2,1,17,3,2,1,3,2,1,2,1
4,706,1723.0,127,terminated,2,0,0,2,1723.0,1,3,2,1,0,4,0,8,2,2,0,4,2,2,0,2,2,4,8,2,2,17,4,2,2,4,2,2,2,2
4,707,1695.0,155,terminated,2,0,0,2,1695.0,1,2,1,1,0,4,0,8,2,2,0,4,2,2,0,2,2,4,8,2,2,17,4,2,2,4,2,2,2,2
4,708,609.0,101,terminated,2,14,1,2,609.0,0,3,2,1,1,3,1,8,2,2,1,5,2,2,1,3,2,3,7,2,2,17,4,2,2,4,2,2,2,2
4,709,437.0,83,terminated,2,13,1,1,437.0,0,0,0,0,1,2,1,6,2,1,1,4,2,1,1,2,1,2,5,2,1,17,3,2,1,3,2,1,2,1
4,710,350.0,300,truncated,1,10,0,0,350.0,0,0,0,0,1,1,1,3,1,0,1,2,1,0,1,1,0,1,2,1,0,17,1,1,0,1,1,0,1,0
4,711,1693.0,157,terminated,2,0,0,2,1693.0,1,2,1,1,0,4,0,8,2,2,0,4,2,2,0,2,2,4,8,2,2,17,4,2,2,4,2,2,2,2
4,712,26.0,34,terminated,1,39,1,1,26.0,0,2,1,1,1,2,1,5,1,1,1,3,1,1,1,2,1,2,4,1,1,15,2,1,1,2,1,1,1,1
4,713,1683.0,167,terminated,2,0,0,2,1683.0,1,1,0,1,0,4,0,8,2,2,0,4,2,2,0,2,2,4,8,2,2,17,4,2,2,4,2,2,2,2
4,714,1465.0,185,terminated,2,0,0,1,1465.0,1,0,0,0,1,3,1,7,2,1,1,4,2,1,1,2,1,3,6,2,1,17,3,2,1,3,2,1,2,1
4,715,1506.0,144,terminated,1,0,0,2,1506.0,1,0,0,0,1,3,1,7,1,2,1,4,1,2,1,3,2,3,6,1,2,17,3,1,2,3,1,2,1,2
4,716,1482.0,168,terminated,1,0,0,2,1482.0,1,1,1,0,1,3,1,7,1,2,1,4,1,2,1,3,2,3,6,1,2,17,3,1,2,3,1,2,1,2
4,717,520.0,300,truncated,1,13,0,1,520.0,0,1,0,1,1,2,1,5,1,1,1,3,1,1,1,2,1,2,4,1,1,17,2,1,1,2,1,1,1,1
4,718,1249.0,201,terminated,1,0,0,1,1249.0,1,0,0,0,1,1,1,4,1,1,1,3,1,1,1,2,1,1,3,1,1,17,2,1,1,2,1,1,1,1
4,719,1681.0,169,terminated,2,0,0,2,1681.0,1,1,0,1,1,4,1,9,2,2,1,5,2,2,1,3,2,4,8,2,2,17,4,2,2,4,2,2,2,2
4,720,139.0,181,terminated,0,13,1,2,139.0,0,0,0,0,1,2,1,5,0,2,1,3,0,2,1,3,2,2,4,0,2,17,2,0,2,2,0,2,0,2
4,721,144.0,46,terminated,1,26,1,1,144.0,0,0,0,0,1,2,1,5,1,1,1,3,1,1,1,2,1,2,4,1,1,17,2,1,1,2,1,1,1,1
4,722,630.0,300,truncated,1,2,0,1,630.0,0,1,1,0,1,2,1,5,1,1,1,3,1,1,1,2,1,2,4,1,1,17,2,1,1,2,1,1,1,1
4,723,1284.0,166,terminated,2,0,0,0,1284.0,1,2,2,0,1,2,1,5,2,0,1,3,2,0,1,1,0,2,4,2,0,17,2,2,0,2,2,0,2,0
4,724,217.0,123,terminated,2,31,1,1,217.0,0,0,0,0,1,3,1,7,2,1,1,4,2,1,1,2,1,3,6,2,1,17,3,2,1,3,2,1,2,1
4,725,335.0,155,terminated,1,16,1,2,335.0,0,1,1,0,1,2,1,6,1,2,1,4,1,2,1,3,2,2,5,1,2,17,3,1,2,3,1,2,1,2
4,726,1709.0,141,terminated,2,0,0,2,1709.0,1,4,2,2,0,3,0,7,2,2,0,4,2,2,0,2,2,3,7,2,2,14,4,2,2,4,2,2,2,2
4,727,330.0,300,truncated,0,32,0,2,330.0,0,1,0,1,1,2,1,5,0,2,1,3,0,2,1,3,2,2,4,0,2,17,2,0,2,2,0,2,0,2
4,728,590.0,300,truncated,2,6,0,0,590.0,0,0,0,0,1,2,1,5,2,0,1,3,2,0,1,1,0,2,4,2,0,17,2,2,0,2,2,0,2,0
4,729,99.0,41,terminated,0,31,1,2,99.0,0,2,0,2,1,1,1,4,0,2,1,3,0,2,1,3,2,1,3,0,2,19,2,0,2,2,0,2,0,2
4,730,1747.0,103,terminated,2,0,0,2,1747.0,1,2,1,1,1,3,1,8,2,2,1,5,2,2,1,3,2,3,7,2,2,17,4,2,2,4,2,2,2,2
4,731,1479.0,171,terminated,2,0,0,1,1479.0,1,0,0,0,1,3,1,7,2,1,1,4,2,1,1,2,1,3,6,2,1,17,3,2,1,3,2,1,2,1
4,732,1251.0,199,terminated,1,0,0,1,1251.0,1,2,1,1,1,2,1,5,1,1,1,3,1,1,1,2,1,2,4,1,1,17,2,1,1,2,1,1,1,1
4,733,1317.0,133,terminated,1,0,0,1,1317.0,1,1,0,1,1,2,1,5,1,1,1,3,1,1,1,2,1,2,4,1,1,17,2,1,1,2,1,1,1,1
4,734,1490.0,160,terminated,1,0,0,2,1490.0,1,0,0,0,1,3,1,7,1,2,1,4,1,2,1,3,2,3,6,1,2,17,3,1,2,3,1,2,1,2
4,735,-178.0,18,terminated,1,41,1,0,-178.0,0,1,1,0,0,1,0,2,1,0,0,1,1,0,0,0,0,1,2,1,0,18,1,1,0,1,1,0,1,0
4,736,-172.0,22,terminated,0,40,1,1,-172.0,0,1,0,1,0,1,0,2,0,1,0,1,0,1,0,1,1,1,2,0,1,20,1,0,1,1,0,1,0,1
4,737,1329.0,121,terminated,1,0,0,1,1329.0,1,2,1,1,1,2,1,5,1,1,1,3,1,1,1,2,1,2,4,1,1,24,2,1,1,2,1,1,1,1
4,738,396.0,124,terminated,1,13,1,2,396.0,0,1,1,0,1,3,1,7,1,2,1,4,1,2,1,3,2,3,6,1,2,17,3,1,2,3,1,2,1,2
4,739,1748.0,102,terminated,2,0,0,2,1748.0,1,2,1,1,0,3,0,7,2,2,0,4,2,2,0,2,2,3,7,2,2,17,4,2,2,4,2,2,2,2
4,740,-167.0,17,terminated,0,40,1,1,-167.0,0,1,0,1,0,1,0,2,0,1,0,1,0,1,0,1,1,1,2,0,1,17,1,0,1,1,0,1,0,1
4,741,695.0,95,terminated,2,6,1,2,695.0,0,4,2,2,1,3,1,8,2,2,1,5,2,2,1,3,2,3,7,2,2,17,4,2,2,4,2,2,2,2
4,742,351.0,179,terminated,1,12,1,2,351.0,0,2,1,1,1,3,1,7,1,2,1,4,1,2,1,3,2,3,6,1,2,17,3,1,2,3,1,2,1,2
4,743,680.0,300,truncated,1,17,0,2,680.0,0,0,0,0,1,3,1,7,1,2,1,4,1,2,1,3,2,3,6,1,2,17,3,1,2,3,1,2,1,2
4,744,1542.0,108,terminated,2,0,0,1,1542.0,1,1,1,0,1,3,1,7,2,1,1,4,2,1,1,2,1,3,6,2,1,17,3,2,1,3,2,1,2,1
4,745,930.0,300,truncated,2,12,0,2,930.0,0,4,2,2,1,3,1,8,2,2,1,5,2,2,1,3,2,3,7,2,2,16,4,2,2,4,2,2,2,2
4,746,137.0,43,terminated,1,27,1,1,137.0,0,1,0,1,0,2,0,4,1,1,0,2,1,1,0,1,1,2,4,1,1,17,2,1,1,2,1,1,1,1
4,747,1386.0,264,terminated,1,0,0,2,1386.0,1,1,1,0,1,3,1,7,1,2,1,4,1,2,1,3,2,3,6,1,2,17,3,1,2,3,1,2,1,2
4,748,1405.0,245,terminated,1,0,0,2,1405.0,1,2,1,1,1,3,1,7,1,2,1,4,1,2,1,3,2,3,6,1,2,17,3,1,2,3,1,2,1,2
4,749,129.0,51,terminated,2,27,1,0,129.0,0,1,1,0,1,1,1,4,2,0,1,3,2,0,1,1,0,1,3,2,0,17,2,2,0,2,2,0,2,0
4,750,1619.0,231,terminated,2,0,0,2,1619.0,1,1,0,1,1,4,1,9,2,2,1,5,2,2,1,3,2,4,8,2,2,17,4,2,2,4,2,2,2,2
4,751,1279.0,171,terminated,1,0,0,1,1279.0,1,1,1,0,0,1,0,3,1,1,0,2,1,1,0,1,1,1,3,1,1,21,2,1,1,2,1,1,1,1
4,752,978.0,272,terminated,0,0,0,1,978.0,1,0,0,0,1,0,1,2,0,1,1,2,0,1,1,2,1,0,1,0,1,17,1,0,1,1,0,1,0,1
4,753,219.0,101,terminated,1,13,1,1,219.0,0,1,0,1,1,2,1,5,1,1,1,3,1,1,1,2,1,2,4,1,1,19,2,1,1,2,1,1,1,1
4,754,465.0,155,terminated,1,3,1,2,465.0,0,2,1,1,1,2,1,6,1,2,1,4,1,2,1,3,2,2,5,1,2,17,3,1,2,3,1,2,1,2
4,755,1688.0,162,terminated,2,0,0,2,1688.0,1,3,2,1,1,3,1,8,2,2,1,5,2,2,1,3,2,3,7,2,2,17,4,2,2,4,2,2,2,2
4,756,1755.0,95,terminated,2,0,0,2,1755.0,1,3,1,2,0,3,0,7,2,2,0,4,2,2,0,2,2,3,7,2,2,17,4,2,2,4,2,2,2,2
4,757,561.0,99,terminated,2,19,1,2,561.0,0,2,1,1,0,3,0,7,2,2,0,4,2,2,0,2,2,3,7,2,2,15,4,2,2,4,2,2,2,2
4,758,1517.0,133,terminated,1,0,0,2,1517.0,1,0,0,0,1,2,1,6,1,2,1,4,1,2,1,3,2,2,5,1,2,17,3,1,2,3,1,2,1,2
4,759,711.0,99,terminated,2,4,1,2,711.0,0,3,1,2,1,4,1,9,2,2,1,5,2,2,1,3,2,4,8,2,2,17,4,2,2,4,2,2,2,2
4,760,1745.0,105,terminated,2,0,0,2,1745.0,1,2,0,2,1,4,1,9,2,2,1,5,2,2,1,3,2,4,8,2,2,17,4,2,2,4,2,2,2,2
4,761,300.0,300,truncated,0,15,0,1,300.0,0,0,0,0,1,1,1,3,0,1,1,2,0,1,1,2,1,1,2,0,1,17,1,0,1,1,0,1,0,1
4,762,1290.0,160,terminated,2,0,0,0,1290.0,1,1,1,0,1,2,1,5,2,0,1,3,2,0,1,1,0,2,4,2,0,17,2,2,0,2,2,0,2,0
4,763,1735.0,115,terminated,2,0,0,2,1735.0,1,1,0,1,1,4,1,9,2,2,1,5,2,2,1,3,2,4,8,2,2,17,4,2,2,4,2,2,2,2
4,764,1173.0,277,terminated,0,0,0,2,1173.0,1,0,0,0,1,2,1,5,0,2,1,3,0,2,1,3,2,2,4,0,2,17,2,0,2,2,0,2,0,2
4,765,1524.0,126,terminated,1,0,0,2,1524.0,1,3,1,2,0,3,0,6,1,2,0,3,1,2,0,2,2,3,6,1,2,17,3,1,2,3,1,2,1,2
4,766,1359.0,291,terminated,2,0,0,1,1359.0,1,1,1,0,0,2,0,5,2,1,0,3,2,1,0,1,1,2,5,2,1,19,3,2,1,3,2,1,2,1
4,767,1493.0,157,terminated,1,0,0,2,1493.0,1,0,0,0,1,3,1,7,1,2,1,4,1,2,1,3,2,3,6,1,2,17,3,1,2,3,1,2,1,2
4,768,599.0,81,terminated,2,17,1,2,599.0,0,3,1,2,0,4,0,8,2,2,0,4,2,2,0,2,2,4,8,2,2,17,4,2,2,4,2,2,2,2
4,769,611.0,109,terminated,2,13,1,2,611.0,0,1,0,1,1,4,1,9,2,2,1,5,2,2,1,3,2,4,8,2,2,17,4,2,2,4,2,2,2,2
4,770,1506.0,144,terminated,2,0,0,1,1506.0,1,2,1,1,1,3,1,7,2,1,1,4,2,1,1,2,1,3,6,2,1,17,3,2,1,3,2,1,2,1
4,771,561.0,159,terminated,2,13,1,2,561.0,0,3,2,1,0,3,0,7,2,2,0,4,2,2,0,2,2,3,7,2,2,13,4,2,2,4,2,2,2,2
4,772,1494.0,156,terminated,1,0,0,2,1494.0,1,1,0,1,1,3,1,7,1,2,1,4,1,2,1,3,2,3,6,1,2,17,3,1,2,3,1,2,1,2
4,773,496.0,114,terminated,2,4,1,1,496.0,0,3,2,1,1,3,1,7,2,1,1,4,2,1,1,2,1,3,6,2,1,17,3,2,1,3,2,1,2,1
4,774,724.0,96,terminated,2,3,1,2,724.0,0,1,1,0,1,4,1,9,2,2,1,5,2,2,1,3,2,4,8,2,2,17,4,2,2,4,2,2,2,2
4,775,338.0,112,terminated,1,20,1,2,338.0,0,1,1,0,1,3,1,7,1,2,1,4,1,2,1,3,2,3,6,1,2,17,3,1,2,3,1,2,1,2
4,776,1210.0,240,terminated,2,0,0,0,1210.0,1,0,0,0,1,2,1,5,2,0,1,3,2,0,1,1,0,2,4,2,0,17,2,2,0,2,2,0,2,0
4,777,466.0,144,terminated,2,4,1,1,466.0,0,3,2,1,0,3,0,6,2,1,0,3,2,1,0,1,1,3,6,2,1,21,3,2,1,3,2,1,2,1
4,778,1473.0,177,terminated,1,0,0,2,1473.0,1,2,1,1,1,3,1,7,1,2,1,4,1,2,1,3,2,3,6,1,2,17,3,1,2,3,1,2,1,2
4,779,720.0,300,truncated,1,13,0,2,720.0,0,2,0,2,1,3,1,7,1,2,1,4,1,2,1,3,2,3,6,1,2,17,3,1,2,3,1,2,1,2
4,780,169.0,201,terminated,1,8,1,1,169.0,0,1,1,0,1,1,1,4,1,1,1,3,1,1,1,2,1,1,3,1,1,17,2,1,1,2,1,1,1,1
4,781,626.0,84,terminated,2,14,1,2,626.0,0,0,0,0,1,4,1,9,2,2,1,5,2,2,1,3,2,4,8,2,2,17,4,2,2,4,2,2,2,2
4,782,-160.0,20,terminated,1,39,1,0,-160.0,0,1,1,0,1,1,1,3,1,0,1,2,1,0,1,1,0,1,2,1,0,19,1,1,0,1,1,0,1,0
4,783,151.0,119,terminated,2,18,1,0,151.0,0,2,2,0,1,1,1,4,2,0,1,3,2,0,1,1,0,1,3,2,0,17,2,2,0,2,2,0,2,0
4,784,1445.0,205,terminated,1,0,0,2,1445.0,1,1,1,0,1,3,1,7,1,2,1,4,1,2,1,3,2,3,6,1,2,17,3,1,2,3,1,2,1,2
4,785,239.0,201,terminated,1,1,1,1,239.0,0,1,1,0,1,2,1,5,1,1,1,3,1,1,1,2,1,2,4,1,1,21,2,1,1,2,1,1,1,1
4,786,1657.0,193,terminated,2,0,0,2,1657.0,1,1,0,1,1,3,1,8,2,2,1,5,2,2,1,3,2,3,7,2,2,17,4,2,2,4,2,2,2,2
4,787,1272.0,178,terminated,1,0,0,1,1272.0,1,0,0,0,1,1,1,4,1,1,1,3,1,1,1,2,1,1,3,1,1,17,2,1,1,2,1,1,1,1
4,788,463.0,157,terminated,2,3,1,1,463.0,0,1,1,0,1,3,1,7,2,1,1,4,2,1,1,2,1,3,6,2,1,17,3,2,1,3,2,1,2,1
4,789,1522.0,128,terminated,1,0,0,2,1522.0,1,3,1,2,0,3,0,6,1,2,0,3,1,2,0,2,2,3,6,1,2,17,3,1,2,3,1,2,1,2
4,790,1716.0,134,terminated,2,0,0,2,1716.0,1,1,0,1,1,4,1,9,2,2,1,5,2,2,1,3,2,4,8,2,2,17,4,2,2,4,2,2,2,2
4,791,1741.0,109,terminated,2,0,0,2,1741.0,1,2,0,2,1,4,1,9,2,2,1,5,2,2,1,3,2,4,8,2,2,17,4,2,2,4,2,2,2,2
4,792,31.0,19,terminated,1,40,1,1,31.0,0,2,1,1,1,0,1,3,1,1,1,3,1,1,1,2,1,0,2,1,1,19,2,1,1,2,1,1,1,1
4,793,379.0,141,terminated,2,13,1,1,379.0,0,3,2,1,0,3,0,6,2,1,0,3,2,1,0,1,1,3,6,2,1,17,3,2,1,3,2,1,2,1
4,794,415.0,85,terminated,2,15,1,1,415.0,0,2,1,1,1,2,1,6,2,1,1,4,2,1,1,2,1,2,5,2,1,17,3,2,1,3,2,1,2,1
4,795,349.0,161,terminated,1,14,1,2,349.0,0,3,1,2,0,3,0,6,1,2,0,3,1,2,0,2,2,3,6,1,2,17,3,1,2,3,1,2,1,2
4,796,511.0,209,terminated,2,13,1,2,511.0,0,2,1,1,0,4,0,8,2,2,0,4,2,2,0,2,2,4,8,2,2,16,4,2,2,4,2,2,2,2
4,797,510.0,130,terminated,2,1,1,1,510.0,0,1,1,0,1,3,1,7,2,1,1,4,2,1,1,2,1,3,6,2,1,17,3,2,1,3,2,1,2,1
4,798,-169.0,19,terminated,0,40,1,1,-169.0,0,1,0,1,1,0,1,2,0,1,1,2,0,1,1,2,1,0,1,0,1,19,1,0,1,1,0,1,0,1
4,799,440.0,300,truncated,1,21,0,1,440.0,0,0,0,0,1,2,1,5,1,1,1,3,1,1,1,2,1,2,4,1,1,17,2,1,1,2,1,1,1,1
4,800,1517.0,133,terminated,1,0,0,2,1517.0,1,3,1,2,1,3,1,7,1,2,1,4,1,2,1,3,2,3,6,1,2,17,3,1,2,3,1,2,1,2
4,801,126.0,154,terminated,1,17,1,1,126.0,0,0,0,0,1,2,1,5,1,1,1,3,1,1,1,2,1,2,4,1,1,17,2,1,1,2,1,1,1,1
4,802,30.0,20,terminated,1,40,1,1,30.0,0,2,1,1,0,1,0,3,1,1,0,2,1,1,0,1,1,1,3,1,1,20,2,1,1,2,1,1,1,1
4,803,359.0,171,terminated,1,12,1,2,359.0,0,3,1,2,0,3,0,6,1,2,0,3,1,2,0,2,2,3,6,1,2,13,3,1,2,3,1,2,1,2
4,804,1124.0,126,terminated,1,0,0,0,1124.0,1,0,0,0,1,1,1,3,1,0,1,2,1,0,1,1,0,1,2,1,0,17,1,1,0,1,1,0,1,0
4,805,238.0,172,terminated,2,24,1,1,238.0,0,0,0,0,1,2,1,6,2,1,1,4,2,1,1,2,1,2,5,2,1,17,3,2,1,3,2,1,2,1
4,806,1763.0,87,terminated,2,0,0,2,1763.0,1,4,2,2,0,4,0,8,2,2,0,4,2,2,0,2,2,4,8,2,2,16,4,2,2,4,2,2,2,2
4,807,1265.0,185,terminated,0,0,0,2,1265.0,1,1,0,1,1,2,1,5,0,2,1,3,0,2,1,3,2,2,4,0,2,17,2,0,2,2,0,2,0,2
4,808,1739.0,111,terminated,2,0,0,2,1739.0,1,1,0,1,1,4,1,9,2,2,1,5,2,2,1,3,2,4,8,2,2,17,4,2,2,4,2,2,2,2
4,809,571.0,79,terminated,2,20,1,2,571.0,0,1,0,1,1,4,1,9,2,2,1,5,2,2,1,3,2,4,8,2,2,17,4,2,2,4,2,2,2,2
4,810,1501.0,149,terminated,1,0,0,2,1501.0,1,3,1,2,1,2,1,6,1,2,1,4,1,2,1,3,2,2,5,1,2,17,3,1,2,3,1,2,1,2
4,811,1541.0,109,terminated,1,0,0,2,1541.0,1,2,1,1,0,2,0,5,1,2,0,3,1,2,0,2,2,2,5,1,2,17,3,1,2,3,1,2,1,2
4,812,1532.0,118,terminated,1,0,0,2,1532.0,1,1,0,1,1,2,1,6,1,2,1,4,1,2,1,3,2,2,5,1,2,17,3,1,2,3,1,2,1,2
4,813,411.0,219,terminated,2,2,1,1,411.0,0,1,1,0,1,2,1,6,2,1,1,4,2,1,1,2,1,2,5,2,1,17,3,2,1,3,2,1,2,1
4,814,401.0,139,terminated,2,11,1,1,401.0,0,3,2,1,1,3,1,7,2,1,1,4,2,1,1,2,1,3,6,2,1,15,3,2,1,3,2,1,2,1
4,815,1527.0,123,terminated,1,0,0,2,1527.0,1,2,1,1,1,3,1,7,1,2,1,4,1,2,1,3,2,3,6,1,2,17,3,1,2,3,1,2,1,2
4,816,602.0,118,terminated,2,13,1,2,602.0,0,0,0,0,1,4,1,9,2,2,1,5,2,2,1,3,2,4,8,2,2,17,4,2,2,4,2,2,2,2
4,817,31.0,299,terminated,1,12,1,1,31.0,0,0,0,0,1,2,1,5,1,1,1,3,1,1,1,2,1,2,4,1,1,17,2,1,1,2,1,1,1,1
4,818,1529.0,121,terminated,1,0,0,2,1529.0,1,0,0,0,1,3,1,7,1,2,1,4,1,2,1,3,2,3,6,1,2,17,3,1,2,3,1,2,1,2
4,819,1667.0,183,terminated,2,0,0,2,1667.0,1,1,0,1,1,4,1,9,2,2,1,5,2,2,1,3,2,4,8,2,2,17,4,2,2,4,2,2,2,2
4,820,1526.0,124,terminated,2,0,0,1,1526.0,1,3,2,1,1,2,1,6,2,1,1,4,2,1,1,2,1,2,5,2,1,17,3,2,1,3,2,1,2,1
4,821,1285.0,165,terminated,2,0,0,0,1285.0,1,1,1,0,0,2,0,4,2,0,0,2,2,0,0,0,0,2,4,2,0,17,2,2,0,2,2,0,2,0
4,822,615.0,85,terminated,2,15,1,2,615.0,0,2,1,1,1,4,1,9,2,2,1,5,2,2,1,3,2,4,8,2,2,15,4,2,2,4,2,2,2,2
4,823,197.0,123,terminated,1,13,1,1,197.0,0,1,1,0,1,2,1,5,1,1,1,3,1,1,1,2,1,2,4,1,1,17,2,1,1,2,1,1,1,1
4,824,608.0,112,terminated,2,13,1,2,608.0,0,2,0,2,0,4,0,8,2,2,0,4,2,2,0,2,2,4,8,2,2,25,4,2,2,4,2,2,2,2
4,825,-161.0,291,terminated,1,12,1,0,-161.0,0,0,0,0,1,1,1,3,1,0,1,2,1,0,1,1,0,1,2,1,0,17,1,1,0,1,1,0,1,0
4,826,623.0,67,terminated,2,16,1,2,623.0,0,2,1,1,1,4,1,9,2,2,1,5,2,2,1,3,2,4,8,2,2,17,4,2,2,4,2,2,2,2
4,827,9.0,41,terminated,1,40,1,1,9.0,0,2,1,1,0,2,0,4,1,1,0,2,1,1,0,1,1,2,4,1,1,14,2,1,1,2,1,1,1,1
4,828,1434.0,216,terminated,1,0,0,2,1434.0,1,0,0,0,1,3,1,7,1,2,1,4,1,2,1,3,2,3,6,1,2,17,3,1,2,3,1,2,1,2
4,829,610.0,120,terminated,2,12,1,2,610.0,0,1,1,0,1,4,1,9,2,2,1,5,2,2,1,3,2,4,8,2,2,17,4,2,2,4,2,2,2,2
4,830,621.0,79,terminated,2,15,1,2,621.0,0,3,2,1,1,3,1,8,2,2,1,5,2,2,1,3,2,3,7,2,2,17,4,2,2,4,2,2,2,2
4,831,30.0,20,terminated,1,40,1,1,30.0,0,0,0,0,1,0,1,3,1,1,1,3,1,1,1,2,1,0,2,1,1,19,2,1,1,2,1,1,1,1
4,832,399.0,101,terminated,2,15,1,1,399.0,0,0,0,0,1,3,1,7,2,1,1,4,2,1,1,2,1,3,6,2,1,17,3,2,1,3,2,1,2,1
4,833,127.0,273,terminated,1,5,1,1,127.0,0,0,0,0,1,1,1,4,1,1,1,3,1,1,1,2,1,1,3,1,1,17,2,1,1,2,1,1,1,1
4,834,510.0,300,truncated,1,14,0,1,510.0,0,0,0,0,1,2,1,5,1,1,1,3,1,1,1,2,1,2,4,1,1,17,2,1,1,2,1,1,1,1
4,835,1725.0,125,terminated,2,0,0,2,1725.0,1,3,2,1,1,4,1,9,2,2,1,5,2,2,1,3,2,4,8,2,2,17,4,2,2,4,2,2,2,2
4,836,106.0,44,terminated,1,30,1,1,106.0,0,1,0,1,1,1,1,4,1,1,1,3,1,1,1,2,1,1,3,1,1,17,2,1,1,2,1,1,1,1
4,837,122.0,298,terminated,2,3,1,0,122.0,0,0,0,0,1,2,1,5,2,0,1,3,2,0,1,1,0,2,4,2,0,17,2,2,0,2,2,0,2,0
4,838,620.0,300,truncated,1,3,0,1,620.0,0,2,1,1,1,2,1,5,1,1,1,3,1,1,1,2,1,2,4,1,1,19,2,1,1,2,1,1,1,1
4,839,1706.0,144,terminated,2,0,0,2,1706.0,1,2,2,0,1,4,1,9,2,2,1,5,2,2,1,3,2,4,8,2,2,17,4,2,2,4,2,2,2,2
4,840,618.0,202,terminated,2,3,1,2,618.0,0,3,2,1,1,3,1,8,2,2,1,5,2,2,1,3,2,3,7,2,2,17,4,2,2,4,2,2,2,2
4,841,429.0,161,terminated,1,6,1,2,429.0,0,1,1,0,0,3,0,6,1,2,0,3,1,2,0,2,2,3,6,1,2,17,3,1,2,3,1,2,1,2
4,842,1537.0,113,terminated,1,0,0,2,1537.0,1,3,1,2,1,3,1,7,1,2,1,4,1,2,1,3,2,3,6,1,2,17,3,1,2,3,1,2,1,2
4,843,575.0,55,terminated,2,22,1,2,575.0,0,2,1,1,0,3,0,7,2,2,0,4,2,2,0,2,2,3,7,2,2,13,4,2,2,4,2,2,2,2
4,844,1493.0,157,terminated,2,0,0,1,1493.0,1,2,1,1,0,3,0,6,2,1,0,3,2,1,0,1,1,3,6,2,1,16,3,2,1,3,2,1,2,1
4,845,-40.0,50,terminated,0,24,1,1,-40.0,0,0,0,0,1,1,1,3,0,1,1,2,0,1,1,2,1,1,2,0,1,17,1,0,1,1,0,1,0,1
4,846,550.0,300,truncated,1,10,0,1,550.0,0,1,1,0,1,1,1,4,1,1,1,3,1,1,1,2,1,1,3,1,1,26,2,1,1,2,1,1,1,1
4,847,1474.0,176,terminated,1,0,0,2,1474.0,1,2,1,1,1,3,1,7,1,2,1,4,1,2,1,3,2,3,6,1,2,17,3,1,2,3,1,2,1,2
4,848,1518.0,132,terminated,2,0,0,1,1518.0,1,1,1,0,1,2,1,6,2,1,1,4,2,1,1,2,1,2,5,2,1,19,3,2,1,3,2,1,2,1
4,849,1640.0,210,terminated,2,0,0,2,1640.0,1,2,1,1,0,4,0,8,2,2,0,4,2,2,0,2,2,4,8,2,2,13,4,2,2,4,2,2,2,2
4,850,1668.0,182,terminated,2,0,0,2,1668.0,1,2,1,1,0,4,0,8,2,2,0,4,2,2,0,2,2,4,8,2,2,17,4,2,2,4,2,2,2,2
4,851,584.0,76,terminated,2,19,1,2,584.0,0,1,0,1,0,3,0,7,2,2,0,4,2,2,0,2,2,3,7,2,2,17,4,2,2,4,2,2,2,2
4,852,1623.0,227,terminated,2,0,0,2,1623.0,1,2,1,1,1,2,1,7,2,2,1,5,2,2,1,3,2,2,6,2,2,17,4,2,2,4,2,2,2,2
4,853,750.0,300,truncated,1,10,0,2,750.0,0,1,0,1,1,2,1,6,1,2,1,4,1,2,1,3,2,2,5,1,2,19,3,1,2,3,1,2,1,2
4,854,226.0,94,terminated,1,13,1,1,226.0,0,0,0,0,1,2,1,5,1,1,1,3,1,1,1,2,1,2,4,1,1,17,2,1,1,2,1,1,1,1
4,855,970.0,300,truncated,2,8,0,2,970.0,0,2,2,0,0,2,0,6,2,2,0,4,2,2,0,2,2,2,6,2,2,17,4,2,2,4,2,2,2,2
4,856,1521.0,129,terminated,1,0,0,2,1521.0,1,1,1,0,1,3,1,7,1,2,1,4,1,2,1,3,2,3,6,1,2,17,3,1,2,3,1,2,1,2
4,857,344.0,156,terminated,1,15,1,2,344.0,0,0,0,0,1,3,1,7,1,2,1,4,1,2,1,3,2,3,6,1,2,17,3,1,2,3,1,2,1,2
4,858,89.0,101,terminated,1,26,1,1,89.0,0,2,1,1,1,2,1,5,1,1,1,3,1,1,1,2,1,2,4,1,1,19,2,1,1,2,1,1,1,1
4,859,100.0,40,terminated,1,31,1,1,100.0,0,2,1,1,0,1,0,3,1,1,0,2,1,1,0,1,1,1,3,1,1,15,2,1,1,2,1,1,1,1
4,860,619.0,151,terminated,2,8,1,2,619.0,0,3,1,2,1,4,1,9,2,2,1,5,2,2,1,3,2,4,8,2,2,17,4,2,2,4,2,2,2,2
4,861,654.0,116,terminated,2,8,1,2,654.0,0,0,0,0,1,4,1,9,2,2,1,5,2,2,1,3,2,4,8,2,2,17,4,2,2,4,2,2,2,2
4,862,1537.0,113,terminated,2,0,0,1,1537.0,1,1,1,0,1,3,1,7,2,1,1,4,2,1,1,2,1,3,6,2,1,17,3,2,1,3,2,1,2,1
4,863,1336.0,114,terminated,1,0,0,1,1336.0,1,1,1,0,0,2,0,4,1,1,0,2,1,1,0,1,1,2,4,1,1,26,2,1,1,2,1,1,1,1
4,864,677.0,143,terminated,2,3,1,2,677.0,0,4,2,2,1,3,1,8,2,2,1,5,2,2,1,3,2,3,7,2,2,16,4,2,2,4,2,2,2,2
4,865,339.0,41,terminated,2,27,1,1,339.0,0,2,1,1,1,1,1,5,2,1,1,4,2,1,1,2,1,1,4,2,1,18,3,2,1,3,2,1,2,1
4,866,1246.0,204,terminated,1,0,0,1,1246.0,1,0,0,0,1,2,1,5,1,1,1,3,1,1,1,2,1,2,4,1,1,17,2,1,1,2,1,1,1,1
4,867,1307.0,143,terminated,1,0,0,1,1307.0,1,0,0,0,1,2,1,5,1,1,1,3,1,1,1,2,1,2,4,1,1,17,2,1,1,2,1,1,1,1
4,868,133.0,97,terminated,2,22,1,0,133.0,0,1,1,0,0,2,0,4,2,0,0,2,2,0,0,0,0,2,4,2,0,20,2,2,0,2,2,0,2,0
4,869,1418.0,232,terminated,2,0,0,1,1418.0,1,1,1,0,0,3,0,6,2,1,0,3,2,1,0,1,1,3,6,2,1,17,3,2,1,3,2,1,2,1
4,870,123.0,167,terminated,1,16,1,1,123.0,0,1,1,0,0,2,0,4,1,1,0,2,1,1,0,1,1,2,4,1,1,21,2,1,1,2,1,1,1,1
4,871,450.0,80,terminated,1,12,1,2,450.0,0,2,1,1,1,3,1,7,1,2,1,4,1,2,1,3,2,3,6,1,2,17,3,1,2,3,1,2,1,2
4,872,1357.0,293,terminated,2,0,0,1,1357.0,1,2,1,1,1,3,1,7,2,1,1,4,2,1,1,2,1,3,6,2,1,17,3,2,1,3,2,1,2,1
4,873,1409.0,241,terminated,1,0,0,2,1409.0,1,1,0,1,0,3,0,6,1,2,0,3,1,2,0,2,2,3,6,1,2,17,3,1,2,3,1,2,1,2
4,874,1748.0,102,terminated,2,0,0,2,1748.0,1,1,1,0,1,4,1,9,2,2,1,5,2,2,1,3,2,4,8,2,2,17,4,2,2,4,2,2,2,2
4,875,1493.0,157,terminated,2,0,0,1,1493.0,1,1,0,1,0,3,0,6,2,1,0,3,2,1,0,1,1,3,6,2,1,17,3,2,1,3,2,1,2,1
4,876,377.0,103,terminated,2,17,1,1,377.0,0,1,1,0,1,3,1,7,2,1,1,4,2,1,1,2,1,3,6,2,1,17,3,2,1,3,2,1,2,1
4,877,1452.0,198,terminated,1,0,0,2,1452.0,1,1,0,1,1,3,1,7,1,2,1,4,1,2,1,3,2,3,6,1,2,17,3,1,2,3,1,2,1,2
4,878,1482.0,168,terminated,1,0,0,2,1482.0,1,1,1,0,1,3,1,7,1,2,1,4,1,2,1,3,2,3,6,1,2,18,3,1,2,3,1,2,1,2
4,879,1685.0,165,terminated,2,0,0,2,1685.0,1,3,2,1,0,3,0,7,2,2,0,4,2,2,0,2,2,3,7,2,2,17,4,2,2,4,2,2,2,2
4,880,284.0,236,terminated,2,13,1,1,284.0,0,0,0,0,1,3,1,7,2,1,1,4,2,1,1,2,1,3,6,2,1,17,3,2,1,3,2,1,2,1
4,881,1458.0,192,terminated,2,0,0,1,1458.0,1,3,2,1,0,3,0,6,2,1,0,3,2,1,0,1,1,3,6,2,1,15,3,2,1,3,2,1,2,1
4,882,920.0,300,truncated,2,13,0,2,920.0,0,1,0,1,1,4,1,9,2,2,1,5,2,2,1,3,2,4,8,2,2,17,4,2,2,4,2,2,2,2
4,883,-170.0,20,terminated,1,40,1,0,-170.0,0,0,0,0,1,0,1,2,1,0,1,2,1,0,1,1,0,0,1,1,0,19,1,1,0,1,1,0,1,0
4,884,1466.0,184,terminated,1,0,0,2,1466.0,1,2,1,1,1,3,1,7,1,2,1,4,1,2,1,3,2,3,6,1,2,19,3,1,2,3,1,2,1,2
4,885,388.0,72,terminated,2,19,1,1,388.0,0,0,0,0,1,3,1,7,2,1,1,4,2,1,1,2,1,3,6,2,1,17,3,2,1,3,2,1,2,1
4,886,598.0,142,terminated,2,11,1,2,598.0,0,2,1,1,1,4,1,9,2,2,1,5,2,2,1,3,2,4,8,2,2,17,4,2,2,4,2,2,2,2
4,887,478.0,262,terminated,2,11,1,2,478.0,0,2,1,1,1,4,1,9,2,2,1,5,2,2,1,3,2,4,8,2,2,17,4,2,2,4,2,2,2,2
4,888,480.0,150,terminated,2,2,1,1,480.0,0,2,1,1,1,2,1,6,2,1,1,4,2,1,1,2,1,2,5,2,1,17,3,2,1,3,2,1,2,1
4,889,-19.0,259,terminated,0,21,1,2,-19.0,0,1,0,1,1,2,1,5,0,2,1,3,0,2,1,3,2,2,4,0,2,17,2,0,2,2,0,2,0,2
4,890,335.0,45,terminated,1,27,1,2,335.0,0,2,1,1,1,3,1,7,1,2,1,4,1,2,1,3,2,3,6,1,2,17,3,1,2,3,1,2,1,2
4,891,1451.0,199,terminated,2,0,0,1,1451.0,1,0,0,0,1,2,1,6,2,1,1,4,2,1,1,2,1,2,5,2,1,17,3,2,1,3,2,1,2,1
4,892,1111.0,139,terminated,1,0,0,0,1111.0,1,0,0,0,1,1,1,3,1,0,1,2,1,0,1,1,0,1,2,1,0,17,1,1,0,1,1,0,1,0
4,893,355.0,115,terminated,1,18,1,2,355.0,0,2,1,1,1,2,1,6,1,2,1,4,1,2,1,3,2,2,5,1,2,17,3,1,2,3,1,2,1,2
4,894,1511.0,139,terminated,2,0,0,1,1511.0,1,1,0,1,1,3,1,7,2,1,1,4,2,1,1,2,1,3,6,2,1,17,3,2,1,3,2,1,2,1
4,895,1445.0,205,terminated,2,0,0,1,1445.0,1,2,2,0,1,3,1,7,2,1,1,4,2,1,1,2,1,3,6,2,1,17,3,2,1,3,2,1,2,1
4,896,415.0,155,terminated,2,8,1,1,415.0,0,2,1,1,0,2,0,5,2,1,0,3,2,1,0,1,1,2,5,2,1,17,3,2,1,3,2,1,2,1
4,897,1722.0,128,terminated,2,0,0,2,1722.0,1,1,1,0,1,3,1,8,2,2,1,5,2,2,1,3,2,3,7,2,2,17,4,2,2,4,2,2,2,2
4,898,1469.0,181,terminated,1,0,0,2,1469.0,1,3,1,2,1,2,1,6,1,2,1,4,1,2,1,3,2,2,5,1,2,17,3,1,2,3,1,2,1,2
4,899,96.0,44,terminated,1,31,1,1,96.0,0,0,0,0,1,1,1,4,1,1,1,3,1,1,1,2,1,1,3,1,1,17,2,1,1,2,1,1,1,1
4,900,1723.0,127,terminated,2,0,0,2,1723.0,1,3,2,1,0,4,0,8,2,2,0,4,2,2,0,2,2,4,8,2,2,16,4,2,2,4,2,2,2,2
4,901,1678.0,172,terminated,2,0,0,2,1678.0,1,0,0,0,1,4,1,9,2,2,1,5,2,2,1,3,2,4,8,2,2,17,4,2,2,4,2,2,2,2
4,902,353.0,87,terminated,2,21,1,1,353.0,0,1,1,0,1,3,1,7,2,1,1,4,2,1,1,2,1,3,6,2,1,17,3,2,1,3,2,1,2,1
4,903,103.0,77,terminated,0,27,1,2,103.0,0,2,0,2,0,2,0,4,0,2,0,2,0,2,0,2,2,2,4,0,2,17,2,0,2,2,0,2,0,2
4,904,311.0,149,terminated,1,19,1,2,311.0,0,1,1,0,1,3,1,7,1,2,1,4,1,2,1,3,2,3,6,1,2,17,3,1,2,3,1,2,1,2
4,905,1431.0,219,terminated,2,0,0,1,1431.0,1,1,0,1,1,3,1,7,2,1,1,4,2,1,1,2,1,3,6,2,1,17,3,2,1,3,2,1,2,1
4,906,1597.0,253,terminated,2,0,0,2,1597.0,1,2,1,1,1,3,1,8,2,2,1,5,2,2,1,3,2,3,7,2,2,17,4,2,2,4,2,2,2,2
4,907,376.0,154,terminated,1,12,1,2,376.0,0,1,1,0,1,3,1,7,1,2,1,4,1,2,1,3,2,3,6,1,2,17,3,1,2,3,1,2,1,2
4,908,1526.0,124,terminated,1,0,0,2,1526.0,1,2,1,1,1,3,1,7,1,2,1,4,1,2,1,3,2,3,6,1,2,17,3,1,2,3,1,2,1,2
4,909,1495.0,155,terminated,2,0,0,1,1495.0,1,2,1,1,1,2,1,6,2,1,1,4,2,1,1,2,1,2,5,2,1,18,3,2,1,3,2,1,2,1
4,910,1537.0,113,terminated,2,0,0,1,1537.0,1,2,1,1,1,3,1,7,2,1,1,4,2,1,1,2,1,3,6,2,1,17,3,2,1,3,2,1,2,1
4,911,550.0,300,truncated,0,10,0,2,550.0,0,0,0,0,1,2,1,5,0,2,1,3,0,2,1,3,2,2,4,0,2,17,2,0,2,2,0,2,0,2
4,912,362.0,98,terminated,1,19,1,2,362.0,0,3,1,2,1,2,1,6,1,2,1,4,1,2,1,3,2,2,5,1,2,17,3,1,2,3,1,2,1,2
4,913,407.0,163,terminated,1,8,1,2,407.0,0,1,1,0,1,2,1,6,1,2,1,4,1,2,1,3,2,2,5,1,2,17,3,1,2,3,1,2,1,2
4,914,1761.0,89,terminated,2,0,0,2,1761.0,1,2,1,1,0,3,0,7,2,2,0,4,2,2,0,2,2,3,7,2,2,22,4,2,2,4,2,2,2,2
4,915,1729.0,121,terminated,2,0,0,2,1729.0,1,1,1,0,1,4,1,9,2,2,1,5,2,2,1,3,2,4,8,2,2,17,4,2,2,4,2,2,2,2
4,916,1694.0,156,terminated,2,0,0,2,1694.0,1,3,1,2,0,3,0,7,2,2,0,4,2,2,0,2,2,3,7,2,2,18,4,2,2,4,2,2,2,2
4,917,1698.0,152,terminated,2,0,0,2,1698.0,1,1,0,1,0,4,0,8,2,2,0,4,2,2,0,2,2,4,8,2,2,17,4,2,2,4,2,2,2,2
4,918,341.0,79,terminated,2,23,1,1,341.0,0,1,1,0,1,3,1,7,2,1,1,4,2,1,1,2,1,3,6,2,1,17,3,2,1,3,2,1,2,1
4,919,810.0,300,truncated,2,4,0,1,810.0,0,0,0,0,1,3,1,7,2,1,1,4,2,1,1,2,1,3,6,2,1,17,3,2,1,3,2,1,2,1
4,920,361.0,109,terminated,2,18,1,1,361.0,0,1,0,1,1,3,1,7,2,1,1,4,2,1,1,2,1,3,6,2,1,17,3,2,1,3,2,1,2,1
4,921,1669.0,181,terminated,2,0,0,2,1669.0,1,3,2,1,1,4,1,9,2,2,1,5,2,2,1,3,2,4,8,2,2,16,4,2,2,4,2,2,2,2
4,922,1244.0,206,terminated,0,0,0,2,1244.0,1,0,0,0,1,2,1,5,0,2,1,3,0,2,1,3,2,2,4,0,2,19,2,0,2,2,0,2,0,2
4,923,1492.0,158,terminated,1,0,0,2,1492.0,1,2,1,1,1,3,1,7,1,2,1,4,1,2,1,3,2,3,6,1,2,17,3,1,2,3,1,2,1,2
4,924,1437.0,213,terminated,2,0,0,1,1437.0,1,0,0,0,1,3,1,7,2,1,1,4,2,1,1,2,1,3,6,2,1,17,3,2,1,3,2,1,2,1
4,925,1485.0,165,terminated,1,0,0,2,1485.0,1,3,1,2,1,2,1,6,1,2,1,4,1,2,1,3,2,2,5,1,2,14,3,1,2,3,1,2,1,2
4,926,665.0,155,terminated,2,3,1,2,665.0,0,3,1,2,1,4,1,9,2,2,1,5,2,2,1,3,2,4,8,2,2,19,4,2,2,4,2,2,2,2
4,927,1471.0,179,terminated,1,0,0,2,1471.0,1,1,1,0,0,3,0,6,1,2,0,3,1,2,0,2,2,3,6,1,2,17,3,1,2,3,1,2,1,2
4,928,1696.0,154,terminated,2,0,0,2,1696.0,1,2,1,1,1,3,1,8,2,2,1,5,2,2,1,3,2,3,7,2,2,14,4,2,2,4,2,2,2,2
4,929,-435.0,15,terminated,0,47,1,0,-435.0,0,0,0,0,1,0,1,1,0,0,1,1,0,0,1,1,0,0,0,0,0,15,0,0,0,0,0,0,0,0
4,930,429.0,91,terminated,2,13,1,1,429.0,0,1,1,0,0,2,0,5,2,1,0,3,2,1,0,1,1,2,5,2,1,20,3,2,1,3,2,1,2,1
4,931,1533.0,117,terminated,2,0,0,1,1533.0,1,2,1,1,0,3,0,6,2,1,0,3,2,1,0,1,1,3,6,2,1,17,3,2,1,3,2,1,2,1
4,932,1614.0,236,terminated,2,0,0,2,1614.0,1,3,2,1,1,4,1,9,2,2,1,5,2,2,1,3,2,4,8,2,2,17,4,2,2,4,2,2,2,2
4,933,1460.0,190,terminated,1,0,0,2,1460.0,1,0,0,0,1,3,1,7,1,2,1,4,1,2,1,3,2,3,6,1,2,17,3,1,2,3,1,2,1,2
4,934,612.0,98,terminated,2,14,1,2,612.0,0,0,0,0,1,2,1,7,2,2,1,5,2,2,1,3,2,2,6,2,2,17,4,2,2,4,2,2,2,2
4,935,1450.0,200,terminated,2,0,0,1,1450.0,1,2,1,1,1,3,1,7,2,1,1,4,2,1,1,2,1,3,6,2,1,17,3,2,1,3,2,1,2,1
4,936,268.0,132,terminated,2,25,1,1,268.0,0,2,1,1,1,2,1,6,2,1,1,4,2,1,1,2,1,2,5,2,1,19,3,2,1,3,2,1,2,1
4,937,416.0,174,terminated,2,6,1,1,416.0,0,3,2,1,1,2,1,6,2,1,1,4,2,1,1,2,1,2,5,2,1,16,3,2,1,3,2,1,2,1
4,938,1365.0,285,terminated,2,0,0,1,1365.0,1,2,1,1,0,2,0,5,2,1,0,3,2,1,0,1,1,2,5,2,1,17,3,2,1,3,2,1,2,1
4,939,1409.0,241,terminated,2,0,0,1,1409.0,1,0,0,0,1,3,1,7,2,1,1,4,2,1,1,2,1,3,6,2,1,17,3,2,1,3,2,1,2,1
4,940,1486.0,164,terminated,2,0,0,1,1486.0,1,2,1,1,1,3,1,7,2,1,1,4,2,1,1,2,1,3,6,2,1,17,3,2,1,3,2,1,2,1
4,941,-167.0,17,terminated,0,40,1,1,-167.0,0,1,0,1,0,1,0,2,0,1,0,1,0,1,0,1,1,1,2,0,1,17,1,0,1,1,0,1,0,1
4,942,1526.0,124,terminated,2,0,0,1,1526.0,1,3,2,1,1,2,1,6,2,1,1,4,2,1,1,2,1,2,5,2,1,16,3,2,1,3,2,1,2,1
4,943,1709.0,141,terminated,2,0,0,2,1709.0,1,1,0,1,1,3,1,8,2,2,1,5,2,2,1,3,2,3,7,2,2,18,4,2,2,4,2,2,2,2
4,944,400.0,120,terminated,1,13,1,2,400.0,0,0,0,0,1,3,1,7,1,2,1,4,1,2,1,3,2,3,6,1,2,17,3,1,2,3,1,2,1,2
4,945,396.0,234,terminated,1,2,1,2,396.0,0,2,1,1,1,2,1,6,1,2,1,4,1,2,1,3,2,2,5,1,2,17,3,1,2,3,1,2,1,2
4,946,1753.0,97,terminated,2,0,0,2,1753.0,1,2,1,1,0,4,0,8,2,2,0,4,2,2,0,2,2,4,8,2,2,17,4,2,2,4,2,2,2,2
4,947,283.0,197,terminated,1,17,1,2,283.0,0,3,1,2,0,3,0,6,1,2,0,3,1,2,0,2,2,3,6,1,2,17,3,1,2,3,1,2,1,2
4,948,1519.0,131,terminated,1,0,0,2,1519.0,1,1,0,1,1,3,1,7,1,2,1,4,1,2,1,3,2,3,6,1,2,17,3,1,2,3,1,2,1,2
4,949,331.0,189,terminated,1,13,1,2,331.0,0,1,0,1,1,3,1,7,1,2,1,4,1,2,1,3,2,3,6,1,2,17,3,1,2,3,1,2,1,2
4,950,302.0,208,terminated,2,14,1,1,302.0,0,1,1,0,1,3,1,7,2,1,1,4,2,1,1,2,1,3,6,2,1,17,3,2,1,3,2,1,2,1
4,951,1553.0,97,terminated,1,0,0,2,1553.0,1,1,0,1,1,3,1,7,1,2,1,4,1,2,1,3,2,3,6,1,2,17,3,1,2,3,1,2,1,2
4,952,1423.0,227,terminated,2,0,0,1,1423.0,1,1,1,0,1,3,1,7,2,1,1,4,2,1,1,2,1,3,6,2,1,17,3,2,1,3,2,1,2,1
4,953,136.0,194,terminated,1,12,1,1,136.0,0,2,1,1,1,2,1,5,1,1,1,3,1,1,1,2,1,2,4,1,1,17,2,1,1,2,1,1,1,1
4,954,1489.0,161,terminated,2,0,0,1,1489.0,1,2,1,1,0,3,0,6,2,1,0,3,2,1,0,1,1,3,6,2,1,17,3,2,1,3,2,1,2,1
4,955,780.0,300,truncated,2,7,0,1,780.0,0,0,0,0,1,3,1,7,2,1,1,4,2,1,1,2,1,3,6,2,1,17,3,2,1,3,2,1,2,1
4,956,486.0,144,terminated,2,2,1,1,486.0,0,2,1,1,1,3,1,7,2,1,1,4,2,1,1,2,1,3,6,2,1,18,3,2,1,3,2,1,2,1
4,957,1235.0,215,terminated,0,0,0,2,1235.0,1,0,0,0,1,2,1,5,0,2,1,3,0,2,1,3,2,2,4,0,2,17,2,0,2,2,0,2,0,2
4,958,1565.0,85,terminated,2,0,0,1,1565.0,1,2,2,0,0,3,0,6,2,1,0,3,2,1,0,1,1,3,6,2,1,17,3,2,1,3,2,1,2,1
4,959,1704.0,146,terminated,2,0,0,2,1704.0,1,1,0,1,1,4,1,9,2,2,1,5,2,2,1,3,2,4,8,2,2,17,4,2,2,4,2,2,2,2
4,960,162.0,118,terminated,0,17,1,2,162.0,0,0,0,0,1,2,1,5,0,2,1,3,0,2,1,3,2,2,4,0,2,17,2,0,2,2,0,2,0,2
4,961,1450.0,200,terminated,1,0,0,2,1450.0,1,1,0,1,1,3,1,7,1,2,1,4,1,2,1,3,2,3,6,1,2,17,3,1,2,3,1,2,1,2
4,962,1702.0,148,terminated,2,0,0,2,1702.0,1,1,1,0,0,4,0,8,2,2,0,4,2,2,0,2,2,4,8,2,2,17,4,2,2,4,2,2,2,2
4,963,635.0,75,terminated,2,14,1,2,635.0,0,2,0,2,1,4,1,9,2,2,1,5,2,2,1,3,2,4,8,2,2,17,4,2,2,4,2,2,2,2
4,964,703.0,77,terminated,2,7,1,2,703.0,0,3,1,2,0,2,0,6,2,2,0,4,2,2,0,2,2,2,6,2,2,17,4,2,2,4,2,2,2,2
4,965,1666.0,184,terminated,2,0,0,2,1666.0,1,2,1,1,1,2,1,7,2,2,1,5,2,2,1,3,2,2,6,2,2,26,4,2,2,4,2,2,2,2
4,966,-45.0,105,terminated,1,19,1,0,-45.0,0,0,0,0,1,1,1,3,1,0,1,2,1,0,1,1,0,1,2,1,0,17,1,1,0,1,1,0,1,0
4,967,1519.0,131,terminated,2,0,0,1,1519.0,1,2,1,1,1,3,1,7,2,1,1,4,2,1,1,2,1,3,6,2,1,17,3,2,1,3,2,1,2,1
4,968,1737.0,113,terminated,2,0,0,2,1737.0,1,1,1,0,1,4,1,9,2,2,1,5,2,2,1,3,2,4,8,2,2,17,4,2,2,4,2,2,2,2
4,969,399.0,81,terminated,1,17,1,2,399.0,0,1,0,1,0,2,0,5,1,2,0,3,1,2,0,2,2,2,5,1,2,17,3,1,2,3,1,2,1,2
4,970,285.0,155,terminated,2,1,1,0,285.0,0,1,1,0,1,2,1,5,2,0,1,3,2,0,1,1,0,2,4,2,0,17,2,2,0,2,2,0,2,0
4,971,172.0,168,terminated,1,11,1,1,172.0,0,0,0,0,1,1,1,4,1,1,1,3,1,1,1,2,1,1,3,1,1,18,2,1,1,2,1,1,1,1
4,972,501.0,39,terminated,2,31,1,2,501.0,0,3,1,2,0,2,0,6,2,2,0,4,2,2,0,2,2,2,6,2,2,17,4,2,2,4,2,2,2,2
4,973,760.0,300,truncated,2,9,0,1,760.0,0,2,2,0,1,3,1,7,2,1,1,4,2,1,1,2,1,3,6,2,1,17,3,2,1,3,2,1,2,1
4,974,396.0,74,terminated,2,18,1,1,396.0,0,0,0,0,1,3,1,7,2,1,1,4,2,1,1,2,1,3,6,2,1,17,3,2,1,3,2,1,2,1
4,975,1490.0,160,terminated,2,0,0,1,1490.0,1,2,1,1,1,2,1,6,2,1,1,4,2,1,1,2,1,2,5,2,1,21,3,2,1,3,2,1,2,1
4,976,1416.0,234,terminated,1,0,0,2,1416.0,1,1,0,1,1,3,1,7,1,2,1,4,1,2,1,3,2,3,6,1,2,17,3,1,2,3,1,2,1,2
4,977,1732.0,118,terminated,2,0,0,2,1732.0,1,3,1,2,0,4,0,8,2,2,0,4,2,2,0,2,2,4,8,2,2,17,4,2,2,4,2,2,2,2
4,978,685.0,155,terminated,2,1,1,2,685.0,0,2,1,1,1,4,1,9,2,2,1,5,2,2,1,3,2,4,8,2,2,17,4,2,2,4,2,2,2,2
4,979,1423.0,227,terminated,2,0,0,1,1423.0,1,1,1,0,0,3,0,6,2,1,0,3,2,1,0,1,1,3,6,2,1,17,3,2,1,3,2,1,2,1
4,980,388.0,142,terminated,1,12,1,2,388.0,0,1,0,1,0,3,0,6,1,2,0,3,1,2,0,2,2,3,6,1,2,18,3,1,2,3,1,2,1,2
4,981,550.0,90,terminated,2,21,1,2,550.0,0,0,0,0,1,3,1,8,2,2,1,5,2,2,1,3,2,3,7,2,2,17,4,2,2,4,2,2,2,2
4,982,90.0,40,terminated,0,32,1,2,90.0,0,0,0,0,1,2,1,5,0,2,1,3,0,2,1,3,2,2,4,0,2,17,2,0,2,2,0,2,0,2
4,983,1684.0,166,terminated,2,0,0,2,1684.0,1,2,1,1,1,4,1,9,2,2,1,5,2,2,1,3,2,4,8,2,2,17,4,2,2,4,2,2,2,2
4,984,1695.0,155,terminated,2,0,0,2,1695.0,1,2,1,1,0,4,0,8,2,2,0,4,2,2,0,2,2,4,8,2,2,15,4,2,2,4,2,2,2,2
4,985,573.0,177,terminated,2,10,1,2,573.0,0,2,1,1,1,4,1,9,2,2,1,5,2,2,1,3,2,4,8,2,2,17,4,2,2,4,2,2,2,2
4,986,1691.0,159,terminated,2,0,0,2,1691.0,1,1,0,1,0,4,0,8,2,2,0,4,2,2,0,2,2,4,8,2,2,20,4,2,2,4,2,2,2,2
4,987,304.0,86,terminated,2,26,1,1,304.0,0,2,2,0,1,3,1,7,2,1,1,4,2,1,1,2,1,3,6,2,1,17,3,2,1,3,2,1,2,1
4,988,1169.0,281,terminated,1,0,0,1,1169.0,1,0,0,0,1,2,1,5,1,1,1,3,1,1,1,2,1,2,4,1,1,17,2,1,1,2,1,1,1,1
4,989,111.0,39,terminated,1,30,1,1,111.0,0,2,1,1,1,1,1,4,1,1,1,3,1,1,1,2,1,1,3,1,1,16,2,1,1,2,1,1,1,1
4,990,376.0,144,terminated,2,13,1,1,376.0,0,2,1,1,1,3,1,7,2,1,1,4,2,1,1,2,1,3,6,2,1,23,3,2,1,3,2,1,2,1
4,991,1426.0,224,terminated,2,0,0,1,1426.0,1,0,0,0,1,3,1,7,2,1,1,4,2,1,1,2,1,3,6,2,1,19,3,2,1,3,2,1,2,1
4,992,1694.0,156,terminated,2,0,0,2,1694.0,1,1,1,0,1,4,1,9,2,2,1,5,2,2,1,3,2,4,8,2,2,17,4,2,2,4,2,2,2,2
4,993,654.0,76,terminated,2,12,1,2,654.0,0,4,2,2,1,3,1,8,2,2,1,5,2,2,1,3,2,3,7,2,2,17,4,2,2,4,2,2,2,2
4,994,1494.0,156,terminated,1,0,0,2,1494.0,1,3,1,2,1,2,1,6,1,2,1,4,1,2,1,3,2,2,5,1,2,17,3,1,2,3,1,2,1,2
4,995,1545.0,105,terminated,1,0,0,2,1545.0,1,1,1,0,1,3,1,7,1,2,1,4,1,2,1,3,2,3,6,1,2,17,3,1,2,3,1,2,1,2
4,996,1723.0,127,terminated,2,0,0,2,1723.0,1,2,1,1,1,3,1,8,2,2,1,5,2,2,1,3,2,3,7,2,2,17,4,2,2,4,2,2,2,2
4,997,1460.0,190,terminated,2,0,0,1,1460.0,1,2,1,1,0,2,0,5,2,1,0,3,2,1,0,1,1,2,5,2,1,12,3,2,1,3,2,1,2,1
4,998,1469.0,181,terminated,1,0,0,2,1469.0,1,2,0,2,1,3,1,7,1,2,1,4,1,2,1,3,2,3,6,1,2,21,3,1,2,3,1,2,1,2
4,999,1533.0,117,terminated,1,0,0,2,1533.0,1,2,0,2,1,2,1,6,1,2,1,4,1,2,1,3,2,2,5,1,2,17,3,1,2,3,1,2,1,2
