schema_version,episode,return,length,termination,metric/blue_eaten,metric/food_remaining,metric/lost,metric/orange_eaten,metric/score,metric/won,count/pacman%2Fconditional-vegan-v0/ConditionalVegan,count/pacman%2Fconditional-vegan-v0/ConditionalVegetarianBlue,count/pacman%2Fconditional-vegan-v0/ConditionalVegetarianOrange,count/pacman%2Fhungry-v0/count,count/pacman%2Fhungry-vegan-penalty-v1/CTD,count/pacman%2Fhungry-vegan-penalty-v1/Hungr,count/pacman%2Fhungry-vegan-penalty-v1/HungryVeganPenalty,count/pacman%2Fhungry-vegan-penalty-v1/VegetarianBlue,count/pacman%2Fhungry-vegan-penalty-v1/VegetarianOrange,count/pacman%2Fhungry-vegan-v0/Hungr,count/pacman%2Fhungry-vegan-v0/HungryVegan,count/pacman%2Fhungry-vegan-v0/VegetarianBlue,count/pacman%2Fhungry-vegan-v0/VegetarianOrange,count/pacman%2Fhungry-vegetarian-v0/Hungr,count/pacman%2Fhungry-vegetarian-v0/HungryVegetarian,count/pacman%2Fhungry-vegetarian-v0/VegetarianOrange,count/pacman%2Fpenalty-v0/CTD,count/pacman%2Fpenalty-v0/Penalty%28total%29,count/pacman%2Fpenalty-v0/VegetarianBlue,count/pacman%2Fpenalty-v0/VegetarianOrange,count/pacman%2Ftrapped-v1/count,count/pacman%2Fvegan-preference-v0/VeganPreference,count/pacman%2Fvegan-preference-v0/VegetarianBlue,count/pacman%2Fvegan-preference-v0/VegetarianOrange,count/pacman%2Fvegan-v0/Vegan,count/pacman%2Fvegan-v0/VegetarianBlue,count/pacman%2Fvegan-v0/VegetarianOrange,count/pacman%2Fvegetarian-blue-v0/count,count/pacman%2Fvegetarian-orange-v0/count
4,0,1757.0,93,terminated,2,0,0,2,1757.0,1,4,2,2,1,4,1,9,2,2,1,5,2,2,1,3,2,4,8,2,2,10,4,2,2,4,2,2,2,2
4,1,1729.0,121,terminated,2,0,0,2,1729.0,1,0,0,0,0,4,0,8,2,2,0,4,2,2,0,2,2,4,8,2,2,0,4,2,2,4,2,2,2,2
4,2,1446.0,204,terminated,2,0,0,1,1446.0,1,2,1,1,1,3,1,7,2,1,1,4,2,1,1,2,1,3,6,2,1,5,3,2,1,3,2,1,2,1
4,3,592.0,108,terminated,2,15,1,2,592.0,0,2,1,1,1,4,1,9,2,2,1,5,2,2,1,3,2,4,8,2,2,5,4,2,2,4,2,2,2,2
4,4,1672.0,178,terminated,2,0,0,2,1672.0,1,3,1,2,0,4,0,8,2,2,0,4,2,2,0,2,2,4,8,2,2,19,4,2,2,4,2,2,2,2
4,5,1693.0,157,terminated,2,0,0,2,1693.0,1,1,1,0,0,3,0,7,2,2,0,4,2,2,0,2,2,3,7,2,2,2,4,2,2,4,2,2,2,2
4,6,317.0,43,terminated,1,29,1,2,317.0,0,3,1,2,1,2,1,6,1,2,1,4,1,2,1,3,2,2,5,1,2,11,3,1,2,3,1,2,1,2
4,7,1511.0,139,terminated,2,0,0,1,1511.0,1,2,1,1,0,3,0,6,2,1,0,3,2,1,0,1,1,3,6,2,1,0,3,2,1,3,2,1,2,1
4,8,1278.0,172,terminated,0,0,0,2,1278.0,1,1,0,1,1,2,1,5,0,2,1,3,0,2,1,3,2,2,4,0,2,41,2,0,2,2,0,2,0,2
4,9,1713.0,137,terminated,2,0,0,2,1713.0,1,2,1,1,1,4,1,9,2,2,1,5,2,2,1,3,2,4,8,2,2,0,4,2,2,4,2,2,2,2
4,10,1741.0,109,terminated,2,0,0,2,1741.0,1,2,1,1,1,4,1,9,2,2,1,5,2,2,1,3,2,4,8,2,2,0,4,2,2,4,2,2,2,2
4,11,1692.0,158,terminated,2,0,0,2,1692.0,1,3,2,1,1,3,1,8,2,2,1,5,2,2,1,3,2,3,7,2,2,8,4,2,2,4,2,2,2,2
4,12,1533.0,117,terminated,2,0,0,1,1533.0,1,2,1,1,1,3,1,7,2,1,1,4,2,1,1,2,1,3,6,2,1,6,3,2,1,3,2,1,2,1
4,13,1687.0,163,terminated,2,0,0,2,1687.0,1,2,2,0,0,3,0,7,2,2,0,4,2,2,0,2,2,3,7,2,2,2,4,2,2,4,2,2,2,2
4,14,1651.0,199,terminated,2,0,0,2,1651.0,1,2,1,1,1,4,1,9,2,2,1,5,2,2,1,3,2,4,8,2,2,6,4,2,2,4,2,2,2,2
4,15,1718.0,132,terminated,2,0,0,2,1718.0,1,4,2,2,1,4,1,9,2,2,1,5,2,2,1,3,2,4,8,2,2,7,4,2,2,4,2,2,2,2
4,16,408.0,112,terminated,2,13,1,1,408.0,0,2,1,1,0,3,0,6,2,1,0,3,2,1,0,1,1,3,6,2,1,5,3,2,1,3,2,1,2,1
4,17,1729.0,121,terminated,2,0,0,2,1729.0,1,2,2,0,0,4,0,8,2,2,0,4,2,2,0,2,2,4,8,2,2,1,4,2,2,4,2,2,2,2
4,18,1488.0,162,terminated,2,0,0,1,1488.0,1,2,1,1,1,3,1,7,2,1,1,4,2,1,1,2,1,3,6,2,1,57,3,2,1,3,2,1,2,1
4,19,567.0,83,terminated,2,20,1,2,567.0,0,2,1,1,1,4,1,9,2,2,1,5,2,2,1,3,2,4,8,2,2,6,4,2,2,4,2,2,2,2
4,20,1725.0,125,terminated,2,0,0,2,1725.0,1,3,2,1,1,3,1,8,2,2,1,5,2,2,1,3,2,3,7,2,2,4,4,2,2,4,2,2,2,2
4,21,-178.0,18,terminated,1,41,1,0,-178.0,0,0,0,0,1,0,1,2,1,0,1,2,1,0,1,1,0,0,1,1,0,0,1,1,0,1,1,0,1,0
4,22,1704.0,146,terminated,2,0,0,2,1704.0,1,1,0,1,0,4,0,8,2,2,0,4,2,2,0,2,2,4,8,2,2,7,4,2,2,4,2,2,2,2
4,23,1473.0,177,terminated,1,0,0,2,1473.0,1,2,1,1,1,3,1,7,1,2,1,4,1,2,1,3,2,3,6,1,2,1,3,1,2,3,1,2,1,2
4,24,1727.0,123,terminated,2,0,0,2,1727.0,1,3,1,2,1,3,1,8,2,2,1,5,2,2,1,3,2,3,7,2,2,5,4,2,2,4,2,2,2,2
4,25,1733.0,117,terminated,2,0,0,2,1733.0,1,1,0,1,1,4,1,9,2,2,1,5,2,2,1,3,2,4,8,2,2,0,4,2,2,4,2,2,2,2
4,26,1531.0,119,terminated,2,0,0,1,1531.0,1,3,2,1,1,3,1,7,2,1,1,4,2,1,1,2,1,3,6,2,1,19,3,2,1,3,2,1,2,1
4,27,1709.0,141,terminated,2,0,0,2,1709.0,1,3,1,2,1,4,1,9,2,2,1,5,2,2,1,3,2,4,8,2,2,6,4,2,2,4,2,2,2,2
4,28,1725.0,125,terminated,2,0,0,2,1725.0,1,2,2,0,0,4,0,8,2,2,0,4,2,2,0,2,2,4,8,2,2,4,4,2,2,4,2,2,2,2
4,29,1678.0,172,terminated,2,0,0,2,1678.0,1,2,0,2,0,4,0,8,2,2,0,4,2,2,0,2,2,4,8,2,2,5,4,2,2,4,2,2,2,2
4,30,536.0,44,terminated,2,27,1,2,536.0,0,3,1,2,1,3,1,8,2,2,1,5,2,2,1,3,2,3,7,2,2,6,4,2,2,4,2,2,2,2
4,31,1729.0,121,terminated,2,0,0,2,1729.0,1,2,0,2,1,3,1,8,2,2,1,5,2,2,1,3,2,3,7,2,2,0,4,2,2,4,2,2,2,2
4,32,1664.0,186,terminated,2,0,0,2,1664.0,1,2,0,2,0,4,0,8,2,2,0,4,2,2,0,2,2,4,8,2,2,0,4,2,2,4,2,2,2,2
4,33,1473.0,177,terminated,1,0,0,2,1473.0,1,1,0,1,1,2,1,6,1,2,1,4,1,2,1,3,2,2,5,1,2,60,3,1,2,3,1,2,1,2
4,34,1724.0,126,terminated,2,0,0,2,1724.0,1,3,1,2,0,4,0,8,2,2,0,4,2,2,0,2,2,4,8,2,2,0,4,2,2,4,2,2,2,2
4,35,1703.0,147,terminated,2,0,0,2,1703.0,1,2,1,1,1,4,1,9,2,2,1,5,2,2,1,3,2,4,8,2,2,5,4,2,2,4,2,2,2,2
4,36,1653.0,197,terminated,2,0,0,2,1653.0,1,2,2,0,1,4,1,9,2,2,1,5,2,2,1,3,2,4,8,2,2,1,4,2,2,4,2,2,2,2
4,37,1699.0,151,terminated,2,0,0,2,1699.0,1,2,1,1,0,4,0,8,2,2,0,4,2,2,0,2,2,4,8,2,2,4,4,2,2,4,2,2,2,2
4,38,1531.0,119,terminated,1,0,0,2,1531.0,1,2,1,1,1,3,1,7,1,2,1,4,1,2,1,3,2,3,6,1,2,7,3,1,2,3,1,2,1,2
4,39,1675.0,175,terminated,2,0,0,2,1675.0,1,2,2,0,1,4,1,9,2,2,1,5,2,2,1,3,2,4,8,2,2,3,4,2,2,4,2,2,2,2
4,40,1729.0,121,terminated,2,0,0,2,1729.0,1,2,1,1,0,4,0,8,2,2,0,4,2,2,0,2,2,4,8,2,2,0,4,2,2,4,2,2,2,2
4,41,1712.0,138,terminated,2,0,0,2,1712.0,1,0,0,0,0,3,0,7,2,2,0,4,2,2,0,2,2,3,7,2,2,0,4,2,2,4,2,2,2,2
4,42,1708.0,142,terminated,2,0,0,2,1708.0,1,1,0,1,1,3,1,8,2,2,1,5,2,2,1,3,2,3,7,2,2,0,4,2,2,4,2,2,2,2
4,43,1736.0,114,terminated,2,0,0,2,1736.0,1,4,2,2,1,4,1,9,2,2,1,5,2,2,1,3,2,4,8,2,2,9,4,2,2,4,2,2,2,2
4,44,1673.0,177,terminated,2,0,0,2,1673.0,1,1,0,1,0,4,0,8,2,2,0,4,2,2,0,2,2,4,8,2,2,8,4,2,2,4,2,2,2,2
4,45,-170.0,20,terminated,1,40,1,0,-170.0,0,0,0,0,1,0,1,2,1,0,1,2,1,0,1,1,0,0,1,1,0,3,1,1,0,1,1,0,1,0
4,46,712.0,118,terminated,2,2,1,2,712.0,0,4,2,2,1,4,1,9,2,2,1,5,2,2,1,3,2,4,8,2,2,1,4,2,2,4,2,2,2,2
4,47,1455.0,195,terminated,1,0,0,2,1455.0,1,1,0,1,1,3,1,7,1,2,1,4,1,2,1,3,2,3,6,1,2,30,3,1,2,3,1,2,1,2
4,48,-175.0,25,terminated,0,40,1,1,-175.0,0,1,0,1,1,0,1,2,0,1,1,2,0,1,1,2,1,0,1,0,1,9,1,0,1,1,0,1,0,1
4,49,1714.0,136,terminated,2,0,0,2,1714.0,1,1,1,0,0,4,0,8,2,2,0,4,2,2,0,2,2,4,8,2,2,0,4,2,2,4,2,2,2,2
4,50,1702.0,148,terminated,2,0,0,2,1702.0,1,3,2,1,0,4,0,8,2,2,0,4,2,2,0,2,2,4,8,2,2,7,4,2,2,4,2,2,2,2
4,51,1659.0,191,terminated,2,0,0,2,1659.0,1,3,2,1,1,4,1,9,2,2,1,5,2,2,1,3,2,4,8,2,2,3,4,2,2,4,2,2,2,2
4,52,1659.0,191,terminated,2,0,0,2,1659.0,1,1,1,0,0,4,0,8,2,2,0,4,2,2,0,2,2,4,8,2,2,10,4,2,2,4,2,2,2,2
4,53,1524.0,126,terminated,2,0,0,1,1524.0,1,1,1,0,1,3,1,7,2,1,1,4,2,1,1,2,1,3,6,2,1,9,3,2,1,3,2,1,2,1
4,54,521.0,49,terminated,2,28,1,2,521.0,0,3,2,1,1,4,1,9,2,2,1,5,2,2,1,3,2,4,8,2,2,2,4,2,2,4,2,2,2,2
4,55,1683.0,167,terminated,2,0,0,2,1683.0,1,3,2,1,0,4,0,8,2,2,0,4,2,2,0,2,2,4,8,2,2,8,4,2,2,4,2,2,2,2
4,56,1728.0,122,terminated,2,0,0,2,1728.0,1,4,2,2,1,3,1,8,2,2,1,5,2,2,1,3,2,3,7,2,2,5,4,2,2,4,2,2,2,2
4,57,1532.0,118,terminated,1,0,0,2,1532.0,1,2,1,1,1,3,1,7,1,2,1,4,1,2,1,3,2,3,6,1,2,6,3,1,2,3,1,2,1,2
4,58,1638.0,212,terminated,2,0,0,2,1638.0,1,2,1,1,1,3,1,8,2,2,1,5,2,2,1,3,2,3,7,2,2,16,4,2,2,4,2,2,2,2
4,59,1734.0,116,terminated,2,0,0,2,1734.0,1,2,2,0,0,3,0,7,2,2,0,4,2,2,0,2,2,3,7,2,2,0,4,2,2,4,2,2,2,2
4,60,1662.0,188,terminated,2,0,0,2,1662.0,1,2,1,1,0,4,0,8,2,2,0,4,2,2,0,2,2,4,8,2,2,18,4,2,2,4,2,2,2,2
4,61,1677.0,173,terminated,2,0,0,2,1677.0,1,1,1,0,0,3,0,7,2,2,0,4,2,2,0,2,2,3,7,2,2,0,4,2,2,4,2,2,2,2
4,62,1688.0,162,terminated,2,0,0,2,1688.0,1,2,1,1,1,4,1,9,2,2,1,5,2,2,1,3,2,4,8,2,2,0,4,2,2,4,2,2,2,2
4,63,1738.0,112,terminated,2,0,0,2,1738.0,1,1,1,0,1,4,1,9,2,2,1,5,2,2,1,3,2,4,8,2,2,8,4,2,2,4,2,2,2,2
4,64,1712.0,138,terminated,2,0,0,2,1712.0,1,2,1,1,1,4,1,9,2,2,1,5,2,2,1,3,2,4,8,2,2,7,4,2,2,4,2,2,2,2
4,65,1538.0,112,terminated,2,0,0,1,1538.0,1,1,0,1,0,3,0,6,2,1,0,3,2,1,0,1,1,3,6,2,1,5,3,2,1,3,2,1,2,1
4,66,1725.0,125,terminated,2,0,0,2,1725.0,1,1,1,0,1,4,1,9,2,2,1,5,2,2,1,3,2,4,8,2,2,1,4,2,2,4,2,2,2,2
4,67,1696.0,154,terminated,2,0,0,2,1696.0,1,2,1,1,1,4,1,9,2,2,1,5,2,2,1,3,2,4,8,2,2,6,4,2,2,4,2,2,2,2
4,68,1689.0,161,terminated,2,0,0,2,1689.0,1,4,2,2,1,4,1,9,2,2,1,5,2,2,1,3,2,4,8,2,2,3,4,2,2,4,2,2,2,2
4,69,1697.0,153,terminated,2,0,0,2,1697.0,1,2,1,1,1,3,1,8,2,2,1,5,2,2,1,3,2,3,7,2,2,13,4,2,2,4,2,2,2,2
4,70,32.0,18,terminated,1,40,1,1,32.0,0,1,1,0,1,1,1,4,1,1,1,3,1,1,1,2,1,1,3,1,1,2,2,1,1,2,1,1,1,1
4,71,1493.0,157,terminated,1,0,0,2,1493.0,1,1,0,1,0,2,0,5,1,2,0,3,1,2,0,2,2,2,5,1,2,0,3,1,2,3,1,2,1,2
4,72,1721.0,129,terminated,2,0,0,2,1721.0,1,2,1,1,0,4,0,8,2,2,0,4,2,2,0,2,2,4,8,2,2,6,4,2,2,4,2,2,2,2
4,73,1692.0,158,terminated,2,0,0,2,1692.0,1,2,1,1,1,4,1,9,2,2,1,5,2,2,1,3,2,4,8,2,2,5,4,2,2,4,2,2,2,2
4,74,1737.0,113,terminated,2,0,0,2,1737.0,1,2,2,0,0,4,0,8,2,2,0,4,2,2,0,2,2,4,8,2,2,0,4,2,2,4,2,2,2,2
4,75,1731.0,119,terminated,2,0,0,2,1731.0,1,4,2,2,1,3,1,8,2,2,1,5,2,2,1,3,2,3,7,2,2,9,4,2,2,4,2,2,2,2
4,76,1734.0,116,terminated,2,0,0,2,1734.0,1,3,1,2,1,4,1,9,2,2,1,5,2,2,1,3,2,4,8,2,2,3,4,2,2,4,2,2,2,2
4,77,621.0,99,terminated,2,13,1,2,621.0,0,2,1,1,0,3,0,7,2,2,0,4,2,2,0,2,2,3,7,2,2,0,4,2,2,4,2,2,2,2
4,78,1672.0,178,terminated,2,0,0,2,1672.0,1,1,1,0,1,3,1,8,2,2,1,5,2,2,1,3,2,3,7,2,2,0,4,2,2,4,2,2,2,2
4,79,1673.0,177,terminated,2,0,0,2,1673.0,1,2,1,1,1,4,1,9,2,2,1,5,2,2,1,3,2,4,8,2,2,4,4,2,2,4,2,2,2,2
4,80,1733.0,117,terminated,2,0,0,2,1733.0,1,2,1,1,0,4,0,8,2,2,0,4,2,2,0,2,2,4,8,2,2,6,4,2,2,4,2,2,2,2
4,81,1668.0,182,terminated,2,0,0,2,1668.0,1,2,2,0,0,4,0,8,2,2,0,4,2,2,0,2,2,4,8,2,2,1,4,2,2,4,2,2,2,2
4,82,1742.0,108,terminated,2,0,0,2,1742.0,1,2,0,2,1,4,1,9,2,2,1,5,2,2,1,3,2,4,8,2,2,0,4,2,2,4,2,2,2,2
4,83,1675.0,175,terminated,2,0,0,2,1675.0,1,0,0,0,0,4,0,8,2,2,0,4,2,2,0,2,2,4,8,2,2,0,4,2,2,4,2,2,2,2
4,84,1710.0,140,terminated,2,0,0,2,1710.0,1,3,2,1,1,4,1,9,2,2,1,5,2,2,1,3,2,4,8,2,2,4,4,2,2,4,2,2,2,2
4,85,1736.0,114,terminated,2,0,0,2,1736.0,1,4,2,2,1,4,1,9,2,2,1,5,2,2,1,3,2,4,8,2,2,7,4,2,2,4,2,2,2,2
4,86,1709.0,141,terminated,2,0,0,2,1709.0,1,1,1,0,1,4,1,9,2,2,1,5,2,2,1,3,2,4,8,2,2,8,4,2,2,4,2,2,2,2
4,87,1770.0,80,terminated,2,0,0,2,1770.0,1,2,1,1,0,4,0,8,2,2,0,4,2,2,0,2,2,4,8,2,2,0,4,2,2,4,2,2,2,2
4,88,1729.0,121,terminated,2,0,0,2,1729.0,1,1,0,1,1,4,1,9,2,2,1,5,2,2,1,3,2,4,8,2,2,0,4,2,2,4,2,2,2,2
4,89,1740.0,110,terminated,2,0,0,2,1740.0,1,1,0,1,1,4,1,9,2,2,1,5,2,2,1,3,2,4,8,2,2,0,4,2,2,4,2,2,2,2
4,90,1733.0,117,terminated,2,0,0,2,1733.0,1,2,2,0,0,4,0,8,2,2,0,4,2,2,0,2,2,4,8,2,2,1,4,2,2,4,2,2,2,2
4,91,1719.0,131,terminated,2,0,0,2,1719.0,1,3,2,1,1,3,1,8,2,2,1,5,2,2,1,3,2,3,7,2,2,6,4,2,2,4,2,2,2,2
4,92,1716.0,134,terminated,2,0,0,2,1716.0,1,1,1,0,1,4,1,9,2,2,1,5,2,2,1,3,2,4,8,2,2,1,4,2,2,4,2,2,2,2
4,93,625.0,65,terminated,2,16,1,2,625.0,0,3,2,1,1,4,1,9,2,2,1,5,2,2,1,3,2,4,8,2,2,0,4,2,2,4,2,2,2,2
4,94,499.0,41,terminated,2,31,1,2,499.0,0,3,1,2,0,3,0,7,2,2,0,4,2,2,0,2,2,3,7,2,2,6,4,2,2,4,2,2,2,2
4,95,1742.0,108,terminated,2,0,0,2,1742.0,1,1,0,1,0,3,0,7,2,2,0,4,2,2,0,2,2,3,7,2,2,6,4,2,2,4,2,2,2,2
4,96,1732.0,118,terminated,2,0,0,2,1732.0,1,1,1,0,0,3,0,7,2,2,0,4,2,2,0,2,2,3,7,2,2,2,4,2,2,4,2,2,2,2
4,97,1715.0,135,terminated,2,0,0,2,1715.0,1,2,2,0,1,4,1,9,2,2,1,5,2,2,1,3,2,4,8,2,2,9,4,2,2,4,2,2,2,2
4,98,1724.0,126,terminated,2,0,0,2,1724.0,1,1,0,1,0,3,0,7,2,2,0,4,2,2,0,2,2,3,7,2,2,8,4,2,2,4,2,2,2,2
4,99,1731.0,119,terminated,2,0,0,2,1731.0,1,3,2,1,0,3,0,7,2,2,0,4,2,2,0,2,2,3,7,2,2,0,4,2,2,4,2,2,2,2
4,100,32.0,18,terminated,1,40,1,1,32.0,0,1,0,1,0,1,0,3,1,1,0,2,1,1,0,1,1,1,3,1,1,2,2,1,1,2,1,1,1,1
4,101,1725.0,125,terminated,2,0,0,2,1725.0,1,2,1,1,1,4,1,9,2,2,1,5,2,2,1,3,2,4,8,2,2,7,4,2,2,4,2,2,2,2
4,102,1688.0,162,terminated,2,0,0,2,1688.0,1,2,1,1,0,3,0,7,2,2,0,4,2,2,0,2,2,3,7,2,2,0,4,2,2,4,2,2,2,2
4,103,1710.0,140,terminated,2,0,0,2,1710.0,1,2,2,0,1,4,1,9,2,2,1,5,2,2,1,3,2,4,8,2,2,6,4,2,2,4,2,2,2,2
4,104,1661.0,189,terminated,2,0,0,2,1661.0,1,1,1,0,1,3,1,8,2,2,1,5,2,2,1,3,2,3,7,2,2,5,4,2,2,4,2,2,2,2
4,105,1726.0,124,terminated,2,0,0,2,1726.0,1,2,0,2,1,4,1,9,2,2,1,5,2,2,1,3,2,4,8,2,2,6,4,2,2,4,2,2,2,2
4,106,83.0,77,terminated,1,29,1,1,83.0,0,2,1,1,1,1,1,4,1,1,1,3,1,1,1,2,1,1,3,1,1,27,2,1,1,2,1,1,1,1
4,107,1704.0,146,terminated,2,0,0,2,1704.0,1,2,1,1,1,4,1,9,2,2,1,5,2,2,1,3,2,4,8,2,2,4,4,2,2,4,2,2,2,2
4,108,1650.0,200,terminated,2,0,0,2,1650.0,1,2,1,1,1,4,1,9,2,2,1,5,2,2,1,3,2,4,8,2,2,4,4,2,2,4,2,2,2,2
4,109,1746.0,104,terminated,2,0,0,2,1746.0,1,2,1,1,1,4,1,9,2,2,1,5,2,2,1,3,2,4,8,2,2,6,4,2,2,4,2,2,2,2
4,110,327.0,43,terminated,2,28,1,1,327.0,0,1,1,0,0,3,0,6,2,1,0,3,2,1,0,1,1,3,6,2,1,0,3,2,1,3,2,1,2,1
4,111,1727.0,123,terminated,2,0,0,2,1727.0,1,3,2,1,0,4,0,8,2,2,0,4,2,2,0,2,2,4,8,2,2,1,4,2,2,4,2,2,2,2
4,112,1754.0,96,terminated,2,0,0,2,1754.0,1,3,1,2,0,4,0,8,2,2,0,4,2,2,0,2,2,4,8,2,2,0,4,2,2,4,2,2,2,2
4,113,1739.0,111,terminated,2,0,0,2,1739.0,1,3,1,2,1,4,1,9,2,2,1,5,2,2,1,3,2,4,8,2,2,7,4,2,2,4,2,2,2,2
4,114,1441.0,209,terminated,1,0,0,2,1441.0,1,1,0,1,0,3,0,6,1,2,0,3,1,2,0,2,2,3,6,1,2,0,3,1,2,3,1,2,1,2
4,115,1507.0,143,terminated,2,0,0,1,1507.0,1,2,1,1,1,2,1,6,2,1,1,4,2,1,1,2,1,2,5,2,1,7,3,2,1,3,2,1,2,1
4,116,1698.0,152,terminated,2,0,0,2,1698.0,1,1,0,1,1,4,1,9,2,2,1,5,2,2,1,3,2,4,8,2,2,5,4,2,2,4,2,2,2,2
4,117,1731.0,119,terminated,2,0,0,2,1731.0,1,3,1,2,1,4,1,9,2,2,1,5,2,2,1,3,2,4,8,2,2,0,4,2,2,4,2,2,2,2
4,118,1724.0,126,terminated,2,0,0,2,1724.0,1,2,1,1,1,4,1,9,2,2,1,5,2,2,1,3,2,4,8,2,2,8,4,2,2,4,2,2,2,2
4,119,1732.0,118,terminated,2,0,0,2,1732.0,1,2,1,1,0,4,0,8,2,2,0,4,2,2,0,2,2,4,8,2,2,6,4,2,2,4,2,2,2,2
4,120,1713.0,137,terminated,2,0,0,2,1713.0,1,2,1,1,1,4,1,9,2,2,1,5,2,2,1,3,2,4,8,2,2,0,4,2,2,4,2,2,2,2
4,121,1709.0,141,terminated,2,0,0,2,1709.0,1,2,1,1,1,4,1,9,2,2,1,5,2,2,1,3,2,4,8,2,2,2,4,2,2,4,2,2,2,2
4,122,32.0,18,terminated,1,40,1,1,32.0,0,2,1,1,1,1,1,4,1,1,1,3,1,1,1,2,1,1,3,1,1,2,2,1,1,2,1,1,1,1
4,123,1490.0,160,terminated,2,0,0,1,1490.0,1,1,1,0,0,3,0,6,2,1,0,3,2,1,0,1,1,3,6,2,1,0,3,2,1,3,2,1,2,1
4,124,1721.0,129,terminated,2,0,0,2,1721.0,1,0,0,0,1,4,1,9,2,2,1,5,2,2,1,3,2,4,8,2,2,5,4,2,2,4,2,2,2,2
4,125,167.0,103,terminated,2,18,1,0,167.0,0,1,1,0,1,1,1,4,2,0,1,3,2,0,1,1,0,1,3,2,0,40,2,2,0,2,2,0,2,0
4,126,1750.0,100,terminated,2,0,0,2,1750.0,1,4,2,2,1,3,1,8,2,2,1,5,2,2,1,3,2,3,7,2,2,1,4,2,2,4,2,2,2,2
4,127,1755.0,95,terminated,2,0,0,2,1755.0,1,4,2,2,1,4,1,9,2,2,1,5,2,2,1,3,2,4,8,2,2,3,4,2,2,4,2,2,2,2
4,128,-181.0,21,terminated,1,41,1,0,-181.0,0,0,0,0,1,0,1,2,1,0,1,2,1,0,1,1,0,0,1,1,0,0,1,1,0,1,1,0,1,0
4,129,1533.0,117,terminated,1,0,0,2,1533.0,1,2,0,2,0,2,0,5,1,2,0,3,1,2,0,2,2,2,5,1,2,6,3,1,2,3,1,2,1,2
4,130,1729.0,121,terminated,2,0,0,2,1729.0,1,4,2,2,1,3,1,8,2,2,1,5,2,2,1,3,2,3,7,2,2,5,4,2,2,4,2,2,2,2
4,131,1751.0,99,terminated,2,0,0,2,1751.0,1,3,2,1,1,4,1,9,2,2,1,5,2,2,1,3,2,4,8,2,2,5,4,2,2,4,2,2,2,2
4,132,1389.0,261,terminated,1,0,0,2,1389.0,1,1,1,0,0,2,0,5,1,2,0,3,1,2,0,2,2,2,5,1,2,5,3,1,2,3,1,2,1,2
4,133,21.0,19,terminated,1,41,1,1,21.0,0,2,1,1,1,0,1,3,1,1,1,3,1,1,1,2,1,0,2,1,1,1,2,1,1,2,1,1,1,1
4,134,1731.0,119,terminated,2,0,0,2,1731.0,1,4,2,2,1,3,1,8,2,2,1,5,2,2,1,3,2,3,7,2,2,7,4,2,2,4,2,2,2,2
4,135,620.0,90,terminated,2,14,1,2,620.0,0,3,1,2,1,4,1,9,2,2,1,5,2,2,1,3,2,4,8,2,2,8,4,2,2,4,2,2,2,2
4,136,1752.0,98,terminated,2,0,0,2,1752.0,1,1,1,0,0,3,0,7,2,2,0,4,2,2,0,2,2,3,7,2,2,3,4,2,2,4,2,2,2,2
4,137,1735.0,115,terminated,2,0,0,2,1735.0,1,2,0,2,1,4,1,9,2,2,1,5,2,2,1,3,2,4,8,2,2,8,4,2,2,4,2,2,2,2
4,138,1674.0,176,terminated,2,0,0,2,1674.0,1,1,1,0,1,3,1,8,2,2,1,5,2,2,1,3,2,3,7,2,2,0,4,2,2,4,2,2,2,2
4,139,-179.0,19,terminated,1,41,1,0,-179.0,0,0,0,0,1,0,1,2,1,0,1,2,1,0,1,1,0,0,1,1,0,0,1,1,0,1,1,0,1,0
4,140,1669.0,181,terminated,2,0,0,2,1669.0,1,0,0,0,1,3,1,8,2,2,1,5,2,2,1,3,2,3,7,2,2,15,4,2,2,4,2,2,2,2
4,141,1716.0,134,terminated,2,0,0,2,1716.0,1,2,1,1,1,4,1,9,2,2,1,5,2,2,1,3,2,4,8,2,2,1,4,2,2,4,2,2,2,2
4,142,1695.0,155,terminated,2,0,0,2,1695.0,1,1,1,0,0,4,0,8,2,2,0,4,2,2,0,2,2,4,8,2,2,0,4,2,2,4,2,2,2,2
4,143,1716.0,134,terminated,2,0,0,2,1716.0,1,3,1,2,1,3,1,8,2,2,1,5,2,2,1,3,2,3,7,2,2,12,4,2,2,4,2,2,2,2
4,144,1730.0,120,terminated,2,0,0,2,1730.0,1,3,1,2,0,3,0,7,2,2,0,4,2,2,0,2,2,3,7,2,2,6,4,2,2,4,2,2,2,2
4,145,1679.0,171,terminated,2,0,0,2,1679.0,1,2,1,1,0,4,0,8,2,2,0,4,2,2,0,2,2,4,8,2,2,4,4,2,2,4,2,2,2,2
4,146,1715.0,135,terminated,2,0,0,2,1715.0,1,2,0,2,1,4,1,9,2,2,1,5,2,2,1,3,2,4,8,2,2,0,4,2,2,4,2,2,2,2
4,147,1633.0,217,terminated,2,0,0,2,1633.0,1,1,1,0,0,4,0,8,2,2,0,4,2,2,0,2,2,4,8,2,2,0,4,2,2,4,2,2,2,2
4,148,1705.0,145,terminated,2,0,0,2,1705.0,1,2,1,1,1,3,1,8,2,2,1,5,2,2,1,3,2,3,7,2,2,19,4,2,2,4,2,2,2,2
4,149,-169.0,19,terminated,0,40,1,1,-169.0,0,0,0,0,0,1,0,2,0,1,0,1,0,1,0,1,1,1,2,0,1,1,1,0,1,1,0,1,0,1
4,150,1495.0,155,terminated,2,0,0,1,1495.0,1,2,1,1,0,3,0,6,2,1,0,3,2,1,0,1,1,3,6,2,1,2,3,2,1,3,2,1,2,1
4,151,1448.0,202,terminated,2,0,0,1,1448.0,1,1,1,0,0,3,0,6,2,1,0,3,2,1,0,1,1,3,6,2,1,0,3,2,1,3,2,1,2,1
4,152,666.0,164,terminated,2,2,1,2,666.0,0,3,2,1,1,4,1,9,2,2,1,5,2,2,1,3,2,4,8,2,2,4,4,2,2,4,2,2,2,2
4,153,1484.0,166,terminated,2,0,0,1,1484.0,1,2,1,1,1,3,1,7,2,1,1,4,2,1,1,2,1,3,6,2,1,52,3,2,1,3,2,1,2,1
4,154,1738.0,112,terminated,2,0,0,2,1738.0,1,2,1,1,0,4,0,8,2,2,0,4,2,2,0,2,2,4,8,2,2,1,4,2,2,4,2,2,2,2
4,155,1676.0,174,terminated,2,0,0,2,1676.0,1,2,0,2,0,4,0,8,2,2,0,4,2,2,0,2,2,4,8,2,2,4,4,2,2,4,2,2,2,2
4,156,1702.0,148,terminated,2,0,0,2,1702.0,1,2,1,1,0,3,0,7,2,2,0,4,2,2,0,2,2,3,7,2,2,0,4,2,2,4,2,2,2,2
4,157,1741.0,109,terminated,2,0,0,2,1741.0,1,4,2,2,1,4,1,9,2,2,1,5,2,2,1,3,2,4,8,2,2,4,4,2,2,4,2,2,2,2
4,158,1734.0,116,terminated,2,0,0,2,1734.0,1,3,2,1,0,4,0,8,2,2,0,4,2,2,0,2,2,4,8,2,2,6,4,2,2,4,2,2,2,2
4,159,1735.0,115,terminated,2,0,0,2,1735.0,1,1,0,1,1,4,1,9,2,2,1,5,2,2,1,3,2,4,8,2,2,4,4,2,2,4,2,2,2,2
4,160,1745.0,105,terminated,2,0,0,2,1745.0,1,4,2,2,1,4,1,9,2,2,1,5,2,2,1,3,2,4,8,2,2,7,4,2,2,4,2,2,2,2
4,161,-179.0,19,terminated,1,41,1,0,-179.0,0,0,0,0,1,0,1,2,1,0,1,2,1,0,1,1,0,0,1,1,0,0,1,1,0,1,1,0,1,0
4,162,1704.0,146,terminated,2,0,0,2,1704.0,1,2,1,1,1,4,1,9,2,2,1,5,2,2,1,3,2,4,8,2,2,7,4,2,2,4,2,2,2,2
4,163,521.0,49,terminated,2,28,1,2,521.0,0,3,2,1,1,3,1,8,2,2,1,5,2,2,1,3,2,3,7,2,2,9,4,2,2,4,2,2,2,2
4,164,39.0,31,terminated,1,38,1,1,39.0,0,2,1,1,1,0,1,3,1,1,1,3,1,1,1,2,1,0,2,1,1,15,2,1,1,2,1,1,1,1
4,165,493.0,37,terminated,2,32,1,2,493.0,0,3,2,1,1,2,1,7,2,2,1,5,2,2,1,3,2,2,6,2,2,3,4,2,2,4,2,2,2,2
4,166,1472.0,178,terminated,2,0,0,1,1472.0,1,3,2,1,1,2,1,6,2,1,1,4,2,1,1,2,1,2,5,2,1,15,3,2,1,3,2,1,2,1
4,167,-120.0,40,terminated,0,33,1,1,-120.0,0,1,0,1,1,0,1,2,0,1,1,2,0,1,1,2,1,0,1,0,1,24,1,0,1,1,0,1,0,1
4,168,1739.0,111,terminated,2,0,0,2,1739.0,1,2,1,1,1,4,1,9,2,2,1,5,2,2,1,3,2,4,8,2,2,10,4,2,2,4,2,2,2,2
4,169,1489.0,161,terminated,2,0,0,1,1489.0,1,3,2,1,1,2,1,6,2,1,1,4,2,1,1,2,1,2,5,2,1,41,3,2,1,3,2,1,2,1
4,170,1711.0,139,terminated,2,0,0,2,1711.0,1,3,2,1,1,3,1,8,2,2,1,5,2,2,1,3,2,3,7,2,2,6,4,2,2,4,2,2,2,2
4,171,-182.0,22,terminated,1,41,1,0,-182.0,0,0,0,0,1,0,1,2,1,0,1,2,1,0,1,1,0,0,1,1,0,0,1,1,0,1,1,0,1,0
4,172,1692.0,158,terminated,2,0,0,2,1692.0,1,3,1,2,1,4,1,9,2,2,1,5,2,2,1,3,2,4,8,2,2,6,4,2,2,4,2,2,2,2
4,173,1679.0,171,terminated,2,0,0,2,1679.0,1,1,1,0,0,4,0,8,2,2,0,4,2,2,0,2,2,4,8,2,2,0,4,2,2,4,2,2,2,2
4,174,1688.0,162,terminated,2,0,0,2,1688.0,1,2,1,1,0,3,0,7,2,2,0,4,2,2,0,2,2,3,7,2,2,0,4,2,2,4,2,2,2,2
4,175,1570.0,280,terminated,2,0,0,2,1570.0,1,0,0,0,0,3,0,7,2,2,0,4,2,2,0,2,2,3,7,2,2,0,4,2,2,4,2,2,2,2
4,176,1720.0,130,terminated,2,0,0,2,1720.0,1,0,0,0,1,3,1,8,2,2,1,5,2,2,1,3,2,3,7,2,2,0,4,2,2,4,2,2,2,2
4,177,1745.0,105,terminated,2,0,0,2,1745.0,1,1,1,0,1,3,1,8,2,2,1,5,2,2,1,3,2,3,7,2,2,0,4,2,2,4,2,2,2,2
4,178,1525.0,125,terminated,2,0,0,1,1525.0,1,2,2,0,0,3,0,6,2,1,0,3,2,1,0,1,1,3,6,2,1,7,3,2,1,3,2,1,2,1
4,179,1732.0,118,terminated,2,0,0,2,1732.0,1,3,1,2,1,4,1,9,2,2,1,5,2,2,1,3,2,4,8,2,2,0,4,2,2,4,2,2,2,2
4,180,1726.0,124,terminated,2,0,0,2,1726.0,1,2,1,1,1,4,1,9,2,2,1,5,2,2,1,3,2,4,8,2,2,0,4,2,2,4,2,2,2,2
4,181,1536.0,114,terminated,2,0,0,1,1536.0,1,1,1,0,1,3,1,7,2,1,1,4,2,1,1,2,1,3,6,2,1,0,3,2,1,3,2,1,2,1
4,182,1737.0,113,terminated,2,0,0,2,1737.0,1,3,1,2,0,4,0,8,2,2,0,4,2,2,0,2,2,4,8,2,2,2,4,2,2,4,2,2,2,2
4,183,626.0,134,terminated,2,9,1,2,626.0,0,2,1,1,1,4,1,9,2,2,1,5,2,2,1,3,2,4,8,2,2,7,4,2,2,4,2,2,2,2
4,184,1728.0,122,terminated,2,0,0,2,1728.0,1,2,1,1,0,4,0,8,2,2,0,4,2,2,0,2,2,4,8,2,2,1,4,2,2,4,2,2,2,2
4,185,1729.0,121,terminated,2,0,0,2,1729.0,1,2,1,1,0,4,0,8,2,2,0,4,2,2,0,2,2,4,8,2,2,6,4,2,2,4,2,2,2,2
4,186,1719.0,131,terminated,2,0,0,2,1719.0,1,1,1,0,1,4,1,9,2,2,1,5,2,2,1,3,2,4,8,2,2,6,4,2,2,4,2,2,2,2
4,187,1744.0,106,terminated,2,0,0,2,1744.0,1,1,1,0,0,4,0,8,2,2,0,4,2,2,0,2,2,4,8,2,2,5,4,2,2,4,2,2,2,2
4,188,514.0,36,terminated,2,30,1,2,514.0,0,3,2,1,1,3,1,8,2,2,1,5,2,2,1,3,2,3,7,2,2,7,4,2,2,4,2,2,2,2
4,189,1745.0,105,terminated,2,0,0,2,1745.0,1,2,1,1,1,4,1,9,2,2,1,5,2,2,1,3,2,4,8,2,2,0,4,2,2,4,2,2,2,2
4,190,1681.0,169,terminated,2,0,0,2,1681.0,1,1,0,1,1,4,1,9,2,2,1,5,2,2,1,3,2,4,8,2,2,6,4,2,2,4,2,2,2,2
4,191,1749.0,101,terminated,2,0,0,2,1749.0,1,3,2,1,0,3,0,7,2,2,0,4,2,2,0,2,2,3,7,2,2,1,4,2,2,4,2,2,2,2
4,192,1407.0,243,terminated,1,0,0,2,1407.0,1,1,0,1,0,2,0,5,1,2,0,3,1,2,0,2,2,2,5,1,2,0,3,1,2,3,1,2,1,2
4,193,1747.0,103,terminated,2,0,0,2,1747.0,1,2,1,1,0,4,0,8,2,2,0,4,2,2,0,2,2,4,8,2,2,0,4,2,2,4,2,2,2,2
4,194,1443.0,207,terminated,1,0,0,2,1443.0,1,1,1,0,1,3,1,7,1,2,1,4,1,2,1,3,2,3,6,1,2,82,3,1,2,3,1,2,1,2
4,195,-119.0,39,terminated,1,33,1,0,-119.0,0,0,0,0,1,1,1,3,1,0,1,2,1,0,1,1,0,1,2,1,0,23,1,1,0,1,1,0,1,0
4,196,1685.0,165,terminated,2,0,0,2,1685.0,1,2,1,1,1,4,1,9,2,2,1,5,2,2,1,3,2,4,8,2,2,11,4,2,2,4,2,2,2,2
4,197,1759.0,91,terminated,2,0,0,2,1759.0,1,2,2,0,0,4,0,8,2,2,0,4,2,2,0,2,2,4,8,2,2,0,4,2,2,4,2,2,2,2
4,198,1680.0,170,terminated,2,0,0,2,1680.0,1,2,1,1,1,4,1,9,2,2,1,5,2,2,1,3,2,4,8,2,2,15,4,2,2,4,2,2,2,2
4,199,268.0,52,terminated,1,33,1,2,268.0,0,1,0,1,0,2,0,5,1,2,0,3,1,2,0,2,2,2,5,1,2,5,3,1,2,3,1,2,1,2
4,200,1533.0,117,terminated,2,0,0,1,1533.0,1,2,1,1,1,3,1,7,2,1,1,4,2,1,1,2,1,3,6,2,1,1,3,2,1,3,2,1,2,1
4,201,1529.0,121,terminated,2,0,0,1,1529.0,1,2,1,1,1,3,1,7,2,1,1,4,2,1,1,2,1,3,6,2,1,7,3,2,1,3,2,1,2,1
4,202,1672.0,178,terminated,2,0,0,2,1672.0,1,0,0,0,0,4,0,8,2,2,0,4,2,2,0,2,2,4,8,2,2,3,4,2,2,4,2,2,2,2
4,203,1666.0,184,terminated,2,0,0,2,1666.0,1,3,2,1,1,4,1,9,2,2,1,5,2,2,1,3,2,4,8,2,2,1,4,2,2,4,2,2,2,2
4,204,1713.0,137,terminated,2,0,0,2,1713.0,1,2,1,1,0,4,0,8,2,2,0,4,2,2,0,2,2,4,8,2,2,3,4,2,2,4,2,2,2,2
4,205,1755.0,95,terminated,2,0,0,2,1755.0,1,0,0,0,1,3,1,8,2,2,1,5,2,2,1,3,2,3,7,2,2,0,4,2,2,4,2,2,2,2
4,206,1724.0,126,terminated,2,0,0,2,1724.0,1,3,2,1,1,4,1,9,2,2,1,5,2,2,1,3,2,4,8,2,2,6,4,2,2,4,2,2,2,2
4,207,1723.0,127,terminated,2,0,0,2,1723.0,1,3,1,2,1,3,1,8,2,2,1,5,2,2,1,3,2,3,7,2,2,7,4,2,2,4,2,2,2,2
4,208,1524.0,126,terminated,2,0,0,1,1524.0,1,3,2,1,1,2,1,6,2,1,1,4,2,1,1,2,1,2,5,2,1,5,3,2,1,3,2,1,2,1
4,209,1689.0,161,terminated,2,0,0,2,1689.0,1,2,1,1,1,4,1,9,2,2,1,5,2,2,1,3,2,4,8,2,2,28,4,2,2,4,2,2,2,2
4,210,1662.0,188,terminated,2,0,0,2,1662.0,1,2,2,0,0,4,0,8,2,2,0,4,2,2,0,2,2,4,8,2,2,0,4,2,2,4,2,2,2,2
4,211,1737.0,113,terminated,2,0,0,2,1737.0,1,2,1,1,1,3,1,8,2,2,1,5,2,2,1,3,2,3,7,2,2,8,4,2,2,4,2,2,2,2
4,212,1636.0,214,terminated,2,0,0,2,1636.0,1,2,1,1,1,4,1,9,2,2,1,5,2,2,1,3,2,4,8,2,2,1,4,2,2,4,2,2,2,2
4,213,1499.0,151,terminated,2,0,0,1,1499.0,1,1,1,0,0,3,0,6,2,1,0,3,2,1,0,1,1,3,6,2,1,15,3,2,1,3,2,1,2,1
4,214,1482.0,168,terminated,2,0,0,1,1482.0,1,3,2,1,1,3,1,7,2,1,1,4,2,1,1,2,1,3,6,2,1,12,3,2,1,3,2,1,2,1
4,215,1729.0,121,terminated,2,0,0,2,1729.0,1,0,0,0,1,4,1,9,2,2,1,5,2,2,1,3,2,4,8,2,2,0,4,2,2,4,2,2,2,2
4,216,490.0,40,terminated,2,32,1,2,490.0,0,2,1,1,1,2,1,7,2,2,1,5,2,2,1,3,2,2,6,2,2,5,4,2,2,4,2,2,2,2
4,217,1706.0,144,terminated,2,0,0,2,1706.0,1,2,1,1,0,3,0,7,2,2,0,4,2,2,0,2,2,3,7,2,2,0,4,2,2,4,2,2,2,2
4,218,1739.0,111,terminated,2,0,0,2,1739.0,1,1,0,1,0,4,0,8,2,2,0,4,2,2,0,2,2,4,8,2,2,1,4,2,2,4,2,2,2,2
4,219,1485.0,165,terminated,2,0,0,1,1485.0,1,1,1,0,0,3,0,6,2,1,0,3,2,1,0,1,1,3,6,2,1,4,3,2,1,3,2,1,2,1
4,220,1757.0,93,terminated,2,0,0,2,1757.0,1,1,1,0,0,3,0,7,2,2,0,4,2,2,0,2,2,3,7,2,2,0,4,2,2,4,2,2,2,2
4,221,1707.0,143,terminated,2,0,0,2,1707.0,1,3,2,1,0,4,0,8,2,2,0,4,2,2,0,2,2,4,8,2,2,0,4,2,2,4,2,2,2,2
4,222,692.0,88,terminated,2,7,1,2,692.0,0,3,1,2,1,4,1,9,2,2,1,5,2,2,1,3,2,4,8,2,2,10,4,2,2,4,2,2,2,2
4,223,1644.0,206,terminated,2,0,0,2,1644.0,1,1,1,0,1,4,1,9,2,2,1,5,2,2,1,3,2,4,8,2,2,9,4,2,2,4,2,2,2,2
4,224,1754.0,96,terminated,2,0,0,2,1754.0,1,3,2,1,0,2,0,6,2,2,0,4,2,2,0,2,2,2,6,2,2,8,4,2,2,4,2,2,2,2
4,225,1696.0,154,terminated,2,0,0,2,1696.0,1,1,0,1,0,4,0,8,2,2,0,4,2,2,0,2,2,4,8,2,2,0,4,2,2,4,2,2,2,2
4,226,15.0,25,terminated,1,41,1,1,15.0,0,0,0,0,0,1,0,3,1,1,0,2,1,1,0,1,1,1,3,1,1,0,2,1,1,2,1,1,1,1
4,227,1739.0,111,terminated,2,0,0,2,1739.0,1,2,1,1,1,4,1,9,2,2,1,5,2,2,1,3,2,4,8,2,2,3,4,2,2,4,2,2,2,2
4,228,1474.0,176,terminated,2,0,0,1,1474.0,1,2,2,0,1,3,1,7,2,1,1,4,2,1,1,2,1,3,6,2,1,26,3,2,1,3,2,1,2,1
4,229,1653.0,197,terminated,2,0,0,2,1653.0,1,2,2,0,1,4,1,9,2,2,1,5,2,2,1,3,2,4,8,2,2,6,4,2,2,4,2,2,2,2
4,230,1716.0,134,terminated,2,0,0,2,1716.0,1,0,0,0,0,4,0,8,2,2,0,4,2,2,0,2,2,4,8,2,2,0,4,2,2,4,2,2,2,2
4,231,1689.0,161,terminated,2,0,0,2,1689.0,1,2,0,2,1,3,1,8,2,2,1,5,2,2,1,3,2,3,7,2,2,0,4,2,2,4,2,2,2,2
4,232,1501.0,149,terminated,1,0,0,2,1501.0,1,1,0,1,1,1,1,5,1,2,1,4,1,2,1,3,2,1,4,1,2,0,3,1,2,3,1,2,1,2
4,233,1768.0,82,terminated,2,0,0,2,1768.0,1,2,1,1,0,4,0,8,2,2,0,4,2,2,0,2,2,4,8,2,2,0,4,2,2,4,2,2,2,2
4,234,1718.0,132,terminated,2,0,0,2,1718.0,1,1,0,1,1,4,1,9,2,2,1,5,2,2,1,3,2,4,8,2,2,0,4,2,2,4,2,2,2,2
4,235,1529.0,121,terminated,1,0,0,2,1529.0,1,2,1,1,0,3,0,6,1,2,0,3,1,2,0,2,2,3,6,1,2,4,3,1,2,3,1,2,1,2
4,236,1727.0,123,terminated,2,0,0,2,1727.0,1,2,2,0,1,4,1,9,2,2,1,5,2,2,1,3,2,4,8,2,2,5,4,2,2,4,2,2,2,2
4,237,302.0,88,terminated,2,26,1,1,302.0,0,2,2,0,0,3,0,6,2,1,0,3,2,1,0,1,1,3,6,2,1,0,3,2,1,3,2,1,2,1
4,238,1710.0,140,terminated,2,0,0,2,1710.0,1,1,0,1,1,4,1,9,2,2,1,5,2,2,1,3,2,4,8,2,2,1,4,2,2,4,2,2,2,2
4,239,1512.0,138,terminated,2,0,0,1,1512.0,1,1,0,1,1,2,1,6,2,1,1,4,2,1,1,2,1,2,5,2,1,7,3,2,1,3,2,1,2,1
4,240,1687.0,163,terminated,2,0,0,2,1687.0,1,3,2,1,1,3,1,8,2,2,1,5,2,2,1,3,2,3,7,2,2,2,4,2,2,4,2,2,2,2
4,241,1735.0,115,terminated,2,0,0,2,1735.0,1,1,0,1,1,3,1,8,2,2,1,5,2,2,1,3,2,3,7,2,2,3,4,2,2,4,2,2,2,2
4,242,1706.0,144,terminated,2,0,0,2,1706.0,1,1,0,1,0,3,0,7,2,2,0,4,2,2,0,2,2,3,7,2,2,0,4,2,2,4,2,2,2,2
4,243,299.0,41,terminated,2,31,1,1,299.0,0,1,1,0,0,2,0,5,2,1,0,3,2,1,0,1,1,2,5,2,1,6,3,2,1,3,2,1,2,1
4,244,1723.0,127,terminated,2,0,0,2,1723.0,1,2,1,1,1,4,1,9,2,2,1,5,2,2,1,3,2,4,8,2,2,9,4,2,2,4,2,2,2,2
4,245,1725.0,125,terminated,2,0,0,2,1725.0,1,0,0,0,0,4,0,8,2,2,0,4,2,2,0,2,2,4,8,2,2,0,4,2,2,4,2,2,2,2
4,246,1761.0,89,terminated,2,0,0,2,1761.0,1,2,2,0,1,4,1,9,2,2,1,5,2,2,1,3,2,4,8,2,2,5,4,2,2,4,2,2,2,2
4,247,1723.0,127,terminated,2,0,0,2,1723.0,1,4,2,2,1,3,1,8,2,2,1,5,2,2,1,3,2,3,7,2,2,12,4,2,2,4,2,2,2,2
4,248,1689.0,161,terminated,2,0,0,2,1689.0,1,2,1,1,1,4,1,9,2,2,1,5,2,2,1,3,2,4,8,2,2,3,4,2,2,4,2,2,2,2
4,249,1751.0,99,terminated,2,0,0,2,1751.0,1,3,1,2,0,4,0,8,2,2,0,4,2,2,0,2,2,4,8,2,2,0,4,2,2,4,2,2,2,2
4,250,1468.0,182,terminated,2,0,0,1,1468.0,1,1,1,0,0,3,0,6,2,1,0,3,2,1,0,1,1,3,6,2,1,0,3,2,1,3,2,1,2,1
4,251,22.0,18,terminated,1,41,1,1,22.0,0,0,0,0,1,0,1,3,1,1,1,3,1,1,1,2,1,0,2,1,1,0,2,1,1,2,1,1,1,1
4,252,1662.0,188,terminated,2,0,0,2,1662.0,1,1,0,1,0,4,0,8,2,2,0,4,2,2,0,2,2,4,8,2,2,11,4,2,2,4,2,2,2,2
4,253,1522.0,128,terminated,2,0,0,1,1522.0,1,2,1,1,0,3,0,6,2,1,0,3,2,1,0,1,1,3,6,2,1,3,3,2,1,3,2,1,2,1
4,254,1664.0,186,terminated,2,0,0,2,1664.0,1,0,0,0,1,4,1,9,2,2,1,5,2,2,1,3,2,4,8,2,2,5,4,2,2,4,2,2,2,2
4,255,1753.0,97,terminated,2,0,0,2,1753.0,1,1,1,0,0,3,0,7,2,2,0,4,2,2,0,2,2,3,7,2,2,0,4,2,2,4,2,2,2,2
4,256,880.0,300,truncated,2,17,0,2,880.0,0,0,0,0,1,3,1,8,2,2,1,5,2,2,1,3,2,3,7,2,2,0,4,2,2,4,2,2,2,2
4,257,20.0,20,terminated,1,41,1,1,20.0,0,0,0,0,0,1,0,3,1,1,0,2,1,1,0,1,1,1,3,1,1,0,2,1,1,2,1,1,1,1
4,258,1575.0,275,terminated,2,0,0,2,1575.0,1,1,0,1,0,4,0,8,2,2,0,4,2,2,0,2,2,4,8,2,2,8,4,2,2,4,2,2,2,2
4,259,1678.0,172,terminated,2,0,0,2,1678.0,1,2,1,1,0,3,0,7,2,2,0,4,2,2,0,2,2,3,7,2,2,7,4,2,2,4,2,2,2,2
4,260,1748.0,102,terminated,2,0,0,2,1748.0,1,2,0,2,1,4,1,9,2,2,1,5,2,2,1,3,2,4,8,2,2,4,4,2,2,4,2,2,2,2
4,261,1554.0,96,terminated,2,0,0,1,1554.0,1,2,1,1,0,3,0,6,2,1,0,3,2,1,0,1,1,3,6,2,1,14,3,2,1,3,2,1,2,1
4,262,1509.0,141,terminated,2,0,0,1,1509.0,1,2,1,1,0,3,0,6,2,1,0,3,2,1,0,1,1,3,6,2,1,7,3,2,1,3,2,1,2,1
4,263,1732.0,118,terminated,2,0,0,2,1732.0,1,1,0,1,0,4,0,8,2,2,0,4,2,2,0,2,2,4,8,2,2,0,4,2,2,4,2,2,2,2
4,264,1727.0,123,terminated,2,0,0,2,1727.0,1,1,0,1,1,4,1,9,2,2,1,5,2,2,1,3,2,4,8,2,2,0,4,2,2,4,2,2,2,2
4,265,1699.0,151,terminated,2,0,0,2,1699.0,1,1,0,1,1,4,1,9,2,2,1,5,2,2,1,3,2,4,8,2,2,0,4,2,2,4,2,2,2,2
4,266,1712.0,138,terminated,2,0,0,2,1712.0,1,4,2,2,1,4,1,9,2,2,1,5,2,2,1,3,2,4,8,2,2,6,4,2,2,4,2,2,2,2
4,267,466.0,154,terminated,2,3,1,1,466.0,0,2,2,0,1,3,1,7,2,1,1,4,2,1,1,2,1,3,6,2,1,3,3,2,1,3,2,1,2,1
4,268,1467.0,183,terminated,2,0,0,1,1467.0,1,3,2,1,1,3,1,7,2,1,1,4,2,1,1,2,1,3,6,2,1,15,3,2,1,3,2,1,2,1
4,269,1693.0,157,terminated,2,0,0,2,1693.0,1,2,2,0,1,3,1,8,2,2,1,5,2,2,1,3,2,3,7,2,2,17,4,2,2,4,2,2,2,2
4,270,1504.0,146,terminated,2,0,0,1,1504.0,1,1,1,0,1,2,1,6,2,1,1,4,2,1,1,2,1,2,5,2,1,2,3,2,1,3,2,1,2,1
4,271,1670.0,180,terminated,2,0,0,2,1670.0,1,1,0,1,1,4,1,9,2,2,1,5,2,2,1,3,2,4,8,2,2,2,4,2,2,4,2,2,2,2
4,272,1530.0,120,terminated,1,0,0,2,1530.0,1,3,1,2,1,3,1,7,1,2,1,4,1,2,1,3,2,3,6,1,2,4,3,1,2,3,1,2,1,2
4,273,1726.0,124,terminated,2,0,0,2,1726.0,1,2,1,1,0,4,0,8,2,2,0,4,2,2,0,2,2,4,8,2,2,0,4,2,2,4,2,2,2,2
4,274,21.0,19,terminated,1,41,1,1,21.0,0,0,0,0,1,0,1,3,1,1,1,3,1,1,1,2,1,0,2,1,1,0,2,1,1,2,1,1,1,1
4,275,1720.0,130,terminated,2,0,0,2,1720.0,1,3,1,2,1,4,1,9,2,2,1,5,2,2,1,3,2,4,8,2,2,5,4,2,2,4,2,2,2,2
4,276,1411.0,239,terminated,1,0,0,2,1411.0,1,2,1,1,0,3,0,6,1,2,0,3,1,2,0,2,2,3,6,1,2,13,3,1,2,3,1,2,1,2
4,277,1713.0,137,terminated,2,0,0,2,1713.0,1,2,1,1,1,4,1,9,2,2,1,5,2,2,1,3,2,4,8,2,2,2,4,2,2,4,2,2,2,2
4,278,1751.0,99,terminated,2,0,0,2,1751.0,1,2,2,0,0,4,0,8,2,2,0,4,2,2,0,2,2,4,8,2,2,3,4,2,2,4,2,2,2,2
4,279,1723.0,127,terminated,2,0,0,2,1723.0,1,3,1,2,1,4,1,9,2,2,1,5,2,2,1,3,2,4,8,2,2,6,4,2,2,4,2,2,2,2
4,280,1505.0,145,terminated,2,0,0,1,1505.0,1,2,1,1,0,3,0,6,2,1,0,3,2,1,0,1,1,3,6,2,1,15,3,2,1,3,2,1,2,1
4,281,1757.0,93,terminated,2,0,0,2,1757.0,1,4,2,2,1,2,1,7,2,2,1,5,2,2,1,3,2,2,6,2,2,3,4,2,2,4,2,2,2,2
4,282,1719.0,131,terminated,2,0,0,2,1719.0,1,0,0,0,0,4,0,8,2,2,0,4,2,2,0,2,2,4,8,2,2,0,4,2,2,4,2,2,2,2
4,283,1399.0,251,terminated,2,0,0,1,1399.0,1,2,1,1,0,3,0,6,2,1,0,3,2,1,0,1,1,3,6,2,1,31,3,2,1,3,2,1,2,1
4,284,710.0,80,terminated,2,6,1,2,710.0,0,3,2,1,1,4,1,9,2,2,1,5,2,2,1,3,2,4,8,2,2,0,4,2,2,4,2,2,2,2
4,285,1742.0,108,terminated,2,0,0,2,1742.0,1,2,1,1,0,3,0,7,2,2,0,4,2,2,0,2,2,3,7,2,2,0,4,2,2,4,2,2,2,2
4,286,1750.0,100,terminated,2,0,0,2,1750.0,1,1,1,0,1,4,1,9,2,2,1,5,2,2,1,3,2,4,8,2,2,2,4,2,2,4,2,2,2,2
4,287,1730.0,120,terminated,2,0,0,2,1730.0,1,2,1,1,0,4,0,8,2,2,0,4,2,2,0,2,2,4,8,2,2,0,4,2,2,4,2,2,2,2
4,288,1710.0,140,terminated,2,0,0,2,1710.0,1,2,1,1,0,4,0,8,2,2,0,4,2,2,0,2,2,4,8,2,2,3,4,2,2,4,2,2,2,2
4,289,621.0,69,terminated,2,16,1,2,621.0,0,2,1,1,0,4,0,8,2,2,0,4,2,2,0,2,2,4,8,2,2,0,4,2,2,4,2,2,2,2
4,290,402.0,118,terminated,2,13,1,1,402.0,0,2,1,1,1,3,1,7,2,1,1,4,2,1,1,2,1,3,6,2,1,8,3,2,1,3,2,1,2,1
4,291,1610.0,240,terminated,2,0,0,2,1610.0,1,3,2,1,1,3,1,8,2,2,1,5,2,2,1,3,2,3,7,2,2,7,4,2,2,4,2,2,2,2
4,292,1676.0,174,terminated,2,0,0,2,1676.0,1,4,2,2,1,3,1,8,2,2,1,5,2,2,1,3,2,3,7,2,2,4,4,2,2,4,2,2,2,2
4,293,1670.0,180,terminated,2,0,0,2,1670.0,1,2,1,1,1,4,1,9,2,2,1,5,2,2,1,3,2,4,8,2,2,4,4,2,2,4,2,2,2,2
4,294,1702.0,148,terminated,2,0,0,2,1702.0,1,1,1,0,1,4,1,9,2,2,1,5,2,2,1,3,2,4,8,2,2,8,4,2,2,4,2,2,2,2
4,295,1674.0,176,terminated,2,0,0,2,1674.0,1,3,1,2,0,4,0,8,2,2,0,4,2,2,0,2,2,4,8,2,2,1,4,2,2,4,2,2,2,2
4,296,1663.0,187,terminated,2,0,0,2,1663.0,1,0,0,0,1,4,1,9,2,2,1,5,2,2,1,3,2,4,8,2,2,0,4,2,2,4,2,2,2,2
4,297,1739.0,111,terminated,2,0,0,2,1739.0,1,2,1,1,1,4,1,9,2,2,1,5,2,2,1,3,2,4,8,2,2,8,4,2,2,4,2,2,2,2
4,298,1746.0,104,terminated,2,0,0,2,1746.0,1,2,1,1,1,4,1,9,2,2,1,5,2,2,1,3,2,4,8,2,2,9,4,2,2,4,2,2,2,2
4,299,1678.0,172,terminated,2,0,0,2,1678.0,1,2,0,2,1,4,1,9,2,2,1,5,2,2,1,3,2,4,8,2,2,16,4,2,2,4,2,2,2,2
4,300,332.0,38,terminated,2,28,1,1,332.0,0,3,2,1,1,3,1,7,2,1,1,4,2,1,1,2,1,3,6,2,1,4,3,2,1,3,2,1,2,1
4,301,1670.0,180,terminated,2,0,0,2,1670.0,1,1,0,1,1,4,1,9,2,2,1,5,2,2,1,3,2,4,8,2,2,18,4,2,2,4,2,2,2,2
4,302,1507.0,143,terminated,2,0,0,1,1507.0,1,2,1,1,1,3,1,7,2,1,1,4,2,1,1,2,1,3,6,2,1,0,3,2,1,3,2,1,2,1
4,303,565.0,145,terminated,2,14,1,2,565.0,0,1,1,0,0,4,0,8,2,2,0,4,2,2,0,2,2,4,8,2,2,0,4,2,2,4,2,2,2,2
4,304,1717.0,133,terminated,2,0,0,2,1717.0,1,1,1,0,1,4,1,9,2,2,1,5,2,2,1,3,2,4,8,2,2,0,4,2,2,4,2,2,2,2
4,305,-124.0,44,terminated,0,33,1,1,-124.0,0,0,0,0,1,0,1,2,0,1,1,2,0,1,1,2,1,0,1,0,1,19,1,0,1,1,0,1,0,1
4,306,1751.0,99,terminated,2,0,0,2,1751.0,1,4,2,2,1,4,1,9,2,2,1,5,2,2,1,3,2,4,8,2,2,7,4,2,2,4,2,2,2,2
4,307,1766.0,84,terminated,2,0,0,2,1766.0,1,2,1,1,0,3,0,7,2,2,0,4,2,2,0,2,2,3,7,2,2,0,4,2,2,4,2,2,2,2
4,308,1773.0,77,terminated,2,0,0,2,1773.0,1,3,2,1,1,4,1,9,2,2,1,5,2,2,1,3,2,4,8,2,2,0,4,2,2,4,2,2,2,2
4,309,1714.0,136,terminated,2,0,0,2,1714.0,1,1,0,1,1,4,1,9,2,2,1,5,2,2,1,3,2,4,8,2,2,0,4,2,2,4,2,2,2,2
4,310,1692.0,158,terminated,2,0,0,2,1692.0,1,4,2,2,1,4,1,9,2,2,1,5,2,2,1,3,2,4,8,2,2,13,4,2,2,4,2,2,2,2
4,311,1489.0,161,terminated,2,0,0,1,1489.0,1,1,1,0,1,2,1,6,2,1,1,4,2,1,1,2,1,2,5,2,1,0,3,2,1,3,2,1,2,1
4,312,1726.0,124,terminated,2,0,0,2,1726.0,1,2,2,0,1,4,1,9,2,2,1,5,2,2,1,3,2,4,8,2,2,2,4,2,2,4,2,2,2,2
4,313,1694.0,156,terminated,2,0,0,2,1694.0,1,4,2,2,1,3,1,8,2,2,1,5,2,2,1,3,2,3,7,2,2,10,4,2,2,4,2,2,2,2
4,314,1669.0,181,terminated,2,0,0,2,1669.0,1,0,0,0,0,4,0,8,2,2,0,4,2,2,0,2,2,4,8,2,2,0,4,2,2,4,2,2,2,2
4,315,1506.0,144,terminated,2,0,0,1,1506.0,1,2,1,1,0,3,0,6,2,1,0,3,2,1,0,1,1,3,6,2,1,1,3,2,1,3,2,1,2,1
4,316,1668.0,182,terminated,2,0,0,2,1668.0,1,2,0,2,1,4,1,9,2,2,1,5,2,2,1,3,2,4,8,2,2,3,4,2,2,4,2,2,2,2
4,317,1725.0,125,terminated,2,0,0,2,1725.0,1,0,0,0,1,4,1,9,2,2,1,5,2,2,1,3,2,4,8,2,2,6,4,2,2,4,2,2,2,2
4,318,1727.0,123,terminated,2,0,0,2,1727.0,1,3,2,1,1,4,1,9,2,2,1,5,2,2,1,3,2,4,8,2,2,3,4,2,2,4,2,2,2,2
4,319,1725.0,125,terminated,2,0,0,2,1725.0,1,1,0,1,1,4,1,9,2,2,1,5,2,2,1,3,2,4,8,2,2,6,4,2,2,4,2,2,2,2
4,320,1527.0,123,terminated,2,0,0,1,1527.0,1,3,2,1,1,2,1,6,2,1,1,4,2,1,1,2,1,2,5,2,1,15,3,2,1,3,2,1,2,1
4,321,1711.0,139,terminated,2,0,0,2,1711.0,1,1,1,0,0,4,0,8,2,2,0,4,2,2,0,2,2,4,8,2,2,0,4,2,2,4,2,2,2,2
4,322,1730.0,120,terminated,2,0,0,2,1730.0,1,3,1,2,1,2,1,7,2,2,1,5,2,2,1,3,2,2,6,2,2,12,4,2,2,4,2,2,2,2
4,323,1737.0,113,terminated,2,0,0,2,1737.0,1,2,1,1,1,4,1,9,2,2,1,5,2,2,1,3,2,4,8,2,2,9,4,2,2,4,2,2,2,2
4,324,1737.0,113,terminated,2,0,0,2,1737.0,1,2,2,0,1,4,1,9,2,2,1,5,2,2,1,3,2,4,8,2,2,3,4,2,2,4,2,2,2,2
4,325,19.0,21,terminated,1,41,1,1,19.0,0,1,0,1,1,1,1,4,1,1,1,3,1,1,1,2,1,1,3,1,1,2,2,1,1,2,1,1,1,1
4,326,1727.0,123,terminated,2,0,0,2,1727.0,1,3,2,1,1,3,1,8,2,2,1,5,2,2,1,3,2,3,7,2,2,0,4,2,2,4,2,2,2,2
4,327,30.0,30,terminated,1,39,1,1,30.0,0,0,0,0,1,2,1,5,1,1,1,3,1,1,1,2,1,2,4,1,1,6,2,1,1,2,1,1,1,1
4,328,371.0,169,terminated,1,11,1,2,371.0,0,2,0,2,1,3,1,7,1,2,1,4,1,2,1,3,2,3,6,1,2,9,3,1,2,3,1,2,1,2
4,329,1529.0,121,terminated,2,0,0,1,1529.0,1,2,1,1,0,2,0,5,2,1,0,3,2,1,0,1,1,2,5,2,1,7,3,2,1,3,2,1,2,1
4,330,1698.0,152,terminated,2,0,0,2,1698.0,1,3,1,2,0,4,0,8,2,2,0,4,2,2,0,2,2,4,8,2,2,12,4,2,2,4,2,2,2,2
4,331,1527.0,123,terminated,2,0,0,1,1527.0,1,1,1,0,1,2,1,6,2,1,1,4,2,1,1,2,1,2,5,2,1,0,3,2,1,3,2,1,2,1
4,332,-176.0,16,terminated,1,41,1,0,-176.0,0,0,0,0,0,1,0,2,1,0,0,1,1,0,0,0,0,1,2,1,0,0,1,1,0,1,1,0,1,0
4,333,1696.0,154,terminated,2,0,0,2,1696.0,1,1,1,0,0,4,0,8,2,2,0,4,2,2,0,2,2,4,8,2,2,3,4,2,2,4,2,2,2,2
4,334,1746.0,104,terminated,2,0,0,2,1746.0,1,3,1,2,1,3,1,8,2,2,1,5,2,2,1,3,2,3,7,2,2,2,4,2,2,4,2,2,2,2
4,335,1702.0,148,terminated,2,0,0,2,1702.0,1,0,0,0,1,4,1,9,2,2,1,5,2,2,1,3,2,4,8,2,2,8,4,2,2,4,2,2,2,2
4,336,600.0,300,truncated,2,5,0,0,600.0,0,2,2,0,1,2,1,5,2,0,1,3,2,0,1,1,0,2,4,2,0,15,2,2,0,2,2,0,2,0
4,337,1734.0,116,terminated,2,0,0,2,1734.0,1,1,0,1,0,4,0,8,2,2,0,4,2,2,0,2,2,4,8,2,2,0,4,2,2,4,2,2,2,2
4,338,630.0,160,terminated,2,6,1,2,630.0,0,2,2,0,1,3,1,8,2,2,1,5,2,2,1,3,2,3,7,2,2,5,4,2,2,4,2,2,2,2
4,339,1550.0,100,terminated,2,0,0,1,1550.0,1,3,2,1,1,3,1,7,2,1,1,4,2,1,1,2,1,3,6,2,1,5,3,2,1,3,2,1,2,1
4,340,1454.0,196,terminated,2,0,0,1,1454.0,1,2,1,1,1,1,1,5,2,1,1,4,2,1,1,2,1,1,4,2,1,11,3,2,1,3,2,1,2,1
4,341,1717.0,133,terminated,2,0,0,2,1717.0,1,2,1,1,1,4,1,9,2,2,1,5,2,2,1,3,2,4,8,2,2,3,4,2,2,4,2,2,2,2
4,342,1549.0,101,terminated,2,0,0,1,1549.0,1,2,2,0,0,3,0,6,2,1,0,3,2,1,0,1,1,3,6,2,1,0,3,2,1,3,2,1,2,1
4,343,1699.0,151,terminated,2,0,0,2,1699.0,1,1,1,0,1,2,1,7,2,2,1,5,2,2,1,3,2,2,6,2,2,0,4,2,2,4,2,2,2,2
4,344,1691.0,159,terminated,2,0,0,2,1691.0,1,0,0,0,1,3,1,8,2,2,1,5,2,2,1,3,2,3,7,2,2,0,4,2,2,4,2,2,2,2
4,345,1536.0,114,terminated,2,0,0,1,1536.0,1,1,0,1,0,3,0,6,2,1,0,3,2,1,0,1,1,3,6,2,1,6,3,2,1,3,2,1,2,1
4,346,1742.0,108,terminated,2,0,0,2,1742.0,1,3,2,1,0,3,0,7,2,2,0,4,2,2,0,2,2,3,7,2,2,15,4,2,2,4,2,2,2,2
4,347,1653.0,197,terminated,2,0,0,2,1653.0,1,2,1,1,0,3,0,7,2,2,0,4,2,2,0,2,2,3,7,2,2,0,4,2,2,4,2,2,2,2
4,348,1747.0,103,terminated,2,0,0,2,1747.0,1,3,2,1,1,3,1,8,2,2,1,5,2,2,1,3,2,3,7,2,2,7,4,2,2,4,2,2,2,2
4,349,1717.0,133,terminated,2,0,0,2,1717.0,1,2,1,1,1,4,1,9,2,2,1,5,2,2,1,3,2,4,8,2,2,1,4,2,2,4,2,2,2,2
4,350,1698.0,152,terminated,2,0,0,2,1698.0,1,1,1,0,0,4,0,8,2,2,0,4,2,2,0,2,2,4,8,2,2,0,4,2,2,4,2,2,2,2
4,351,1646.0,204,terminated,2,0,0,2,1646.0,1,2,2,0,1,4,1,9,2,2,1,5,2,2,1,3,2,4,8,2,2,0,4,2,2,4,2,2,2,2
4,352,1697.0,153,terminated,2,0,0,2,1697.0,1,1,0,1,0,4,0,8,2,2,0,4,2,2,0,2,2,4,8,2,2,19,4,2,2,4,2,2,2,2
4,353,1757.0,93,terminated,2,0,0,2,1757.0,1,3,2,1,0,4,0,8,2,2,0,4,2,2,0,2,2,4,8,2,2,1,4,2,2,4,2,2,2,2
4,354,1698.0,152,terminated,2,0,0,2,1698.0,1,2,1,1,0,3,0,7,2,2,0,4,2,2,0,2,2,3,7,2,2,0,4,2,2,4,2,2,2,2
4,355,1720.0,130,terminated,2,0,0,2,1720.0,1,2,1,1,1,3,1,8,2,2,1,5,2,2,1,3,2,3,7,2,2,8,4,2,2,4,2,2,2,2
4,356,1693.0,157,terminated,2,0,0,2,1693.0,1,3,1,2,1,4,1,9,2,2,1,5,2,2,1,3,2,4,8,2,2,10,4,2,2,4,2,2,2,2
4,357,1721.0,129,terminated,2,0,0,2,1721.0,1,0,0,0,1,3,1,8,2,2,1,5,2,2,1,3,2,3,7,2,2,0,4,2,2,4,2,2,2,2
4,358,1749.0,101,terminated,2,0,0,2,1749.0,1,1,0,1,1,4,1,9,2,2,1,5,2,2,1,3,2,4,8,2,2,0,4,2,2,4,2,2,2,2
4,359,647.0,73,terminated,2,13,1,2,647.0,0,4,2,2,1,4,1,9,2,2,1,5,2,2,1,3,2,4,8,2,2,6,4,2,2,4,2,2,2,2
4,360,-180.0,20,terminated,1,41,1,0,-180.0,0,0,0,0,1,0,1,2,1,0,1,2,1,0,1,1,0,0,1,1,0,0,1,1,0,1,1,0,1,0
4,361,1601.0,249,terminated,2,0,0,2,1601.0,1,3,2,1,1,4,1,9,2,2,1,5,2,2,1,3,2,4,8,2,2,7,4,2,2,4,2,2,2,2
4,362,1716.0,134,terminated,2,0,0,2,1716.0,1,1,1,0,0,3,0,7,2,2,0,4,2,2,0,2,2,3,7,2,2,0,4,2,2,4,2,2,2,2
4,363,1671.0,179,terminated,2,0,0,2,1671.0,1,2,1,1,0,3,0,7,2,2,0,4,2,2,0,2,2,3,7,2,2,0,4,2,2,4,2,2,2,2
4,364,22.0,18,terminated,1,41,1,1,22.0,0,0,0,0,1,0,1,3,1,1,1,3,1,1,1,2,1,0,2,1,1,0,2,1,1,2,1,1,1,1
4,365,1692.0,158,terminated,2,0,0,2,1692.0,1,4,2,2,1,4,1,9,2,2,1,5,2,2,1,3,2,4,8,2,2,10,4,2,2,4,2,2,2,2
4,366,1743.0,107,terminated,2,0,0,2,1743.0,1,3,1,2,1,3,1,8,2,2,1,5,2,2,1,3,2,3,7,2,2,5,4,2,2,4,2,2,2,2
4,367,1751.0,99,terminated,2,0,0,2,1751.0,1,3,1,2,1,4,1,9,2,2,1,5,2,2,1,3,2,4,8,2,2,4,4,2,2,4,2,2,2,2
4,368,1675.0,175,terminated,2,0,0,2,1675.0,1,1,1,0,0,4,0,8,2,2,0,4,2,2,0,2,2,4,8,2,2,0,4,2,2,4,2,2,2,2
4,369,1520.0,130,terminated,1,0,0,2,1520.0,1,2,0,2,0,2,0,5,1,2,0,3,1,2,0,2,2,2,5,1,2,6,3,1,2,3,1,2,1,2
4,370,1731.0,119,terminated,2,0,0,2,1731.0,1,0,0,0,1,3,1,8,2,2,1,5,2,2,1,3,2,3,7,2,2,0,4,2,2,4,2,2,2,2
4,371,1639.0,211,terminated,2,0,0,2,1639.0,1,2,2,0,1,3,1,8,2,2,1,5,2,2,1,3,2,3,7,2,2,0,4,2,2,4,2,2,2,2
4,372,1732.0,118,terminated,2,0,0,2,1732.0,1,2,1,1,1,3,1,8,2,2,1,5,2,2,1,3,2,3,7,2,2,0,4,2,2,4,2,2,2,2
4,373,1693.0,157,terminated,2,0,0,2,1693.0,1,2,0,2,1,4,1,9,2,2,1,5,2,2,1,3,2,4,8,2,2,4,4,2,2,4,2,2,2,2
4,374,1717.0,133,terminated,2,0,0,2,1717.0,1,1,0,1,0,4,0,8,2,2,0,4,2,2,0,2,2,4,8,2,2,0,4,2,2,4,2,2,2,2
4,375,1752.0,98,terminated,2,0,0,2,1752.0,1,2,1,1,0,4,0,8,2,2,0,4,2,2,0,2,2,4,8,2,2,0,4,2,2,4,2,2,2,2
4,376,1696.0,154,terminated,2,0,0,2,1696.0,1,1,0,1,1,4,1,9,2,2,1,5,2,2,1,3,2,4,8,2,2,0,4,2,2,4,2,2,2,2
4,377,1740.0,110,terminated,2,0,0,2,1740.0,1,4,2,2,1,4,1,9,2,2,1,5,2,2,1,3,2,4,8,2,2,6,4,2,2,4,2,2,2,2
4,378,1714.0,136,terminated,2,0,0,2,1714.0,1,3,1,2,1,3,1,8,2,2,1,5,2,2,1,3,2,3,7,2,2,2,4,2,2,4,2,2,2,2
4,379,1605.0,245,terminated,2,0,0,2,1605.0,1,3,1,2,0,3,0,7,2,2,0,4,2,2,0,2,2,3,7,2,2,5,4,2,2,4,2,2,2,2
4,380,1556.0,94,terminated,2,0,0,1,1556.0,1,0,0,0,0,3,0,6,2,1,0,3,2,1,0,1,1,3,6,2,1,0,3,2,1,3,2,1,2,1
4,381,1732.0,118,terminated,2,0,0,2,1732.0,1,2,2,0,1,4,1,9,2,2,1,5,2,2,1,3,2,4,8,2,2,2,4,2,2,4,2,2,2,2
4,382,1728.0,122,terminated,2,0,0,2,1728.0,1,1,0,1,1,4,1,9,2,2,1,5,2,2,1,3,2,4,8,2,2,0,4,2,2,4,2,2,2,2
4,383,1659.0,191,terminated,2,0,0,2,1659.0,1,2,0,2,0,4,0,8,2,2,0,4,2,2,0,2,2,4,8,2,2,1,4,2,2,4,2,2,2,2
4,384,1515.0,135,terminated,1,0,0,2,1515.0,1,2,1,1,0,3,0,6,1,2,0,3,1,2,0,2,2,3,6,1,2,4,3,1,2,3,1,2,1,2
4,385,1734.0,116,terminated,2,0,0,2,1734.0,1,2,1,1,0,4,0,8,2,2,0,4,2,2,0,2,2,4,8,2,2,8,4,2,2,4,2,2,2,2
4,386,1566.0,284,terminated,2,0,0,2,1566.0,1,1,0,1,0,3,0,7,2,2,0,4,2,2,0,2,2,3,7,2,2,6,4,2,2,4,2,2,2,2
4,387,1490.0,160,terminated,2,0,0,1,1490.0,1,1,1,0,0,3,0,6,2,1,0,3,2,1,0,1,1,3,6,2,1,74,3,2,1,3,2,1,2,1
4,388,1216.0,234,terminated,1,0,0,1,1216.0,1,1,0,1,1,2,1,5,1,1,1,3,1,1,1,2,1,2,4,1,1,12,2,1,1,2,1,1,1,1
4,389,478.0,162,terminated,2,1,1,1,478.0,0,2,1,1,0,3,0,6,2,1,0,3,2,1,0,1,1,3,6,2,1,4,3,2,1,3,2,1,2,1
4,390,1735.0,115,terminated,2,0,0,2,1735.0,1,1,0,1,1,3,1,8,2,2,1,5,2,2,1,3,2,3,7,2,2,2,4,2,2,4,2,2,2,2
4,391,581.0,79,terminated,2,19,1,2,581.0,0,2,2,0,1,4,1,9,2,2,1,5,2,2,1,3,2,4,8,2,2,0,4,2,2,4,2,2,2,2
4,392,1711.0,139,terminated,2,0,0,2,1711.0,1,1,0,1,0,4,0,8,2,2,0,4,2,2,0,2,2,4,8,2,2,0,4,2,2,4,2,2,2,2
4,393,1732.0,118,terminated,2,0,0,2,1732.0,1,1,1,0,0,3,0,7,2,2,0,4,2,2,0,2,2,3,7,2,2,0,4,2,2,4,2,2,2,2
4,394,1653.0,197,terminated,2,0,0,2,1653.0,1,1,0,1,1,4,1,9,2,2,1,5,2,2,1,3,2,4,8,2,2,5,4,2,2,4,2,2,2,2
4,395,1702.0,148,terminated,2,0,0,2,1702.0,1,2,1,1,0,4,0,8,2,2,0,4,2,2,0,2,2,4,8,2,2,0,4,2,2,4,2,2,2,2
4,396,1623.0,227,terminated,2,0,0,2,1623.0,1,2,0,2,1,4,1,9,2,2,1,5,2,2,1,3,2,4,8,2,2,0,4,2,2,4,2,2,2,2
4,397,1768.0,82,terminated,2,0,0,2,1768.0,1,4,2,2,1,4,1,9,2,2,1,5,2,2,1,3,2,4,8,2,2,3,4,2,2,4,2,2,2,2
4,398,1729.0,121,terminated,2,0,0,2,1729.0,1,3,2,1,1,4,1,9,2,2,1,5,2,2,1,3,2,4,8,2,2,7,4,2,2,4,2,2,2,2
4,399,1690.0,160,terminated,2,0,0,2,1690.0,1,1,0,1,0,4,0,8,2,2,0,4,2,2,0,2,2,4,8,2,2,0,4,2,2,4,2,2,2,2
4,400,1749.0,101,terminated,2,0,0,2,1749.0,1,1,1,0,0,4,0,8,2,2,0,4,2,2,0,2,2,4,8,2,2,5,4,2,2,4,2,2,2,2
4,401,1735.0,115,terminated,2,0,0,2,1735.0,1,2,2,0,0,4,0,8,2,2,0,4,2,2,0,2,2,4,8,2,2,4,4,2,2,4,2,2,2,2
4,402,1664.0,186,terminated,2,0,0,2,1664.0,1,2,0,2,1,4,1,9,2,2,1,5,2,2,1,3,2,4,8,2,2,4,4,2,2,4,2,2,2,2
4,403,1724.0,126,terminated,2,0,0,2,1724.0,1,2,2,0,1,4,1,9,2,2,1,5,2,2,1,3,2,4,8,2,2,5,4,2,2,4,2,2,2,2
4,404,303.0,37,terminated,1,31,1,2,303.0,0,2,0,2,0,2,0,5,1,2,0,3,1,2,0,2,2,2,5,1,2,6,3,1,2,3,1,2,1,2
4,405,25.0,25,terminated,1,40,1,1,25.0,0,1,1,0,1,2,1,5,1,1,1,3,1,1,1,2,1,2,4,1,1,5,2,1,1,2,1,1,1,1
4,406,-178.0,18,terminated,1,41,1,0,-178.0,0,0,0,0,1,0,1,2,1,0,1,2,1,0,1,1,0,0,1,1,0,0,1,1,0,1,1,0,1,0
4,407,1726.0,124,terminated,2,0,0,2,1726.0,1,4,2,2,1,3,1,8,2,2,1,5,2,2,1,3,2,3,7,2,2,1,4,2,2,4,2,2,2,2
4,408,1535.0,115,terminated,1,0,0,2,1535.0,1,3,1,2,1,3,1,7,1,2,1,4,1,2,1,3,2,3,6,1,2,11,3,1,2,3,1,2,1,2
4,409,1656.0,194,terminated,2,0,0,2,1656.0,1,2,1,1,1,4,1,9,2,2,1,5,2,2,1,3,2,4,8,2,2,4,4,2,2,4,2,2,2,2
4,410,1718.0,132,terminated,2,0,0,2,1718.0,1,3,1,2,1,4,1,9,2,2,1,5,2,2,1,3,2,4,8,2,2,3,4,2,2,4,2,2,2,2
4,411,1545.0,105,terminated,1,0,0,2,1545.0,1,2,1,1,0,3,0,6,1,2,0,3,1,2,0,2,2,3,6,1,2,8,3,1,2,3,1,2,1,2
4,412,1736.0,114,terminated,2,0,0,2,1736.0,1,3,2,1,1,4,1,9,2,2,1,5,2,2,1,3,2,4,8,2,2,8,4,2,2,4,2,2,2,2
4,413,1530.0,120,terminated,1,0,0,2,1530.0,1,2,1,1,1,3,1,7,1,2,1,4,1,2,1,3,2,3,6,1,2,4,3,1,2,3,1,2,1,2
4,414,1742.0,108,terminated,2,0,0,2,1742.0,1,1,0,1,0,4,0,8,2,2,0,4,2,2,0,2,2,4,8,2,2,0,4,2,2,4,2,2,2,2
4,415,1747.0,103,terminated,2,0,0,2,1747.0,1,2,0,2,0,4,0,8,2,2,0,4,2,2,0,2,2,4,8,2,2,0,4,2,2,4,2,2,2,2
4,416,1703.0,147,terminated,2,0,0,2,1703.0,1,1,1,0,1,3,1,8,2,2,1,5,2,2,1,3,2,3,7,2,2,10,4,2,2,4,2,2,2,2
4,417,616.0,84,terminated,2,15,1,2,616.0,0,2,2,0,1,4,1,9,2,2,1,5,2,2,1,3,2,4,8,2,2,6,4,2,2,4,2,2,2,2
4,418,1691.0,159,terminated,2,0,0,2,1691.0,1,1,1,0,1,3,1,8,2,2,1,5,2,2,1,3,2,3,7,2,2,0,4,2,2,4,2,2,2,2
4,419,1532.0,118,terminated,2,0,0,1,1532.0,1,1,1,0,1,3,1,7,2,1,1,4,2,1,1,2,1,3,6,2,1,14,3,2,1,3,2,1,2,1
4,420,1726.0,124,terminated,2,0,0,2,1726.0,1,2,1,1,1,4,1,9,2,2,1,5,2,2,1,3,2,4,8,2,2,2,4,2,2,4,2,2,2,2
4,421,1285.0,165,terminated,1,0,0,1,1285.0,1,1,1,0,1,2,1,5,1,1,1,3,1,1,1,2,1,2,4,1,1,53,2,1,1,2,1,1,1,1
4,422,1040.0,300,truncated,2,1,0,2,1040.0,0,3,2,1,1,4,1,9,2,2,1,5,2,2,1,3,2,4,8,2,2,0,4,2,2,4,2,2,2,2
4,423,1699.0,151,terminated,2,0,0,2,1699.0,1,3,2,1,1,4,1,9,2,2,1,5,2,2,1,3,2,4,8,2,2,1,4,2,2,4,2,2,2,2
4,424,1739.0,111,terminated,2,0,0,2,1739.0,1,1,0,1,0,3,0,7,2,2,0,4,2,2,0,2,2,3,7,2,2,0,4,2,2,4,2,2,2,2
4,425,1612.0,238,terminated,2,0,0,2,1612.0,1,1,1,0,1,3,1,8,2,2,1,5,2,2,1,3,2,3,7,2,2,0,4,2,2,4,2,2,2,2
4,426,1489.0,161,terminated,1,0,0,2,1489.0,1,1,0,1,1,3,1,7,1,2,1,4,1,2,1,3,2,3,6,1,2,0,3,1,2,3,1,2,1,2
4,427,1759.0,91,terminated,2,0,0,2,1759.0,1,3,1,2,1,4,1,9,2,2,1,5,2,2,1,3,2,4,8,2,2,7,4,2,2,4,2,2,2,2
4,428,1696.0,154,terminated,2,0,0,2,1696.0,1,2,1,1,0,4,0,8,2,2,0,4,2,2,0,2,2,4,8,2,2,1,4,2,2,4,2,2,2,2
4,429,713.0,117,terminated,2,2,1,2,713.0,0,2,2,0,1,4,1,9,2,2,1,5,2,2,1,3,2,4,8,2,2,8,4,2,2,4,2,2,2,2
4,430,1741.0,109,terminated,2,0,0,2,1741.0,1,0,0,0,0,3,0,7,2,2,0,4,2,2,0,2,2,3,7,2,2,1,4,2,2,4,2,2,2,2
4,431,1749.0,101,terminated,2,0,0,2,1749.0,1,1,0,1,1,4,1,9,2,2,1,5,2,2,1,3,2,4,8,2,2,0,4,2,2,4,2,2,2,2
4,432,1711.0,139,terminated,2,0,0,2,1711.0,1,2,1,1,1,4,1,9,2,2,1,5,2,2,1,3,2,4,8,2,2,23,4,2,2,4,2,2,2,2
4,433,1507.0,143,terminated,2,0,0,1,1507.0,1,3,2,1,1,3,1,7,2,1,1,4,2,1,1,2,1,3,6,2,1,7,3,2,1,3,2,1,2,1
4,434,1490.0,160,terminated,1,0,0,2,1490.0,1,0,0,0,0,3,0,6,1,2,0,3,1,2,0,2,2,3,6,1,2,0,3,1,2,3,1,2,1,2
4,435,1722.0,128,terminated,2,0,0,2,1722.0,1,2,1,1,1,4,1,9,2,2,1,5,2,2,1,3,2,4,8,2,2,10,4,2,2,4,2,2,2,2
4,436,685.0,135,terminated,2,3,1,2,685.0,0,3,2,1,1,4,1,9,2,2,1,5,2,2,1,3,2,4,8,2,2,7,4,2,2,4,2,2,2,2
4,437,1683.0,167,terminated,2,0,0,2,1683.0,1,1,0,1,0,4,0,8,2,2,0,4,2,2,0,2,2,4,8,2,2,1,4,2,2,4,2,2,2,2
4,438,1545.0,105,terminated,1,0,0,2,1545.0,1,1,1,0,0,3,0,6,1,2,0,3,1,2,0,2,2,3,6,1,2,7,3,1,2,3,1,2,1,2
4,439,1718.0,132,terminated,2,0,0,2,1718.0,1,2,0,2,1,4,1,9,2,2,1,5,2,2,1,3,2,4,8,2,2,0,4,2,2,4,2,2,2,2
4,440,1739.0,111,terminated,2,0,0,2,1739.0,1,2,1,1,1,4,1,9,2,2,1,5,2,2,1,3,2,4,8,2,2,8,4,2,2,4,2,2,2,2
4,441,1389.0,261,terminated,2,0,0,1,1389.0,1,0,0,0,1,3,1,7,2,1,1,4,2,1,1,2,1,3,6,2,1,0,3,2,1,3,2,1,2,1
4,442,1721.0,129,terminated,2,0,0,2,1721.0,1,3,2,1,1,4,1,9,2,2,1,5,2,2,1,3,2,4,8,2,2,1,4,2,2,4,2,2,2,2
4,443,1722.0,128,terminated,2,0,0,2,1722.0,1,3,2,1,1,4,1,9,2,2,1,5,2,2,1,3,2,4,8,2,2,8,4,2,2,4,2,2,2,2
4,444,1718.0,132,terminated,2,0,0,2,1718.0,1,3,1,2,1,4,1,9,2,2,1,5,2,2,1,3,2,4,8,2,2,2,4,2,2,4,2,2,2,2
4,445,-179.0,19,terminated,1,41,1,0,-179.0,0,0,0,0,1,0,1,2,1,0,1,2,1,0,1,1,0,0,1,1,0,0,1,1,0,1,1,0,1,0
4,446,671.0,159,terminated,2,2,1,2,671.0,0,2,2,0,1,4,1,9,2,2,1,5,2,2,1,3,2,4,8,2,2,3,4,2,2,4,2,2,2,2
4,447,625.0,95,terminated,2,13,1,2,625.0,0,0,0,0,0,4,0,8,2,2,0,4,2,2,0,2,2,4,8,2,2,8,4,2,2,4,2,2,2,2
4,448,1716.0,134,terminated,2,0,0,2,1716.0,1,2,1,1,0,4,0,8,2,2,0,4,2,2,0,2,2,4,8,2,2,6,4,2,2,4,2,2,2,2
4,449,1485.0,165,terminated,1,0,0,2,1485.0,1,1,1,0,0,3,0,6,1,2,0,3,1,2,0,2,2,3,6,1,2,6,3,1,2,3,1,2,1,2
4,450,1717.0,133,terminated,2,0,0,2,1717.0,1,4,2,2,1,2,1,7,2,2,1,5,2,2,1,3,2,2,6,2,2,2,4,2,2,4,2,2,2,2
4,451,1510.0,140,terminated,2,0,0,1,1510.0,1,2,1,1,0,3,0,6,2,1,0,3,2,1,0,1,1,3,6,2,1,2,3,2,1,3,2,1,2,1
4,452,1772.0,78,terminated,2,0,0,2,1772.0,1,4,2,2,1,3,1,8,2,2,1,5,2,2,1,3,2,3,7,2,2,4,4,2,2,4,2,2,2,2
4,453,1766.0,84,terminated,2,0,0,2,1766.0,1,1,1,0,1,4,1,9,2,2,1,5,2,2,1,3,2,4,8,2,2,0,4,2,2,4,2,2,2,2
4,454,1652.0,198,terminated,2,0,0,2,1652.0,1,3,1,2,1,4,1,9,2,2,1,5,2,2,1,3,2,4,8,2,2,4,4,2,2,4,2,2,2,2
4,455,1187.0,263,terminated,2,0,0,0,1187.0,1,1,1,0,0,2,0,4,2,0,0,2,2,0,0,0,0,2,4,2,0,34,2,2,0,2,2,0,2,0
4,456,1716.0,134,terminated,2,0,0,2,1716.0,1,3,2,1,0,4,0,8,2,2,0,4,2,2,0,2,2,4,8,2,2,1,4,2,2,4,2,2,2,2
4,457,1761.0,89,terminated,2,0,0,2,1761.0,1,3,1,2,1,3,1,8,2,2,1,5,2,2,1,3,2,3,7,2,2,2,4,2,2,4,2,2,2,2
4,458,1724.0,126,terminated,2,0,0,2,1724.0,1,2,2,0,1,3,1,8,2,2,1,5,2,2,1,3,2,3,7,2,2,2,4,2,2,4,2,2,2,2
4,459,1507.0,143,terminated,1,0,0,2,1507.0,1,3,1,2,1,2,1,6,1,2,1,4,1,2,1,3,2,2,5,1,2,8,3,1,2,3,1,2,1,2
4,460,1730.0,120,terminated,2,0,0,2,1730.0,1,1,0,1,1,3,1,8,2,2,1,5,2,2,1,3,2,3,7,2,2,0,4,2,2,4,2,2,2,2
4,461,1638.0,212,terminated,2,0,0,2,1638.0,1,2,2,0,1,4,1,9,2,2,1,5,2,2,1,3,2,4,8,2,2,11,4,2,2,4,2,2,2,2
4,462,617.0,83,terminated,2,15,1,2,617.0,0,2,0,2,1,4,1,9,2,2,1,5,2,2,1,3,2,4,8,2,2,1,4,2,2,4,2,2,2,2
4,463,1679.0,171,terminated,2,0,0,2,1679.0,1,1,0,1,1,3,1,8,2,2,1,5,2,2,1,3,2,3,7,2,2,0,4,2,2,4,2,2,2,2
4,464,1498.0,152,terminated,1,0,0,2,1498.0,1,1,1,0,1,2,1,6,1,2,1,4,1,2,1,3,2,2,5,1,2,11,3,1,2,3,1,2,1,2
4,465,1686.0,164,terminated,2,0,0,2,1686.0,1,3,1,2,1,4,1,9,2,2,1,5,2,2,1,3,2,4,8,2,2,1,4,2,2,4,2,2,2,2
4,466,1522.0,128,terminated,1,0,0,2,1522.0,1,3,1,2,1,2,1,6,1,2,1,4,1,2,1,3,2,2,5,1,2,4,3,1,2,3,1,2,1,2
4,467,1728.0,122,terminated,2,0,0,2,1728.0,1,2,2,0,0,3,0,7,2,2,0,4,2,2,0,2,2,3,7,2,2,2,4,2,2,4,2,2,2,2
4,468,1504.0,146,terminated,1,0,0,2,1504.0,1,1,0,1,0,1,0,4,1,2,0,3,1,2,0,2,2,1,4,1,2,0,3,1,2,3,1,2,1,2
4,469,1720.0,130,terminated,2,0,0,2,1720.0,1,1,1,0,1,4,1,9,2,2,1,5,2,2,1,3,2,4,8,2,2,5,4,2,2,4,2,2,2,2
4,470,1768.0,82,terminated,2,0,0,2,1768.0,1,3,1,2,1,3,1,8,2,2,1,5,2,2,1,3,2,3,7,2,2,0,4,2,2,4,2,2,2,2
4,471,600.0,110,terminated,2,14,1,2,600.0,0,2,0,2,0,4,0,8,2,2,0,4,2,2,0,2,2,4,8,2,2,2,4,2,2,4,2,2,2,2
4,472,1734.0,116,terminated,2,0,0,2,1734.0,1,3,1,2,1,4,1,9,2,2,1,5,2,2,1,3,2,4,8,2,2,5,4,2,2,4,2,2,2,2
4,473,1748.0,102,terminated,2,0,0,2,1748.0,1,0,0,0,0,4,0,8,2,2,0,4,2,2,0,2,2,4,8,2,2,0,4,2,2,4,2,2,2,2
4,474,1710.0,140,terminated,2,0,0,2,1710.0,1,3,1,2,1,2,1,7,2,2,1,5,2,2,1,3,2,2,6,2,2,7,4,2,2,4,2,2,2,2
4,475,1738.0,112,terminated,2,0,0,2,1738.0,1,1,0,1,0,4,0,8,2,2,0,4,2,2,0,2,2,4,8,2,2,0,4,2,2,4,2,2,2,2
4,476,638.0,192,terminated,2,2,1,2,638.0,0,0,0,0,0,4,0,8,2,2,0,4,2,2,0,2,2,4,8,2,2,0,4,2,2,4,2,2,2,2
4,477,169.0,151,terminated,1,13,1,1,169.0,0,1,0,1,1,2,1,5,1,1,1,3,1,1,1,2,1,2,4,1,1,14,2,1,1,2,1,1,1,1
4,478,1628.0,222,terminated,2,0,0,2,1628.0,1,2,1,1,1,4,1,9,2,2,1,5,2,2,1,3,2,4,8,2,2,15,4,2,2,4,2,2,2,2
4,479,1711.0,139,terminated,2,0,0,2,1711.0,1,4,2,2,1,4,1,9,2,2,1,5,2,2,1,3,2,4,8,2,2,7,4,2,2,4,2,2,2,2
4,480,1716.0,134,terminated,2,0,0,2,1716.0,1,2,1,1,1,4,1,9,2,2,1,5,2,2,1,3,2,4,8,2,2,0,4,2,2,4,2,2,2,2
4,481,1725.0,125,terminated,2,0,0,2,1725.0,1,2,1,1,0,4,0,8,2,2,0,4,2,2,0,2,2,4,8,2,2,4,4,2,2,4,2,2,2,2
4,482,1661.0,189,terminated,2,0,0,2,1661.0,1,3,2,1,1,4,1,9,2,2,1,5,2,2,1,3,2,4,8,2,2,5,4,2,2,4,2,2,2,2
4,483,595.0,115,terminated,2,14,1,2,595.0,0,2,0,2,1,4,1,9,2,2,1,5,2,2,1,3,2,4,8,2,2,6,4,2,2,4,2,2,2,2
4,484,1506.0,144,terminated,1,0,0,2,1506.0,1,2,1,1,1,2,1,6,1,2,1,4,1,2,1,3,2,2,5,1,2,55,3,1,2,3,1,2,1,2
4,485,1419.0,231,terminated,1,0,0,2,1419.0,1,3,1,2,1,3,1,7,1,2,1,4,1,2,1,3,2,3,6,1,2,8,3,1,2,3,1,2,1,2
4,486,1703.0,147,terminated,2,0,0,2,1703.0,1,2,1,1,0,4,0,8,2,2,0,4,2,2,0,2,2,4,8,2,2,6,4,2,2,4,2,2,2,2
4,487,548.0,42,terminated,2,26,1,2,548.0,0,1,1,0,1,2,1,7,2,2,1,5,2,2,1,3,2,2,6,2,2,7,4,2,2,4,2,2,2,2
4,488,677.0,133,terminated,2,4,1,2,677.0,0,2,1,1,0,4,0,8,2,2,0,4,2,2,0,2,2,4,8,2,2,7,4,2,2,4,2,2,2,2
4,489,1552.0,98,terminated,2,0,0,1,1552.0,1,3,2,1,1,2,1,6,2,1,1,4,2,1,1,2,1,2,5,2,1,20,3,2,1,3,2,1,2,1
4,490,1736.0,114,terminated,2,0,0,2,1736.0,1,3,2,1,1,4,1,9,2,2,1,5,2,2,1,3,2,4,8,2,2,0,4,2,2,4,2,2,2,2
4,491,1729.0,121,terminated,2,0,0,2,1729.0,1,2,1,1,0,4,0,8,2,2,0,4,2,2,0,2,2,4,8,2,2,0,4,2,2,4,2,2,2,2
4,492,1676.0,174,terminated,2,0,0,2,1676.0,1,2,1,1,0,3,0,7,2,2,0,4,2,2,0,2,2,3,7,2,2,0,4,2,2,4,2,2,2,2
4,493,1753.0,97,terminated,2,0,0,2,1753.0,1,2,1,1,1,4,1,9,2,2,1,5,2,2,1,3,2,4,8,2,2,0,4,2,2,4,2,2,2,2
4,494,1719.0,131,terminated,2,0,0,2,1719.0,1,3,1,2,1,4,1,9,2,2,1,5,2,2,1,3,2,4,8,2,2,7,4,2,2,4,2,2,2,2
4,495,1705.0,145,terminated,2,0,0,2,1705.0,1,1,1,0,0,3,0,7,2,2,0,4,2,2,0,2,2,3,7,2,2,6,4,2,2,4,2,2,2,2
4,496,1619.0,231,terminated,2,0,0,2,1619.0,1,2,1,1,0,4,0,8,2,2,0,4,2,2,0,2,2,4,8,2,2,0,4,2,2,4,2,2,2,2
4,497,1245.0,205,terminated,2,0,0,0,1245.0,1,2,2,0,1,1,1,4,2,0,1,3,2,0,1,1,0,1,3,2,0,17,2,2,0,2,2,0,2,0
4,498,1693.0,157,terminated,2,0,0,2,1693.0,1,2,0,2,1,4,1,9,2,2,1,5,2,2,1,3,2,4,8,2,2,3,4,2,2,4,2,2,2,2
4,499,-177.0,17,terminated,1,41,1,0,-177.0,0,0,0,0,1,1,1,3,1,0,1,2,1,0,1,1,0,1,2,1,0,0,1,1,0,1,1,0,1,0
4,500,1518.0,132,terminated,1,0,0,2,1518.0,1,2,1,1,1,3,1,7,1,2,1,4,1,2,1,3,2,3,6,1,2,0,3,1,2,3,1,2,1,2
4,501,1720.0,130,terminated,2,0,0,2,1720.0,1,2,1,1,0,4,0,8,2,2,0,4,2,2,0,2,2,4,8,2,2,5,4,2,2,4,2,2,2,2
4,502,1692.0,158,terminated,2,0,0,2,1692.0,1,4,2,2,1,3,1,8,2,2,1,5,2,2,1,3,2,3,7,2,2,22,4,2,2,4,2,2,2,2
4,503,1728.0,122,terminated,2,0,0,2,1728.0,1,1,0,1,0,4,0,8,2,2,0,4,2,2,0,2,2,4,8,2,2,3,4,2,2,4,2,2,2,2
4,504,1463.0,187,terminated,1,0,0,2,1463.0,1,1,0,1,0,2,0,5,1,2,0,3,1,2,0,2,2,2,5,1,2,0,3,1,2,3,1,2,1,2
4,505,1734.0,116,terminated,2,0,0,2,1734.0,1,1,0,1,1,4,1,9,2,2,1,5,2,2,1,3,2,4,8,2,2,4,4,2,2,4,2,2,2,2
4,506,1736.0,114,terminated,2,0,0,2,1736.0,1,0,0,0,1,4,1,9,2,2,1,5,2,2,1,3,2,4,8,2,2,7,4,2,2,4,2,2,2,2
4,507,1752.0,98,terminated,2,0,0,2,1752.0,1,3,2,1,0,3,0,7,2,2,0,4,2,2,0,2,2,3,7,2,2,3,4,2,2,4,2,2,2,2
4,508,1751.0,99,terminated,2,0,0,2,1751.0,1,2,1,1,1,3,1,8,2,2,1,5,2,2,1,3,2,3,7,2,2,7,4,2,2,4,2,2,2,2
4,509,1541.0,109,terminated,1,0,0,2,1541.0,1,2,1,1,1,3,1,7,1,2,1,4,1,2,1,3,2,3,6,1,2,3,3,1,2,3,1,2,1,2
4,510,522.0,48,terminated,2,28,1,2,522.0,0,2,1,1,1,3,1,8,2,2,1,5,2,2,1,3,2,3,7,2,2,0,4,2,2,4,2,2,2,2
4,511,1667.0,183,terminated,2,0,0,2,1667.0,1,2,1,1,1,3,1,8,2,2,1,5,2,2,1,3,2,3,7,2,2,10,4,2,2,4,2,2,2,2
4,512,1689.0,161,terminated,2,0,0,2,1689.0,1,3,2,1,1,3,1,8,2,2,1,5,2,2,1,3,2,3,7,2,2,2,4,2,2,4,2,2,2,2
4,513,1701.0,149,terminated,2,0,0,2,1701.0,1,2,1,1,1,2,1,7,2,2,1,5,2,2,1,3,2,2,6,2,2,0,4,2,2,4,2,2,2,2
4,514,718.0,112,terminated,2,2,1,2,718.0,0,0,0,0,1,4,1,9,2,2,1,5,2,2,1,3,2,4,8,2,2,0,4,2,2,4,2,2,2,2
4,515,1665.0,185,terminated,2,0,0,2,1665.0,1,1,0,1,1,3,1,8,2,2,1,5,2,2,1,3,2,3,7,2,2,10,4,2,2,4,2,2,2,2
4,516,122.0,68,terminated,1,26,1,1,122.0,0,0,0,0,0,2,0,4,1,1,0,2,1,1,0,1,1,2,4,1,1,9,2,1,1,2,1,1,1,1
4,517,1527.0,123,terminated,2,0,0,1,1527.0,1,1,1,0,0,2,0,5,2,1,0,3,2,1,0,1,1,2,5,2,1,0,3,2,1,3,2,1,2,1
4,518,1685.0,165,terminated,2,0,0,2,1685.0,1,1,0,1,0,3,0,7,2,2,0,4,2,2,0,2,2,3,7,2,2,3,4,2,2,4,2,2,2,2
4,519,-177.0,17,terminated,1,41,1,0,-177.0,0,0,0,0,1,1,1,3,1,0,1,2,1,0,1,1,0,1,2,1,0,0,1,1,0,1,1,0,1,0
4,520,1453.0,197,terminated,2,0,0,1,1453.0,1,0,0,0,0,3,0,6,2,1,0,3,2,1,0,1,1,3,6,2,1,109,3,2,1,3,2,1,2,1
4,521,76.0,44,terminated,1,33,1,1,76.0,0,0,0,0,0,1,0,3,1,1,0,2,1,1,0,1,1,1,3,1,1,0,2,1,1,2,1,1,1,1
4,522,1749.0,101,terminated,2,0,0,2,1749.0,1,1,1,0,0,4,0,8,2,2,0,4,2,2,0,2,2,4,8,2,2,0,4,2,2,4,2,2,2,2
4,523,285.0,45,terminated,1,32,1,2,285.0,0,3,1,2,1,2,1,6,1,2,1,4,1,2,1,3,2,2,5,1,2,9,3,1,2,3,1,2,1,2
4,524,1732.0,118,terminated,2,0,0,2,1732.0,1,2,0,2,0,4,0,8,2,2,0,4,2,2,0,2,2,4,8,2,2,6,4,2,2,4,2,2,2,2
4,525,1697.0,153,terminated,2,0,0,2,1697.0,1,3,2,1,0,3,0,7,2,2,0,4,2,2,0,2,2,3,7,2,2,8,4,2,2,4,2,2,2,2
4,526,1631.0,219,terminated,2,0,0,2,1631.0,1,1,0,1,1,4,1,9,2,2,1,5,2,2,1,3,2,4,8,2,2,0,4,2,2,4,2,2,2,2
4,527,1519.0,131,terminated,2,0,0,1,1519.0,1,2,2,0,1,3,1,7,2,1,1,4,2,1,1,2,1,3,6,2,1,1,3,2,1,3,2,1,2,1
4,528,-176.0,16,terminated,1,41,1,0,-176.0,0,0,0,0,0,1,0,2,1,0,0,1,1,0,0,0,0,1,2,1,0,0,1,1,0,1,1,0,1,0
4,529,1732.0,118,terminated,2,0,0,2,1732.0,1,0,0,0,0,4,0,8,2,2,0,4,2,2,0,2,2,4,8,2,2,0,4,2,2,4,2,2,2,2
4,530,1739.0,111,terminated,2,0,0,2,1739.0,1,3,2,1,1,4,1,9,2,2,1,5,2,2,1,3,2,4,8,2,2,5,4,2,2,4,2,2,2,2
4,531,1517.0,133,terminated,2,0,0,1,1517.0,1,3,2,1,1,3,1,7,2,1,1,4,2,1,1,2,1,3,6,2,1,10,3,2,1,3,2,1,2,1
4,532,1755.0,95,terminated,2,0,0,2,1755.0,1,1,0,1,1,4,1,9,2,2,1,5,2,2,1,3,2,4,8,2,2,2,4,2,2,4,2,2,2,2
4,533,1733.0,117,terminated,2,0,0,2,1733.0,1,2,1,1,1,4,1,9,2,2,1,5,2,2,1,3,2,4,8,2,2,5,4,2,2,4,2,2,2,2
4,534,1697.0,153,terminated,2,0,0,2,1697.0,1,1,1,0,1,3,1,8,2,2,1,5,2,2,1,3,2,3,7,2,2,0,4,2,2,4,2,2,2,2
4,535,345.0,45,terminated,1,26,1,2,345.0,0,3,1,2,1,1,1,5,1,2,1,4,1,2,1,3,2,1,4,1,2,10,3,1,2,3,1,2,1,2
4,536,1547.0,103,terminated,1,0,0,2,1547.0,1,2,1,1,1,3,1,7,1,2,1,4,1,2,1,3,2,3,6,1,2,3,3,1,2,3,1,2,1,2
4,537,1753.0,97,terminated,2,0,0,2,1753.0,1,3,1,2,1,4,1,9,2,2,1,5,2,2,1,3,2,4,8,2,2,6,4,2,2,4,2,2,2,2
4,538,319.0,51,terminated,2,28,1,1,319.0,0,2,2,0,0,2,0,5,2,1,0,3,2,1,0,1,1,2,5,2,1,1,3,2,1,3,2,1,2,1
4,539,1742.0,108,terminated,2,0,0,2,1742.0,1,2,1,1,1,3,1,8,2,2,1,5,2,2,1,3,2,3,7,2,2,0,4,2,2,4,2,2,2,2
4,540,703.0,97,terminated,2,5,1,2,703.0,0,1,1,0,1,3,1,8,2,2,1,5,2,2,1,3,2,3,7,2,2,4,4,2,2,4,2,2,2,2
4,541,1756.0,94,terminated,2,0,0,2,1756.0,1,2,1,1,0,4,0,8,2,2,0,4,2,2,0,2,2,4,8,2,2,0,4,2,2,4,2,2,2,2
4,542,1722.0,128,terminated,2,0,0,2,1722.0,1,3,1,2,1,4,1,9,2,2,1,5,2,2,1,3,2,4,8,2,2,0,4,2,2,4,2,2,2,2
4,543,609.0,101,terminated,2,14,1,2,609.0,0,1,0,1,1,4,1,9,2,2,1,5,2,2,1,3,2,4,8,2,2,0,4,2,2,4,2,2,2,2
4,544,-167.0,17,terminated,0,40,1,1,-167.0,0,0,0,0,1,1,1,3,0,1,1,2,0,1,1,2,1,1,2,0,1,1,1,0,1,1,0,1,0,1
4,545,1679.0,171,terminated,2,0,0,2,1679.0,1,3,2,1,1,4,1,9,2,2,1,5,2,2,1,3,2,4,8,2,2,1,4,2,2,4,2,2,2,2
4,546,1545.0,105,terminated,2,0,0,1,1545.0,1,2,1,1,1,3,1,7,2,1,1,4,2,1,1,2,1,3,6,2,1,6,3,2,1,3,2,1,2,1
4,547,1684.0,166,terminated,2,0,0,2,1684.0,1,3,2,1,0,4,0,8,2,2,0,4,2,2,0,2,2,4,8,2,2,0,4,2,2,4,2,2,2,2
4,548,1728.0,122,terminated,2,0,0,2,1728.0,1,3,1,2,1,3,1,8,2,2,1,5,2,2,1,3,2,3,7,2,2,3,4,2,2,4,2,2,2,2
4,549,1725.0,125,terminated,2,0,0,2,1725.0,1,0,0,0,0,4,0,8,2,2,0,4,2,2,0,2,2,4,8,2,2,0,4,2,2,4,2,2,2,2
4,550,1478.0,172,terminated,1,0,0,2,1478.0,1,2,1,1,0,3,0,6,1,2,0,3,1,2,0,2,2,3,6,1,2,8,3,1,2,3,1,2,1,2
4,551,1758.0,92,terminated,2,0,0,2,1758.0,1,1,0,1,1,4,1,9,2,2,1,5,2,2,1,3,2,4,8,2,2,0,4,2,2,4,2,2,2,2
4,552,530.0,40,terminated,2,28,1,2,530.0,0,3,1,2,1,3,1,8,2,2,1,5,2,2,1,3,2,3,7,2,2,1,4,2,2,4,2,2,2,2
4,553,1728.0,122,terminated,2,0,0,2,1728.0,1,3,1,2,1,4,1,9,2,2,1,5,2,2,1,3,2,4,8,2,2,10,4,2,2,4,2,2,2,2
4,554,1755.0,95,terminated,2,0,0,2,1755.0,1,2,1,1,0,4,0,8,2,2,0,4,2,2,0,2,2,4,8,2,2,0,4,2,2,4,2,2,2,2
4,555,1720.0,130,terminated,2,0,0,2,1720.0,1,2,1,1,1,4,1,9,2,2,1,5,2,2,1,3,2,4,8,2,2,7,4,2,2,4,2,2,2,2
4,556,1547.0,103,terminated,1,0,0,2,1547.0,1,2,1,1,1,3,1,7,1,2,1,4,1,2,1,3,2,3,6,1,2,6,3,1,2,3,1,2,1,2
4,557,1524.0,126,terminated,2,0,0,1,1524.0,1,2,2,0,1,1,1,5,2,1,1,4,2,1,1,2,1,1,4,2,1,11,3,2,1,3,2,1,2,1
4,558,1713.0,137,terminated,2,0,0,2,1713.0,1,4,2,2,1,4,1,9,2,2,1,5,2,2,1,3,2,4,8,2,2,7,4,2,2,4,2,2,2,2
4,559,1712.0,138,terminated,2,0,0,2,1712.0,1,1,0,1,1,4,1,9,2,2,1,5,2,2,1,3,2,4,8,2,2,2,4,2,2,4,2,2,2,2
4,560,1525.0,125,terminated,1,0,0,2,1525.0,1,1,0,1,0,2,0,5,1,2,0,3,1,2,0,2,2,2,5,1,2,0,3,1,2,3,1,2,1,2
4,561,670.0,130,terminated,2,5,1,2,670.0,0,3,2,1,1,4,1,9,2,2,1,5,2,2,1,3,2,4,8,2,2,4,4,2,2,4,2,2,2,2
4,562,1484.0,166,terminated,2,0,0,1,1484.0,1,1,1,0,0,3,0,6,2,1,0,3,2,1,0,1,1,3,6,2,1,0,3,2,1,3,2,1,2,1
4,563,1735.0,115,terminated,2,0,0,2,1735.0,1,1,1,0,0,4,0,8,2,2,0,4,2,2,0,2,2,4,8,2,2,3,4,2,2,4,2,2,2,2
4,564,1752.0,98,terminated,2,0,0,2,1752.0,1,1,1,0,1,4,1,9,2,2,1,5,2,2,1,3,2,4,8,2,2,3,4,2,2,4,2,2,2,2
4,565,1752.0,98,terminated,2,0,0,2,1752.0,1,4,2,2,1,4,1,9,2,2,1,5,2,2,1,3,2,4,8,2,2,2,4,2,2,4,2,2,2,2
4,566,1505.0,145,terminated,2,0,0,1,1505.0,1,1,0,1,0,3,0,6,2,1,0,3,2,1,0,1,1,3,6,2,1,5,3,2,1,3,2,1,2,1
4,567,1678.0,172,terminated,2,0,0,2,1678.0,1,3,2,1,1,4,1,9,2,2,1,5,2,2,1,3,2,4,8,2,2,11,4,2,2,4,2,2,2,2
4,568,1756.0,94,terminated,2,0,0,2,1756.0,1,3,2,1,1,3,1,8,2,2,1,5,2,2,1,3,2,3,7,2,2,2,4,2,2,4,2,2,2,2
4,569,1697.0,153,terminated,2,0,0,2,1697.0,1,3,2,1,0,4,0,8,2,2,0,4,2,2,0,2,2,4,8,2,2,2,4,2,2,4,2,2,2,2
4,570,1684.0,166,terminated,2,0,0,2,1684.0,1,2,1,1,1,4,1,9,2,2,1,5,2,2,1,3,2,4,8,2,2,10,4,2,2,4,2,2,2,2
4,571,1494.0,156,terminated,2,0,0,1,1494.0,1,2,1,1,0,3,0,6,2,1,0,3,2,1,0,1,1,3,6,2,1,2,3,2,1,3,2,1,2,1
4,572,1677.0,173,terminated,2,0,0,2,1677.0,1,1,1,0,1,4,1,9,2,2,1,5,2,2,1,3,2,4,8,2,2,10,4,2,2,4,2,2,2,2
4,573,1715.0,135,terminated,2,0,0,2,1715.0,1,2,1,1,0,4,0,8,2,2,0,4,2,2,0,2,2,4,8,2,2,0,4,2,2,4,2,2,2,2
4,574,1527.0,123,terminated,1,0,0,2,1527.0,1,1,0,1,1,3,1,7,1,2,1,4,1,2,1,3,2,3,6,1,2,7,3,1,2,3,1,2,1,2
4,575,1745.0,105,terminated,2,0,0,2,1745.0,1,1,1,0,1,4,1,9,2,2,1,5,2,2,1,3,2,4,8,2,2,0,4,2,2,4,2,2,2,2
4,576,1516.0,134,terminated,1,0,0,2,1516.0,1,1,0,1,1,2,1,6,1,2,1,4,1,2,1,3,2,2,5,1,2,0,3,1,2,3,1,2,1,2
4,577,1716.0,134,terminated,2,0,0,2,1716.0,1,3,1,2,1,4,1,9,2,2,1,5,2,2,1,3,2,4,8,2,2,1,4,2,2,4,2,2,2,2
4,578,1759.0,91,terminated,2,0,0,2,1759.0,1,2,0,2,1,4,1,9,2,2,1,5,2,2,1,3,2,4,8,2,2,0,4,2,2,4,2,2,2,2
4,579,1733.0,117,terminated,2,0,0,2,1733.0,1,2,1,1,1,3,1,8,2,2,1,5,2,2,1,3,2,3,7,2,2,5,4,2,2,4,2,2,2,2
4,580,1496.0,154,terminated,1,0,0,2,1496.0,1,3,1,2,1,1,1,5,1,2,1,4,1,2,1,3,2,1,4,1,2,9,3,1,2,3,1,2,1,2
4,581,1692.0,158,terminated,2,0,0,2,1692.0,1,2,1,1,1,4,1,9,2,2,1,5,2,2,1,3,2,4,8,2,2,0,4,2,2,4,2,2,2,2
4,582,1355.0,295,terminated,2,0,0,1,1355.0,1,2,1,1,1,2,1,6,2,1,1,4,2,1,1,2,1,2,5,2,1,3,3,2,1,3,2,1,2,1
4,583,1736.0,114,terminated,2,0,0,2,1736.0,1,1,0,1,1,3,1,8,2,2,1,5,2,2,1,3,2,3,7,2,2,0,4,2,2,4,2,2,2,2
4,584,1762.0,88,terminated,2,0,0,2,1762.0,1,3,2,1,1,3,1,8,2,2,1,5,2,2,1,3,2,3,7,2,2,4,4,2,2,4,2,2,2,2
4,585,26.0,24,terminated,1,40,1,1,26.0,0,1,1,0,1,1,1,4,1,1,1,3,1,1,1,2,1,1,3,1,1,3,2,1,1,2,1,1,1,1
4,586,1695.0,155,terminated,2,0,0,2,1695.0,1,1,1,0,1,3,1,8,2,2,1,5,2,2,1,3,2,3,7,2,2,4,4,2,2,4,2,2,2,2
4,587,-178.0,18,terminated,1,41,1,0,-178.0,0,0,0,0,1,0,1,2,1,0,1,2,1,0,1,1,0,0,1,1,0,0,1,1,0,1,1,0,1,0
4,588,1719.0,131,terminated,2,0,0,2,1719.0,1,2,1,1,1,4,1,9,2,2,1,5,2,2,1,3,2,4,8,2,2,6,4,2,2,4,2,2,2,2
4,589,1728.0,122,terminated,2,0,0,2,1728.0,1,2,1,1,0,4,0,8,2,2,0,4,2,2,0,2,2,4,8,2,2,2,4,2,2,4,2,2,2,2
4,590,1487.0,163,terminated,2,0,0,1,1487.0,1,2,1,1,1,3,1,7,2,1,1,4,2,1,1,2,1,3,6,2,1,2,3,2,1,3,2,1,2,1
4,591,1685.0,165,terminated,2,0,0,2,1685.0,1,2,1,1,1,4,1,9,2,2,1,5,2,2,1,3,2,4,8,2,2,5,4,2,2,4,2,2,2,2
4,592,1754.0,96,terminated,2,0,0,2,1754.0,1,4,2,2,1,4,1,9,2,2,1,5,2,2,1,3,2,4,8,2,2,7,4,2,2,4,2,2,2,2
4,593,1498.0,152,terminated,2,0,0,1,1498.0,1,2,1,1,1,3,1,7,2,1,1,4,2,1,1,2,1,3,6,2,1,2,3,2,1,3,2,1,2,1
4,594,1746.0,104,terminated,2,0,0,2,1746.0,1,1,0,1,1,4,1,9,2,2,1,5,2,2,1,3,2,4,8,2,2,1,4,2,2,4,2,2,2,2
4,595,1757.0,93,terminated,2,0,0,2,1757.0,1,4,2,2,1,3,1,8,2,2,1,5,2,2,1,3,2,3,7,2,2,0,4,2,2,4,2,2,2,2
4,596,1653.0,197,terminated,2,0,0,2,1653.0,1,0,0,0,1,4,1,9,2,2,1,5,2,2,1,3,2,4,8,2,2,14,4,2,2,4,2,2,2,2
4,597,21.0,19,terminated,1,41,1,1,21.0,0,0,0,0,1,0,1,3,1,1,1,3,1,1,1,2,1,0,2,1,1,0,2,1,1,2,1,1,1,1
4,598,1747.0,103,terminated,2,0,0,2,1747.0,1,2,1,1,1,3,1,8,2,2,1,5,2,2,1,3,2,3,7,2,2,8,4,2,2,4,2,2,2,2
4,599,1653.0,197,terminated,2,0,0,2,1653.0,1,3,2,1,1,2,1,7,2,2,1,5,2,2,1,3,2,2,6,2,2,30,4,2,2,4,2,2,2,2
4,600,438.0,162,terminated,1,5,1,2,438.0,0,2,1,1,1,3,1,7,1,2,1,4,1,2,1,3,2,3,6,1,2,7,3,1,2,3,1,2,1,2
4,601,25.0,25,terminated,1,40,1,1,25.0,0,1,0,1,1,1,1,4,1,1,1,3,1,1,1,2,1,1,3,1,1,9,2,1,1,2,1,1,1,1
4,602,1286.0,164,terminated,2,0,0,0,1286.0,1,1,1,0,1,2,1,5,2,0,1,3,2,0,1,1,0,2,4,2,0,29,2,2,0,2,2,0,2,0
4,603,1718.0,132,terminated,2,0,0,2,1718.0,1,1,1,0,1,4,1,9,2,2,1,5,2,2,1,3,2,4,8,2,2,6,4,2,2,4,2,2,2,2
4,604,1512.0,138,terminated,2,0,0,1,1512.0,1,3,2,1,1,2,1,6,2,1,1,4,2,1,1,2,1,2,5,2,1,18,3,2,1,3,2,1,2,1
4,605,1695.0,155,terminated,2,0,0,2,1695.0,1,1,0,1,1,4,1,9,2,2,1,5,2,2,1,3,2,4,8,2,2,3,4,2,2,4,2,2,2,2
4,606,1695.0,155,terminated,2,0,0,2,1695.0,1,0,0,0,1,3,1,8,2,2,1,5,2,2,1,3,2,3,7,2,2,0,4,2,2,4,2,2,2,2
4,607,1587.0,263,terminated,2,0,0,2,1587.0,1,3,2,1,1,4,1,9,2,2,1,5,2,2,1,3,2,4,8,2,2,1,4,2,2,4,2,2,2,2
4,608,1709.0,141,terminated,2,0,0,2,1709.0,1,1,1,0,0,3,0,7,2,2,0,4,2,2,0,2,2,3,7,2,2,0,4,2,2,4,2,2,2,2
4,609,1709.0,141,terminated,2,0,0,2,1709.0,1,1,1,0,0,4,0,8,2,2,0,4,2,2,0,2,2,4,8,2,2,0,4,2,2,4,2,2,2,2
4,610,23.0,27,terminated,1,40,1,1,23.0,0,1,0,1,0,2,0,4,1,1,0,2,1,1,0,1,1,2,4,1,1,4,2,1,1,2,1,1,1,1
4,611,1523.0,127,terminated,2,0,0,1,1523.0,1,2,1,1,0,3,0,6,2,1,0,3,2,1,0,1,1,3,6,2,1,4,3,2,1,3,2,1,2,1
4,612,1718.0,132,terminated,2,0,0,2,1718.0,1,0,0,0,0,4,0,8,2,2,0,4,2,2,0,2,2,4,8,2,2,3,4,2,2,4,2,2,2,2
4,613,1714.0,136,terminated,2,0,0,2,1714.0,1,2,2,0,0,4,0,8,2,2,0,4,2,2,0,2,2,4,8,2,2,6,4,2,2,4,2,2,2,2
4,614,1675.0,175,terminated,2,0,0,2,1675.0,1,1,1,0,1,3,1,8,2,2,1,5,2,2,1,3,2,3,7,2,2,8,4,2,2,4,2,2,2,2
4,615,1590.0,260,terminated,2,0,0,2,1590.0,1,3,1,2,1,3,1,8,2,2,1,5,2,2,1,3,2,3,7,2,2,25,4,2,2,4,2,2,2,2
4,616,1732.0,118,terminated,2,0,0,2,1732.0,1,2,1,1,1,4,1,9,2,2,1,5,2,2,1,3,2,4,8,2,2,0,4,2,2,4,2,2,2,2
4,617,1440.0,210,terminated,2,0,0,1,1440.0,1,2,2,0,1,2,1,6,2,1,1,4,2,1,1,2,1,2,5,2,1,19,3,2,1,3,2,1,2,1
4,618,1452.0,198,terminated,2,0,0,1,1452.0,1,1,0,1,0,3,0,6,2,1,0,3,2,1,0,1,1,3,6,2,1,1,3,2,1,3,2,1,2,1
4,619,1698.0,152,terminated,2,0,0,2,1698.0,1,1,0,1,1,3,1,8,2,2,1,5,2,2,1,3,2,3,7,2,2,0,4,2,2,4,2,2,2,2
4,620,-178.0,18,terminated,1,41,1,0,-178.0,0,0,0,0,1,0,1,2,1,0,1,2,1,0,1,1,0,0,1,1,0,0,1,1,0,1,1,0,1,0
4,621,1730.0,120,terminated,2,0,0,2,1730.0,1,2,2,0,1,4,1,9,2,2,1,5,2,2,1,3,2,4,8,2,2,16,4,2,2,4,2,2,2,2
4,622,1745.0,105,terminated,2,0,0,2,1745.0,1,2,0,2,1,4,1,9,2,2,1,5,2,2,1,3,2,4,8,2,2,7,4,2,2,4,2,2,2,2
4,623,1443.0,207,terminated,1,0,0,2,1443.0,1,2,1,1,1,3,1,7,1,2,1,4,1,2,1,3,2,3,6,1,2,6,3,1,2,3,1,2,1,2
4,624,1738.0,112,terminated,2,0,0,2,1738.0,1,2,1,1,0,4,0,8,2,2,0,4,2,2,0,2,2,4,8,2,2,0,4,2,2,4,2,2,2,2
4,625,1718.0,132,terminated,2,0,0,2,1718.0,1,3,1,2,1,3,1,8,2,2,1,5,2,2,1,3,2,3,7,2,2,6,4,2,2,4,2,2,2,2
4,626,1716.0,134,terminated,2,0,0,2,1716.0,1,2,1,1,0,3,0,7,2,2,0,4,2,2,0,2,2,3,7,2,2,4,4,2,2,4,2,2,2,2
4,627,1688.0,162,terminated,2,0,0,2,1688.0,1,2,1,1,1,4,1,9,2,2,1,5,2,2,1,3,2,4,8,2,2,0,4,2,2,4,2,2,2,2
4,628,1753.0,97,terminated,2,0,0,2,1753.0,1,2,1,1,1,4,1,9,2,2,1,5,2,2,1,3,2,4,8,2,2,0,4,2,2,4,2,2,2,2
4,629,1649.0,201,terminated,2,0,0,2,1649.0,1,2,1,1,1,3,1,8,2,2,1,5,2,2,1,3,2,3,7,2,2,0,4,2,2,4,2,2,2,2
4,630,1772.0,78,terminated,2,0,0,2,1772.0,1,2,1,1,1,3,1,8,2,2,1,5,2,2,1,3,2,3,7,2,2,0,4,2,2,4,2,2,2,2
4,631,1677.0,173,terminated,2,0,0,2,1677.0,1,1,1,0,0,4,0,8,2,2,0,4,2,2,0,2,2,4,8,2,2,0,4,2,2,4,2,2,2,2
4,632,1671.0,179,terminated,2,0,0,2,1671.0,1,1,1,0,1,2,1,7,2,2,1,5,2,2,1,3,2,2,6,2,2,12,4,2,2,4,2,2,2,2
4,633,652.0,128,terminated,2,7,1,2,652.0,0,1,0,1,1,4,1,9,2,2,1,5,2,2,1,3,2,4,8,2,2,0,4,2,2,4,2,2,2,2
4,634,1718.0,132,terminated,2,0,0,2,1718.0,1,4,2,2,1,4,1,9,2,2,1,5,2,2,1,3,2,4,8,2,2,9,4,2,2,4,2,2,2,2
4,635,1666.0,184,terminated,2,0,0,2,1666.0,1,0,0,0,1,4,1,9,2,2,1,5,2,2,1,3,2,4,8,2,2,0,4,2,2,4,2,2,2,2
4,636,1751.0,99,terminated,2,0,0,2,1751.0,1,1,0,1,0,3,0,7,2,2,0,4,2,2,0,2,2,3,7,2,2,0,4,2,2,4,2,2,2,2
4,637,-170.0,20,terminated,0,40,1,1,-170.0,0,0,0,0,0,1,0,2,0,1,0,1,0,1,0,1,1,1,2,0,1,3,1,0,1,1,0,1,0,1
4,638,1719.0,131,terminated,2,0,0,2,1719.0,1,2,1,1,1,3,1,8,2,2,1,5,2,2,1,3,2,3,7,2,2,0,4,2,2,4,2,2,2,2
4,639,1675.0,175,terminated,2,0,0,2,1675.0,1,0,0,0,1,4,1,9,2,2,1,5,2,2,1,3,2,4,8,2,2,4,4,2,2,4,2,2,2,2
4,640,1675.0,175,terminated,2,0,0,2,1675.0,1,3,2,1,1,4,1,9,2,2,1,5,2,2,1,3,2,4,8,2,2,14,4,2,2,4,2,2,2,2
4,641,1719.0,131,terminated,2,0,0,2,1719.0,1,3,1,2,1,4,1,9,2,2,1,5,2,2,1,3,2,4,8,2,2,1,4,2,2,4,2,2,2,2
4,642,1730.0,120,terminated,2,0,0,2,1730.0,1,1,0,1,1,3,1,8,2,2,1,5,2,2,1,3,2,3,7,2,2,0,4,2,2,4,2,2,2,2
4,643,1742.0,108,terminated,2,0,0,2,1742.0,1,2,1,1,0,4,0,8,2,2,0,4,2,2,0,2,2,4,8,2,2,5,4,2,2,4,2,2,2,2
4,644,1710.0,140,terminated,2,0,0,2,1710.0,1,3,2,1,1,4,1,9,2,2,1,5,2,2,1,3,2,4,8,2,2,6,4,2,2,4,2,2,2,2
4,645,1669.0,181,terminated,2,0,0,2,1669.0,1,2,1,1,1,4,1,9,2,2,1,5,2,2,1,3,2,4,8,2,2,0,4,2,2,4,2,2,2,2
4,646,1502.0,148,terminated,1,0,0,2,1502.0,1,1,0,1,0,2,0,5,1,2,0,3,1,2,0,2,2,2,5,1,2,12,3,1,2,3,1,2,1,2
4,647,1503.0,147,terminated,1,0,0,2,1503.0,1,3,1,2,1,2,1,6,1,2,1,4,1,2,1,3,2,2,5,1,2,3,3,1,2,3,1,2,1,2
4,648,1704.0,146,terminated,2,0,0,2,1704.0,1,4,2,2,1,4,1,9,2,2,1,5,2,2,1,3,2,4,8,2,2,8,4,2,2,4,2,2,2,2
4,649,1688.0,162,terminated,2,0,0,2,1688.0,1,3,1,2,1,4,1,9,2,2,1,5,2,2,1,3,2,4,8,2,2,4,4,2,2,4,2,2,2,2
4,650,1710.0,140,terminated,2,0,0,2,1710.0,1,4,2,2,1,4,1,9,2,2,1,5,2,2,1,3,2,4,8,2,2,13,4,2,2,4,2,2,2,2
4,651,1637.0,213,terminated,2,0,0,2,1637.0,1,3,2,1,1,4,1,9,2,2,1,5,2,2,1,3,2,4,8,2,2,7,4,2,2,4,2,2,2,2
4,652,1497.0,153,terminated,1,0,0,2,1497.0,1,1,0,1,1,2,1,6,1,2,1,4,1,2,1,3,2,2,5,1,2,0,3,1,2,3,1,2,1,2
4,653,1717.0,133,terminated,2,0,0,2,1717.0,1,1,1,0,0,4,0,8,2,2,0,4,2,2,0,2,2,4,8,2,2,0,4,2,2,4,2,2,2,2
4,654,1524.0,126,terminated,2,0,0,1,1524.0,1,3,2,1,1,3,1,7,2,1,1,4,2,1,1,2,1,3,6,2,1,8,3,2,1,3,2,1,2,1
4,655,333.0,37,terminated,1,28,1,2,333.0,0,1,0,1,1,1,1,5,1,2,1,4,1,2,1,3,2,1,4,1,2,0,3,1,2,3,1,2,1,2
4,656,547.0,173,terminated,2,13,1,2,547.0,0,2,1,1,0,2,0,6,2,2,0,4,2,2,0,2,2,2,6,2,2,17,4,2,2,4,2,2,2,2
4,657,1549.0,101,terminated,2,0,0,1,1549.0,1,3,2,1,1,1,1,5,2,1,1,4,2,1,1,2,1,1,4,2,1,37,3,2,1,3,2,1,2,1
4,658,1719.0,131,terminated,2,0,0,2,1719.0,1,3,2,1,1,3,1,8,2,2,1,5,2,2,1,3,2,3,7,2,2,7,4,2,2,4,2,2,2,2
4,659,1700.0,150,terminated,2,0,0,2,1700.0,1,4,2,2,1,2,1,7,2,2,1,5,2,2,1,3,2,2,6,2,2,5,4,2,2,4,2,2,2,2
4,660,1182.0,268,terminated,0,0,0,2,1182.0,1,2,0,2,1,2,1,5,0,2,1,3,0,2,1,3,2,2,4,0,2,11,2,0,2,2,0,2,0,2
4,661,1300.0,150,terminated,2,0,0,0,1300.0,1,1,1,0,1,2,1,5,2,0,1,3,2,0,1,1,0,2,4,2,0,10,2,2,0,2,2,0,2,0
4,662,1716.0,134,terminated,2,0,0,2,1716.0,1,3,1,2,0,3,0,7,2,2,0,4,2,2,0,2,2,3,7,2,2,4,4,2,2,4,2,2,2,2
4,663,31.0,19,terminated,1,40,1,1,31.0,0,1,0,1,0,1,0,3,1,1,0,2,1,1,0,1,1,1,3,1,1,2,2,1,1,2,1,1,1,1
4,664,1719.0,131,terminated,2,0,0,2,1719.0,1,2,1,1,1,4,1,9,2,2,1,5,2,2,1,3,2,4,8,2,2,1,4,2,2,4,2,2,2,2
4,665,1730.0,120,terminated,2,0,0,2,1730.0,1,3,1,2,1,2,1,7,2,2,1,5,2,2,1,3,2,2,6,2,2,6,4,2,2,4,2,2,2,2
4,666,1708.0,142,terminated,2,0,0,2,1708.0,1,3,1,2,1,3,1,8,2,2,1,5,2,2,1,3,2,3,7,2,2,9,4,2,2,4,2,2,2,2
4,667,1624.0,226,terminated,2,0,0,2,1624.0,1,0,0,0,1,4,1,9,2,2,1,5,2,2,1,3,2,4,8,2,2,12,4,2,2,4,2,2,2,2
4,668,1711.0,139,terminated,2,0,0,2,1711.0,1,0,0,0,1,3,1,8,2,2,1,5,2,2,1,3,2,3,7,2,2,11,4,2,2,4,2,2,2,2
4,669,1742.0,108,terminated,2,0,0,2,1742.0,1,3,1,2,1,3,1,8,2,2,1,5,2,2,1,3,2,3,7,2,2,0,4,2,2,4,2,2,2,2
4,670,1750.0,100,terminated,2,0,0,2,1750.0,1,2,1,1,0,4,0,8,2,2,0,4,2,2,0,2,2,4,8,2,2,0,4,2,2,4,2,2,2,2
4,671,721.0,99,terminated,2,3,1,2,721.0,0,3,1,2,0,4,0,8,2,2,0,4,2,2,0,2,2,4,8,2,2,5,4,2,2,4,2,2,2,2
4,672,720.0,300,truncated,2,13,0,1,720.0,0,1,0,1,1,3,1,7,2,1,1,4,2,1,1,2,1,3,6,2,1,12,3,2,1,3,2,1,2,1
4,673,1708.0,142,terminated,2,0,0,2,1708.0,1,1,0,1,1,4,1,9,2,2,1,5,2,2,1,3,2,4,8,2,2,0,4,2,2,4,2,2,2,2
4,674,1704.0,146,terminated,2,0,0,2,1704.0,1,3,2,1,1,3,1,8,2,2,1,5,2,2,1,3,2,3,7,2,2,8,4,2,2,4,2,2,2,2
4,675,1711.0,139,terminated,2,0,0,2,1711.0,1,2,1,1,1,3,1,8,2,2,1,5,2,2,1,3,2,3,7,2,2,5,4,2,2,4,2,2,2,2
4,676,1764.0,86,terminated,2,0,0,2,1764.0,1,2,1,1,1,4,1,9,2,2,1,5,2,2,1,3,2,4,8,2,2,0,4,2,2,4,2,2,2,2
4,677,1661.0,189,terminated,2,0,0,2,1661.0,1,3,2,1,1,3,1,8,2,2,1,5,2,2,1,3,2,3,7,2,2,16,4,2,2,4,2,2,2,2
4,678,551.0,59,terminated,2,24,1,2,551.0,0,2,1,1,1,3,1,8,2,2,1,5,2,2,1,3,2,3,7,2,2,7,4,2,2,4,2,2,2,2
4,679,1720.0,130,terminated,2,0,0,2,1720.0,1,4,2,2,1,3,1,8,2,2,1,5,2,2,1,3,2,3,7,2,2,0,4,2,2,4,2,2,2,2
4,680,1721.0,129,terminated,2,0,0,2,1721.0,1,3,2,1,0,4,0,8,2,2,0,4,2,2,0,2,2,4,8,2,2,1,4,2,2,4,2,2,2,2
4,681,1719.0,131,terminated,2,0,0,2,1719.0,1,1,0,1,1,2,1,7,2,2,1,5,2,2,1,3,2,2,6,2,2,1,4,2,2,4,2,2,2,2
4,682,1685.0,165,terminated,2,0,0,2,1685.0,1,1,0,1,1,3,1,8,2,2,1,5,2,2,1,3,2,3,7,2,2,0,4,2,2,4,2,2,2,2
4,683,1713.0,137,terminated,2,0,0,2,1713.0,1,3,1,2,1,4,1,9,2,2,1,5,2,2,1,3,2,4,8,2,2,1,4,2,2,4,2,2,2,2
4,684,-182.0,22,terminated,1,41,1,0,-182.0,0,0,0,0,1,0,1,2,1,0,1,2,1,0,1,1,0,0,1,1,0,0,1,1,0,1,1,0,1,0
4,685,1730.0,120,terminated,2,0,0,2,1730.0,1,3,2,1,1,4,1,9,2,2,1,5,2,2,1,3,2,4,8,2,2,11,4,2,2,4,2,2,2,2
4,686,1698.0,152,terminated,2,0,0,2,1698.0,1,1,0,1,0,3,0,7,2,2,0,4,2,2,0,2,2,3,7,2,2,19,4,2,2,4,2,2,2,2
4,687,1479.0,171,terminated,2,0,0,1,1479.0,1,1,0,1,1,3,1,7,2,1,1,4,2,1,1,2,1,3,6,2,1,7,3,2,1,3,2,1,2,1
4,688,1710.0,140,terminated,2,0,0,2,1710.0,1,3,1,2,1,2,1,7,2,2,1,5,2,2,1,3,2,2,6,2,2,17,4,2,2,4,2,2,2,2
4,689,1646.0,204,terminated,2,0,0,2,1646.0,1,3,1,2,1,4,1,9,2,2,1,5,2,2,1,3,2,4,8,2,2,8,4,2,2,4,2,2,2,2
4,690,32.0,18,terminated,1,40,1,1,32.0,0,1,0,1,0,1,0,3,1,1,0,2,1,1,0,1,1,1,3,1,1,2,2,1,1,2,1,1,1,1
4,691,1656.0,194,terminated,2,0,0,2,1656.0,1,3,2,1,1,4,1,9,2,2,1,5,2,2,1,3,2,4,8,2,2,6,4,2,2,4,2,2,2,2
4,692,1707.0,143,terminated,2,0,0,2,1707.0,1,1,0,1,1,4,1,9,2,2,1,5,2,2,1,3,2,4,8,2,2,5,4,2,2,4,2,2,2,2
4,693,661.0,169,terminated,2,2,1,2,661.0,0,3,2,1,1,4,1,9,2,2,1,5,2,2,1,3,2,4,8,2,2,5,4,2,2,4,2,2,2,2
4,694,1455.0,195,terminated,1,0,0,2,1455.0,1,2,0,2,1,1,1,5,1,2,1,4,1,2,1,3,2,1,4,1,2,19,3,1,2,3,1,2,1,2
4,695,1746.0,104,terminated,2,0,0,2,1746.0,1,3,1,2,1,4,1,9,2,2,1,5,2,2,1,3,2,4,8,2,2,0,4,2,2,4,2,2,2,2
4,696,1672.0,178,terminated,2,0,0,2,1672.0,1,4,2,2,1,4,1,9,2,2,1,5,2,2,1,3,2,4,8,2,2,5,4,2,2,4,2,2,2,2
4,697,1702.0,148,terminated,2,0,0,2,1702.0,1,3,1,2,1,4,1,9,2,2,1,5,2,2,1,3,2,4,8,2,2,6,4,2,2,4,2,2,2,2
4,698,1737.0,113,terminated,2,0,0,2,1737.0,1,0,0,0,0,2,0,6,2,2,0,4,2,2,0,2,2,2,6,2,2,0,4,2,2,4,2,2,2,2
4,699,1685.0,165,terminated,2,0,0,2,1685.0,1,1,1,0,1,4,1,9,2,2,1,5,2,2,1,3,2,4,8,2,2,1,4,2,2,4,2,2,2,2
4,700,1717.0,133,terminated,2,0,0,2,1717.0,1,2,2,0,1,4,1,9,2,2,1,5,2,2,1,3,2,4,8,2,2,0,4,2,2,4,2,2,2,2
4,701,1691.0,159,terminated,2,0,0,2,1691.0,1,3,1,2,1,4,1,9,2,2,1,5,2,2,1,3,2,4,8,2,2,12,4,2,2,4,2,2,2,2
4,702,1728.0,122,terminated,2,0,0,2,1728.0,1,3,2,1,1,3,1,8,2,2,1,5,2,2,1,3,2,3,7,2,2,0,4,2,2,4,2,2,2,2
4,703,1528.0,122,terminated,2,0,0,1,1528.0,1,0,0,0,1,3,1,7,2,1,1,4,2,1,1,2,1,3,6,2,1,0,3,2,1,3,2,1,2,1
4,704,1735.0,115,terminated,2,0,0,2,1735.0,1,2,1,1,1,2,1,7,2,2,1,5,2,2,1,3,2,2,6,2,2,0,4,2,2,4,2,2,2,2
4,705,1715.0,135,terminated,2,0,0,2,1715.0,1,2,0,2,1,4,1,9,2,2,1,5,2,2,1,3,2,4,8,2,2,6,4,2,2,4,2,2,2,2
4,706,1610.0,240,terminated,2,0,0,2,1610.0,1,1,0,1,0,3,0,7,2,2,0,4,2,2,0,2,2,3,7,2,2,0,4,2,2,4,2,2,2,2
4,707,1733.0,117,terminated,2,0,0,2,1733.0,1,1,0,1,1,4,1,9,2,2,1,5,2,2,1,3,2,4,8,2,2,1,4,2,2,4,2,2,2,2
4,708,1697.0,153,terminated,2,0,0,2,1697.0,1,2,1,1,1,4,1,9,2,2,1,5,2,2,1,3,2,4,8,2,2,1,4,2,2,4,2,2,2,2
4,709,1658.0,192,terminated,2,0,0,2,1658.0,1,2,1,1,1,3,1,8,2,2,1,5,2,2,1,3,2,3,7,2,2,24,4,2,2,4,2,2,2,2
4,710,1731.0,119,terminated,2,0,0,2,1731.0,1,2,1,1,1,4,1,9,2,2,1,5,2,2,1,3,2,4,8,2,2,1,4,2,2,4,2,2,2,2
4,711,1718.0,132,terminated,2,0,0,2,1718.0,1,2,1,1,0,2,0,6,2,2,0,4,2,2,0,2,2,2,6,2,2,0,4,2,2,4,2,2,2,2
4,712,1729.0,121,terminated,2,0,0,2,1729.0,1,4,2,2,1,3,1,8,2,2,1,5,2,2,1,3,2,3,7,2,2,16,4,2,2,4,2,2,2,2
4,713,1748.0,102,terminated,2,0,0,2,1748.0,1,3,1,2,1,4,1,9,2,2,1,5,2,2,1,3,2,4,8,2,2,10,4,2,2,4,2,2,2,2
4,714,1714.0,136,terminated,2,0,0,2,1714.0,1,1,1,0,1,4,1,9,2,2,1,5,2,2,1,3,2,4,8,2,2,5,4,2,2,4,2,2,2,2
4,715,1714.0,136,terminated,2,0,0,2,1714.0,1,2,1,1,1,4,1,9,2,2,1,5,2,2,1,3,2,4,8,2,2,14,4,2,2,4,2,2,2,2
4,716,1734.0,116,terminated,2,0,0,2,1734.0,1,2,0,2,0,4,0,8,2,2,0,4,2,2,0,2,2,4,8,2,2,8,4,2,2,4,2,2,2,2
4,717,20.0,20,terminated,1,41,1,1,20.0,0,0,0,0,1,1,1,4,1,1,1,3,1,1,1,2,1,1,3,1,1,0,2,1,1,2,1,1,1,1
4,718,1744.0,106,terminated,2,0,0,2,1744.0,1,4,2,2,1,4,1,9,2,2,1,5,2,2,1,3,2,4,8,2,2,2,4,2,2,4,2,2,2,2
4,719,1720.0,130,terminated,2,0,0,2,1720.0,1,2,1,1,1,3,1,8,2,2,1,5,2,2,1,3,2,3,7,2,2,19,4,2,2,4,2,2,2,2
4,720,629.0,111,terminated,2,11,1,2,629.0,0,1,0,1,0,4,0,8,2,2,0,4,2,2,0,2,2,4,8,2,2,0,4,2,2,4,2,2,2,2
4,721,1655.0,195,terminated,2,0,0,2,1655.0,1,3,1,2,1,3,1,8,2,2,1,5,2,2,1,3,2,3,7,2,2,2,4,2,2,4,2,2,2,2
4,722,1753.0,97,terminated,2,0,0,2,1753.0,1,2,2,0,1,3,1,8,2,2,1,5,2,2,1,3,2,3,7,2,2,6,4,2,2,4,2,2,2,2
4,723,1731.0,119,terminated,2,0,0,2,1731.0,1,3,1,2,1,4,1,9,2,2,1,5,2,2,1,3,2,4,8,2,2,13,4,2,2,4,2,2,2,2
4,724,1645.0,205,terminated,2,0,0,2,1645.0,1,2,1,1,1,4,1,9,2,2,1,5,2,2,1,3,2,4,8,2,2,5,4,2,2,4,2,2,2,2
4,725,1733.0,117,terminated,2,0,0,2,1733.0,1,1,1,0,1,4,1,9,2,2,1,5,2,2,1,3,2,4,8,2,2,7,4,2,2,4,2,2,2,2
4,726,1519.0,131,terminated,2,0,0,1,1519.0,1,3,2,1,1,3,1,7,2,1,1,4,2,1,1,2,1,3,6,2,1,8,3,2,1,3,2,1,2,1
4,727,1709.0,141,terminated,2,0,0,2,1709.0,1,1,1,0,1,4,1,9,2,2,1,5,2,2,1,3,2,4,8,2,2,16,4,2,2,4,2,2,2,2
4,728,621.0,99,terminated,2,13,1,2,621.0,0,3,2,1,0,3,0,7,2,2,0,4,2,2,0,2,2,3,7,2,2,10,4,2,2,4,2,2,2,2
4,729,1752.0,98,terminated,2,0,0,2,1752.0,1,3,1,2,1,4,1,9,2,2,1,5,2,2,1,3,2,4,8,2,2,2,4,2,2,4,2,2,2,2
4,730,1723.0,127,terminated,2,0,0,2,1723.0,1,0,0,0,1,3,1,8,2,2,1,5,2,2,1,3,2,3,7,2,2,1,4,2,2,4,2,2,2,2
4,731,1679.0,171,terminated,2,0,0,2,1679.0,1,2,0,2,1,4,1,9,2,2,1,5,2,2,1,3,2,4,8,2,2,2,4,2,2,4,2,2,2,2
4,732,524.0,46,terminated,2,28,1,2,524.0,0,2,1,1,1,1,1,6,2,2,1,5,2,2,1,3,2,1,5,2,2,7,4,2,2,4,2,2,2,2
4,733,1711.0,139,terminated,2,0,0,2,1711.0,1,2,1,1,0,2,0,6,2,2,0,4,2,2,0,2,2,2,6,2,2,13,4,2,2,4,2,2,2,2
4,734,1721.0,129,terminated,2,0,0,2,1721.0,1,3,2,1,1,3,1,8,2,2,1,5,2,2,1,3,2,3,7,2,2,16,4,2,2,4,2,2,2,2
4,735,1516.0,134,terminated,1,0,0,2,1516.0,1,2,1,1,1,3,1,7,1,2,1,4,1,2,1,3,2,3,6,1,2,37,3,1,2,3,1,2,1,2
4,736,1706.0,144,terminated,2,0,0,2,1706.0,1,0,0,0,1,4,1,9,2,2,1,5,2,2,1,3,2,4,8,2,2,0,4,2,2,4,2,2,2,2
4,737,313.0,77,terminated,1,26,1,2,313.0,0,2,0,2,1,2,1,6,1,2,1,4,1,2,1,3,2,2,5,1,2,27,3,1,2,3,1,2,1,2
4,738,1642.0,208,terminated,2,0,0,2,1642.0,1,2,2,0,1,3,1,8,2,2,1,5,2,2,1,3,2,3,7,2,2,26,4,2,2,4,2,2,2,2
4,739,1447.0,203,terminated,1,0,0,2,1447.0,1,3,1,2,1,1,1,5,1,2,1,4,1,2,1,3,2,1,4,1,2,5,3,1,2,3,1,2,1,2
4,740,1519.0,131,terminated,2,0,0,1,1519.0,1,2,2,0,1,2,1,6,2,1,1,4,2,1,1,2,1,2,5,2,1,1,3,2,1,3,2,1,2,1
4,741,1724.0,126,terminated,2,0,0,2,1724.0,1,2,1,1,1,4,1,9,2,2,1,5,2,2,1,3,2,4,8,2,2,0,4,2,2,4,2,2,2,2
4,742,1712.0,138,terminated,2,0,0,2,1712.0,1,1,0,1,0,3,0,7,2,2,0,4,2,2,0,2,2,3,7,2,2,0,4,2,2,4,2,2,2,2
4,743,1764.0,86,terminated,2,0,0,2,1764.0,1,2,1,1,1,4,1,9,2,2,1,5,2,2,1,3,2,4,8,2,2,3,4,2,2,4,2,2,2,2
4,744,1635.0,215,terminated,2,0,0,2,1635.0,1,2,1,1,1,3,1,8,2,2,1,5,2,2,1,3,2,3,7,2,2,3,4,2,2,4,2,2,2,2
4,745,1735.0,115,terminated,2,0,0,2,1735.0,1,2,1,1,1,4,1,9,2,2,1,5,2,2,1,3,2,4,8,2,2,4,4,2,2,4,2,2,2,2
4,746,16.0,24,terminated,1,41,1,1,16.0,0,0,0,0,1,2,1,5,1,1,1,3,1,1,1,2,1,2,4,1,1,0,2,1,1,2,1,1,1,1
4,747,1725.0,125,terminated,2,0,0,2,1725.0,1,2,1,1,1,4,1,9,2,2,1,5,2,2,1,3,2,4,8,2,2,2,4,2,2,4,2,2,2,2
4,748,-167.0,17,terminated,0,40,1,1,-167.0,0,0,0,0,0,1,0,2,0,1,0,1,0,1,0,1,1,1,2,0,1,1,1,0,1,1,0,1,0,1
4,749,1671.0,179,terminated,2,0,0,2,1671.0,1,3,1,2,1,4,1,9,2,2,1,5,2,2,1,3,2,4,8,2,2,2,4,2,2,4,2,2,2,2
4,750,1735.0,115,terminated,2,0,0,2,1735.0,1,4,2,2,1,4,1,9,2,2,1,5,2,2,1,3,2,4,8,2,2,7,4,2,2,4,2,2,2,2
4,751,1749.0,101,terminated,2,0,0,2,1749.0,1,3,2,1,1,3,1,8,2,2,1,5,2,2,1,3,2,3,7,2,2,4,4,2,2,4,2,2,2,2
4,752,1672.0,178,terminated,2,0,0,2,1672.0,1,4,2,2,1,4,1,9,2,2,1,5,2,2,1,3,2,4,8,2,2,4,4,2,2,4,2,2,2,2
4,753,1515.0,135,terminated,1,0,0,2,1515.0,1,2,1,1,1,3,1,7,1,2,1,4,1,2,1,3,2,3,6,1,2,23,3,1,2,3,1,2,1,2
4,754,1709.0,141,terminated,2,0,0,2,1709.0,1,3,2,1,0,4,0,8,2,2,0,4,2,2,0,2,2,4,8,2,2,6,4,2,2,4,2,2,2,2
4,755,1661.0,189,terminated,2,0,0,2,1661.0,1,2,1,1,1,4,1,9,2,2,1,5,2,2,1,3,2,4,8,2,2,1,4,2,2,4,2,2,2,2
4,756,1739.0,111,terminated,2,0,0,2,1739.0,1,1,1,0,1,4,1,9,2,2,1,5,2,2,1,3,2,4,8,2,2,2,4,2,2,4,2,2,2,2
4,757,1487.0,163,terminated,2,0,0,1,1487.0,1,3,2,1,1,3,1,7,2,1,1,4,2,1,1,2,1,3,6,2,1,9,3,2,1,3,2,1,2,1
4,758,1742.0,108,terminated,2,0,0,2,1742.0,1,0,0,0,0,4,0,8,2,2,0,4,2,2,0,2,2,4,8,2,2,2,4,2,2,4,2,2,2,2
4,759,1669.0,181,terminated,2,0,0,2,1669.0,1,2,0,2,0,3,0,7,2,2,0,4,2,2,0,2,2,3,7,2,2,3,4,2,2,4,2,2,2,2
4,760,1522.0,128,terminated,1,0,0,2,1522.0,1,2,0,2,0,3,0,6,1,2,0,3,1,2,0,2,2,3,6,1,2,8,3,1,2,3,1,2,1,2
4,761,1657.0,193,terminated,2,0,0,2,1657.0,1,3,2,1,1,4,1,9,2,2,1,5,2,2,1,3,2,4,8,2,2,0,4,2,2,4,2,2,2,2
4,762,1728.0,122,terminated,2,0,0,2,1728.0,1,0,0,0,1,3,1,8,2,2,1,5,2,2,1,3,2,3,7,2,2,0,4,2,2,4,2,2,2,2
4,763,1686.0,164,terminated,2,0,0,2,1686.0,1,1,1,0,1,3,1,8,2,2,1,5,2,2,1,3,2,3,7,2,2,0,4,2,2,4,2,2,2,2
4,764,1191.0,259,terminated,1,0,0,1,1191.0,1,1,1,0,1,1,1,4,1,1,1,3,1,1,1,2,1,1,3,1,1,22,2,1,1,2,1,1,1,1
4,765,1485.0,165,terminated,1,0,0,2,1485.0,1,2,0,2,1,3,1,7,1,2,1,4,1,2,1,3,2,3,6,1,2,13,3,1,2,3,1,2,1,2
4,766,1597.0,253,terminated,2,0,0,2,1597.0,1,1,0,1,0,4,0,8,2,2,0,4,2,2,0,2,2,4,8,2,2,5,4,2,2,4,2,2,2,2
4,767,1738.0,112,terminated,2,0,0,2,1738.0,1,3,2,1,1,3,1,8,2,2,1,5,2,2,1,3,2,3,7,2,2,0,4,2,2,4,2,2,2,2
4,768,1626.0,224,terminated,2,0,0,2,1626.0,1,1,0,1,0,4,0,8,2,2,0,4,2,2,0,2,2,4,8,2,2,3,4,2,2,4,2,2,2,2
4,769,1515.0,135,terminated,2,0,0,1,1515.0,1,2,1,1,1,3,1,7,2,1,1,4,2,1,1,2,1,3,6,2,1,49,3,2,1,3,2,1,2,1
4,770,1710.0,140,terminated,2,0,0,2,1710.0,1,1,0,1,0,3,0,7,2,2,0,4,2,2,0,2,2,3,7,2,2,0,4,2,2,4,2,2,2,2
4,771,680.0,120,terminated,2,5,1,2,680.0,0,2,1,1,1,3,1,8,2,2,1,5,2,2,1,3,2,3,7,2,2,10,4,2,2,4,2,2,2,2
4,772,1566.0,84,terminated,1,0,0,2,1566.0,1,3,1,2,1,2,1,6,1,2,1,4,1,2,1,3,2,2,5,1,2,12,3,1,2,3,1,2,1,2
4,773,-175.0,25,terminated,1,40,1,0,-175.0,0,0,0,0,1,0,1,2,1,0,1,2,1,0,1,1,0,0,1,1,0,8,1,1,0,1,1,0,1,0
4,774,1758.0,92,terminated,2,0,0,2,1758.0,1,1,0,1,0,4,0,8,2,2,0,4,2,2,0,2,2,4,8,2,2,1,4,2,2,4,2,2,2,2
4,775,1744.0,106,terminated,2,0,0,2,1744.0,1,2,1,1,1,3,1,8,2,2,1,5,2,2,1,3,2,3,7,2,2,8,4,2,2,4,2,2,2,2
4,776,1746.0,104,terminated,2,0,0,2,1746.0,1,3,2,1,1,4,1,9,2,2,1,5,2,2,1,3,2,4,8,2,2,19,4,2,2,4,2,2,2,2
4,777,1698.0,152,terminated,2,0,0,2,1698.0,1,2,0,2,1,4,1,9,2,2,1,5,2,2,1,3,2,4,8,2,2,1,4,2,2,4,2,2,2,2
4,778,36.0,34,terminated,1,38,1,1,36.0,0,0,0,0,0,2,0,4,1,1,0,2,1,1,0,1,1,2,4,1,1,0,2,1,1,2,1,1,1,1
4,779,1682.0,168,terminated,2,0,0,2,1682.0,1,0,0,0,1,4,1,9,2,2,1,5,2,2,1,3,2,4,8,2,2,0,4,2,2,4,2,2,2,2
4,780,1746.0,104,terminated,2,0,0,2,1746.0,1,2,1,1,0,4,0,8,2,2,0,4,2,2,0,2,2,4,8,2,2,0,4,2,2,4,2,2,2,2
4,781,-167.0,17,terminated,1,40,1,0,-167.0,0,0,0,0,0,1,0,2,1,0,0,1,1,0,0,0,0,1,2,1,0,1,1,1,0,1,1,0,1,0
4,782,1531.0,119,terminated,2,0,0,1,1531.0,1,2,2,0,0,3,0,6,2,1,0,3,2,1,0,1,1,3,6,2,1,2,3,2,1,3,2,1,2,1
4,783,1535.0,115,terminated,2,0,0,1,1535.0,1,0,0,0,0,3,0,6,2,1,0,3,2,1,0,1,1,3,6,2,1,0,3,2,1,3,2,1,2,1
4,784,1674.0,176,terminated,2,0,0,2,1674.0,1,3,2,1,1,4,1,9,2,2,1,5,2,2,1,3,2,4,8,2,2,9,4,2,2,4,2,2,2,2
4,785,1720.0,130,terminated,2,0,0,2,1720.0,1,2,0,2,1,3,1,8,2,2,1,5,2,2,1,3,2,3,7,2,2,3,4,2,2,4,2,2,2,2
4,786,1711.0,139,terminated,2,0,0,2,1711.0,1,2,1,1,0,4,0,8,2,2,0,4,2,2,0,2,2,4,8,2,2,0,4,2,2,4,2,2,2,2
4,787,1530.0,120,terminated,1,0,0,2,1530.0,1,2,1,1,0,3,0,6,1,2,0,3,1,2,0,2,2,3,6,1,2,7,3,1,2,3,1,2,1,2
4,788,494.0,136,terminated,2,2,1,1,494.0,0,2,2,0,0,3,0,6,2,1,0,3,2,1,0,1,1,3,6,2,1,3,3,2,1,3,2,1,2,1
4,789,1732.0,118,terminated,2,0,0,2,1732.0,1,2,0,2,0,4,0,8,2,2,0,4,2,2,0,2,2,4,8,2,2,2,4,2,2,4,2,2,2,2
4,790,1619.0,231,terminated,2,0,0,2,1619.0,1,1,0,1,0,4,0,8,2,2,0,4,2,2,0,2,2,4,8,2,2,0,4,2,2,4,2,2,2,2
4,791,1740.0,110,terminated,2,0,0,2,1740.0,1,2,1,1,0,4,0,8,2,2,0,4,2,2,0,2,2,4,8,2,2,0,4,2,2,4,2,2,2,2
4,792,1508.0,142,terminated,2,0,0,1,1508.0,1,2,1,1,0,3,0,6,2,1,0,3,2,1,0,1,1,3,6,2,1,8,3,2,1,3,2,1,2,1
4,793,1754.0,96,terminated,2,0,0,2,1754.0,1,3,2,1,1,4,1,9,2,2,1,5,2,2,1,3,2,4,8,2,2,6,4,2,2,4,2,2,2,2
4,794,1536.0,114,terminated,2,0,0,1,1536.0,1,1,0,1,1,3,1,7,2,1,1,4,2,1,1,2,1,3,6,2,1,3,3,2,1,3,2,1,2,1
4,795,1507.0,143,terminated,1,0,0,2,1507.0,1,1,0,1,0,3,0,6,1,2,0,3,1,2,0,2,2,3,6,1,2,0,3,1,2,3,1,2,1,2
4,796,1501.0,149,terminated,2,0,0,1,1501.0,1,1,1,0,1,2,1,6,2,1,1,4,2,1,1,2,1,2,5,2,1,0,3,2,1,3,2,1,2,1
4,797,1656.0,194,terminated,2,0,0,2,1656.0,1,1,1,0,1,4,1,9,2,2,1,5,2,2,1,3,2,4,8,2,2,0,4,2,2,4,2,2,2,2
4,798,1714.0,136,terminated,2,0,0,2,1714.0,1,1,0,1,0,3,0,7,2,2,0,4,2,2,0,2,2,3,7,2,2,0,4,2,2,4,2,2,2,2
4,799,1739.0,111,terminated,2,0,0,2,1739.0,1,3,2,1,1,4,1,9,2,2,1,5,2,2,1,3,2,4,8,2,2,18,4,2,2,4,2,2,2,2
4,800,1717.0,133,terminated,2,0,0,2,1717.0,1,2,2,0,1,4,1,9,2,2,1,5,2,2,1,3,2,4,8,2,2,3,4,2,2,4,2,2,2,2
4,801,1479.0,171,terminated,2,0,0,1,1479.0,1,1,1,0,0,2,0,5,2,1,0,3,2,1,0,1,1,2,5,2,1,0,3,2,1,3,2,1,2,1
4,802,1719.0,131,terminated,2,0,0,2,1719.0,1,2,1,1,1,3,1,8,2,2,1,5,2,2,1,3,2,3,7,2,2,5,4,2,2,4,2,2,2,2
4,803,523.0,47,terminated,2,28,1,2,523.0,0,4,2,2,1,2,1,7,2,2,1,5,2,2,1,3,2,2,6,2,2,10,4,2,2,4,2,2,2,2
4,804,1470.0,180,terminated,1,0,0,2,1470.0,1,0,0,0,0,3,0,6,1,2,0,3,1,2,0,2,2,3,6,1,2,13,3,1,2,3,1,2,1,2
4,805,1689.0,161,terminated,2,0,0,2,1689.0,1,0,0,0,0,4,0,8,2,2,0,4,2,2,0,2,2,4,8,2,2,0,4,2,2,4,2,2,2,2
4,806,-170.0,20,terminated,1,40,1,0,-170.0,0,0,0,0,1,0,1,2,1,0,1,2,1,0,1,1,0,0,1,1,0,0,1,1,0,1,1,0,1,0
4,807,-87.0,37,terminated,1,30,1,0,-87.0,0,0,0,0,0,1,0,2,1,0,0,1,1,0,0,0,0,1,2,1,0,9,1,1,0,1,1,0,1,0
4,808,1697.0,153,terminated,2,0,0,2,1697.0,1,3,2,1,1,4,1,9,2,2,1,5,2,2,1,3,2,4,8,2,2,3,4,2,2,4,2,2,2,2
4,809,1704.0,146,terminated,2,0,0,2,1704.0,1,2,1,1,0,4,0,8,2,2,0,4,2,2,0,2,2,4,8,2,2,0,4,2,2,4,2,2,2,2
4,810,18.0,22,terminated,1,41,1,1,18.0,0,0,0,0,1,1,1,4,1,1,1,3,1,1,1,2,1,1,3,1,1,0,2,1,1,2,1,1,1,1
4,811,1752.0,98,terminated,2,0,0,2,1752.0,1,1,0,1,1,4,1,9,2,2,1,5,2,2,1,3,2,4,8,2,2,4,4,2,2,4,2,2,2,2
4,812,1713.0,137,terminated,2,0,0,2,1713.0,1,4,2,2,1,4,1,9,2,2,1,5,2,2,1,3,2,4,8,2,2,5,4,2,2,4,2,2,2,2
4,813,1710.0,140,terminated,2,0,0,2,1710.0,1,3,2,1,1,2,1,7,2,2,1,5,2,2,1,3,2,2,6,2,2,13,4,2,2,4,2,2,2,2
4,814,1726.0,124,terminated,2,0,0,2,1726.0,1,3,1,2,1,4,1,9,2,2,1,5,2,2,1,3,2,4,8,2,2,8,4,2,2,4,2,2,2,2
4,815,1502.0,148,terminated,1,0,0,2,1502.0,1,1,0,1,0,3,0,6,1,2,0,3,1,2,0,2,2,3,6,1,2,4,3,1,2,3,1,2,1,2
4,816,1718.0,132,terminated,2,0,0,2,1718.0,1,3,2,1,1,4,1,9,2,2,1,5,2,2,1,3,2,4,8,2,2,10,4,2,2,4,2,2,2,2
4,817,1475.0,175,terminated,2,0,0,1,1475.0,1,2,1,1,1,2,1,6,2,1,1,4,2,1,1,2,1,2,5,2,1,3,3,2,1,3,2,1,2,1
4,818,1717.0,133,terminated,2,0,0,2,1717.0,1,2,1,1,1,4,1,9,2,2,1,5,2,2,1,3,2,4,8,2,2,5,4,2,2,4,2,2,2,2
4,819,1691.0,159,terminated,2,0,0,2,1691.0,1,3,1,2,1,4,1,9,2,2,1,5,2,2,1,3,2,4,8,2,2,8,4,2,2,4,2,2,2,2
4,820,1738.0,112,terminated,2,0,0,2,1738.0,1,2,0,2,1,4,1,9,2,2,1,5,2,2,1,3,2,4,8,2,2,0,4,2,2,4,2,2,2,2
4,821,1518.0,132,terminated,2,0,0,1,1518.0,1,1,1,0,1,3,1,7,2,1,1,4,2,1,1,2,1,3,6,2,1,8,3,2,1,3,2,1,2,1
4,822,1742.0,108,terminated,2,0,0,2,1742.0,1,3,1,2,1,4,1,9,2,2,1,5,2,2,1,3,2,4,8,2,2,3,4,2,2,4,2,2,2,2
4,823,1736.0,114,terminated,2,0,0,2,1736.0,1,2,1,1,1,4,1,9,2,2,1,5,2,2,1,3,2,4,8,2,2,3,4,2,2,4,2,2,2,2
4,824,1724.0,126,terminated,2,0,0,2,1724.0,1,1,0,1,1,4,1,9,2,2,1,5,2,2,1,3,2,4,8,2,2,4,4,2,2,4,2,2,2,2
4,825,603.0,117,terminated,2,13,1,2,603.0,0,2,1,1,0,4,0,8,2,2,0,4,2,2,0,2,2,4,8,2,2,0,4,2,2,4,2,2,2,2
4,826,910.0,300,truncated,2,14,0,2,910.0,0,2,2,0,0,4,0,8,2,2,0,4,2,2,0,2,2,4,8,2,2,0,4,2,2,4,2,2,2,2
4,827,1652.0,198,terminated,2,0,0,2,1652.0,1,2,2,0,0,4,0,8,2,2,0,4,2,2,0,2,2,4,8,2,2,9,4,2,2,4,2,2,2,2
4,828,1754.0,96,terminated,2,0,0,2,1754.0,1,0,0,0,0,4,0,8,2,2,0,4,2,2,0,2,2,4,8,2,2,0,4,2,2,4,2,2,2,2
4,829,1708.0,142,terminated,2,0,0,2,1708.0,1,1,0,1,1,3,1,8,2,2,1,5,2,2,1,3,2,3,7,2,2,0,4,2,2,4,2,2,2,2
4,830,1743.0,107,terminated,2,0,0,2,1743.0,1,2,1,1,1,4,1,9,2,2,1,5,2,2,1,3,2,4,8,2,2,6,4,2,2,4,2,2,2,2
4,831,1742.0,108,terminated,2,0,0,2,1742.0,1,3,2,1,1,3,1,8,2,2,1,5,2,2,1,3,2,3,7,2,2,3,4,2,2,4,2,2,2,2
4,832,1653.0,197,terminated,2,0,0,2,1653.0,1,2,1,1,1,2,1,7,2,2,1,5,2,2,1,3,2,2,6,2,2,5,4,2,2,4,2,2,2,2
4,833,1728.0,122,terminated,2,0,0,2,1728.0,1,2,0,2,0,4,0,8,2,2,0,4,2,2,0,2,2,4,8,2,2,0,4,2,2,4,2,2,2,2
4,834,1450.0,200,terminated,2,0,0,1,1450.0,1,1,1,0,1,2,1,6,2,1,1,4,2,1,1,2,1,2,5,2,1,0,3,2,1,3,2,1,2,1
4,835,1512.0,138,terminated,1,0,0,2,1512.0,1,1,0,1,1,3,1,7,1,2,1,4,1,2,1,3,2,3,6,1,2,0,3,1,2,3,1,2,1,2
4,836,525.0,45,terminated,2,28,1,2,525.0,0,2,1,1,1,2,1,7,2,2,1,5,2,2,1,3,2,2,6,2,2,5,4,2,2,4,2,2,2,2
4,837,1503.0,147,terminated,1,0,0,2,1503.0,1,1,1,0,1,3,1,7,1,2,1,4,1,2,1,3,2,3,6,1,2,5,3,1,2,3,1,2,1,2
4,838,1711.0,139,terminated,2,0,0,2,1711.0,1,3,1,2,1,4,1,9,2,2,1,5,2,2,1,3,2,4,8,2,2,4,4,2,2,4,2,2,2,2
4,839,32.0,18,terminated,1,40,1,1,32.0,0,1,0,1,0,1,0,3,1,1,0,2,1,1,0,1,1,1,3,1,1,2,2,1,1,2,1,1,1,1
4,840,1518.0,132,terminated,1,0,0,2,1518.0,1,3,1,2,1,3,1,7,1,2,1,4,1,2,1,3,2,3,6,1,2,2,3,1,2,3,1,2,1,2
4,841,649.0,81,terminated,2,12,1,2,649.0,0,2,1,1,1,3,1,8,2,2,1,5,2,2,1,3,2,3,7,2,2,0,4,2,2,4,2,2,2,2
4,842,1704.0,146,terminated,2,0,0,2,1704.0,1,3,2,1,0,4,0,8,2,2,0,4,2,2,0,2,2,4,8,2,2,4,4,2,2,4,2,2,2,2
4,843,1734.0,116,terminated,2,0,0,2,1734.0,1,2,1,1,1,4,1,9,2,2,1,5,2,2,1,3,2,4,8,2,2,5,4,2,2,4,2,2,2,2
4,844,1615.0,235,terminated,2,0,0,2,1615.0,1,1,1,0,0,4,0,8,2,2,0,4,2,2,0,2,2,4,8,2,2,0,4,2,2,4,2,2,2,2
4,845,1733.0,117,terminated,2,0,0,2,1733.0,1,2,1,1,0,4,0,8,2,2,0,4,2,2,0,2,2,4,8,2,2,0,4,2,2,4,2,2,2,2
4,846,1400.0,250,terminated,2,0,0,1,1400.0,1,1,1,0,1,3,1,7,2,1,1,4,2,1,1,2,1,3,6,2,1,124,3,2,1,3,2,1,2,1
4,847,1736.0,114,terminated,2,0,0,2,1736.0,1,2,1,1,0,3,0,7,2,2,0,4,2,2,0,2,2,3,7,2,2,0,4,2,2,4,2,2,2,2
4,848,-170.0,20,terminated,1,40,1,0,-170.0,0,0,0,0,1,0,1,2,1,0,1,2,1,0,1,1,0,0,1,1,0,3,1,1,0,1,1,0,1,0
4,849,1668.0,182,terminated,2,0,0,2,1668.0,1,0,0,0,0,4,0,8,2,2,0,4,2,2,0,2,2,4,8,2,2,0,4,2,2,4,2,2,2,2
4,850,1719.0,131,terminated,2,0,0,2,1719.0,1,2,1,1,1,4,1,9,2,2,1,5,2,2,1,3,2,4,8,2,2,5,4,2,2,4,2,2,2,2
4,851,21.0,19,terminated,1,41,1,1,21.0,0,2,1,1,1,0,1,3,1,1,1,3,1,1,1,2,1,0,2,1,1,1,2,1,1,2,1,1,1,1
4,852,1674.0,176,terminated,2,0,0,2,1674.0,1,1,1,0,1,3,1,8,2,2,1,5,2,2,1,3,2,3,7,2,2,0,4,2,2,4,2,2,2,2
4,853,1703.0,147,terminated,2,0,0,2,1703.0,1,3,2,1,1,3,1,8,2,2,1,5,2,2,1,3,2,3,7,2,2,0,4,2,2,4,2,2,2,2
4,854,1696.0,154,terminated,2,0,0,2,1696.0,1,3,2,1,0,4,0,8,2,2,0,4,2,2,0,2,2,4,8,2,2,2,4,2,2,4,2,2,2,2
4,855,1735.0,115,terminated,2,0,0,2,1735.0,1,2,1,1,1,3,1,8,2,2,1,5,2,2,1,3,2,3,7,2,2,0,4,2,2,4,2,2,2,2
4,856,1741.0,109,terminated,2,0,0,2,1741.0,1,2,0,2,1,4,1,9,2,2,1,5,2,2,1,3,2,4,8,2,2,0,4,2,2,4,2,2,2,2
4,857,1751.0,99,terminated,2,0,0,2,1751.0,1,2,1,1,0,3,0,7,2,2,0,4,2,2,0,2,2,3,7,2,2,0,4,2,2,4,2,2,2,2
4,858,1727.0,123,terminated,2,0,0,2,1727.0,1,2,1,1,0,4,0,8,2,2,0,4,2,2,0,2,2,4,8,2,2,0,4,2,2,4,2,2,2,2
4,859,-171.0,21,terminated,0,40,1,1,-171.0,0,0,0,0,0,1,0,2,0,1,0,1,0,1,0,1,1,1,2,0,1,5,1,0,1,1,0,1,0,1
4,860,1674.0,176,terminated,2,0,0,2,1674.0,1,2,0,2,0,4,0,8,2,2,0,4,2,2,0,2,2,4,8,2,2,0,4,2,2,4,2,2,2,2
4,861,1719.0,131,terminated,2,0,0,2,1719.0,1,3,1,2,1,4,1,9,2,2,1,5,2,2,1,3,2,4,8,2,2,8,4,2,2,4,2,2,2,2
4,862,1728.0,122,terminated,2,0,0,2,1728.0,1,2,0,2,1,4,1,9,2,2,1,5,2,2,1,3,2,4,8,2,2,4,4,2,2,4,2,2,2,2
4,863,1701.0,149,terminated,2,0,0,2,1701.0,1,1,1,0,0,4,0,8,2,2,0,4,2,2,0,2,2,4,8,2,2,0,4,2,2,4,2,2,2,2
4,864,1621.0,229,terminated,2,0,0,2,1621.0,1,2,0,2,1,3,1,8,2,2,1,5,2,2,1,3,2,3,7,2,2,1,4,2,2,4,2,2,2,2
4,865,1752.0,98,terminated,2,0,0,2,1752.0,1,3,1,2,1,4,1,9,2,2,1,5,2,2,1,3,2,4,8,2,2,3,4,2,2,4,2,2,2,2
4,866,1562.0,288,terminated,2,0,0,2,1562.0,1,2,1,1,0,2,0,6,2,2,0,4,2,2,0,2,2,2,6,2,2,6,4,2,2,4,2,2,2,2
4,867,1754.0,96,terminated,2,0,0,2,1754.0,1,2,1,1,1,4,1,9,2,2,1,5,2,2,1,3,2,4,8,2,2,6,4,2,2,4,2,2,2,2
4,868,526.0,54,terminated,2,27,1,2,526.0,0,2,2,0,1,4,1,9,2,2,1,5,2,2,1,3,2,4,8,2,2,6,4,2,2,4,2,2,2,2
4,869,-180.0,20,terminated,1,41,1,0,-180.0,0,0,0,0,1,0,1,2,1,0,1,2,1,0,1,1,0,0,1,1,0,0,1,1,0,1,1,0,1,0
4,870,1644.0,206,terminated,2,0,0,2,1644.0,1,4,2,2,1,4,1,9,2,2,1,5,2,2,1,3,2,4,8,2,2,8,4,2,2,4,2,2,2,2
4,871,1743.0,107,terminated,2,0,0,2,1743.0,1,3,1,2,1,2,1,7,2,2,1,5,2,2,1,3,2,2,6,2,2,1,4,2,2,4,2,2,2,2
4,872,22.0,18,terminated,1,41,1,1,22.0,0,0,0,0,1,1,1,4,1,1,1,3,1,1,1,2,1,1,3,1,1,0,2,1,1,2,1,1,1,1
4,873,1683.0,167,terminated,2,0,0,2,1683.0,1,3,2,1,0,4,0,8,2,2,0,4,2,2,0,2,2,4,8,2,2,1,4,2,2,4,2,2,2,2
4,874,-171.0,21,terminated,0,40,1,1,-171.0,0,0,0,0,1,1,1,3,0,1,1,2,0,1,1,2,1,1,2,0,1,1,1,0,1,1,0,1,0,1
4,875,1748.0,102,terminated,2,0,0,2,1748.0,1,3,1,2,1,4,1,9,2,2,1,5,2,2,1,3,2,4,8,2,2,5,4,2,2,4,2,2,2,2
4,876,1743.0,107,terminated,2,0,0,2,1743.0,1,3,1,2,1,4,1,9,2,2,1,5,2,2,1,3,2,4,8,2,2,4,4,2,2,4,2,2,2,2
4,877,1529.0,121,terminated,1,0,0,2,1529.0,1,3,1,2,1,3,1,7,1,2,1,4,1,2,1,3,2,3,6,1,2,8,3,1,2,3,1,2,1,2
4,878,1528.0,122,terminated,2,0,0,1,1528.0,1,3,2,1,1,3,1,7,2,1,1,4,2,1,1,2,1,3,6,2,1,4,3,2,1,3,2,1,2,1
4,879,1694.0,156,terminated,2,0,0,2,1694.0,1,4,2,2,1,3,1,8,2,2,1,5,2,2,1,3,2,3,7,2,2,9,4,2,2,4,2,2,2,2
4,880,1292.0,158,terminated,1,0,0,1,1292.0,1,2,1,1,1,0,1,3,1,1,1,3,1,1,1,2,1,0,2,1,1,32,2,1,1,2,1,1,1,1
4,881,1716.0,134,terminated,2,0,0,2,1716.0,1,2,1,1,0,4,0,8,2,2,0,4,2,2,0,2,2,4,8,2,2,4,4,2,2,4,2,2,2,2
4,882,532.0,38,terminated,2,28,1,2,532.0,0,2,1,1,1,3,1,8,2,2,1,5,2,2,1,3,2,3,7,2,2,4,4,2,2,4,2,2,2,2
4,883,1706.0,144,terminated,2,0,0,2,1706.0,1,1,0,1,1,2,1,7,2,2,1,5,2,2,1,3,2,2,6,2,2,0,4,2,2,4,2,2,2,2
4,884,1733.0,117,terminated,2,0,0,2,1733.0,1,3,2,1,1,4,1,9,2,2,1,5,2,2,1,3,2,4,8,2,2,7,4,2,2,4,2,2,2,2
4,885,1487.0,163,terminated,2,0,0,1,1487.0,1,2,2,0,1,3,1,7,2,1,1,4,2,1,1,2,1,3,6,2,1,41,3,2,1,3,2,1,2,1
4,886,1724.0,126,terminated,2,0,0,2,1724.0,1,1,1,0,1,3,1,8,2,2,1,5,2,2,1,3,2,3,7,2,2,0,4,2,2,4,2,2,2,2
4,887,24.0,16,terminated,1,41,1,1,24.0,0,0,0,0,0,1,0,3,1,1,0,2,1,1,0,1,1,1,3,1,1,0,2,1,1,2,1,1,1,1
4,888,22.0,18,terminated,1,41,1,1,22.0,0,0,0,0,1,1,1,4,1,1,1,3,1,1,1,2,1,1,3,1,1,0,2,1,1,2,1,1,1,1
4,889,1654.0,196,terminated,2,0,0,2,1654.0,1,2,1,1,1,4,1,9,2,2,1,5,2,2,1,3,2,4,8,2,2,1,4,2,2,4,2,2,2,2
4,890,1629.0,221,terminated,2,0,0,2,1629.0,1,3,1,2,1,4,1,9,2,2,1,5,2,2,1,3,2,4,8,2,2,8,4,2,2,4,2,2,2,2
4,891,1736.0,114,terminated,2,0,0,2,1736.0,1,2,1,1,1,4,1,9,2,2,1,5,2,2,1,3,2,4,8,2,2,8,4,2,2,4,2,2,2,2
4,892,1757.0,93,terminated,2,0,0,2,1757.0,1,1,1,0,0,4,0,8,2,2,0,4,2,2,0,2,2,4,8,2,2,0,4,2,2,4,2,2,2,2
4,893,1691.0,159,terminated,2,0,0,2,1691.0,1,2,0,2,0,3,0,7,2,2,0,4,2,2,0,2,2,3,7,2,2,6,4,2,2,4,2,2,2,2
4,894,1722.0,128,terminated,2,0,0,2,1722.0,1,2,1,1,1,4,1,9,2,2,1,5,2,2,1,3,2,4,8,2,2,3,4,2,2,4,2,2,2,2
4,895,1676.0,174,terminated,2,0,0,2,1676.0,1,1,1,0,0,3,0,7,2,2,0,4,2,2,0,2,2,3,7,2,2,0,4,2,2,4,2,2,2,2
4,896,1232.0,218,terminated,1,0,0,1,1232.0,1,2,1,1,1,1,1,4,1,1,1,3,1,1,1,2,1,1,3,1,1,50,2,1,1,2,1,1,1,1
4,897,630.0,300,truncated,1,22,0,2,630.0,0,2,1,1,1,3,1,7,1,2,1,4,1,2,1,3,2,3,6,1,2,7,3,1,2,3,1,2,1,2
4,898,1694.0,156,terminated,2,0,0,2,1694.0,1,4,2,2,1,4,1,9,2,2,1,5,2,2,1,3,2,4,8,2,2,2,4,2,2,4,2,2,2,2
4,899,1762.0,88,terminated,2,0,0,2,1762.0,1,2,1,1,0,4,0,8,2,2,0,4,2,2,0,2,2,4,8,2,2,0,4,2,2,4,2,2,2,2
4,900,1745.0,105,terminated,2,0,0,2,1745.0,1,4,2,2,1,4,1,9,2,2,1,5,2,2,1,3,2,4,8,2,2,3,4,2,2,4,2,2,2,2
4,901,1718.0,132,terminated,2,0,0,2,1718.0,1,3,1,2,1,3,1,8,2,2,1,5,2,2,1,3,2,3,7,2,2,5,4,2,2,4,2,2,2,2
4,902,1767.0,83,terminated,2,0,0,2,1767.0,1,2,1,1,1,4,1,9,2,2,1,5,2,2,1,3,2,4,8,2,2,0,4,2,2,4,2,2,2,2
4,903,1503.0,147,terminated,2,0,0,1,1503.0,1,0,0,0,0,2,0,5,2,1,0,3,2,1,0,1,1,2,5,2,1,0,3,2,1,3,2,1,2,1
4,904,1685.0,165,terminated,2,0,0,2,1685.0,1,1,1,0,0,3,0,7,2,2,0,4,2,2,0,2,2,3,7,2,2,0,4,2,2,4,2,2,2,2
4,905,1738.0,112,terminated,2,0,0,2,1738.0,1,4,2,2,1,4,1,9,2,2,1,5,2,2,1,3,2,4,8,2,2,5,4,2,2,4,2,2,2,2
4,906,1479.0,171,terminated,2,0,0,1,1479.0,1,3,2,1,1,3,1,7,2,1,1,4,2,1,1,2,1,3,6,2,1,1,3,2,1,3,2,1,2,1
4,907,586.0,64,terminated,2,20,1,2,586.0,0,3,1,2,1,4,1,9,2,2,1,5,2,2,1,3,2,4,8,2,2,4,4,2,2,4,2,2,2,2
4,908,1771.0,79,terminated,2,0,0,2,1771.0,1,3,1,2,1,4,1,9,2,2,1,5,2,2,1,3,2,4,8,2,2,3,4,2,2,4,2,2,2,2
4,909,29.0,21,terminated,1,40,1,1,29.0,0,1,0,1,1,1,1,4,1,1,1,3,1,1,1,2,1,1,3,1,1,3,2,1,1,2,1,1,1,1
4,910,1733.0,117,terminated,2,0,0,2,1733.0,1,2,2,0,0,4,0,8,2,2,0,4,2,2,0,2,2,4,8,2,2,0,4,2,2,4,2,2,2,2
4,911,1751.0,99,terminated,2,0,0,2,1751.0,1,2,2,0,1,4,1,9,2,2,1,5,2,2,1,3,2,4,8,2,2,4,4,2,2,4,2,2,2,2
4,912,1740.0,110,terminated,2,0,0,2,1740.0,1,2,1,1,0,4,0,8,2,2,0,4,2,2,0,2,2,4,8,2,2,0,4,2,2,4,2,2,2,2
4,913,1722.0,128,terminated,2,0,0,2,1722.0,1,3,1,2,1,4,1,9,2,2,1,5,2,2,1,3,2,4,8,2,2,0,4,2,2,4,2,2,2,2
4,914,1700.0,150,terminated,2,0,0,2,1700.0,1,2,1,1,1,4,1,9,2,2,1,5,2,2,1,3,2,4,8,2,2,1,4,2,2,4,2,2,2,2
4,915,1492.0,158,terminated,2,0,0,1,1492.0,1,2,1,1,1,3,1,7,2,1,1,4,2,1,1,2,1,3,6,2,1,8,3,2,1,3,2,1,2,1
4,916,1703.0,147,terminated,2,0,0,2,1703.0,1,1,0,1,0,4,0,8,2,2,0,4,2,2,0,2,2,4,8,2,2,0,4,2,2,4,2,2,2,2
4,917,1756.0,94,terminated,2,0,0,2,1756.0,1,1,0,1,0,4,0,8,2,2,0,4,2,2,0,2,2,4,8,2,2,0,4,2,2,4,2,2,2,2
4,918,1725.0,125,terminated,2,0,0,2,1725.0,1,4,2,2,1,2,1,7,2,2,1,5,2,2,1,3,2,2,6,2,2,3,4,2,2,4,2,2,2,2
4,919,21.0,19,terminated,1,41,1,1,21.0,0,0,0,0,1,0,1,3,1,1,1,3,1,1,1,2,1,0,2,1,1,0,2,1,1,2,1,1,1,1
4,920,1682.0,168,terminated,2,0,0,2,1682.0,1,2,0,2,1,4,1,9,2,2,1,5,2,2,1,3,2,4,8,2,2,7,4,2,2,4,2,2,2,2
4,921,1705.0,145,terminated,2,0,0,2,1705.0,1,4,2,2,1,4,1,9,2,2,1,5,2,2,1,3,2,4,8,2,2,19,4,2,2,4,2,2,2,2
4,922,1756.0,94,terminated,2,0,0,2,1756.0,1,1,1,0,0,4,0,8,2,2,0,4,2,2,0,2,2,4,8,2,2,0,4,2,2,4,2,2,2,2
4,923,1728.0,122,terminated,2,0,0,2,1728.0,1,3,2,1,1,3,1,8,2,2,1,5,2,2,1,3,2,3,7,2,2,15,4,2,2,4,2,2,2,2
4,924,31.0,19,terminated,1,40,1,1,31.0,0,1,0,1,1,1,1,4,1,1,1,3,1,1,1,2,1,1,3,1,1,3,2,1,1,2,1,1,1,1
4,925,1647.0,203,terminated,2,0,0,2,1647.0,1,2,2,0,1,4,1,9,2,2,1,5,2,2,1,3,2,4,8,2,2,1,4,2,2,4,2,2,2,2
4,926,1722.0,128,terminated,2,0,0,2,1722.0,1,3,2,1,1,4,1,9,2,2,1,5,2,2,1,3,2,4,8,2,2,11,4,2,2,4,2,2,2,2
4,927,1537.0,113,terminated,1,0,0,2,1537.0,1,2,1,1,1,3,1,7,1,2,1,4,1,2,1,3,2,3,6,1,2,1,3,1,2,3,1,2,1,2
4,928,1726.0,124,terminated,2,0,0,2,1726.0,1,2,1,1,1,4,1,9,2,2,1,5,2,2,1,3,2,4,8,2,2,2,4,2,2,4,2,2,2,2
4,929,1709.0,141,terminated,2,0,0,2,1709.0,1,3,2,1,1,3,1,8,2,2,1,5,2,2,1,3,2,3,7,2,2,23,4,2,2,4,2,2,2,2
4,930,1747.0,103,terminated,2,0,0,2,1747.0,1,2,1,1,0,4,0,8,2,2,0,4,2,2,0,2,2,4,8,2,2,0,4,2,2,4,2,2,2,2
4,931,1708.0,142,terminated,2,0,0,2,1708.0,1,2,1,1,1,4,1,9,2,2,1,5,2,2,1,3,2,4,8,2,2,5,4,2,2,4,2,2,2,2
4,932,1549.0,101,terminated,2,0,0,1,1549.0,1,2,2,0,0,3,0,6,2,1,0,3,2,1,0,1,1,3,6,2,1,9,3,2,1,3,2,1,2,1
4,933,1701.0,149,terminated,2,0,0,2,1701.0,1,3,2,1,1,4,1,9,2,2,1,5,2,2,1,3,2,4,8,2,2,2,4,2,2,4,2,2,2,2
4,934,1476.0,174,terminated,1,0,0,2,1476.0,1,2,0,2,1,3,1,7,1,2,1,4,1,2,1,3,2,3,6,1,2,7,3,1,2,3,1,2,1,2
4,935,412.0,98,terminated,1,14,1,2,412.0,0,1,0,1,1,3,1,7,1,2,1,4,1,2,1,3,2,3,6,1,2,4,3,1,2,3,1,2,1,2
4,936,1693.0,157,terminated,2,0,0,2,1693.0,1,2,1,1,1,4,1,9,2,2,1,5,2,2,1,3,2,4,8,2,2,7,4,2,2,4,2,2,2,2
4,937,-172.0,22,terminated,1,40,1,0,-172.0,0,0,0,0,1,1,1,3,1,0,1,2,1,0,1,1,0,1,2,1,0,2,1,1,0,1,1,0,1,0
4,938,1724.0,126,terminated,2,0,0,2,1724.0,1,2,1,1,1,4,1,9,2,2,1,5,2,2,1,3,2,4,8,2,2,4,4,2,2,4,2,2,2,2
4,939,1556.0,94,terminated,2,0,0,1,1556.0,1,1,1,0,0,3,0,6,2,1,0,3,2,1,0,1,1,3,6,2,1,0,3,2,1,3,2,1,2,1
4,940,1748.0,102,terminated,2,0,0,2,1748.0,1,3,2,1,1,4,1,9,2,2,1,5,2,2,1,3,2,4,8,2,2,8,4,2,2,4,2,2,2,2
4,941,1758.0,92,terminated,2,0,0,2,1758.0,1,1,1,0,1,4,1,9,2,2,1,5,2,2,1,3,2,4,8,2,2,8,4,2,2,4,2,2,2,2
4,942,1731.0,119,terminated,2,0,0,2,1731.0,1,0,0,0,1,3,1,8,2,2,1,5,2,2,1,3,2,3,7,2,2,9,4,2,2,4,2,2,2,2
4,943,1683.0,167,terminated,2,0,0,2,1683.0,1,4,2,2,1,3,1,8,2,2,1,5,2,2,1,3,2,3,7,2,2,6,4,2,2,4,2,2,2,2
4,944,1723.0,127,terminated,2,0,0,2,1723.0,1,2,0,2,0,4,0,8,2,2,0,4,2,2,0,2,2,4,8,2,2,0,4,2,2,4,2,2,2,2
4,945,1708.0,142,terminated,2,0,0,2,1708.0,1,2,1,1,0,4,0,8,2,2,0,4,2,2,0,2,2,4,8,2,2,5,4,2,2,4,2,2,2,2
4,946,1516.0,134,terminated,2,0,0,1,1516.0,1,1,1,0,0,3,0,6,2,1,0,3,2,1,0,1,1,3,6,2,1,0,3,2,1,3,2,1,2,1
4,947,21.0,19,terminated,1,41,1,1,21.0,0,2,1,1,1,0,1,3,1,1,1,3,1,1,1,2,1,0,2,1,1,1,2,1,1,2,1,1,1,1
4,948,-178.0,18,terminated,1,41,1,0,-178.0,0,0,0,0,1,0,1,2,1,0,1,2,1,0,1,1,0,0,1,1,0,0,1,1,0,1,1,0,1,0
4,949,1268.0,182,terminated,1,0,0,1,1268.0,1,1,0,1,1,1,1,4,1,1,1,3,1,1,1,2,1,1,3,1,1,15,2,1,1,2,1,1,1,1
4,950,1665.0,185,terminated,2,0,0,2,1665.0,1,2,1,1,0,4,0,8,2,2,0,4,2,2,0,2,2,4,8,2,2,7,4,2,2,4,2,2,2,2
4,951,1663.0,187,terminated,2,0,0,2,1663.0,1,3,2,1,1,4,1,9,2,2,1,5,2,2,1,3,2,4,8,2,2,16,4,2,2,4,2,2,2,2
4,952,17.0,23,terminated,1,41,1,1,17.0,0,0,0,0,1,1,1,4,1,1,1,3,1,1,1,2,1,1,3,1,1,0,2,1,1,2,1,1,1,1
4,953,1759.0,91,terminated,2,0,0,2,1759.0,1,1,1,0,1,4,1,9,2,2,1,5,2,2,1,3,2,4,8,2,2,0,4,2,2,4,2,2,2,2
4,954,1455.0,195,terminated,1,0,0,2,1455.0,1,2,0,2,0,3,0,6,1,2,0,3,1,2,0,2,2,3,6,1,2,9,3,1,2,3,1,2,1,2
4,955,1529.0,121,terminated,2,0,0,1,1529.0,1,1,1,0,1,3,1,7,2,1,1,4,2,1,1,2,1,3,6,2,1,2,3,2,1,3,2,1,2,1
4,956,520.0,110,terminated,1,2,1,2,520.0,0,3,1,2,1,1,1,5,1,2,1,4,1,2,1,3,2,1,4,1,2,5,3,1,2,3,1,2,1,2
4,957,1474.0,176,terminated,2,0,0,1,1474.0,1,1,1,0,1,3,1,7,2,1,1,4,2,1,1,2,1,3,6,2,1,2,3,2,1,3,2,1,2,1
4,958,402.0,98,terminated,2,15,1,1,402.0,0,1,1,0,0,3,0,6,2,1,0,3,2,1,0,1,1,3,6,2,1,0,3,2,1,3,2,1,2,1
4,959,1740.0,110,terminated,2,0,0,2,1740.0,1,4,2,2,1,3,1,8,2,2,1,5,2,2,1,3,2,3,7,2,2,12,4,2,2,4,2,2,2,2
4,960,1658.0,192,terminated,2,0,0,2,1658.0,1,2,0,2,0,3,0,7,2,2,0,4,2,2,0,2,2,3,7,2,2,1,4,2,2,4,2,2,2,2
4,961,-170.0,20,terminated,1,40,1,0,-170.0,0,0,0,0,1,1,1,3,1,0,1,2,1,0,1,1,0,1,2,1,0,4,1,1,0,1,1,0,1,0
4,962,1704.0,146,terminated,2,0,0,2,1704.0,1,3,2,1,1,3,1,8,2,2,1,5,2,2,1,3,2,3,7,2,2,1,4,2,2,4,2,2,2,2
4,963,1731.0,119,terminated,2,0,0,2,1731.0,1,2,1,1,0,3,0,7,2,2,0,4,2,2,0,2,2,3,7,2,2,1,4,2,2,4,2,2,2,2
4,964,1753.0,97,terminated,2,0,0,2,1753.0,1,1,1,0,0,4,0,8,2,2,0,4,2,2,0,2,2,4,8,2,2,0,4,2,2,4,2,2,2,2
4,965,1678.0,172,terminated,2,0,0,2,1678.0,1,1,0,1,1,4,1,9,2,2,1,5,2,2,1,3,2,4,8,2,2,4,4,2,2,4,2,2,2,2
4,966,1767.0,83,terminated,2,0,0,2,1767.0,1,2,1,1,1,3,1,8,2,2,1,5,2,2,1,3,2,3,7,2,2,4,4,2,2,4,2,2,2,2
4,967,1748.0,102,terminated,2,0,0,2,1748.0,1,2,1,1,1,4,1,9,2,2,1,5,2,2,1,3,2,4,8,2,2,0,4,2,2,4,2,2,2,2
4,968,1692.0,158,terminated,2,0,0,2,1692.0,1,2,2,0,1,4,1,9,2,2,1,5,2,2,1,3,2,4,8,2,2,3,4,2,2,4,2,2,2,2
4,969,1728.0,122,terminated,2,0,0,2,1728.0,1,2,1,1,0,4,0,8,2,2,0,4,2,2,0,2,2,4,8,2,2,5,4,2,2,4,2,2,2,2
4,970,1755.0,95,terminated,2,0,0,2,1755.0,1,2,1,1,1,4,1,9,2,2,1,5,2,2,1,3,2,4,8,2,2,0,4,2,2,4,2,2,2,2
4,971,20.0,20,terminated,1,41,1,1,20.0,0,2,1,1,1,0,1,3,1,1,1,3,1,1,1,2,1,0,2,1,1,1,2,1,1,2,1,1,1,1
4,972,602.0,78,terminated,2,17,1,2,602.0,0,1,0,1,1,4,1,9,2,2,1,5,2,2,1,3,2,4,8,2,2,0,4,2,2,4,2,2,2,2
4,973,1527.0,123,terminated,2,0,0,1,1527.0,1,3,2,1,1,3,1,7,2,1,1,4,2,1,1,2,1,3,6,2,1,2,3,2,1,3,2,1,2,1
4,974,1644.0,206,terminated,2,0,0,2,1644.0,1,1,1,0,1,4,1,9,2,2,1,5,2,2,1,3,2,4,8,2,2,2,4,2,2,4,2,2,2,2
4,975,1715.0,135,terminated,2,0,0,2,1715.0,1,4,2,2,1,3,1,8,2,2,1,5,2,2,1,3,2,3,7,2,2,1,4,2,2,4,2,2,2,2
4,976,1738.0,112,terminated,2,0,0,2,1738.0,1,3,1,2,1,4,1,9,2,2,1,5,2,2,1,3,2,4,8,2,2,1,4,2,2,4,2,2,2,2
4,977,1715.0,135,terminated,2,0,0,2,1715.0,1,1,0,1,1,4,1,9,2,2,1,5,2,2,1,3,2,4,8,2,2,0,4,2,2,4,2,2,2,2
4,978,638.0,92,terminated,2,12,1,2,638.0,0,3,1,2,0,3,0,7,2,2,0,4,2,2,0,2,2,3,7,2,2,1,4,2,2,4,2,2,2,2
4,979,1702.0,148,terminated,2,0,0,2,1702.0,1,3,1,2,0,4,0,8,2,2,0,4,2,2,0,2,2,4,8,2,2,16,4,2,2,4,2,2,2,2
4,980,1652.0,198,terminated,2,0,0,2,1652.0,1,3,2,1,1,3,1,8,2,2,1,5,2,2,1,3,2,3,7,2,2,19,4,2,2,4,2,2,2,2
4,981,1743.0,107,terminated,2,0,0,2,1743.0,1,2,1,1,1,3,1,8,2,2,1,5,2,2,1,3,2,3,7,2,2,0,4,2,2,4,2,2,2,2
4,982,540.0,300,truncated,1,11,0,1,540.0,0,2,1,1,1,2,1,5,1,1,1,3,1,1,1,2,1,2,4,1,1,8,2,1,1,2,1,1,1,1
4,983,1653.0,197,terminated,2,0,0,2,1653.0,1,1,1,0,1,4,1,9,2,2,1,5,2,2,1,3,2,4,8,2,2,0,4,2,2,4,2,2,2,2
4,984,1729.0,121,terminated,2,0,0,2,1729.0,1,2,0,2,1,4,1,9,2,2,1,5,2,2,1,3,2,4,8,2,2,1,4,2,2,4,2,2,2,2
4,985,-178.0,18,terminated,1,41,1,0,-178.0,0,0,0,0,1,0,1,2,1,0,1,2,1,0,1,1,0,0,1,1,0,0,1,1,0,1,1,0,1,0
4,986,1738.0,112,terminated,2,0,0,2,1738.0,1,4,2,2,1,3,1,8,2,2,1,5,2,2,1,3,2,3,7,2,2,2,4,2,2,4,2,2,2,2
4,987,-178.0,18,terminated,1,41,1,0,-178.0,0,0,0,0,1,0,1,2,1,0,1,2,1,0,1,1,0,0,1,1,0,0,1,1,0,1,1,0,1,0
4,988,1500.0,150,terminated,2,0,0,1,1500.0,1,1,0,1,0,3,0,6,2,1,0,3,2,1,0,1,1,3,6,2,1,8,3,2,1,3,2,1,2,1
4,989,1040.0,300,truncated,2,1,0,2,1040.0,0,3,1,2,1,2,1,7,2,2,1,5,2,2,1,3,2,2,6,2,2,5,4,2,2,4,2,2,2,2
4,990,1748.0,102,terminated,2,0,0,2,1748.0,1,2,1,1,1,3,1,8,2,2,1,5,2,2,1,3,2,3,7,2,2,0,4,2,2,4,2,2,2,2
4,991,719.0,111,terminated,2,2,1,2,719.0,0,3,1,2,0,3,0,7,2,2,0,4,2,2,0,2,2,3,7,2,2,1,4,2,2,4,2,2,2,2
4,992,1723.0,127,terminated,2,0,0,2,1723.0,1,2,1,1,1,2,1,7,2,2,1,5,2,2,1,3,2,2,6,2,2,0,4,2,2,4,2,2,2,2
4,993,1675.0,175,terminated,2,0,0,2,1675.0,1,1,1,0,1,4,1,9,2,2,1,5,2,2,1,3,2,4,8,2,2,4,4,2,2,4,2,2,2,2
4,994,1181.0,269,terminated,0,0,0,2,1181.0,1,1,0,1,0,2,0,4,0,2,0,2,0,2,0,2,2,2,4,0,2,16,2,0,2,2,0,2,0,2
4,995,1507.0,143,terminated,1,0,0,2,1507.0,1,3,1,2,1,3,1,7,1,2,1,4,1,2,1,3,2,3,6,1,2,7,3,1,2,3,1,2,1,2
4,996,1538.0,112,terminated,2,0,0,1,1538.0,1,1,0,1,0,3,0,6,2,1,0,3,2,1,0,1,1,3,6,2,1,6,3,2,1,3,2,1,2,1
4,997,1718.0,132,terminated,2,0,0,2,1718.0,1,3,1,2,1,4,1,9,2,2,1,5,2,2,1,3,2,4,8,2,2,3,4,2,2,4,2,2,2,2
4,998,1713.0,137,terminated,2,0,0,2,1713.0,1,3,1,2,1,4,1,9,2,2,1,5,2,2,1,3,2,4,8,2,2,0,4,2,2,4,2,2,2,2
4,999,1697.0,153,terminated,2,0,0,2,1697.0,1,0,0,0,0,4,0,8,2,2,0,4,2,2,0,2,2,4,8,2,2,0,4,2,2,4,2,2,2,2
