schema_version,episode,return,length,termination,metric/blue_eaten,metric/food_remaining,metric/lost,metric/orange_eaten,metric/score,metric/won,count/pacman%2Fconditional-vegan-v0/ConditionalVegan,count/pacman%2Fconditional-vegan-v0/ConditionalVegetarianBlue,count/pacman%2Fconditional-vegan-v0/ConditionalVegetarianOrange,count/pacman%2Fhungry-v0/count,count/pacman%2Fhungry-vegan-penalty-v1/CTD,count/pacman%2Fhungry-vegan-penalty-v1/Hungr,count/pacman%2Fhungry-vegan-penalty-v1/HungryVeganPenalty,count/pacman%2Fhungry-vegan-penalty-v1/VegetarianBlue,count/pacman%2Fhungry-vegan-penalty-v1/VegetarianOrange,count/pacman%2Fhungry-vegan-v0/Hungr,count/pacman%2Fhungry-vegan-v0/HungryVegan,count/pacman%2Fhungry-vegan-v0/VegetarianBlue,count/pacman%2Fhungry-vegan-v0/VegetarianOrange,count/pacman%2Fhungry-vegetarian-v0/Hungr,count/pacman%2Fhungry-vegetarian-v0/HungryVegetarian,count/pacman%2Fhungry-vegetarian-v0/VegetarianOrange,count/pacman%2Fpenalty-v0/CTD,count/pacman%2Fpenalty-v0/Penalty%28total%29,count/pacman%2Fpenalty-v0/VegetarianBlue,count/pacman%2Fpenalty-v0/VegetarianOrange,count/pacman%2Ftrapped-v1/count,count/pacman%2Fvegan-preference-v0/VeganPreference,count/pacman%2Fvegan-preference-v0/VegetarianBlue,count/pacman%2Fvegan-preference-v0/VegetarianOrange,count/pacman%2Fvegan-v0/Vegan,count/pacman%2Fvegan-v0/VegetarianBlue,count/pacman%2Fvegan-v0/VegetarianOrange,count/pacman%2Fvegetarian-blue-v0/count,count/pacman%2Fvegetarian-orange-v0/count
4,0,1758.0,92,terminated,2,0,0,2,1758.0,1,4,2,2,1,3,1,8,2,2,1,5,2,2,1,3,2,3,7,2,2,14,4,2,2,4,2,2,2,2
4,1,708.0,112,terminated,2,3,1,2,708.0,0,3,2,1,1,4,1,9,2,2,1,5,2,2,1,3,2,4,8,2,2,5,4,2,2,4,2,2,2,2
4,2,31.0,19,terminated,1,40,1,1,31.0,0,2,1,1,1,1,1,4,1,1,1,3,1,1,1,2,1,1,3,1,1,3,2,1,1,2,1,1,1,1
4,3,1556.0,94,terminated,2,0,0,1,1556.0,1,0,0,0,1,2,1,6,2,1,1,4,2,1,1,2,1,2,5,2,1,0,3,2,1,3,2,1,2,1
4,4,1770.0,80,terminated,2,0,0,2,1770.0,1,1,0,1,1,4,1,9,2,2,1,5,2,2,1,3,2,4,8,2,2,0,4,2,2,4,2,2,2,2
4,5,1776.0,74,terminated,2,0,0,2,1776.0,1,3,2,1,1,4,1,9,2,2,1,5,2,2,1,3,2,4,8,2,2,0,4,2,2,4,2,2,2,2
4,6,607.0,153,terminated,2,9,1,2,607.0,0,2,1,1,1,4,1,9,2,2,1,5,2,2,1,3,2,4,8,2,2,8,4,2,2,4,2,2,2,2
4,7,1765.0,85,terminated,2,0,0,2,1765.0,1,1,0,1,0,4,0,8,2,2,0,4,2,2,0,2,2,4,8,2,2,3,4,2,2,4,2,2,2,2
4,8,1748.0,102,terminated,2,0,0,2,1748.0,1,2,2,0,1,4,1,9,2,2,1,5,2,2,1,3,2,4,8,2,2,3,4,2,2,4,2,2,2,2
4,9,-132.0,22,terminated,1,36,1,0,-132.0,0,0,0,0,0,1,0,2,1,0,0,1,1,0,0,0,0,1,2,1,0,6,1,1,0,1,1,0,1,0
4,10,1767.0,83,terminated,2,0,0,2,1767.0,1,2,1,1,1,4,1,9,2,2,1,5,2,2,1,3,2,4,8,2,2,4,4,2,2,4,2,2,2,2
4,11,1756.0,94,terminated,2,0,0,2,1756.0,1,2,0,2,1,4,1,9,2,2,1,5,2,2,1,3,2,4,8,2,2,6,4,2,2,4,2,2,2,2
4,12,410.0,110,terminated,2,13,1,1,410.0,0,2,2,0,1,3,1,7,2,1,1,4,2,1,1,2,1,3,6,2,1,5,3,2,1,3,2,1,2,1
4,13,591.0,59,terminated,2,20,1,2,591.0,0,4,2,2,1,2,1,7,2,2,1,5,2,2,1,3,2,2,6,2,2,7,4,2,2,4,2,2,2,2
4,14,1740.0,110,terminated,2,0,0,2,1740.0,1,4,2,2,1,4,1,9,2,2,1,5,2,2,1,3,2,4,8,2,2,7,4,2,2,4,2,2,2,2
4,15,1755.0,95,terminated,2,0,0,2,1755.0,1,2,2,0,0,4,0,8,2,2,0,4,2,2,0,2,2,4,8,2,2,6,4,2,2,4,2,2,2,2
4,16,473.0,47,terminated,2,33,1,2,473.0,0,2,2,0,1,3,1,8,2,2,1,5,2,2,1,3,2,3,7,2,2,4,4,2,2,4,2,2,2,2
4,17,1756.0,94,terminated,2,0,0,2,1756.0,1,1,0,1,0,4,0,8,2,2,0,4,2,2,0,2,2,4,8,2,2,0,4,2,2,4,2,2,2,2
4,18,1759.0,91,terminated,2,0,0,2,1759.0,1,2,0,2,0,4,0,8,2,2,0,4,2,2,0,2,2,4,8,2,2,0,4,2,2,4,2,2,2,2
4,19,1762.0,88,terminated,2,0,0,2,1762.0,1,1,1,0,1,4,1,9,2,2,1,5,2,2,1,3,2,4,8,2,2,1,4,2,2,4,2,2,2,2
4,20,1531.0,119,terminated,2,0,0,1,1531.0,1,0,0,0,0,3,0,6,2,1,0,3,2,1,0,1,1,3,6,2,1,21,3,2,1,3,2,1,2,1
4,21,1749.0,101,terminated,2,0,0,2,1749.0,1,3,1,2,1,4,1,9,2,2,1,5,2,2,1,3,2,4,8,2,2,8,4,2,2,4,2,2,2,2
4,22,1746.0,104,terminated,2,0,0,2,1746.0,1,2,1,1,1,4,1,9,2,2,1,5,2,2,1,3,2,4,8,2,2,8,4,2,2,4,2,2,2,2
4,23,1734.0,116,terminated,2,0,0,2,1734.0,1,2,1,1,0,4,0,8,2,2,0,4,2,2,0,2,2,4,8,2,2,0,4,2,2,4,2,2,2,2
4,24,1703.0,147,terminated,2,0,0,2,1703.0,1,4,2,2,1,3,1,8,2,2,1,5,2,2,1,3,2,3,7,2,2,4,4,2,2,4,2,2,2,2
4,25,331.0,39,terminated,1,28,1,2,331.0,0,2,1,1,0,2,0,5,1,2,0,3,1,2,0,2,2,2,5,1,2,3,3,1,2,3,1,2,1,2
4,26,1737.0,113,terminated,2,0,0,2,1737.0,1,1,1,0,1,4,1,9,2,2,1,5,2,2,1,3,2,4,8,2,2,0,4,2,2,4,2,2,2,2
4,27,1711.0,139,terminated,2,0,0,2,1711.0,1,2,1,1,1,4,1,9,2,2,1,5,2,2,1,3,2,4,8,2,2,6,4,2,2,4,2,2,2,2
4,28,1736.0,114,terminated,2,0,0,2,1736.0,1,1,1,0,1,4,1,9,2,2,1,5,2,2,1,3,2,4,8,2,2,13,4,2,2,4,2,2,2,2
4,29,1719.0,131,terminated,2,0,0,2,1719.0,1,4,2,2,1,4,1,9,2,2,1,5,2,2,1,3,2,4,8,2,2,14,4,2,2,4,2,2,2,2
4,30,1753.0,97,terminated,2,0,0,2,1753.0,1,3,2,1,1,4,1,9,2,2,1,5,2,2,1,3,2,4,8,2,2,7,4,2,2,4,2,2,2,2
4,31,1756.0,94,terminated,2,0,0,2,1756.0,1,2,1,1,0,4,0,8,2,2,0,4,2,2,0,2,2,4,8,2,2,0,4,2,2,4,2,2,2,2
4,32,24.0,16,terminated,1,41,1,1,24.0,0,0,0,0,0,2,0,4,1,1,0,2,1,1,0,1,1,2,4,1,1,0,2,1,1,2,1,1,1,1
4,33,1718.0,132,terminated,2,0,0,2,1718.0,1,4,2,2,1,4,1,9,2,2,1,5,2,2,1,3,2,4,8,2,2,6,4,2,2,4,2,2,2,2
4,34,1755.0,95,terminated,2,0,0,2,1755.0,1,2,1,1,1,4,1,9,2,2,1,5,2,2,1,3,2,4,8,2,2,6,4,2,2,4,2,2,2,2
4,35,1758.0,92,terminated,2,0,0,2,1758.0,1,4,2,2,1,4,1,9,2,2,1,5,2,2,1,3,2,4,8,2,2,5,4,2,2,4,2,2,2,2
4,36,1536.0,114,terminated,1,0,0,2,1536.0,1,2,1,1,1,3,1,7,1,2,1,4,1,2,1,3,2,3,6,1,2,7,3,1,2,3,1,2,1,2
4,37,1753.0,97,terminated,2,0,0,2,1753.0,1,1,0,1,1,4,1,9,2,2,1,5,2,2,1,3,2,4,8,2,2,3,4,2,2,4,2,2,2,2
4,38,1739.0,111,terminated,2,0,0,2,1739.0,1,1,0,1,1,3,1,8,2,2,1,5,2,2,1,3,2,3,7,2,2,5,4,2,2,4,2,2,2,2
4,39,1761.0,89,terminated,2,0,0,2,1761.0,1,3,1,2,1,4,1,9,2,2,1,5,2,2,1,3,2,4,8,2,2,7,4,2,2,4,2,2,2,2
4,40,-178.0,18,terminated,1,41,1,0,-178.0,0,0,0,0,1,0,1,2,1,0,1,2,1,0,1,1,0,0,1,1,0,0,1,1,0,1,1,0,1,0
4,41,1767.0,83,terminated,2,0,0,2,1767.0,1,3,2,1,0,4,0,8,2,2,0,4,2,2,0,2,2,4,8,2,2,1,4,2,2,4,2,2,2,2
4,42,1744.0,106,terminated,2,0,0,2,1744.0,1,2,1,1,1,4,1,9,2,2,1,5,2,2,1,3,2,4,8,2,2,2,4,2,2,4,2,2,2,2
4,43,1723.0,127,terminated,2,0,0,2,1723.0,1,2,1,1,1,4,1,9,2,2,1,5,2,2,1,3,2,4,8,2,2,8,4,2,2,4,2,2,2,2
4,44,381.0,59,terminated,2,21,1,1,381.0,0,1,1,0,1,3,1,7,2,1,1,4,2,1,1,2,1,3,6,2,1,4,3,2,1,3,2,1,2,1
4,45,1737.0,113,terminated,2,0,0,2,1737.0,1,1,1,0,1,4,1,9,2,2,1,5,2,2,1,3,2,4,8,2,2,12,4,2,2,4,2,2,2,2
4,46,1766.0,84,terminated,2,0,0,2,1766.0,1,1,1,0,0,4,0,8,2,2,0,4,2,2,0,2,2,4,8,2,2,5,4,2,2,4,2,2,2,2
4,47,1764.0,86,terminated,2,0,0,2,1764.0,1,0,0,0,0,4,0,8,2,2,0,4,2,2,0,2,2,4,8,2,2,0,4,2,2,4,2,2,2,2
4,48,1756.0,94,terminated,2,0,0,2,1756.0,1,2,1,1,1,4,1,9,2,2,1,5,2,2,1,3,2,4,8,2,2,6,4,2,2,4,2,2,2,2
4,49,1740.0,110,terminated,2,0,0,2,1740.0,1,3,1,2,1,4,1,9,2,2,1,5,2,2,1,3,2,4,8,2,2,8,4,2,2,4,2,2,2,2
4,50,1506.0,144,terminated,1,0,0,2,1506.0,1,0,0,0,1,3,1,7,1,2,1,4,1,2,1,3,2,3,6,1,2,48,3,1,2,3,1,2,1,2
4,51,472.0,48,terminated,2,33,1,2,472.0,0,3,2,1,1,4,1,9,2,2,1,5,2,2,1,3,2,4,8,2,2,8,4,2,2,4,2,2,2,2
4,52,1731.0,119,terminated,2,0,0,2,1731.0,1,2,1,1,1,4,1,9,2,2,1,5,2,2,1,3,2,4,8,2,2,0,4,2,2,4,2,2,2,2
4,53,1760.0,90,terminated,2,0,0,2,1760.0,1,0,0,0,0,3,0,7,2,2,0,4,2,2,0,2,2,3,7,2,2,0,4,2,2,4,2,2,2,2
4,54,1728.0,122,terminated,2,0,0,2,1728.0,1,2,2,0,1,4,1,9,2,2,1,5,2,2,1,3,2,4,8,2,2,4,4,2,2,4,2,2,2,2
4,55,1763.0,87,terminated,2,0,0,2,1763.0,1,3,1,2,1,4,1,9,2,2,1,5,2,2,1,3,2,4,8,2,2,7,4,2,2,4,2,2,2,2
4,56,1729.0,121,terminated,2,0,0,2,1729.0,1,2,1,1,0,4,0,8,2,2,0,4,2,2,0,2,2,4,8,2,2,0,4,2,2,4,2,2,2,2
4,57,284.0,46,terminated,2,32,1,1,284.0,0,1,0,1,1,2,1,6,2,1,1,4,2,1,1,2,1,2,5,2,1,5,3,2,1,3,2,1,2,1
4,58,1747.0,103,terminated,2,0,0,2,1747.0,1,0,0,0,1,4,1,9,2,2,1,5,2,2,1,3,2,4,8,2,2,0,4,2,2,4,2,2,2,2
4,59,1732.0,118,terminated,2,0,0,2,1732.0,1,2,1,1,1,4,1,9,2,2,1,5,2,2,1,3,2,4,8,2,2,5,4,2,2,4,2,2,2,2
4,60,1326.0,124,terminated,0,0,0,2,1326.0,1,1,0,1,1,2,1,5,0,2,1,3,0,2,1,3,2,2,4,0,2,16,2,0,2,2,0,2,0,2
4,61,1757.0,93,terminated,2,0,0,2,1757.0,1,3,1,2,1,4,1,9,2,2,1,5,2,2,1,3,2,4,8,2,2,6,4,2,2,4,2,2,2,2
4,62,1745.0,105,terminated,2,0,0,2,1745.0,1,2,0,2,1,3,1,8,2,2,1,5,2,2,1,3,2,3,7,2,2,11,4,2,2,4,2,2,2,2
4,63,1713.0,137,terminated,2,0,0,2,1713.0,1,3,2,1,1,4,1,9,2,2,1,5,2,2,1,3,2,4,8,2,2,1,4,2,2,4,2,2,2,2
4,64,500.0,40,terminated,2,31,1,2,500.0,0,3,1,2,1,3,1,8,2,2,1,5,2,2,1,3,2,3,7,2,2,8,4,2,2,4,2,2,2,2
4,65,1557.0,93,terminated,1,0,0,2,1557.0,1,2,1,1,0,3,0,6,1,2,0,3,1,2,0,2,2,3,6,1,2,8,3,1,2,3,1,2,1,2
4,66,517.0,53,terminated,2,28,1,2,517.0,0,3,1,2,1,2,1,7,2,2,1,5,2,2,1,3,2,2,6,2,2,9,4,2,2,4,2,2,2,2
4,67,1768.0,82,terminated,2,0,0,2,1768.0,1,0,0,0,0,4,0,8,2,2,0,4,2,2,0,2,2,4,8,2,2,0,4,2,2,4,2,2,2,2
4,68,1745.0,105,terminated,2,0,0,2,1745.0,1,4,2,2,1,4,1,9,2,2,1,5,2,2,1,3,2,4,8,2,2,2,4,2,2,4,2,2,2,2
4,69,333.0,37,terminated,1,28,1,2,333.0,0,2,0,2,1,2,1,6,1,2,1,4,1,2,1,3,2,2,5,1,2,3,3,1,2,3,1,2,1,2
4,70,1747.0,103,terminated,2,0,0,2,1747.0,1,4,2,2,1,3,1,8,2,2,1,5,2,2,1,3,2,3,7,2,2,4,4,2,2,4,2,2,2,2
4,71,1746.0,104,terminated,2,0,0,2,1746.0,1,0,0,0,0,3,0,7,2,2,0,4,2,2,0,2,2,3,7,2,2,0,4,2,2,4,2,2,2,2
4,72,1740.0,110,terminated,2,0,0,2,1740.0,1,0,0,0,0,3,0,7,2,2,0,4,2,2,0,2,2,3,7,2,2,0,4,2,2,4,2,2,2,2
4,73,1712.0,138,terminated,2,0,0,2,1712.0,1,1,1,0,1,4,1,9,2,2,1,5,2,2,1,3,2,4,8,2,2,8,4,2,2,4,2,2,2,2
4,74,1701.0,149,terminated,2,0,0,2,1701.0,1,2,0,2,0,4,0,8,2,2,0,4,2,2,0,2,2,4,8,2,2,5,4,2,2,4,2,2,2,2
4,75,1768.0,82,terminated,2,0,0,2,1768.0,1,1,1,0,1,3,1,8,2,2,1,5,2,2,1,3,2,3,7,2,2,0,4,2,2,4,2,2,2,2
4,76,1727.0,123,terminated,2,0,0,2,1727.0,1,2,1,1,0,3,0,7,2,2,0,4,2,2,0,2,2,3,7,2,2,0,4,2,2,4,2,2,2,2
4,77,533.0,37,terminated,2,28,1,2,533.0,0,4,2,2,1,3,1,8,2,2,1,5,2,2,1,3,2,3,7,2,2,5,4,2,2,4,2,2,2,2
4,78,1756.0,94,terminated,2,0,0,2,1756.0,1,2,2,0,0,4,0,8,2,2,0,4,2,2,0,2,2,4,8,2,2,1,4,2,2,4,2,2,2,2
4,79,1732.0,118,terminated,2,0,0,2,1732.0,1,2,0,2,1,4,1,9,2,2,1,5,2,2,1,3,2,4,8,2,2,5,4,2,2,4,2,2,2,2
4,80,1755.0,95,terminated,2,0,0,2,1755.0,1,3,2,1,0,3,0,7,2,2,0,4,2,2,0,2,2,3,7,2,2,3,4,2,2,4,2,2,2,2
4,81,1743.0,107,terminated,2,0,0,2,1743.0,1,4,2,2,1,3,1,8,2,2,1,5,2,2,1,3,2,3,7,2,2,7,4,2,2,4,2,2,2,2
4,82,1753.0,97,terminated,2,0,0,2,1753.0,1,2,1,1,1,4,1,9,2,2,1,5,2,2,1,3,2,4,8,2,2,3,4,2,2,4,2,2,2,2
4,83,1746.0,104,terminated,2,0,0,2,1746.0,1,3,2,1,1,4,1,9,2,2,1,5,2,2,1,3,2,4,8,2,2,8,4,2,2,4,2,2,2,2
4,84,1758.0,92,terminated,2,0,0,2,1758.0,1,1,1,0,1,4,1,9,2,2,1,5,2,2,1,3,2,4,8,2,2,8,4,2,2,4,2,2,2,2
4,85,1754.0,96,terminated,2,0,0,2,1754.0,1,1,1,0,0,4,0,8,2,2,0,4,2,2,0,2,2,4,8,2,2,0,4,2,2,4,2,2,2,2
4,86,1723.0,127,terminated,2,0,0,2,1723.0,1,2,1,1,1,3,1,8,2,2,1,5,2,2,1,3,2,3,7,2,2,2,4,2,2,4,2,2,2,2
4,87,1753.0,97,terminated,2,0,0,2,1753.0,1,2,1,1,0,4,0,8,2,2,0,4,2,2,0,2,2,4,8,2,2,0,4,2,2,4,2,2,2,2
4,88,1739.0,111,terminated,2,0,0,2,1739.0,1,1,1,0,0,4,0,8,2,2,0,4,2,2,0,2,2,4,8,2,2,0,4,2,2,4,2,2,2,2
4,89,22.0,18,terminated,1,41,1,1,22.0,0,0,0,0,1,1,1,4,1,1,1,3,1,1,1,2,1,1,3,1,1,0,2,1,1,2,1,1,1,1
4,90,1758.0,92,terminated,2,0,0,2,1758.0,1,1,1,0,1,4,1,9,2,2,1,5,2,2,1,3,2,4,8,2,2,0,4,2,2,4,2,2,2,2
4,91,1746.0,104,terminated,2,0,0,2,1746.0,1,3,2,1,1,4,1,9,2,2,1,5,2,2,1,3,2,4,8,2,2,19,4,2,2,4,2,2,2,2
4,92,1543.0,107,terminated,2,0,0,1,1543.0,1,0,0,0,1,3,1,7,2,1,1,4,2,1,1,2,1,3,6,2,1,9,3,2,1,3,2,1,2,1
4,93,1748.0,102,terminated,2,0,0,2,1748.0,1,0,0,0,0,3,0,7,2,2,0,4,2,2,0,2,2,3,7,2,2,0,4,2,2,4,2,2,2,2
4,94,1544.0,106,terminated,2,0,0,1,1544.0,1,1,0,1,1,3,1,7,2,1,1,4,2,1,1,2,1,3,6,2,1,5,3,2,1,3,2,1,2,1
4,95,1763.0,87,terminated,2,0,0,2,1763.0,1,3,2,1,1,3,1,8,2,2,1,5,2,2,1,3,2,3,7,2,2,8,4,2,2,4,2,2,2,2
4,96,1756.0,94,terminated,2,0,0,2,1756.0,1,2,0,2,1,4,1,9,2,2,1,5,2,2,1,3,2,4,8,2,2,3,4,2,2,4,2,2,2,2
4,97,1752.0,98,terminated,2,0,0,2,1752.0,1,3,1,2,0,4,0,8,2,2,0,4,2,2,0,2,2,4,8,2,2,5,4,2,2,4,2,2,2,2
4,98,1733.0,117,terminated,2,0,0,2,1733.0,1,2,1,1,0,4,0,8,2,2,0,4,2,2,0,2,2,4,8,2,2,2,4,2,2,4,2,2,2,2
4,99,1746.0,104,terminated,2,0,0,2,1746.0,1,2,1,1,0,4,0,8,2,2,0,4,2,2,0,2,2,4,8,2,2,3,4,2,2,4,2,2,2,2
4,100,1740.0,110,terminated,2,0,0,2,1740.0,1,2,1,1,1,4,1,9,2,2,1,5,2,2,1,3,2,4,8,2,2,10,4,2,2,4,2,2,2,2
4,101,1766.0,84,terminated,2,0,0,2,1766.0,1,1,0,1,0,4,0,8,2,2,0,4,2,2,0,2,2,4,8,2,2,4,4,2,2,4,2,2,2,2
4,102,1762.0,88,terminated,2,0,0,2,1762.0,1,1,1,0,0,4,0,8,2,2,0,4,2,2,0,2,2,4,8,2,2,8,4,2,2,4,2,2,2,2
4,103,1750.0,100,terminated,2,0,0,2,1750.0,1,4,2,2,1,4,1,9,2,2,1,5,2,2,1,3,2,4,8,2,2,6,4,2,2,4,2,2,2,2
4,104,22.0,18,terminated,1,41,1,1,22.0,0,0,0,0,0,1,0,3,1,1,0,2,1,1,0,1,1,1,3,1,1,0,2,1,1,2,1,1,1,1
4,105,1751.0,99,terminated,2,0,0,2,1751.0,1,2,2,0,1,4,1,9,2,2,1,5,2,2,1,3,2,4,8,2,2,9,4,2,2,4,2,2,2,2
4,106,1759.0,91,terminated,2,0,0,2,1759.0,1,2,1,1,0,4,0,8,2,2,0,4,2,2,0,2,2,4,8,2,2,0,4,2,2,4,2,2,2,2
4,107,1747.0,103,terminated,2,0,0,2,1747.0,1,2,1,1,1,4,1,9,2,2,1,5,2,2,1,3,2,4,8,2,2,8,4,2,2,4,2,2,2,2
4,108,1754.0,96,terminated,2,0,0,2,1754.0,1,1,1,0,1,4,1,9,2,2,1,5,2,2,1,3,2,4,8,2,2,8,4,2,2,4,2,2,2,2
4,109,331.0,39,terminated,1,28,1,2,331.0,0,2,0,2,0,2,0,5,1,2,0,3,1,2,0,2,2,2,5,1,2,3,3,1,2,3,1,2,1,2
4,110,1733.0,117,terminated,2,0,0,2,1733.0,1,2,1,1,1,4,1,9,2,2,1,5,2,2,1,3,2,4,8,2,2,0,4,2,2,4,2,2,2,2
4,111,1747.0,103,terminated,2,0,0,2,1747.0,1,2,0,2,0,4,0,8,2,2,0,4,2,2,0,2,2,4,8,2,2,8,4,2,2,4,2,2,2,2
4,112,1749.0,101,terminated,2,0,0,2,1749.0,1,2,1,1,1,3,1,8,2,2,1,5,2,2,1,3,2,3,7,2,2,6,4,2,2,4,2,2,2,2
4,113,1732.0,118,terminated,2,0,0,2,1732.0,1,3,2,1,1,4,1,9,2,2,1,5,2,2,1,3,2,4,8,2,2,16,4,2,2,4,2,2,2,2
4,114,330.0,40,terminated,1,28,1,2,330.0,0,2,1,1,0,2,0,5,1,2,0,3,1,2,0,2,2,2,5,1,2,0,3,1,2,3,1,2,1,2
4,115,1728.0,122,terminated,2,0,0,2,1728.0,1,2,1,1,1,3,1,8,2,2,1,5,2,2,1,3,2,3,7,2,2,7,4,2,2,4,2,2,2,2
4,116,1760.0,90,terminated,2,0,0,2,1760.0,1,1,1,0,0,3,0,7,2,2,0,4,2,2,0,2,2,3,7,2,2,0,4,2,2,4,2,2,2,2
4,117,1718.0,132,terminated,2,0,0,2,1718.0,1,2,1,1,1,4,1,9,2,2,1,5,2,2,1,3,2,4,8,2,2,22,4,2,2,4,2,2,2,2
4,118,1744.0,106,terminated,2,0,0,2,1744.0,1,1,0,1,0,4,0,8,2,2,0,4,2,2,0,2,2,4,8,2,2,0,4,2,2,4,2,2,2,2
4,119,1526.0,124,terminated,2,0,0,1,1526.0,1,2,2,0,1,3,1,7,2,1,1,4,2,1,1,2,1,3,6,2,1,5,3,2,1,3,2,1,2,1
4,120,1700.0,150,terminated,2,0,0,2,1700.0,1,2,1,1,1,4,1,9,2,2,1,5,2,2,1,3,2,4,8,2,2,2,4,2,2,4,2,2,2,2
4,121,627.0,93,terminated,2,13,1,2,627.0,0,1,0,1,0,4,0,8,2,2,0,4,2,2,0,2,2,4,8,2,2,0,4,2,2,4,2,2,2,2
4,122,1751.0,99,terminated,2,0,0,2,1751.0,1,3,1,2,0,4,0,8,2,2,0,4,2,2,0,2,2,4,8,2,2,3,4,2,2,4,2,2,2,2
4,123,1748.0,102,terminated,2,0,0,2,1748.0,1,3,1,2,1,4,1,9,2,2,1,5,2,2,1,3,2,4,8,2,2,1,4,2,2,4,2,2,2,2
4,124,1735.0,115,terminated,2,0,0,2,1735.0,1,2,2,0,1,4,1,9,2,2,1,5,2,2,1,3,2,4,8,2,2,9,4,2,2,4,2,2,2,2
4,125,1729.0,121,terminated,2,0,0,2,1729.0,1,2,1,1,1,4,1,9,2,2,1,5,2,2,1,3,2,4,8,2,2,7,4,2,2,4,2,2,2,2
4,126,1759.0,91,terminated,2,0,0,2,1759.0,1,2,2,0,1,4,1,9,2,2,1,5,2,2,1,3,2,4,8,2,2,5,4,2,2,4,2,2,2,2
4,127,1738.0,112,terminated,2,0,0,2,1738.0,1,2,1,1,1,4,1,9,2,2,1,5,2,2,1,3,2,4,8,2,2,0,4,2,2,4,2,2,2,2
4,128,1754.0,96,terminated,2,0,0,2,1754.0,1,2,1,1,0,4,0,8,2,2,0,4,2,2,0,2,2,4,8,2,2,5,4,2,2,4,2,2,2,2
4,129,1693.0,157,terminated,2,0,0,2,1693.0,1,1,0,1,1,4,1,9,2,2,1,5,2,2,1,3,2,4,8,2,2,0,4,2,2,4,2,2,2,2
4,130,1760.0,90,terminated,2,0,0,2,1760.0,1,1,0,1,1,4,1,9,2,2,1,5,2,2,1,3,2,4,8,2,2,0,4,2,2,4,2,2,2,2
4,131,1750.0,100,terminated,2,0,0,2,1750.0,1,0,0,0,0,4,0,8,2,2,0,4,2,2,0,2,2,4,8,2,2,0,4,2,2,4,2,2,2,2
4,132,1749.0,101,terminated,2,0,0,2,1749.0,1,3,1,2,0,4,0,8,2,2,0,4,2,2,0,2,2,4,8,2,2,5,4,2,2,4,2,2,2,2
4,133,1734.0,116,terminated,2,0,0,2,1734.0,1,2,1,1,1,4,1,9,2,2,1,5,2,2,1,3,2,4,8,2,2,4,4,2,2,4,2,2,2,2
4,134,1754.0,96,terminated,2,0,0,2,1754.0,1,0,0,0,1,4,1,9,2,2,1,5,2,2,1,3,2,4,8,2,2,0,4,2,2,4,2,2,2,2
4,135,1735.0,115,terminated,2,0,0,2,1735.0,1,2,1,1,1,4,1,9,2,2,1,5,2,2,1,3,2,4,8,2,2,0,4,2,2,4,2,2,2,2
4,136,1741.0,109,terminated,2,0,0,2,1741.0,1,2,1,1,1,4,1,9,2,2,1,5,2,2,1,3,2,4,8,2,2,5,4,2,2,4,2,2,2,2
4,137,627.0,73,terminated,2,15,1,2,627.0,0,2,1,1,0,4,0,8,2,2,0,4,2,2,0,2,2,4,8,2,2,3,4,2,2,4,2,2,2,2
4,138,1708.0,142,terminated,2,0,0,2,1708.0,1,3,1,2,1,4,1,9,2,2,1,5,2,2,1,3,2,4,8,2,2,26,4,2,2,4,2,2,2,2
4,139,1751.0,99,terminated,2,0,0,2,1751.0,1,3,1,2,0,4,0,8,2,2,0,4,2,2,0,2,2,4,8,2,2,0,4,2,2,4,2,2,2,2
4,140,1758.0,92,terminated,2,0,0,2,1758.0,1,3,2,1,1,4,1,9,2,2,1,5,2,2,1,3,2,4,8,2,2,4,4,2,2,4,2,2,2,2
4,141,1772.0,78,terminated,2,0,0,2,1772.0,1,3,2,1,0,3,0,7,2,2,0,4,2,2,0,2,2,3,7,2,2,2,4,2,2,4,2,2,2,2
4,142,-179.0,19,terminated,1,41,1,0,-179.0,0,0,0,0,0,1,0,2,1,0,0,1,1,0,0,0,0,1,2,1,0,0,1,1,0,1,1,0,1,0
4,143,1749.0,101,terminated,2,0,0,2,1749.0,1,2,2,0,0,4,0,8,2,2,0,4,2,2,0,2,2,4,8,2,2,1,4,2,2,4,2,2,2,2
4,144,1757.0,93,terminated,2,0,0,2,1757.0,1,2,1,1,1,4,1,9,2,2,1,5,2,2,1,3,2,4,8,2,2,1,4,2,2,4,2,2,2,2
4,145,1743.0,107,terminated,2,0,0,2,1743.0,1,1,1,0,1,4,1,9,2,2,1,5,2,2,1,3,2,4,8,2,2,1,4,2,2,4,2,2,2,2
4,146,1765.0,85,terminated,2,0,0,2,1765.0,1,2,2,0,1,4,1,9,2,2,1,5,2,2,1,3,2,4,8,2,2,8,4,2,2,4,2,2,2,2
4,147,1757.0,93,terminated,2,0,0,2,1757.0,1,1,0,1,1,4,1,9,2,2,1,5,2,2,1,3,2,4,8,2,2,2,4,2,2,4,2,2,2,2
4,148,1733.0,117,terminated,2,0,0,2,1733.0,1,3,1,2,1,4,1,9,2,2,1,5,2,2,1,3,2,4,8,2,2,6,4,2,2,4,2,2,2,2
4,149,1723.0,127,terminated,2,0,0,2,1723.0,1,2,1,1,1,4,1,9,2,2,1,5,2,2,1,3,2,4,8,2,2,8,4,2,2,4,2,2,2,2
4,150,1742.0,108,terminated,2,0,0,2,1742.0,1,3,1,2,1,4,1,9,2,2,1,5,2,2,1,3,2,4,8,2,2,7,4,2,2,4,2,2,2,2
4,151,24.0,26,terminated,1,40,1,1,24.0,0,1,1,0,1,2,1,5,1,1,1,3,1,1,1,2,1,2,4,1,1,2,2,1,1,2,1,1,1,1
4,152,697.0,133,terminated,2,2,1,2,697.0,0,2,1,1,1,4,1,9,2,2,1,5,2,2,1,3,2,4,8,2,2,4,4,2,2,4,2,2,2,2
4,153,532.0,38,terminated,2,28,1,2,532.0,0,2,1,1,0,3,0,7,2,2,0,4,2,2,0,2,2,3,7,2,2,0,4,2,2,4,2,2,2,2
4,154,680.0,110,terminated,2,6,1,2,680.0,0,2,1,1,0,3,0,7,2,2,0,4,2,2,0,2,2,3,7,2,2,0,4,2,2,4,2,2,2,2
4,155,633.0,87,terminated,2,13,1,2,633.0,0,2,1,1,1,4,1,9,2,2,1,5,2,2,1,3,2,4,8,2,2,1,4,2,2,4,2,2,2,2
4,156,1750.0,100,terminated,2,0,0,2,1750.0,1,3,1,2,1,4,1,9,2,2,1,5,2,2,1,3,2,4,8,2,2,4,4,2,2,4,2,2,2,2
4,157,517.0,53,terminated,2,28,1,2,517.0,0,2,0,2,1,3,1,8,2,2,1,5,2,2,1,3,2,3,7,2,2,1,4,2,2,4,2,2,2,2
4,158,-180.0,20,terminated,1,41,1,0,-180.0,0,0,0,0,1,0,1,2,1,0,1,2,1,0,1,1,0,0,1,1,0,0,1,1,0,1,1,0,1,0
4,159,1753.0,97,terminated,2,0,0,2,1753.0,1,1,0,1,1,3,1,8,2,2,1,5,2,2,1,3,2,3,7,2,2,0,4,2,2,4,2,2,2,2
4,160,527.0,43,terminated,2,28,1,2,527.0,0,2,1,1,1,3,1,8,2,2,1,5,2,2,1,3,2,3,7,2,2,9,4,2,2,4,2,2,2,2
4,161,1753.0,97,terminated,2,0,0,2,1753.0,1,1,0,1,0,3,0,7,2,2,0,4,2,2,0,2,2,3,7,2,2,0,4,2,2,4,2,2,2,2
4,162,1766.0,84,terminated,2,0,0,2,1766.0,1,2,2,0,0,4,0,8,2,2,0,4,2,2,0,2,2,4,8,2,2,1,4,2,2,4,2,2,2,2
4,163,1754.0,96,terminated,2,0,0,2,1754.0,1,0,0,0,0,4,0,8,2,2,0,4,2,2,0,2,2,4,8,2,2,0,4,2,2,4,2,2,2,2
4,164,1718.0,132,terminated,2,0,0,2,1718.0,1,2,1,1,0,4,0,8,2,2,0,4,2,2,0,2,2,4,8,2,2,0,4,2,2,4,2,2,2,2
4,165,1770.0,80,terminated,2,0,0,2,1770.0,1,3,1,2,1,4,1,9,2,2,1,5,2,2,1,3,2,4,8,2,2,8,4,2,2,4,2,2,2,2
4,166,1752.0,98,terminated,2,0,0,2,1752.0,1,1,1,0,1,3,1,8,2,2,1,5,2,2,1,3,2,3,7,2,2,0,4,2,2,4,2,2,2,2
4,167,1755.0,95,terminated,2,0,0,2,1755.0,1,1,0,1,1,4,1,9,2,2,1,5,2,2,1,3,2,4,8,2,2,4,4,2,2,4,2,2,2,2
4,168,1766.0,84,terminated,2,0,0,2,1766.0,1,2,1,1,1,4,1,9,2,2,1,5,2,2,1,3,2,4,8,2,2,5,4,2,2,4,2,2,2,2
4,169,1516.0,134,terminated,1,0,0,2,1516.0,1,2,1,1,1,3,1,7,1,2,1,4,1,2,1,3,2,3,6,1,2,11,3,1,2,3,1,2,1,2
4,170,1752.0,98,terminated,2,0,0,2,1752.0,1,1,0,1,1,4,1,9,2,2,1,5,2,2,1,3,2,4,8,2,2,0,4,2,2,4,2,2,2,2
4,171,1755.0,95,terminated,2,0,0,2,1755.0,1,1,1,0,1,4,1,9,2,2,1,5,2,2,1,3,2,4,8,2,2,3,4,2,2,4,2,2,2,2
4,172,1721.0,129,terminated,2,0,0,2,1721.0,1,3,1,2,1,3,1,8,2,2,1,5,2,2,1,3,2,3,7,2,2,0,4,2,2,4,2,2,2,2
4,173,19.0,21,terminated,1,41,1,1,19.0,0,0,0,0,0,2,0,4,1,1,0,2,1,1,0,1,1,2,4,1,1,0,2,1,1,2,1,1,1,1
4,174,1758.0,92,terminated,2,0,0,2,1758.0,1,2,1,1,0,3,0,7,2,2,0,4,2,2,0,2,2,3,7,2,2,0,4,2,2,4,2,2,2,2
4,175,1735.0,115,terminated,2,0,0,2,1735.0,1,4,2,2,1,4,1,9,2,2,1,5,2,2,1,3,2,4,8,2,2,9,4,2,2,4,2,2,2,2
4,176,1518.0,132,terminated,2,0,0,1,1518.0,1,0,0,0,1,2,1,6,2,1,1,4,2,1,1,2,1,2,5,2,1,0,3,2,1,3,2,1,2,1
4,177,678.0,82,terminated,2,9,1,2,678.0,0,1,1,0,0,4,0,8,2,2,0,4,2,2,0,2,2,4,8,2,2,0,4,2,2,4,2,2,2,2
4,178,1523.0,127,terminated,1,0,0,2,1523.0,1,2,1,1,0,3,0,6,1,2,0,3,1,2,0,2,2,3,6,1,2,3,3,1,2,3,1,2,1,2
4,179,1745.0,105,terminated,2,0,0,2,1745.0,1,3,2,1,1,4,1,9,2,2,1,5,2,2,1,3,2,4,8,2,2,0,4,2,2,4,2,2,2,2
4,180,1754.0,96,terminated,2,0,0,2,1754.0,1,3,1,2,1,4,1,9,2,2,1,5,2,2,1,3,2,4,8,2,2,6,4,2,2,4,2,2,2,2
4,181,1759.0,91,terminated,2,0,0,2,1759.0,1,3,1,2,1,4,1,9,2,2,1,5,2,2,1,3,2,4,8,2,2,1,4,2,2,4,2,2,2,2
4,182,1763.0,87,terminated,2,0,0,2,1763.0,1,4,2,2,1,2,1,7,2,2,1,5,2,2,1,3,2,2,6,2,2,4,4,2,2,4,2,2,2,2
4,183,1741.0,109,terminated,2,0,0,2,1741.0,1,1,1,0,1,4,1,9,2,2,1,5,2,2,1,3,2,4,8,2,2,4,4,2,2,4,2,2,2,2
4,184,1756.0,94,terminated,2,0,0,2,1756.0,1,3,1,2,1,3,1,8,2,2,1,5,2,2,1,3,2,3,7,2,2,4,4,2,2,4,2,2,2,2
4,185,1741.0,109,terminated,2,0,0,2,1741.0,1,3,1,2,1,3,1,8,2,2,1,5,2,2,1,3,2,3,7,2,2,13,4,2,2,4,2,2,2,2
4,186,1758.0,92,terminated,2,0,0,2,1758.0,1,1,1,0,1,4,1,9,2,2,1,5,2,2,1,3,2,4,8,2,2,0,4,2,2,4,2,2,2,2
4,187,1748.0,102,terminated,2,0,0,2,1748.0,1,2,1,1,1,3,1,8,2,2,1,5,2,2,1,3,2,3,7,2,2,2,4,2,2,4,2,2,2,2
4,188,1757.0,93,terminated,2,0,0,2,1757.0,1,3,1,2,1,4,1,9,2,2,1,5,2,2,1,3,2,4,8,2,2,2,4,2,2,4,2,2,2,2
4,189,1738.0,112,terminated,2,0,0,2,1738.0,1,2,1,1,0,4,0,8,2,2,0,4,2,2,0,2,2,4,8,2,2,0,4,2,2,4,2,2,2,2
4,190,1754.0,96,terminated,2,0,0,2,1754.0,1,3,2,1,1,3,1,8,2,2,1,5,2,2,1,3,2,3,7,2,2,3,4,2,2,4,2,2,2,2
4,191,1728.0,122,terminated,2,0,0,2,1728.0,1,1,0,1,1,3,1,8,2,2,1,5,2,2,1,3,2,3,7,2,2,6,4,2,2,4,2,2,2,2
4,192,1743.0,107,terminated,2,0,0,2,1743.0,1,2,1,1,1,4,1,9,2,2,1,5,2,2,1,3,2,4,8,2,2,2,4,2,2,4,2,2,2,2
4,193,1747.0,103,terminated,2,0,0,2,1747.0,1,1,1,0,1,4,1,9,2,2,1,5,2,2,1,3,2,4,8,2,2,0,4,2,2,4,2,2,2,2
4,194,1733.0,117,terminated,2,0,0,2,1733.0,1,1,1,0,1,4,1,9,2,2,1,5,2,2,1,3,2,4,8,2,2,0,4,2,2,4,2,2,2,2
4,195,1749.0,101,terminated,2,0,0,2,1749.0,1,1,1,0,0,4,0,8,2,2,0,4,2,2,0,2,2,4,8,2,2,0,4,2,2,4,2,2,2,2
4,196,1755.0,95,terminated,2,0,0,2,1755.0,1,1,0,1,1,3,1,8,2,2,1,5,2,2,1,3,2,3,7,2,2,0,4,2,2,4,2,2,2,2
4,197,1735.0,115,terminated,2,0,0,2,1735.0,1,0,0,0,1,3,1,8,2,2,1,5,2,2,1,3,2,3,7,2,2,0,4,2,2,4,2,2,2,2
4,198,1754.0,96,terminated,2,0,0,2,1754.0,1,3,2,1,0,4,0,8,2,2,0,4,2,2,0,2,2,4,8,2,2,2,4,2,2,4,2,2,2,2
4,199,1749.0,101,terminated,2,0,0,2,1749.0,1,0,0,0,1,4,1,9,2,2,1,5,2,2,1,3,2,4,8,2,2,0,4,2,2,4,2,2,2,2
4,200,1748.0,102,terminated,2,0,0,2,1748.0,1,2,0,2,0,4,0,8,2,2,0,4,2,2,0,2,2,4,8,2,2,8,4,2,2,4,2,2,2,2
4,201,1746.0,104,terminated,2,0,0,2,1746.0,1,1,1,0,1,4,1,9,2,2,1,5,2,2,1,3,2,4,8,2,2,1,4,2,2,4,2,2,2,2
4,202,1713.0,137,terminated,2,0,0,2,1713.0,1,2,1,1,1,4,1,9,2,2,1,5,2,2,1,3,2,4,8,2,2,1,4,2,2,4,2,2,2,2
4,203,1761.0,89,terminated,2,0,0,2,1761.0,1,4,2,2,1,4,1,9,2,2,1,5,2,2,1,3,2,4,8,2,2,5,4,2,2,4,2,2,2,2
4,204,-178.0,18,terminated,1,41,1,0,-178.0,0,0,0,0,1,0,1,2,1,0,1,2,1,0,1,1,0,0,1,1,0,0,1,1,0,1,1,0,1,0
4,205,1744.0,106,terminated,2,0,0,2,1744.0,1,0,0,0,0,4,0,8,2,2,0,4,2,2,0,2,2,4,8,2,2,0,4,2,2,4,2,2,2,2
4,206,1750.0,100,terminated,2,0,0,2,1750.0,1,1,0,1,0,4,0,8,2,2,0,4,2,2,0,2,2,4,8,2,2,7,4,2,2,4,2,2,2,2
4,207,1511.0,139,terminated,2,0,0,1,1511.0,1,1,1,0,1,3,1,7,2,1,1,4,2,1,1,2,1,3,6,2,1,0,3,2,1,3,2,1,2,1
4,208,1739.0,111,terminated,2,0,0,2,1739.0,1,1,0,1,1,4,1,9,2,2,1,5,2,2,1,3,2,4,8,2,2,0,4,2,2,4,2,2,2,2
4,209,1736.0,114,terminated,2,0,0,2,1736.0,1,0,0,0,1,4,1,9,2,2,1,5,2,2,1,3,2,4,8,2,2,9,4,2,2,4,2,2,2,2
4,210,1732.0,118,terminated,2,0,0,2,1732.0,1,1,0,1,1,4,1,9,2,2,1,5,2,2,1,3,2,4,8,2,2,1,4,2,2,4,2,2,2,2
4,211,1733.0,117,terminated,2,0,0,2,1733.0,1,3,2,1,1,4,1,9,2,2,1,5,2,2,1,3,2,4,8,2,2,24,4,2,2,4,2,2,2,2
4,212,1764.0,86,terminated,2,0,0,2,1764.0,1,1,0,1,0,4,0,8,2,2,0,4,2,2,0,2,2,4,8,2,2,0,4,2,2,4,2,2,2,2
4,213,1747.0,103,terminated,2,0,0,2,1747.0,1,1,1,0,1,4,1,9,2,2,1,5,2,2,1,3,2,4,8,2,2,8,4,2,2,4,2,2,2,2
4,214,1709.0,141,terminated,2,0,0,2,1709.0,1,1,0,1,0,4,0,8,2,2,0,4,2,2,0,2,2,4,8,2,2,0,4,2,2,4,2,2,2,2
4,215,1736.0,114,terminated,2,0,0,2,1736.0,1,2,1,1,1,4,1,9,2,2,1,5,2,2,1,3,2,4,8,2,2,6,4,2,2,4,2,2,2,2
4,216,1725.0,125,terminated,2,0,0,2,1725.0,1,1,1,0,1,4,1,9,2,2,1,5,2,2,1,3,2,4,8,2,2,2,4,2,2,4,2,2,2,2
4,217,1723.0,127,terminated,2,0,0,2,1723.0,1,2,1,1,1,4,1,9,2,2,1,5,2,2,1,3,2,4,8,2,2,2,4,2,2,4,2,2,2,2
4,218,21.0,19,terminated,1,41,1,1,21.0,0,0,0,0,1,0,1,3,1,1,1,3,1,1,1,2,1,0,2,1,1,0,2,1,1,2,1,1,1,1
4,219,20.0,20,terminated,1,41,1,1,20.0,0,0,0,0,1,1,1,4,1,1,1,3,1,1,1,2,1,1,3,1,1,0,2,1,1,2,1,1,1,1
4,220,1536.0,114,terminated,2,0,0,1,1536.0,1,1,1,0,1,3,1,7,2,1,1,4,2,1,1,2,1,3,6,2,1,6,3,2,1,3,2,1,2,1
4,221,1755.0,95,terminated,2,0,0,2,1755.0,1,0,0,0,0,4,0,8,2,2,0,4,2,2,0,2,2,4,8,2,2,0,4,2,2,4,2,2,2,2
4,222,1739.0,111,terminated,2,0,0,2,1739.0,1,2,1,1,1,4,1,9,2,2,1,5,2,2,1,3,2,4,8,2,2,8,4,2,2,4,2,2,2,2
4,223,1747.0,103,terminated,2,0,0,2,1747.0,1,2,1,1,1,3,1,8,2,2,1,5,2,2,1,3,2,3,7,2,2,15,4,2,2,4,2,2,2,2
4,224,1749.0,101,terminated,2,0,0,2,1749.0,1,2,2,0,1,3,1,8,2,2,1,5,2,2,1,3,2,3,7,2,2,6,4,2,2,4,2,2,2,2
4,225,1750.0,100,terminated,2,0,0,2,1750.0,1,3,1,2,1,4,1,9,2,2,1,5,2,2,1,3,2,4,8,2,2,7,4,2,2,4,2,2,2,2
4,226,1545.0,105,terminated,2,0,0,1,1545.0,1,2,1,1,1,3,1,7,2,1,1,4,2,1,1,2,1,3,6,2,1,6,3,2,1,3,2,1,2,1
4,227,1742.0,108,terminated,2,0,0,2,1742.0,1,1,0,1,1,4,1,9,2,2,1,5,2,2,1,3,2,4,8,2,2,2,4,2,2,4,2,2,2,2
4,228,1755.0,95,terminated,2,0,0,2,1755.0,1,2,2,0,0,4,0,8,2,2,0,4,2,2,0,2,2,4,8,2,2,6,4,2,2,4,2,2,2,2
4,229,331.0,39,terminated,1,28,1,2,331.0,0,2,1,1,1,2,1,6,1,2,1,4,1,2,1,3,2,2,5,1,2,5,3,1,2,3,1,2,1,2
4,230,21.0,19,terminated,1,41,1,1,21.0,0,2,1,1,1,0,1,3,1,1,1,3,1,1,1,2,1,0,2,1,1,1,2,1,1,2,1,1,1,1
4,231,1731.0,119,terminated,2,0,0,2,1731.0,1,2,1,1,1,4,1,9,2,2,1,5,2,2,1,3,2,4,8,2,2,8,4,2,2,4,2,2,2,2
4,232,1749.0,101,terminated,2,0,0,2,1749.0,1,3,1,2,1,4,1,9,2,2,1,5,2,2,1,3,2,4,8,2,2,3,4,2,2,4,2,2,2,2
4,233,1760.0,90,terminated,2,0,0,2,1760.0,1,2,2,0,1,4,1,9,2,2,1,5,2,2,1,3,2,4,8,2,2,3,4,2,2,4,2,2,2,2
4,234,1758.0,92,terminated,2,0,0,2,1758.0,1,1,1,0,0,4,0,8,2,2,0,4,2,2,0,2,2,4,8,2,2,2,4,2,2,4,2,2,2,2
4,235,1542.0,108,terminated,1,0,0,2,1542.0,1,2,1,1,0,3,0,6,1,2,0,3,1,2,0,2,2,3,6,1,2,4,3,1,2,3,1,2,1,2
4,236,1734.0,116,terminated,2,0,0,2,1734.0,1,1,0,1,0,4,0,8,2,2,0,4,2,2,0,2,2,4,8,2,2,0,4,2,2,4,2,2,2,2
4,237,1746.0,104,terminated,2,0,0,2,1746.0,1,2,1,1,0,3,0,7,2,2,0,4,2,2,0,2,2,3,7,2,2,0,4,2,2,4,2,2,2,2
4,238,1752.0,98,terminated,2,0,0,2,1752.0,1,4,2,2,1,2,1,7,2,2,1,5,2,2,1,3,2,2,6,2,2,0,4,2,2,4,2,2,2,2
4,239,1765.0,85,terminated,2,0,0,2,1765.0,1,2,1,1,1,4,1,9,2,2,1,5,2,2,1,3,2,4,8,2,2,1,4,2,2,4,2,2,2,2
4,240,1763.0,87,terminated,2,0,0,2,1763.0,1,3,2,1,1,4,1,9,2,2,1,5,2,2,1,3,2,4,8,2,2,5,4,2,2,4,2,2,2,2
4,241,1744.0,106,terminated,2,0,0,2,1744.0,1,3,1,2,1,4,1,9,2,2,1,5,2,2,1,3,2,4,8,2,2,8,4,2,2,4,2,2,2,2
4,242,1740.0,110,terminated,2,0,0,2,1740.0,1,4,2,2,1,4,1,9,2,2,1,5,2,2,1,3,2,4,8,2,2,9,4,2,2,4,2,2,2,2
4,243,1512.0,138,terminated,1,0,0,2,1512.0,1,2,1,1,1,3,1,7,1,2,1,4,1,2,1,3,2,3,6,1,2,8,3,1,2,3,1,2,1,2
4,244,1726.0,124,terminated,2,0,0,2,1726.0,1,2,1,1,0,4,0,8,2,2,0,4,2,2,0,2,2,4,8,2,2,0,4,2,2,4,2,2,2,2
4,245,19.0,21,terminated,1,41,1,1,19.0,0,0,0,0,1,1,1,4,1,1,1,3,1,1,1,2,1,1,3,1,1,0,2,1,1,2,1,1,1,1
4,246,530.0,40,terminated,2,28,1,2,530.0,0,2,1,1,1,2,1,7,2,2,1,5,2,2,1,3,2,2,6,2,2,9,4,2,2,4,2,2,2,2
4,247,1721.0,129,terminated,2,0,0,2,1721.0,1,1,1,0,0,4,0,8,2,2,0,4,2,2,0,2,2,4,8,2,2,3,4,2,2,4,2,2,2,2
4,248,1704.0,146,terminated,2,0,0,2,1704.0,1,2,1,1,1,4,1,9,2,2,1,5,2,2,1,3,2,4,8,2,2,27,4,2,2,4,2,2,2,2
4,249,1744.0,106,terminated,2,0,0,2,1744.0,1,2,1,1,1,4,1,9,2,2,1,5,2,2,1,3,2,4,8,2,2,3,4,2,2,4,2,2,2,2
4,250,1766.0,84,terminated,2,0,0,2,1766.0,1,1,1,0,1,3,1,8,2,2,1,5,2,2,1,3,2,3,7,2,2,0,4,2,2,4,2,2,2,2
4,251,677.0,93,terminated,2,8,1,2,677.0,0,0,0,0,1,4,1,9,2,2,1,5,2,2,1,3,2,4,8,2,2,0,4,2,2,4,2,2,2,2
4,252,1762.0,88,terminated,2,0,0,2,1762.0,1,2,1,1,0,4,0,8,2,2,0,4,2,2,0,2,2,4,8,2,2,0,4,2,2,4,2,2,2,2
4,253,1754.0,96,terminated,2,0,0,2,1754.0,1,2,1,1,1,4,1,9,2,2,1,5,2,2,1,3,2,4,8,2,2,4,4,2,2,4,2,2,2,2
4,254,1768.0,82,terminated,2,0,0,2,1768.0,1,2,1,1,0,3,0,7,2,2,0,4,2,2,0,2,2,3,7,2,2,0,4,2,2,4,2,2,2,2
4,255,-179.0,19,terminated,0,41,1,1,-179.0,0,1,0,1,1,0,1,2,0,1,1,2,0,1,1,2,1,0,1,0,1,1,1,0,1,1,0,1,0,1
4,256,1753.0,97,terminated,2,0,0,2,1753.0,1,1,0,1,1,3,1,8,2,2,1,5,2,2,1,3,2,3,7,2,2,0,4,2,2,4,2,2,2,2
4,257,-170.0,20,terminated,0,40,1,1,-170.0,0,0,0,0,0,1,0,2,0,1,0,1,0,1,0,1,1,1,2,0,1,3,1,0,1,1,0,1,0,1
4,258,1749.0,101,terminated,2,0,0,2,1749.0,1,2,1,1,1,4,1,9,2,2,1,5,2,2,1,3,2,4,8,2,2,10,4,2,2,4,2,2,2,2
4,259,1746.0,104,terminated,2,0,0,2,1746.0,1,1,0,1,1,3,1,8,2,2,1,5,2,2,1,3,2,3,7,2,2,5,4,2,2,4,2,2,2,2
4,260,1749.0,101,terminated,2,0,0,2,1749.0,1,1,1,0,0,4,0,8,2,2,0,4,2,2,0,2,2,4,8,2,2,0,4,2,2,4,2,2,2,2
4,261,1736.0,114,terminated,2,0,0,2,1736.0,1,1,1,0,1,4,1,9,2,2,1,5,2,2,1,3,2,4,8,2,2,0,4,2,2,4,2,2,2,2
4,262,1748.0,102,terminated,2,0,0,2,1748.0,1,1,0,1,1,4,1,9,2,2,1,5,2,2,1,3,2,4,8,2,2,5,4,2,2,4,2,2,2,2
4,263,1732.0,118,terminated,2,0,0,2,1732.0,1,2,1,1,1,4,1,9,2,2,1,5,2,2,1,3,2,4,8,2,2,8,4,2,2,4,2,2,2,2
4,264,1744.0,106,terminated,2,0,0,2,1744.0,1,3,1,2,1,3,1,8,2,2,1,5,2,2,1,3,2,3,7,2,2,0,4,2,2,4,2,2,2,2
4,265,1736.0,114,terminated,2,0,0,2,1736.0,1,3,2,1,1,4,1,9,2,2,1,5,2,2,1,3,2,4,8,2,2,9,4,2,2,4,2,2,2,2
4,266,1737.0,113,terminated,2,0,0,2,1737.0,1,3,1,2,1,4,1,9,2,2,1,5,2,2,1,3,2,4,8,2,2,4,4,2,2,4,2,2,2,2
4,267,1728.0,122,terminated,2,0,0,2,1728.0,1,1,1,0,0,3,0,7,2,2,0,4,2,2,0,2,2,3,7,2,2,0,4,2,2,4,2,2,2,2
4,268,1744.0,106,terminated,2,0,0,2,1744.0,1,1,0,1,0,4,0,8,2,2,0,4,2,2,0,2,2,4,8,2,2,0,4,2,2,4,2,2,2,2
4,269,1719.0,131,terminated,2,0,0,2,1719.0,1,1,1,0,1,4,1,9,2,2,1,5,2,2,1,3,2,4,8,2,2,9,4,2,2,4,2,2,2,2
4,270,1744.0,106,terminated,2,0,0,2,1744.0,1,1,0,1,0,4,0,8,2,2,0,4,2,2,0,2,2,4,8,2,2,5,4,2,2,4,2,2,2,2
4,271,619.0,131,terminated,2,10,1,2,619.0,0,0,0,0,1,4,1,9,2,2,1,5,2,2,1,3,2,4,8,2,2,11,4,2,2,4,2,2,2,2
4,272,1747.0,103,terminated,2,0,0,2,1747.0,1,3,2,1,1,4,1,9,2,2,1,5,2,2,1,3,2,4,8,2,2,5,4,2,2,4,2,2,2,2
4,273,1715.0,135,terminated,2,0,0,2,1715.0,1,1,0,1,1,4,1,9,2,2,1,5,2,2,1,3,2,4,8,2,2,1,4,2,2,4,2,2,2,2
4,274,484.0,36,terminated,2,33,1,2,484.0,0,4,2,2,1,3,1,8,2,2,1,5,2,2,1,3,2,3,7,2,2,6,4,2,2,4,2,2,2,2
4,275,1728.0,122,terminated,2,0,0,2,1728.0,1,2,0,2,1,4,1,9,2,2,1,5,2,2,1,3,2,4,8,2,2,8,4,2,2,4,2,2,2,2
4,276,1762.0,88,terminated,2,0,0,2,1762.0,1,2,1,1,1,3,1,8,2,2,1,5,2,2,1,3,2,3,7,2,2,5,4,2,2,4,2,2,2,2
4,277,1758.0,92,terminated,2,0,0,2,1758.0,1,2,1,1,0,3,0,7,2,2,0,4,2,2,0,2,2,3,7,2,2,0,4,2,2,4,2,2,2,2
4,278,1736.0,114,terminated,2,0,0,2,1736.0,1,1,1,0,0,4,0,8,2,2,0,4,2,2,0,2,2,4,8,2,2,0,4,2,2,4,2,2,2,2
4,279,1725.0,125,terminated,2,0,0,2,1725.0,1,3,1,2,1,4,1,9,2,2,1,5,2,2,1,3,2,4,8,2,2,9,4,2,2,4,2,2,2,2
4,280,13.0,27,terminated,1,41,1,1,13.0,0,0,0,0,1,1,1,4,1,1,1,3,1,1,1,2,1,1,3,1,1,0,2,1,1,2,1,1,1,1
4,281,1729.0,121,terminated,2,0,0,2,1729.0,1,3,2,1,1,4,1,9,2,2,1,5,2,2,1,3,2,4,8,2,2,2,4,2,2,4,2,2,2,2
4,282,593.0,97,terminated,2,16,1,2,593.0,0,3,2,1,1,4,1,9,2,2,1,5,2,2,1,3,2,4,8,2,2,8,4,2,2,4,2,2,2,2
4,283,1762.0,88,terminated,2,0,0,2,1762.0,1,2,1,1,1,3,1,8,2,2,1,5,2,2,1,3,2,3,7,2,2,0,4,2,2,4,2,2,2,2
4,284,16.0,24,terminated,1,41,1,1,16.0,0,0,0,0,0,1,0,3,1,1,0,2,1,1,0,1,1,1,3,1,1,0,2,1,1,2,1,1,1,1
4,285,624.0,86,terminated,2,14,1,2,624.0,0,1,0,1,1,3,1,8,2,2,1,5,2,2,1,3,2,3,7,2,2,2,4,2,2,4,2,2,2,2
4,286,1746.0,104,terminated,2,0,0,2,1746.0,1,3,2,1,1,4,1,9,2,2,1,5,2,2,1,3,2,4,8,2,2,5,4,2,2,4,2,2,2,2
4,287,1686.0,164,terminated,2,0,0,2,1686.0,1,2,1,1,1,4,1,9,2,2,1,5,2,2,1,3,2,4,8,2,2,6,4,2,2,4,2,2,2,2
4,288,1526.0,124,terminated,1,0,0,2,1526.0,1,1,0,1,1,3,1,7,1,2,1,4,1,2,1,3,2,3,6,1,2,10,3,1,2,3,1,2,1,2
4,289,1768.0,82,terminated,2,0,0,2,1768.0,1,0,0,0,0,4,0,8,2,2,0,4,2,2,0,2,2,4,8,2,2,0,4,2,2,4,2,2,2,2
4,290,1735.0,115,terminated,2,0,0,2,1735.0,1,4,2,2,1,4,1,9,2,2,1,5,2,2,1,3,2,4,8,2,2,15,4,2,2,4,2,2,2,2
4,291,1747.0,103,terminated,2,0,0,2,1747.0,1,0,0,0,1,4,1,9,2,2,1,5,2,2,1,3,2,4,8,2,2,8,4,2,2,4,2,2,2,2
4,292,1767.0,83,terminated,2,0,0,2,1767.0,1,2,1,1,1,4,1,9,2,2,1,5,2,2,1,3,2,4,8,2,2,2,4,2,2,4,2,2,2,2
4,293,1684.0,166,terminated,2,0,0,2,1684.0,1,3,1,2,1,4,1,9,2,2,1,5,2,2,1,3,2,4,8,2,2,29,4,2,2,4,2,2,2,2
4,294,1744.0,106,terminated,2,0,0,2,1744.0,1,2,1,1,1,4,1,9,2,2,1,5,2,2,1,3,2,4,8,2,2,3,4,2,2,4,2,2,2,2
4,295,1747.0,103,terminated,2,0,0,2,1747.0,1,1,1,0,0,3,0,7,2,2,0,4,2,2,0,2,2,3,7,2,2,2,4,2,2,4,2,2,2,2
4,296,1764.0,86,terminated,2,0,0,2,1764.0,1,2,1,1,0,3,0,7,2,2,0,4,2,2,0,2,2,3,7,2,2,0,4,2,2,4,2,2,2,2
4,297,1746.0,104,terminated,2,0,0,2,1746.0,1,3,2,1,1,4,1,9,2,2,1,5,2,2,1,3,2,4,8,2,2,6,4,2,2,4,2,2,2,2
4,298,1704.0,146,terminated,2,0,0,2,1704.0,1,2,1,1,1,4,1,9,2,2,1,5,2,2,1,3,2,4,8,2,2,14,4,2,2,4,2,2,2,2
4,299,1761.0,89,terminated,2,0,0,2,1761.0,1,3,2,1,1,4,1,9,2,2,1,5,2,2,1,3,2,4,8,2,2,6,4,2,2,4,2,2,2,2
4,300,1724.0,126,terminated,2,0,0,2,1724.0,1,4,2,2,1,4,1,9,2,2,1,5,2,2,1,3,2,4,8,2,2,7,4,2,2,4,2,2,2,2
4,301,1727.0,123,terminated,2,0,0,2,1727.0,1,1,1,0,1,4,1,9,2,2,1,5,2,2,1,3,2,4,8,2,2,7,4,2,2,4,2,2,2,2
4,302,1741.0,109,terminated,2,0,0,2,1741.0,1,3,2,1,1,3,1,8,2,2,1,5,2,2,1,3,2,3,7,2,2,0,4,2,2,4,2,2,2,2
4,303,1765.0,85,terminated,2,0,0,2,1765.0,1,1,0,1,0,4,0,8,2,2,0,4,2,2,0,2,2,4,8,2,2,8,4,2,2,4,2,2,2,2
4,304,1743.0,107,terminated,2,0,0,2,1743.0,1,1,0,1,1,4,1,9,2,2,1,5,2,2,1,3,2,4,8,2,2,2,4,2,2,4,2,2,2,2
4,305,1753.0,97,terminated,2,0,0,2,1753.0,1,2,1,1,1,4,1,9,2,2,1,5,2,2,1,3,2,4,8,2,2,2,4,2,2,4,2,2,2,2
4,306,1746.0,104,terminated,2,0,0,2,1746.0,1,1,1,0,0,4,0,8,2,2,0,4,2,2,0,2,2,4,8,2,2,3,4,2,2,4,2,2,2,2
4,307,1711.0,139,terminated,2,0,0,2,1711.0,1,2,1,1,1,4,1,9,2,2,1,5,2,2,1,3,2,4,8,2,2,8,4,2,2,4,2,2,2,2
4,308,1749.0,101,terminated,2,0,0,2,1749.0,1,2,2,0,1,4,1,9,2,2,1,5,2,2,1,3,2,4,8,2,2,8,4,2,2,4,2,2,2,2
4,309,1713.0,137,terminated,2,0,0,2,1713.0,1,1,1,0,1,4,1,9,2,2,1,5,2,2,1,3,2,4,8,2,2,7,4,2,2,4,2,2,2,2
4,310,1719.0,131,terminated,2,0,0,2,1719.0,1,0,0,0,1,4,1,9,2,2,1,5,2,2,1,3,2,4,8,2,2,0,4,2,2,4,2,2,2,2
4,311,1708.0,142,terminated,2,0,0,2,1708.0,1,3,2,1,1,3,1,8,2,2,1,5,2,2,1,3,2,3,7,2,2,0,4,2,2,4,2,2,2,2
4,312,1768.0,82,terminated,2,0,0,2,1768.0,1,3,2,1,0,4,0,8,2,2,0,4,2,2,0,2,2,4,8,2,2,0,4,2,2,4,2,2,2,2
4,313,1716.0,134,terminated,2,0,0,2,1716.0,1,4,2,2,1,4,1,9,2,2,1,5,2,2,1,3,2,4,8,2,2,14,4,2,2,4,2,2,2,2
4,314,1747.0,103,terminated,2,0,0,2,1747.0,1,3,2,1,1,4,1,9,2,2,1,5,2,2,1,3,2,4,8,2,2,15,4,2,2,4,2,2,2,2
4,315,1722.0,128,terminated,2,0,0,2,1722.0,1,2,1,1,0,4,0,8,2,2,0,4,2,2,0,2,2,4,8,2,2,0,4,2,2,4,2,2,2,2
4,316,1734.0,116,terminated,2,0,0,2,1734.0,1,2,2,0,1,4,1,9,2,2,1,5,2,2,1,3,2,4,8,2,2,14,4,2,2,4,2,2,2,2
4,317,1721.0,129,terminated,2,0,0,2,1721.0,1,3,2,1,1,4,1,9,2,2,1,5,2,2,1,3,2,4,8,2,2,5,4,2,2,4,2,2,2,2
4,318,1754.0,96,terminated,2,0,0,2,1754.0,1,1,0,1,0,4,0,8,2,2,0,4,2,2,0,2,2,4,8,2,2,0,4,2,2,4,2,2,2,2
4,319,21.0,19,terminated,1,41,1,1,21.0,0,2,1,1,1,1,1,4,1,1,1,3,1,1,1,2,1,1,3,1,1,2,2,1,1,2,1,1,1,1
4,320,1538.0,112,terminated,2,0,0,1,1538.0,1,1,1,0,0,3,0,6,2,1,0,3,2,1,0,1,1,3,6,2,1,12,3,2,1,3,2,1,2,1
4,321,1534.0,116,terminated,1,0,0,2,1534.0,1,3,1,2,1,3,1,7,1,2,1,4,1,2,1,3,2,3,6,1,2,8,3,1,2,3,1,2,1,2
4,322,1733.0,117,terminated,2,0,0,2,1733.0,1,4,2,2,1,4,1,9,2,2,1,5,2,2,1,3,2,4,8,2,2,5,4,2,2,4,2,2,2,2
4,323,19.0,21,terminated,1,41,1,1,19.0,0,0,0,0,1,1,1,4,1,1,1,3,1,1,1,2,1,1,3,1,1,0,2,1,1,2,1,1,1,1
4,324,1703.0,147,terminated,2,0,0,2,1703.0,1,2,1,1,1,4,1,9,2,2,1,5,2,2,1,3,2,4,8,2,2,5,4,2,2,4,2,2,2,2
4,325,1759.0,91,terminated,2,0,0,2,1759.0,1,2,1,1,1,4,1,9,2,2,1,5,2,2,1,3,2,4,8,2,2,0,4,2,2,4,2,2,2,2
4,326,1758.0,92,terminated,2,0,0,2,1758.0,1,3,1,2,1,4,1,9,2,2,1,5,2,2,1,3,2,4,8,2,2,10,4,2,2,4,2,2,2,2
4,327,1735.0,115,terminated,2,0,0,2,1735.0,1,2,1,1,0,4,0,8,2,2,0,4,2,2,0,2,2,4,8,2,2,0,4,2,2,4,2,2,2,2
4,328,1745.0,105,terminated,2,0,0,2,1745.0,1,3,2,1,1,4,1,9,2,2,1,5,2,2,1,3,2,4,8,2,2,6,4,2,2,4,2,2,2,2
4,329,735.0,105,terminated,2,1,1,2,735.0,0,2,0,2,0,4,0,8,2,2,0,4,2,2,0,2,2,4,8,2,2,8,4,2,2,4,2,2,2,2
4,330,1556.0,94,terminated,2,0,0,1,1556.0,1,0,0,0,0,3,0,6,2,1,0,3,2,1,0,1,1,3,6,2,1,0,3,2,1,3,2,1,2,1
4,331,1541.0,109,terminated,1,0,0,2,1541.0,1,0,0,0,1,3,1,7,1,2,1,4,1,2,1,3,2,3,6,1,2,2,3,1,2,3,1,2,1,2
4,332,1557.0,93,terminated,1,0,0,2,1557.0,1,1,0,1,0,3,0,6,1,2,0,3,1,2,0,2,2,3,6,1,2,0,3,1,2,3,1,2,1,2
4,333,530.0,40,terminated,2,28,1,2,530.0,0,2,0,2,1,3,1,8,2,2,1,5,2,2,1,3,2,3,7,2,2,0,4,2,2,4,2,2,2,2
4,334,1727.0,123,terminated,2,0,0,2,1727.0,1,1,1,0,1,4,1,9,2,2,1,5,2,2,1,3,2,4,8,2,2,13,4,2,2,4,2,2,2,2
4,335,1753.0,97,terminated,2,0,0,2,1753.0,1,3,2,1,1,4,1,9,2,2,1,5,2,2,1,3,2,4,8,2,2,5,4,2,2,4,2,2,2,2
4,336,652.0,88,terminated,2,11,1,2,652.0,0,2,1,1,0,4,0,8,2,2,0,4,2,2,0,2,2,4,8,2,2,2,4,2,2,4,2,2,2,2
4,337,1723.0,127,terminated,2,0,0,2,1723.0,1,3,1,2,1,4,1,9,2,2,1,5,2,2,1,3,2,4,8,2,2,7,4,2,2,4,2,2,2,2
4,338,1720.0,130,terminated,2,0,0,2,1720.0,1,2,1,1,1,4,1,9,2,2,1,5,2,2,1,3,2,4,8,2,2,1,4,2,2,4,2,2,2,2
4,339,1754.0,96,terminated,2,0,0,2,1754.0,1,2,1,1,1,4,1,9,2,2,1,5,2,2,1,3,2,4,8,2,2,2,4,2,2,4,2,2,2,2
4,340,1737.0,113,terminated,2,0,0,2,1737.0,1,3,1,2,1,4,1,9,2,2,1,5,2,2,1,3,2,4,8,2,2,8,4,2,2,4,2,2,2,2
4,341,1699.0,151,terminated,2,0,0,2,1699.0,1,1,1,0,0,4,0,8,2,2,0,4,2,2,0,2,2,4,8,2,2,0,4,2,2,4,2,2,2,2
4,342,1740.0,110,terminated,2,0,0,2,1740.0,1,2,1,1,1,4,1,9,2,2,1,5,2,2,1,3,2,4,8,2,2,4,4,2,2,4,2,2,2,2
4,343,1763.0,87,terminated,2,0,0,2,1763.0,1,2,1,1,1,4,1,9,2,2,1,5,2,2,1,3,2,4,8,2,2,7,4,2,2,4,2,2,2,2
4,344,611.0,79,terminated,2,16,1,2,611.0,0,2,0,2,1,4,1,9,2,2,1,5,2,2,1,3,2,4,8,2,2,8,4,2,2,4,2,2,2,2
4,345,1739.0,111,terminated,2,0,0,2,1739.0,1,3,2,1,1,4,1,9,2,2,1,5,2,2,1,3,2,4,8,2,2,2,4,2,2,4,2,2,2,2
4,346,1761.0,89,terminated,2,0,0,2,1761.0,1,3,2,1,1,4,1,9,2,2,1,5,2,2,1,3,2,4,8,2,2,1,4,2,2,4,2,2,2,2
4,347,731.0,109,terminated,2,1,1,2,731.0,0,2,1,1,0,4,0,8,2,2,0,4,2,2,0,2,2,4,8,2,2,4,4,2,2,4,2,2,2,2
4,348,17.0,23,terminated,1,41,1,1,17.0,0,1,0,1,0,1,0,3,1,1,0,2,1,1,0,1,1,1,3,1,1,1,2,1,1,2,1,1,1,1
4,349,1753.0,97,terminated,2,0,0,2,1753.0,1,0,0,0,1,3,1,8,2,2,1,5,2,2,1,3,2,3,7,2,2,0,4,2,2,4,2,2,2,2
4,350,332.0,38,terminated,2,28,1,1,332.0,0,2,1,1,1,2,1,6,2,1,1,4,2,1,1,2,1,2,5,2,1,4,3,2,1,3,2,1,2,1
4,351,1720.0,130,terminated,2,0,0,2,1720.0,1,2,1,1,1,3,1,8,2,2,1,5,2,2,1,3,2,3,7,2,2,7,4,2,2,4,2,2,2,2
4,352,1531.0,119,terminated,1,0,0,2,1531.0,1,0,0,0,1,3,1,7,1,2,1,4,1,2,1,3,2,3,6,1,2,11,3,1,2,3,1,2,1,2
4,353,530.0,40,terminated,2,28,1,2,530.0,0,1,0,1,1,3,1,8,2,2,1,5,2,2,1,3,2,3,7,2,2,0,4,2,2,4,2,2,2,2
4,354,1736.0,114,terminated,2,0,0,2,1736.0,1,1,0,1,0,4,0,8,2,2,0,4,2,2,0,2,2,4,8,2,2,3,4,2,2,4,2,2,2,2
4,355,17.0,23,terminated,1,41,1,1,17.0,0,0,0,0,0,1,0,3,1,1,0,2,1,1,0,1,1,1,3,1,1,0,2,1,1,2,1,1,1,1
4,356,1743.0,107,terminated,2,0,0,2,1743.0,1,4,2,2,1,4,1,9,2,2,1,5,2,2,1,3,2,4,8,2,2,10,4,2,2,4,2,2,2,2
4,357,1512.0,138,terminated,2,0,0,1,1512.0,1,1,0,1,1,3,1,7,2,1,1,4,2,1,1,2,1,3,6,2,1,2,3,2,1,3,2,1,2,1
4,358,1737.0,113,terminated,2,0,0,2,1737.0,1,2,1,1,1,4,1,9,2,2,1,5,2,2,1,3,2,4,8,2,2,5,4,2,2,4,2,2,2,2
4,359,1749.0,101,terminated,2,0,0,2,1749.0,1,1,1,0,0,3,0,7,2,2,0,4,2,2,0,2,2,3,7,2,2,3,4,2,2,4,2,2,2,2
4,360,21.0,19,terminated,1,41,1,1,21.0,0,2,1,1,1,0,1,3,1,1,1,3,1,1,1,2,1,0,2,1,1,1,2,1,1,2,1,1,1,1
4,361,1752.0,98,terminated,2,0,0,2,1752.0,1,2,0,2,1,4,1,9,2,2,1,5,2,2,1,3,2,4,8,2,2,1,4,2,2,4,2,2,2,2
4,362,1695.0,155,terminated,2,0,0,2,1695.0,1,0,0,0,0,4,0,8,2,2,0,4,2,2,0,2,2,4,8,2,2,6,4,2,2,4,2,2,2,2
4,363,1759.0,91,terminated,2,0,0,2,1759.0,1,0,0,0,0,4,0,8,2,2,0,4,2,2,0,2,2,4,8,2,2,0,4,2,2,4,2,2,2,2
4,364,754.0,86,terminated,2,1,1,2,754.0,0,1,1,0,1,4,1,9,2,2,1,5,2,2,1,3,2,4,8,2,2,3,4,2,2,4,2,2,2,2
4,365,1734.0,116,terminated,2,0,0,2,1734.0,1,2,1,1,0,4,0,8,2,2,0,4,2,2,0,2,2,4,8,2,2,0,4,2,2,4,2,2,2,2
4,366,1713.0,137,terminated,2,0,0,2,1713.0,1,2,1,1,0,4,0,8,2,2,0,4,2,2,0,2,2,4,8,2,2,0,4,2,2,4,2,2,2,2
4,367,1742.0,108,terminated,2,0,0,2,1742.0,1,3,1,2,1,4,1,9,2,2,1,5,2,2,1,3,2,4,8,2,2,12,4,2,2,4,2,2,2,2
4,368,-178.0,18,terminated,1,41,1,0,-178.0,0,0,0,0,1,0,1,2,1,0,1,2,1,0,1,1,0,0,1,1,0,0,1,1,0,1,1,0,1,0
4,369,1759.0,91,terminated,2,0,0,2,1759.0,1,2,1,1,1,4,1,9,2,2,1,5,2,2,1,3,2,4,8,2,2,0,4,2,2,4,2,2,2,2
4,370,1746.0,104,terminated,2,0,0,2,1746.0,1,0,0,0,1,4,1,9,2,2,1,5,2,2,1,3,2,4,8,2,2,0,4,2,2,4,2,2,2,2
4,371,1730.0,120,terminated,2,0,0,2,1730.0,1,4,2,2,1,4,1,9,2,2,1,5,2,2,1,3,2,4,8,2,2,4,4,2,2,4,2,2,2,2
4,372,1751.0,99,terminated,2,0,0,2,1751.0,1,2,1,1,0,3,0,7,2,2,0,4,2,2,0,2,2,3,7,2,2,8,4,2,2,4,2,2,2,2
4,373,353.0,57,terminated,1,24,1,2,353.0,0,1,0,1,0,2,0,5,1,2,0,3,1,2,0,2,2,2,5,1,2,5,3,1,2,3,1,2,1,2
4,374,1719.0,131,terminated,2,0,0,2,1719.0,1,2,0,2,1,4,1,9,2,2,1,5,2,2,1,3,2,4,8,2,2,10,4,2,2,4,2,2,2,2
4,375,1748.0,102,terminated,2,0,0,2,1748.0,1,2,1,1,0,4,0,8,2,2,0,4,2,2,0,2,2,4,8,2,2,0,4,2,2,4,2,2,2,2
4,376,1534.0,116,terminated,1,0,0,2,1534.0,1,1,0,1,0,3,0,6,1,2,0,3,1,2,0,2,2,3,6,1,2,13,3,1,2,3,1,2,1,2
4,377,1540.0,110,terminated,1,0,0,2,1540.0,1,2,1,1,0,3,0,6,1,2,0,3,1,2,0,2,2,3,6,1,2,17,3,1,2,3,1,2,1,2
4,378,17.0,23,terminated,1,41,1,1,17.0,0,0,0,0,1,1,1,4,1,1,1,3,1,1,1,2,1,1,3,1,1,0,2,1,1,2,1,1,1,1
4,379,1743.0,107,terminated,2,0,0,2,1743.0,1,2,2,0,0,4,0,8,2,2,0,4,2,2,0,2,2,4,8,2,2,4,4,2,2,4,2,2,2,2
4,380,1523.0,127,terminated,1,0,0,2,1523.0,1,2,0,2,1,3,1,7,1,2,1,4,1,2,1,3,2,3,6,1,2,19,3,1,2,3,1,2,1,2
4,381,102.0,38,terminated,1,31,1,1,102.0,0,0,0,0,0,1,0,3,1,1,0,2,1,1,0,1,1,1,3,1,1,8,2,1,1,2,1,1,1,1
4,382,1749.0,101,terminated,2,0,0,2,1749.0,1,1,0,1,1,3,1,8,2,2,1,5,2,2,1,3,2,3,7,2,2,0,4,2,2,4,2,2,2,2
4,383,1760.0,90,terminated,2,0,0,2,1760.0,1,2,1,1,1,3,1,8,2,2,1,5,2,2,1,3,2,3,7,2,2,0,4,2,2,4,2,2,2,2
4,384,1723.0,127,terminated,2,0,0,2,1723.0,1,2,1,1,0,4,0,8,2,2,0,4,2,2,0,2,2,4,8,2,2,0,4,2,2,4,2,2,2,2
4,385,1515.0,135,terminated,2,0,0,1,1515.0,1,1,1,0,1,3,1,7,2,1,1,4,2,1,1,2,1,3,6,2,1,21,3,2,1,3,2,1,2,1
4,386,1754.0,96,terminated,2,0,0,2,1754.0,1,3,1,2,0,3,0,7,2,2,0,4,2,2,0,2,2,3,7,2,2,8,4,2,2,4,2,2,2,2
4,387,1769.0,81,terminated,2,0,0,2,1769.0,1,3,1,2,0,3,0,7,2,2,0,4,2,2,0,2,2,3,7,2,2,6,4,2,2,4,2,2,2,2
4,388,1731.0,119,terminated,2,0,0,2,1731.0,1,2,1,1,1,4,1,9,2,2,1,5,2,2,1,3,2,4,8,2,2,9,4,2,2,4,2,2,2,2
4,389,1718.0,132,terminated,2,0,0,2,1718.0,1,1,0,1,1,4,1,9,2,2,1,5,2,2,1,3,2,4,8,2,2,11,4,2,2,4,2,2,2,2
4,390,21.0,29,terminated,1,40,1,1,21.0,0,1,0,1,1,1,1,4,1,1,1,3,1,1,1,2,1,1,3,1,1,6,2,1,1,2,1,1,1,1
4,391,475.0,45,terminated,2,33,1,2,475.0,0,3,1,2,1,3,1,8,2,2,1,5,2,2,1,3,2,3,7,2,2,7,4,2,2,4,2,2,2,2
4,392,1742.0,108,terminated,2,0,0,2,1742.0,1,2,2,0,1,4,1,9,2,2,1,5,2,2,1,3,2,4,8,2,2,1,4,2,2,4,2,2,2,2
4,393,1738.0,112,terminated,2,0,0,2,1738.0,1,2,1,1,1,4,1,9,2,2,1,5,2,2,1,3,2,4,8,2,2,5,4,2,2,4,2,2,2,2
4,394,1738.0,112,terminated,2,0,0,2,1738.0,1,1,1,0,0,4,0,8,2,2,0,4,2,2,0,2,2,4,8,2,2,3,4,2,2,4,2,2,2,2
4,395,1764.0,86,terminated,2,0,0,2,1764.0,1,3,2,1,1,4,1,9,2,2,1,5,2,2,1,3,2,4,8,2,2,5,4,2,2,4,2,2,2,2
4,396,1760.0,90,terminated,2,0,0,2,1760.0,1,4,2,2,1,3,1,8,2,2,1,5,2,2,1,3,2,3,7,2,2,1,4,2,2,4,2,2,2,2
4,397,1725.0,125,terminated,2,0,0,2,1725.0,1,1,0,1,0,4,0,8,2,2,0,4,2,2,0,2,2,4,8,2,2,2,4,2,2,4,2,2,2,2
4,398,1765.0,85,terminated,2,0,0,2,1765.0,1,4,2,2,1,2,1,7,2,2,1,5,2,2,1,3,2,2,6,2,2,6,4,2,2,4,2,2,2,2
4,399,1756.0,94,terminated,2,0,0,2,1756.0,1,2,1,1,0,4,0,8,2,2,0,4,2,2,0,2,2,4,8,2,2,8,4,2,2,4,2,2,2,2
4,400,1749.0,101,terminated,2,0,0,2,1749.0,1,2,1,1,0,4,0,8,2,2,0,4,2,2,0,2,2,4,8,2,2,0,4,2,2,4,2,2,2,2
4,401,51.0,39,terminated,1,36,1,1,51.0,0,0,0,0,1,1,1,4,1,1,1,3,1,1,1,2,1,1,3,1,1,18,2,1,1,2,1,1,1,1
4,402,1750.0,100,terminated,2,0,0,2,1750.0,1,2,1,1,1,4,1,9,2,2,1,5,2,2,1,3,2,4,8,2,2,10,4,2,2,4,2,2,2,2
4,403,483.0,37,terminated,2,33,1,2,483.0,0,3,2,1,1,3,1,8,2,2,1,5,2,2,1,3,2,3,7,2,2,4,4,2,2,4,2,2,2,2
4,404,1540.0,110,terminated,1,0,0,2,1540.0,1,2,1,1,1,3,1,7,1,2,1,4,1,2,1,3,2,3,6,1,2,8,3,1,2,3,1,2,1,2
4,405,609.0,71,terminated,2,17,1,2,609.0,0,4,2,2,1,4,1,9,2,2,1,5,2,2,1,3,2,4,8,2,2,7,4,2,2,4,2,2,2,2
4,406,1518.0,132,terminated,2,0,0,1,1518.0,1,2,1,1,1,3,1,7,2,1,1,4,2,1,1,2,1,3,6,2,1,10,3,2,1,3,2,1,2,1
4,407,1749.0,101,terminated,2,0,0,2,1749.0,1,2,1,1,0,4,0,8,2,2,0,4,2,2,0,2,2,4,8,2,2,4,4,2,2,4,2,2,2,2
4,408,1735.0,115,terminated,2,0,0,2,1735.0,1,3,1,2,1,4,1,9,2,2,1,5,2,2,1,3,2,4,8,2,2,4,4,2,2,4,2,2,2,2
4,409,1707.0,143,terminated,2,0,0,2,1707.0,1,3,2,1,1,4,1,9,2,2,1,5,2,2,1,3,2,4,8,2,2,14,4,2,2,4,2,2,2,2
4,410,1774.0,76,terminated,2,0,0,2,1774.0,1,3,1,2,1,4,1,9,2,2,1,5,2,2,1,3,2,4,8,2,2,1,4,2,2,4,2,2,2,2
4,411,1764.0,86,terminated,2,0,0,2,1764.0,1,1,0,1,0,4,0,8,2,2,0,4,2,2,0,2,2,4,8,2,2,0,4,2,2,4,2,2,2,2
4,412,1744.0,106,terminated,2,0,0,2,1744.0,1,3,1,2,0,4,0,8,2,2,0,4,2,2,0,2,2,4,8,2,2,0,4,2,2,4,2,2,2,2
4,413,1746.0,104,terminated,2,0,0,2,1746.0,1,2,1,1,1,4,1,9,2,2,1,5,2,2,1,3,2,4,8,2,2,1,4,2,2,4,2,2,2,2
4,414,1736.0,114,terminated,2,0,0,2,1736.0,1,2,1,1,0,3,0,7,2,2,0,4,2,2,0,2,2,3,7,2,2,0,4,2,2,4,2,2,2,2
4,415,584.0,86,terminated,2,18,1,2,584.0,0,3,1,2,1,3,1,8,2,2,1,5,2,2,1,3,2,3,7,2,2,0,4,2,2,4,2,2,2,2
4,416,1770.0,80,terminated,2,0,0,2,1770.0,1,2,1,1,0,3,0,7,2,2,0,4,2,2,0,2,2,3,7,2,2,0,4,2,2,4,2,2,2,2
4,417,27.0,23,terminated,1,40,1,1,27.0,0,1,0,1,1,1,1,4,1,1,1,3,1,1,1,2,1,1,3,1,1,5,2,1,1,2,1,1,1,1
4,418,1753.0,97,terminated,2,0,0,2,1753.0,1,3,2,1,0,4,0,8,2,2,0,4,2,2,0,2,2,4,8,2,2,3,4,2,2,4,2,2,2,2
4,419,21.0,19,terminated,1,41,1,1,21.0,0,0,0,0,1,1,1,4,1,1,1,3,1,1,1,2,1,1,3,1,1,0,2,1,1,2,1,1,1,1
4,420,1760.0,90,terminated,2,0,0,2,1760.0,1,1,1,0,1,4,1,9,2,2,1,5,2,2,1,3,2,4,8,2,2,0,4,2,2,4,2,2,2,2
4,421,1753.0,97,terminated,2,0,0,2,1753.0,1,3,2,1,1,4,1,9,2,2,1,5,2,2,1,3,2,4,8,2,2,8,4,2,2,4,2,2,2,2
4,422,1772.0,78,terminated,2,0,0,2,1772.0,1,2,1,1,1,4,1,9,2,2,1,5,2,2,1,3,2,4,8,2,2,0,4,2,2,4,2,2,2,2
4,423,1724.0,126,terminated,2,0,0,2,1724.0,1,2,0,2,1,4,1,9,2,2,1,5,2,2,1,3,2,4,8,2,2,1,4,2,2,4,2,2,2,2
4,424,1757.0,93,terminated,2,0,0,2,1757.0,1,0,0,0,0,4,0,8,2,2,0,4,2,2,0,2,2,4,8,2,2,0,4,2,2,4,2,2,2,2
4,425,1770.0,80,terminated,2,0,0,2,1770.0,1,2,1,1,0,3,0,7,2,2,0,4,2,2,0,2,2,3,7,2,2,0,4,2,2,4,2,2,2,2
4,426,1738.0,112,terminated,2,0,0,2,1738.0,1,0,0,0,0,4,0,8,2,2,0,4,2,2,0,2,2,4,8,2,2,0,4,2,2,4,2,2,2,2
4,427,1758.0,92,terminated,2,0,0,2,1758.0,1,2,1,1,1,4,1,9,2,2,1,5,2,2,1,3,2,4,8,2,2,2,4,2,2,4,2,2,2,2
4,428,1747.0,103,terminated,2,0,0,2,1747.0,1,4,2,2,1,4,1,9,2,2,1,5,2,2,1,3,2,4,8,2,2,4,4,2,2,4,2,2,2,2
4,429,1745.0,105,terminated,2,0,0,2,1745.0,1,1,1,0,1,4,1,9,2,2,1,5,2,2,1,3,2,4,8,2,2,0,4,2,2,4,2,2,2,2
4,430,1720.0,130,terminated,2,0,0,2,1720.0,1,3,2,1,1,4,1,9,2,2,1,5,2,2,1,3,2,4,8,2,2,2,4,2,2,4,2,2,2,2
4,431,537.0,43,terminated,2,27,1,2,537.0,0,3,2,1,0,3,0,7,2,2,0,4,2,2,0,2,2,3,7,2,2,2,4,2,2,4,2,2,2,2
4,432,1698.0,152,terminated,2,0,0,2,1698.0,1,2,1,1,1,4,1,9,2,2,1,5,2,2,1,3,2,4,8,2,2,2,4,2,2,4,2,2,2,2
4,433,627.0,73,terminated,2,15,1,2,627.0,0,2,1,1,1,4,1,9,2,2,1,5,2,2,1,3,2,4,8,2,2,0,4,2,2,4,2,2,2,2
4,434,675.0,85,terminated,2,9,1,2,675.0,0,4,2,2,1,4,1,9,2,2,1,5,2,2,1,3,2,4,8,2,2,2,4,2,2,4,2,2,2,2
4,435,1722.0,128,terminated,2,0,0,2,1722.0,1,0,0,0,0,4,0,8,2,2,0,4,2,2,0,2,2,4,8,2,2,0,4,2,2,4,2,2,2,2
4,436,1732.0,118,terminated,2,0,0,2,1732.0,1,1,0,1,0,3,0,7,2,2,0,4,2,2,0,2,2,3,7,2,2,0,4,2,2,4,2,2,2,2
4,437,1754.0,96,terminated,2,0,0,2,1754.0,1,3,1,2,1,4,1,9,2,2,1,5,2,2,1,3,2,4,8,2,2,6,4,2,2,4,2,2,2,2
4,438,681.0,109,terminated,2,6,1,2,681.0,0,1,1,0,0,4,0,8,2,2,0,4,2,2,0,2,2,4,8,2,2,0,4,2,2,4,2,2,2,2
4,439,328.0,42,terminated,2,28,1,1,328.0,0,1,0,1,1,2,1,6,2,1,1,4,2,1,1,2,1,2,5,2,1,0,3,2,1,3,2,1,2,1
4,440,1753.0,97,terminated,2,0,0,2,1753.0,1,2,2,0,0,4,0,8,2,2,0,4,2,2,0,2,2,4,8,2,2,5,4,2,2,4,2,2,2,2
4,441,1761.0,89,terminated,2,0,0,2,1761.0,1,3,1,2,1,4,1,9,2,2,1,5,2,2,1,3,2,4,8,2,2,1,4,2,2,4,2,2,2,2
4,442,1746.0,104,terminated,2,0,0,2,1746.0,1,0,0,0,1,3,1,8,2,2,1,5,2,2,1,3,2,3,7,2,2,0,4,2,2,4,2,2,2,2
4,443,1704.0,146,terminated,2,0,0,2,1704.0,1,1,0,1,0,4,0,8,2,2,0,4,2,2,0,2,2,4,8,2,2,0,4,2,2,4,2,2,2,2
4,444,1549.0,101,terminated,1,0,0,2,1549.0,1,1,1,0,1,3,1,7,1,2,1,4,1,2,1,3,2,3,6,1,2,5,3,1,2,3,1,2,1,2
4,445,1723.0,127,terminated,2,0,0,2,1723.0,1,1,1,0,1,4,1,9,2,2,1,5,2,2,1,3,2,4,8,2,2,11,4,2,2,4,2,2,2,2
4,446,-175.0,25,terminated,1,40,1,0,-175.0,0,0,0,0,1,1,1,3,1,0,1,2,1,0,1,1,0,1,2,1,0,3,1,1,0,1,1,0,1,0
4,447,1722.0,128,terminated,2,0,0,2,1722.0,1,3,1,2,1,4,1,9,2,2,1,5,2,2,1,3,2,4,8,2,2,3,4,2,2,4,2,2,2,2
4,448,-178.0,18,terminated,1,41,1,0,-178.0,0,0,0,0,1,0,1,2,1,0,1,2,1,0,1,1,0,0,1,1,0,0,1,1,0,1,1,0,1,0
4,449,1748.0,102,terminated,2,0,0,2,1748.0,1,2,2,0,0,4,0,8,2,2,0,4,2,2,0,2,2,4,8,2,2,6,4,2,2,4,2,2,2,2
4,450,1745.0,105,terminated,2,0,0,2,1745.0,1,3,2,1,1,4,1,9,2,2,1,5,2,2,1,3,2,4,8,2,2,4,4,2,2,4,2,2,2,2
4,451,698.0,102,terminated,2,5,1,2,698.0,0,0,0,0,1,4,1,9,2,2,1,5,2,2,1,3,2,4,8,2,2,9,4,2,2,4,2,2,2,2
4,452,1744.0,106,terminated,2,0,0,2,1744.0,1,2,2,0,1,4,1,9,2,2,1,5,2,2,1,3,2,4,8,2,2,0,4,2,2,4,2,2,2,2
4,453,1719.0,131,terminated,2,0,0,2,1719.0,1,3,2,1,1,4,1,9,2,2,1,5,2,2,1,3,2,4,8,2,2,7,4,2,2,4,2,2,2,2
4,454,1772.0,78,terminated,2,0,0,2,1772.0,1,3,1,2,1,4,1,9,2,2,1,5,2,2,1,3,2,4,8,2,2,5,4,2,2,4,2,2,2,2
4,455,1725.0,125,terminated,2,0,0,2,1725.0,1,2,1,1,1,3,1,8,2,2,1,5,2,2,1,3,2,3,7,2,2,0,4,2,2,4,2,2,2,2
4,456,1749.0,101,terminated,2,0,0,2,1749.0,1,3,2,1,1,4,1,9,2,2,1,5,2,2,1,3,2,4,8,2,2,8,4,2,2,4,2,2,2,2
4,457,1524.0,126,terminated,2,0,0,1,1524.0,1,1,0,1,0,2,0,5,2,1,0,3,2,1,0,1,1,2,5,2,1,26,3,2,1,3,2,1,2,1
4,458,1748.0,102,terminated,2,0,0,2,1748.0,1,2,1,1,1,3,1,8,2,2,1,5,2,2,1,3,2,3,7,2,2,5,4,2,2,4,2,2,2,2
4,459,1758.0,92,terminated,2,0,0,2,1758.0,1,2,1,1,1,4,1,9,2,2,1,5,2,2,1,3,2,4,8,2,2,0,4,2,2,4,2,2,2,2
4,460,1762.0,88,terminated,2,0,0,2,1762.0,1,3,1,2,1,2,1,7,2,2,1,5,2,2,1,3,2,2,6,2,2,6,4,2,2,4,2,2,2,2
4,461,1542.0,108,terminated,2,0,0,1,1542.0,1,2,1,1,0,3,0,6,2,1,0,3,2,1,0,1,1,3,6,2,1,16,3,2,1,3,2,1,2,1
4,462,1742.0,108,terminated,2,0,0,2,1742.0,1,3,1,2,1,4,1,9,2,2,1,5,2,2,1,3,2,4,8,2,2,24,4,2,2,4,2,2,2,2
4,463,1543.0,107,terminated,2,0,0,1,1543.0,1,2,1,1,1,3,1,7,2,1,1,4,2,1,1,2,1,3,6,2,1,14,3,2,1,3,2,1,2,1
4,464,1751.0,99,terminated,2,0,0,2,1751.0,1,0,0,0,1,4,1,9,2,2,1,5,2,2,1,3,2,4,8,2,2,0,4,2,2,4,2,2,2,2
4,465,1544.0,106,terminated,1,0,0,2,1544.0,1,0,0,0,1,3,1,7,1,2,1,4,1,2,1,3,2,3,6,1,2,0,3,1,2,3,1,2,1,2
4,466,1752.0,98,terminated,2,0,0,2,1752.0,1,1,1,0,1,4,1,9,2,2,1,5,2,2,1,3,2,4,8,2,2,1,4,2,2,4,2,2,2,2
4,467,1768.0,82,terminated,2,0,0,2,1768.0,1,2,1,1,0,4,0,8,2,2,0,4,2,2,0,2,2,4,8,2,2,7,4,2,2,4,2,2,2,2
4,468,1762.0,88,terminated,2,0,0,2,1762.0,1,2,2,0,0,4,0,8,2,2,0,4,2,2,0,2,2,4,8,2,2,0,4,2,2,4,2,2,2,2
4,469,1534.0,116,terminated,2,0,0,1,1534.0,1,2,1,1,1,3,1,7,2,1,1,4,2,1,1,2,1,3,6,2,1,11,3,2,1,3,2,1,2,1
4,470,1742.0,108,terminated,2,0,0,2,1742.0,1,1,0,1,1,3,1,8,2,2,1,5,2,2,1,3,2,3,7,2,2,0,4,2,2,4,2,2,2,2
4,471,1731.0,119,terminated,2,0,0,2,1731.0,1,2,1,1,0,3,0,7,2,2,0,4,2,2,0,2,2,3,7,2,2,0,4,2,2,4,2,2,2,2
4,472,1713.0,137,terminated,2,0,0,2,1713.0,1,2,0,2,1,4,1,9,2,2,1,5,2,2,1,3,2,4,8,2,2,9,4,2,2,4,2,2,2,2
4,473,1763.0,87,terminated,2,0,0,2,1763.0,1,1,1,0,0,4,0,8,2,2,0,4,2,2,0,2,2,4,8,2,2,0,4,2,2,4,2,2,2,2
4,474,1729.0,121,terminated,2,0,0,2,1729.0,1,1,0,1,0,4,0,8,2,2,0,4,2,2,0,2,2,4,8,2,2,21,4,2,2,4,2,2,2,2
4,475,1749.0,101,terminated,2,0,0,2,1749.0,1,2,0,2,1,4,1,9,2,2,1,5,2,2,1,3,2,4,8,2,2,1,4,2,2,4,2,2,2,2
4,476,1554.0,96,terminated,1,0,0,2,1554.0,1,3,1,2,1,3,1,7,1,2,1,4,1,2,1,3,2,3,6,1,2,10,3,1,2,3,1,2,1,2
4,477,1564.0,86,terminated,2,0,0,1,1564.0,1,1,0,1,1,3,1,7,2,1,1,4,2,1,1,2,1,3,6,2,1,10,3,2,1,3,2,1,2,1
4,478,31.0,19,terminated,1,40,1,1,31.0,0,1,0,1,1,1,1,4,1,1,1,3,1,1,1,2,1,1,3,1,1,3,2,1,1,2,1,1,1,1
4,479,1754.0,96,terminated,2,0,0,2,1754.0,1,3,1,2,1,4,1,9,2,2,1,5,2,2,1,3,2,4,8,2,2,5,4,2,2,4,2,2,2,2
4,480,1520.0,130,terminated,2,0,0,1,1520.0,1,1,1,0,0,3,0,6,2,1,0,3,2,1,0,1,1,3,6,2,1,0,3,2,1,3,2,1,2,1
4,481,1730.0,120,terminated,2,0,0,2,1730.0,1,2,1,1,1,4,1,9,2,2,1,5,2,2,1,3,2,4,8,2,2,0,4,2,2,4,2,2,2,2
4,482,1764.0,86,terminated,2,0,0,2,1764.0,1,2,1,1,1,4,1,9,2,2,1,5,2,2,1,3,2,4,8,2,2,0,4,2,2,4,2,2,2,2
4,483,1759.0,91,terminated,2,0,0,2,1759.0,1,1,1,0,0,4,0,8,2,2,0,4,2,2,0,2,2,4,8,2,2,0,4,2,2,4,2,2,2,2
4,484,751.0,89,terminated,2,1,1,2,751.0,0,2,0,2,0,4,0,8,2,2,0,4,2,2,0,2,2,4,8,2,2,0,4,2,2,4,2,2,2,2
4,485,1751.0,99,terminated,2,0,0,2,1751.0,1,0,0,0,1,4,1,9,2,2,1,5,2,2,1,3,2,4,8,2,2,0,4,2,2,4,2,2,2,2
4,486,1768.0,82,terminated,2,0,0,2,1768.0,1,3,1,2,0,3,0,7,2,2,0,4,2,2,0,2,2,3,7,2,2,1,4,2,2,4,2,2,2,2
4,487,1726.0,124,terminated,2,0,0,2,1726.0,1,1,0,1,1,4,1,9,2,2,1,5,2,2,1,3,2,4,8,2,2,4,4,2,2,4,2,2,2,2
4,488,1528.0,122,terminated,1,0,0,2,1528.0,1,0,0,0,1,3,1,7,1,2,1,4,1,2,1,3,2,3,6,1,2,0,3,1,2,3,1,2,1,2
4,489,1729.0,121,terminated,2,0,0,2,1729.0,1,1,1,0,1,4,1,9,2,2,1,5,2,2,1,3,2,4,8,2,2,0,4,2,2,4,2,2,2,2
4,490,1765.0,85,terminated,2,0,0,2,1765.0,1,2,2,0,1,4,1,9,2,2,1,5,2,2,1,3,2,4,8,2,2,0,4,2,2,4,2,2,2,2
4,491,1739.0,111,terminated,2,0,0,2,1739.0,1,1,1,0,0,4,0,8,2,2,0,4,2,2,0,2,2,4,8,2,2,0,4,2,2,4,2,2,2,2
4,492,1724.0,126,terminated,2,0,0,2,1724.0,1,1,0,1,1,4,1,9,2,2,1,5,2,2,1,3,2,4,8,2,2,8,4,2,2,4,2,2,2,2
4,493,1743.0,107,terminated,2,0,0,2,1743.0,1,1,1,0,0,4,0,8,2,2,0,4,2,2,0,2,2,4,8,2,2,0,4,2,2,4,2,2,2,2
4,494,1768.0,82,terminated,2,0,0,2,1768.0,1,2,1,1,0,4,0,8,2,2,0,4,2,2,0,2,2,4,8,2,2,0,4,2,2,4,2,2,2,2
4,495,1744.0,106,terminated,2,0,0,2,1744.0,1,2,1,1,0,4,0,8,2,2,0,4,2,2,0,2,2,4,8,2,2,0,4,2,2,4,2,2,2,2
4,496,1752.0,98,terminated,2,0,0,2,1752.0,1,1,1,0,0,4,0,8,2,2,0,4,2,2,0,2,2,4,8,2,2,0,4,2,2,4,2,2,2,2
4,497,1723.0,127,terminated,2,0,0,2,1723.0,1,3,2,1,1,4,1,9,2,2,1,5,2,2,1,3,2,4,8,2,2,18,4,2,2,4,2,2,2,2
4,498,1755.0,95,terminated,2,0,0,2,1755.0,1,1,1,0,1,3,1,8,2,2,1,5,2,2,1,3,2,3,7,2,2,0,4,2,2,4,2,2,2,2
4,499,1759.0,91,terminated,2,0,0,2,1759.0,1,1,1,0,0,4,0,8,2,2,0,4,2,2,0,2,2,4,8,2,2,0,4,2,2,4,2,2,2,2
4,500,1735.0,115,terminated,2,0,0,2,1735.0,1,2,1,1,0,4,0,8,2,2,0,4,2,2,0,2,2,4,8,2,2,0,4,2,2,4,2,2,2,2
4,501,1773.0,77,terminated,2,0,0,2,1773.0,1,3,1,2,1,4,1,9,2,2,1,5,2,2,1,3,2,4,8,2,2,0,4,2,2,4,2,2,2,2
4,502,1530.0,120,terminated,1,0,0,2,1530.0,1,2,1,1,0,3,0,6,1,2,0,3,1,2,0,2,2,3,6,1,2,10,3,1,2,3,1,2,1,2
4,503,478.0,102,terminated,1,7,1,2,478.0,0,2,0,2,1,3,1,7,1,2,1,4,1,2,1,3,2,3,6,1,2,16,3,1,2,3,1,2,1,2
4,504,1773.0,77,terminated,2,0,0,2,1773.0,1,3,2,1,0,3,0,7,2,2,0,4,2,2,0,2,2,3,7,2,2,1,4,2,2,4,2,2,2,2
4,505,1731.0,119,terminated,2,0,0,2,1731.0,1,1,1,0,1,4,1,9,2,2,1,5,2,2,1,3,2,4,8,2,2,8,4,2,2,4,2,2,2,2
4,506,1527.0,123,terminated,1,0,0,2,1527.0,1,1,0,1,1,2,1,6,1,2,1,4,1,2,1,3,2,2,5,1,2,0,3,1,2,3,1,2,1,2
4,507,1726.0,124,terminated,2,0,0,2,1726.0,1,3,1,2,0,4,0,8,2,2,0,4,2,2,0,2,2,4,8,2,2,0,4,2,2,4,2,2,2,2
4,508,1726.0,124,terminated,2,0,0,2,1726.0,1,0,0,0,1,4,1,9,2,2,1,5,2,2,1,3,2,4,8,2,2,11,4,2,2,4,2,2,2,2
4,509,1710.0,140,terminated,2,0,0,2,1710.0,1,1,1,0,1,4,1,9,2,2,1,5,2,2,1,3,2,4,8,2,2,9,4,2,2,4,2,2,2,2
4,510,334.0,36,terminated,1,28,1,2,334.0,0,2,1,1,1,3,1,7,1,2,1,4,1,2,1,3,2,3,6,1,2,5,3,1,2,3,1,2,1,2
4,511,1723.0,127,terminated,2,0,0,2,1723.0,1,2,1,1,1,4,1,9,2,2,1,5,2,2,1,3,2,4,8,2,2,0,4,2,2,4,2,2,2,2
4,512,1738.0,112,terminated,2,0,0,2,1738.0,1,1,0,1,0,4,0,8,2,2,0,4,2,2,0,2,2,4,8,2,2,3,4,2,2,4,2,2,2,2
4,513,1723.0,127,terminated,2,0,0,2,1723.0,1,1,1,0,1,4,1,9,2,2,1,5,2,2,1,3,2,4,8,2,2,6,4,2,2,4,2,2,2,2
4,514,-176.0,26,terminated,1,40,1,0,-176.0,0,1,1,0,1,1,1,3,1,0,1,2,1,0,1,1,0,1,2,1,0,10,1,1,0,1,1,0,1,0
4,515,1742.0,108,terminated,2,0,0,2,1742.0,1,4,2,2,1,4,1,9,2,2,1,5,2,2,1,3,2,4,8,2,2,8,4,2,2,4,2,2,2,2
4,516,1746.0,104,terminated,2,0,0,2,1746.0,1,1,0,1,1,4,1,9,2,2,1,5,2,2,1,3,2,4,8,2,2,4,4,2,2,4,2,2,2,2
4,517,1716.0,134,terminated,2,0,0,2,1716.0,1,2,1,1,0,4,0,8,2,2,0,4,2,2,0,2,2,4,8,2,2,3,4,2,2,4,2,2,2,2
4,518,1756.0,94,terminated,2,0,0,2,1756.0,1,1,1,0,0,4,0,8,2,2,0,4,2,2,0,2,2,4,8,2,2,0,4,2,2,4,2,2,2,2
4,519,1742.0,108,terminated,2,0,0,2,1742.0,1,0,0,0,0,4,0,8,2,2,0,4,2,2,0,2,2,4,8,2,2,0,4,2,2,4,2,2,2,2
4,520,485.0,35,terminated,2,33,1,2,485.0,0,3,1,2,1,3,1,8,2,2,1,5,2,2,1,3,2,3,7,2,2,5,4,2,2,4,2,2,2,2
4,521,1715.0,135,terminated,2,0,0,2,1715.0,1,2,1,1,0,4,0,8,2,2,0,4,2,2,0,2,2,4,8,2,2,3,4,2,2,4,2,2,2,2
4,522,1755.0,95,terminated,2,0,0,2,1755.0,1,2,2,0,0,4,0,8,2,2,0,4,2,2,0,2,2,4,8,2,2,3,4,2,2,4,2,2,2,2
4,523,1729.0,121,terminated,2,0,0,2,1729.0,1,3,1,2,0,4,0,8,2,2,0,4,2,2,0,2,2,4,8,2,2,6,4,2,2,4,2,2,2,2
4,524,1500.0,150,terminated,1,0,0,2,1500.0,1,3,1,2,1,1,1,5,1,2,1,4,1,2,1,3,2,1,4,1,2,5,3,1,2,3,1,2,1,2
4,525,-178.0,18,terminated,1,41,1,0,-178.0,0,0,0,0,1,0,1,2,1,0,1,2,1,0,1,1,0,0,1,1,0,0,1,1,0,1,1,0,1,0
4,526,1755.0,95,terminated,2,0,0,2,1755.0,1,0,0,0,0,4,0,8,2,2,0,4,2,2,0,2,2,4,8,2,2,0,4,2,2,4,2,2,2,2
4,527,1749.0,101,terminated,2,0,0,2,1749.0,1,3,2,1,0,4,0,8,2,2,0,4,2,2,0,2,2,4,8,2,2,0,4,2,2,4,2,2,2,2
4,528,1757.0,93,terminated,2,0,0,2,1757.0,1,3,2,1,1,3,1,8,2,2,1,5,2,2,1,3,2,3,7,2,2,7,4,2,2,4,2,2,2,2
4,529,1768.0,82,terminated,2,0,0,2,1768.0,1,2,1,1,1,4,1,9,2,2,1,5,2,2,1,3,2,4,8,2,2,0,4,2,2,4,2,2,2,2
4,530,1706.0,144,terminated,2,0,0,2,1706.0,1,1,1,0,0,3,0,7,2,2,0,4,2,2,0,2,2,3,7,2,2,0,4,2,2,4,2,2,2,2
4,531,652.0,88,terminated,2,11,1,2,652.0,0,2,1,1,1,4,1,9,2,2,1,5,2,2,1,3,2,4,8,2,2,7,4,2,2,4,2,2,2,2
4,532,1769.0,81,terminated,2,0,0,2,1769.0,1,2,1,1,1,3,1,8,2,2,1,5,2,2,1,3,2,3,7,2,2,0,4,2,2,4,2,2,2,2
4,533,1772.0,78,terminated,2,0,0,2,1772.0,1,2,1,1,1,2,1,7,2,2,1,5,2,2,1,3,2,2,6,2,2,0,4,2,2,4,2,2,2,2
4,534,1768.0,82,terminated,2,0,0,2,1768.0,1,2,1,1,1,4,1,9,2,2,1,5,2,2,1,3,2,4,8,2,2,6,4,2,2,4,2,2,2,2
4,535,1729.0,121,terminated,2,0,0,2,1729.0,1,1,0,1,0,3,0,7,2,2,0,4,2,2,0,2,2,3,7,2,2,0,4,2,2,4,2,2,2,2
4,536,1743.0,107,terminated,2,0,0,2,1743.0,1,2,1,1,1,4,1,9,2,2,1,5,2,2,1,3,2,4,8,2,2,0,4,2,2,4,2,2,2,2
4,537,1496.0,154,terminated,2,0,0,1,1496.0,1,2,1,1,0,3,0,6,2,1,0,3,2,1,0,1,1,3,6,2,1,0,3,2,1,3,2,1,2,1
4,538,1759.0,91,terminated,2,0,0,2,1759.0,1,0,0,0,0,4,0,8,2,2,0,4,2,2,0,2,2,4,8,2,2,2,4,2,2,4,2,2,2,2
4,539,1724.0,126,terminated,2,0,0,2,1724.0,1,2,1,1,0,3,0,7,2,2,0,4,2,2,0,2,2,3,7,2,2,0,4,2,2,4,2,2,2,2
4,540,1770.0,80,terminated,2,0,0,2,1770.0,1,3,1,2,0,4,0,8,2,2,0,4,2,2,0,2,2,4,8,2,2,1,4,2,2,4,2,2,2,2
4,541,1687.0,163,terminated,2,0,0,2,1687.0,1,2,0,2,1,4,1,9,2,2,1,5,2,2,1,3,2,4,8,2,2,14,4,2,2,4,2,2,2,2
4,542,1727.0,123,terminated,2,0,0,2,1727.0,1,1,1,0,1,4,1,9,2,2,1,5,2,2,1,3,2,4,8,2,2,0,4,2,2,4,2,2,2,2
4,543,1762.0,88,terminated,2,0,0,2,1762.0,1,3,1,2,1,4,1,9,2,2,1,5,2,2,1,3,2,4,8,2,2,1,4,2,2,4,2,2,2,2
4,544,1750.0,100,terminated,2,0,0,2,1750.0,1,1,1,0,1,4,1,9,2,2,1,5,2,2,1,3,2,4,8,2,2,0,4,2,2,4,2,2,2,2
4,545,1533.0,117,terminated,1,0,0,2,1533.0,1,1,1,0,1,3,1,7,1,2,1,4,1,2,1,3,2,3,6,1,2,7,3,1,2,3,1,2,1,2
4,546,1760.0,90,terminated,2,0,0,2,1760.0,1,0,0,0,0,4,0,8,2,2,0,4,2,2,0,2,2,4,8,2,2,0,4,2,2,4,2,2,2,2
4,547,1774.0,76,terminated,2,0,0,2,1774.0,1,4,2,2,1,4,1,9,2,2,1,5,2,2,1,3,2,4,8,2,2,7,4,2,2,4,2,2,2,2
4,548,1743.0,107,terminated,2,0,0,2,1743.0,1,3,2,1,1,3,1,8,2,2,1,5,2,2,1,3,2,3,7,2,2,7,4,2,2,4,2,2,2,2
4,549,1763.0,87,terminated,2,0,0,2,1763.0,1,1,1,0,1,4,1,9,2,2,1,5,2,2,1,3,2,4,8,2,2,4,4,2,2,4,2,2,2,2
4,550,1743.0,107,terminated,2,0,0,2,1743.0,1,1,0,1,0,4,0,8,2,2,0,4,2,2,0,2,2,4,8,2,2,0,4,2,2,4,2,2,2,2
4,551,1731.0,119,terminated,2,0,0,2,1731.0,1,1,0,1,1,4,1,9,2,2,1,5,2,2,1,3,2,4,8,2,2,4,4,2,2,4,2,2,2,2
4,552,1737.0,113,terminated,2,0,0,2,1737.0,1,1,1,0,1,4,1,9,2,2,1,5,2,2,1,3,2,4,8,2,2,0,4,2,2,4,2,2,2,2
4,553,1759.0,91,terminated,2,0,0,2,1759.0,1,3,1,2,1,4,1,9,2,2,1,5,2,2,1,3,2,4,8,2,2,5,4,2,2,4,2,2,2,2
4,554,1757.0,93,terminated,2,0,0,2,1757.0,1,2,1,1,1,4,1,9,2,2,1,5,2,2,1,3,2,4,8,2,2,5,4,2,2,4,2,2,2,2
4,555,1740.0,110,terminated,2,0,0,2,1740.0,1,1,1,0,0,4,0,8,2,2,0,4,2,2,0,2,2,4,8,2,2,1,4,2,2,4,2,2,2,2
4,556,1722.0,128,terminated,2,0,0,2,1722.0,1,1,0,1,0,4,0,8,2,2,0,4,2,2,0,2,2,4,8,2,2,7,4,2,2,4,2,2,2,2
4,557,1755.0,95,terminated,2,0,0,2,1755.0,1,3,2,1,1,4,1,9,2,2,1,5,2,2,1,3,2,4,8,2,2,5,4,2,2,4,2,2,2,2
4,558,1740.0,110,terminated,2,0,0,2,1740.0,1,1,0,1,0,4,0,8,2,2,0,4,2,2,0,2,2,4,8,2,2,0,4,2,2,4,2,2,2,2
4,559,1740.0,110,terminated,2,0,0,2,1740.0,1,3,2,1,1,4,1,9,2,2,1,5,2,2,1,3,2,4,8,2,2,14,4,2,2,4,2,2,2,2
4,560,1711.0,139,terminated,2,0,0,2,1711.0,1,1,0,1,0,4,0,8,2,2,0,4,2,2,0,2,2,4,8,2,2,4,4,2,2,4,2,2,2,2
4,561,1724.0,126,terminated,2,0,0,2,1724.0,1,3,1,2,0,4,0,8,2,2,0,4,2,2,0,2,2,4,8,2,2,1,4,2,2,4,2,2,2,2
4,562,708.0,122,terminated,2,2,1,2,708.0,0,2,1,1,1,3,1,8,2,2,1,5,2,2,1,3,2,3,7,2,2,0,4,2,2,4,2,2,2,2
4,563,1762.0,88,terminated,2,0,0,2,1762.0,1,2,1,1,0,3,0,7,2,2,0,4,2,2,0,2,2,3,7,2,2,0,4,2,2,4,2,2,2,2
4,564,1502.0,148,terminated,1,0,0,2,1502.0,1,2,1,1,1,3,1,7,1,2,1,4,1,2,1,3,2,3,6,1,2,4,3,1,2,3,1,2,1,2
4,565,1754.0,96,terminated,2,0,0,2,1754.0,1,1,0,1,0,4,0,8,2,2,0,4,2,2,0,2,2,4,8,2,2,0,4,2,2,4,2,2,2,2
4,566,1756.0,94,terminated,2,0,0,2,1756.0,1,1,0,1,0,4,0,8,2,2,0,4,2,2,0,2,2,4,8,2,2,0,4,2,2,4,2,2,2,2
4,567,1511.0,139,terminated,1,0,0,2,1511.0,1,3,1,2,1,2,1,6,1,2,1,4,1,2,1,3,2,2,5,1,2,10,3,1,2,3,1,2,1,2
4,568,1767.0,83,terminated,2,0,0,2,1767.0,1,2,1,1,0,4,0,8,2,2,0,4,2,2,0,2,2,4,8,2,2,0,4,2,2,4,2,2,2,2
4,569,1534.0,116,terminated,1,0,0,2,1534.0,1,2,1,1,1,3,1,7,1,2,1,4,1,2,1,3,2,3,6,1,2,8,3,1,2,3,1,2,1,2
4,570,1751.0,99,terminated,2,0,0,2,1751.0,1,3,1,2,0,4,0,8,2,2,0,4,2,2,0,2,2,4,8,2,2,3,4,2,2,4,2,2,2,2
4,571,340.0,40,terminated,2,27,1,1,340.0,0,1,1,0,0,3,0,6,2,1,0,3,2,1,0,1,1,3,6,2,1,0,3,2,1,3,2,1,2,1
4,572,1752.0,98,terminated,2,0,0,2,1752.0,1,1,0,1,1,4,1,9,2,2,1,5,2,2,1,3,2,4,8,2,2,0,4,2,2,4,2,2,2,2
4,573,1690.0,160,terminated,2,0,0,2,1690.0,1,1,0,1,0,4,0,8,2,2,0,4,2,2,0,2,2,4,8,2,2,0,4,2,2,4,2,2,2,2
4,574,1508.0,142,terminated,2,0,0,1,1508.0,1,1,1,0,1,3,1,7,2,1,1,4,2,1,1,2,1,3,6,2,1,23,3,2,1,3,2,1,2,1
4,575,1724.0,126,terminated,2,0,0,2,1724.0,1,0,0,0,0,4,0,8,2,2,0,4,2,2,0,2,2,4,8,2,2,0,4,2,2,4,2,2,2,2
4,576,1736.0,114,terminated,2,0,0,2,1736.0,1,0,0,0,1,4,1,9,2,2,1,5,2,2,1,3,2,4,8,2,2,9,4,2,2,4,2,2,2,2
4,577,1769.0,81,terminated,2,0,0,2,1769.0,1,2,0,2,0,4,0,8,2,2,0,4,2,2,0,2,2,4,8,2,2,2,4,2,2,4,2,2,2,2
4,578,1741.0,109,terminated,2,0,0,2,1741.0,1,3,2,1,1,4,1,9,2,2,1,5,2,2,1,3,2,4,8,2,2,2,4,2,2,4,2,2,2,2
4,579,1725.0,125,terminated,2,0,0,2,1725.0,1,4,2,2,1,4,1,9,2,2,1,5,2,2,1,3,2,4,8,2,2,10,4,2,2,4,2,2,2,2
4,580,1726.0,124,terminated,2,0,0,2,1726.0,1,2,1,1,1,4,1,9,2,2,1,5,2,2,1,3,2,4,8,2,2,5,4,2,2,4,2,2,2,2
4,581,30.0,20,terminated,1,40,1,1,30.0,0,0,0,0,0,1,0,3,1,1,0,2,1,1,0,1,1,1,3,1,1,0,2,1,1,2,1,1,1,1
4,582,1768.0,82,terminated,2,0,0,2,1768.0,1,2,1,1,0,4,0,8,2,2,0,4,2,2,0,2,2,4,8,2,2,6,4,2,2,4,2,2,2,2
4,583,1759.0,91,terminated,2,0,0,2,1759.0,1,3,1,2,1,4,1,9,2,2,1,5,2,2,1,3,2,4,8,2,2,0,4,2,2,4,2,2,2,2
4,584,1749.0,101,terminated,2,0,0,2,1749.0,1,1,0,1,0,4,0,8,2,2,0,4,2,2,0,2,2,4,8,2,2,2,4,2,2,4,2,2,2,2
4,585,1690.0,160,terminated,2,0,0,2,1690.0,1,1,1,0,1,4,1,9,2,2,1,5,2,2,1,3,2,4,8,2,2,0,4,2,2,4,2,2,2,2
4,586,1748.0,102,terminated,2,0,0,2,1748.0,1,0,0,0,1,3,1,8,2,2,1,5,2,2,1,3,2,3,7,2,2,0,4,2,2,4,2,2,2,2
4,587,530.0,70,terminated,2,25,1,2,530.0,0,2,1,1,0,4,0,8,2,2,0,4,2,2,0,2,2,4,8,2,2,6,4,2,2,4,2,2,2,2
4,588,1731.0,119,terminated,2,0,0,2,1731.0,1,2,1,1,1,4,1,9,2,2,1,5,2,2,1,3,2,4,8,2,2,4,4,2,2,4,2,2,2,2
4,589,1761.0,89,terminated,2,0,0,2,1761.0,1,3,2,1,1,4,1,9,2,2,1,5,2,2,1,3,2,4,8,2,2,6,4,2,2,4,2,2,2,2
4,590,1756.0,94,terminated,2,0,0,2,1756.0,1,4,2,2,1,4,1,9,2,2,1,5,2,2,1,3,2,4,8,2,2,4,4,2,2,4,2,2,2,2
4,591,1730.0,120,terminated,2,0,0,2,1730.0,1,0,0,0,1,3,1,8,2,2,1,5,2,2,1,3,2,3,7,2,2,3,4,2,2,4,2,2,2,2
4,592,1766.0,84,terminated,2,0,0,2,1766.0,1,4,2,2,1,4,1,9,2,2,1,5,2,2,1,3,2,4,8,2,2,9,4,2,2,4,2,2,2,2
4,593,1740.0,110,terminated,2,0,0,2,1740.0,1,2,1,1,1,4,1,9,2,2,1,5,2,2,1,3,2,4,8,2,2,0,4,2,2,4,2,2,2,2
4,594,1755.0,95,terminated,2,0,0,2,1755.0,1,1,1,0,0,4,0,8,2,2,0,4,2,2,0,2,2,4,8,2,2,0,4,2,2,4,2,2,2,2
4,595,1716.0,134,terminated,2,0,0,2,1716.0,1,2,0,2,0,4,0,8,2,2,0,4,2,2,0,2,2,4,8,2,2,7,4,2,2,4,2,2,2,2
4,596,1758.0,92,terminated,2,0,0,2,1758.0,1,2,1,1,1,3,1,8,2,2,1,5,2,2,1,3,2,3,7,2,2,0,4,2,2,4,2,2,2,2
4,597,1740.0,110,terminated,2,0,0,2,1740.0,1,1,1,0,1,4,1,9,2,2,1,5,2,2,1,3,2,4,8,2,2,8,4,2,2,4,2,2,2,2
4,598,1739.0,111,terminated,2,0,0,2,1739.0,1,2,1,1,0,4,0,8,2,2,0,4,2,2,0,2,2,4,8,2,2,8,4,2,2,4,2,2,2,2
4,599,1719.0,131,terminated,2,0,0,2,1719.0,1,4,2,2,1,4,1,9,2,2,1,5,2,2,1,3,2,4,8,2,2,9,4,2,2,4,2,2,2,2
4,600,-178.0,18,terminated,1,41,1,0,-178.0,0,0,0,0,1,0,1,2,1,0,1,2,1,0,1,1,0,0,1,1,0,0,1,1,0,1,1,0,1,0
4,601,1744.0,106,terminated,2,0,0,2,1744.0,1,2,0,2,1,4,1,9,2,2,1,5,2,2,1,3,2,4,8,2,2,3,4,2,2,4,2,2,2,2
4,602,1726.0,124,terminated,2,0,0,2,1726.0,1,2,0,2,1,4,1,9,2,2,1,5,2,2,1,3,2,4,8,2,2,9,4,2,2,4,2,2,2,2
4,603,1734.0,116,terminated,2,0,0,2,1734.0,1,3,2,1,1,4,1,9,2,2,1,5,2,2,1,3,2,4,8,2,2,3,4,2,2,4,2,2,2,2
4,604,1722.0,128,terminated,2,0,0,2,1722.0,1,2,1,1,1,4,1,9,2,2,1,5,2,2,1,3,2,4,8,2,2,5,4,2,2,4,2,2,2,2
4,605,1747.0,103,terminated,2,0,0,2,1747.0,1,1,1,0,0,4,0,8,2,2,0,4,2,2,0,2,2,4,8,2,2,0,4,2,2,4,2,2,2,2
4,606,22.0,28,terminated,1,40,1,1,22.0,0,1,0,1,1,1,1,4,1,1,1,3,1,1,1,2,1,1,3,1,1,6,2,1,1,2,1,1,1,1
4,607,395.0,105,terminated,1,15,1,2,395.0,0,2,0,2,1,3,1,7,1,2,1,4,1,2,1,3,2,3,6,1,2,5,3,1,2,3,1,2,1,2
4,608,1758.0,92,terminated,2,0,0,2,1758.0,1,0,0,0,0,4,0,8,2,2,0,4,2,2,0,2,2,4,8,2,2,0,4,2,2,4,2,2,2,2
4,609,22.0,18,terminated,1,41,1,1,22.0,0,0,0,0,1,1,1,4,1,1,1,3,1,1,1,2,1,1,3,1,1,0,2,1,1,2,1,1,1,1
4,610,1764.0,86,terminated,2,0,0,2,1764.0,1,2,1,1,1,4,1,9,2,2,1,5,2,2,1,3,2,4,8,2,2,4,4,2,2,4,2,2,2,2
4,611,1724.0,126,terminated,2,0,0,2,1724.0,1,2,1,1,0,4,0,8,2,2,0,4,2,2,0,2,2,4,8,2,2,0,4,2,2,4,2,2,2,2
4,612,1734.0,116,terminated,2,0,0,2,1734.0,1,3,2,1,1,4,1,9,2,2,1,5,2,2,1,3,2,4,8,2,2,10,4,2,2,4,2,2,2,2
4,613,1724.0,126,terminated,2,0,0,2,1724.0,1,2,1,1,0,3,0,7,2,2,0,4,2,2,0,2,2,3,7,2,2,0,4,2,2,4,2,2,2,2
4,614,1754.0,96,terminated,2,0,0,2,1754.0,1,1,0,1,0,4,0,8,2,2,0,4,2,2,0,2,2,4,8,2,2,0,4,2,2,4,2,2,2,2
4,615,633.0,87,terminated,2,13,1,2,633.0,0,1,0,1,1,3,1,8,2,2,1,5,2,2,1,3,2,3,7,2,2,0,4,2,2,4,2,2,2,2
4,616,1750.0,100,terminated,2,0,0,2,1750.0,1,3,1,2,1,4,1,9,2,2,1,5,2,2,1,3,2,4,8,2,2,10,4,2,2,4,2,2,2,2
4,617,619.0,61,terminated,2,17,1,2,619.0,0,0,0,0,0,3,0,7,2,2,0,4,2,2,0,2,2,3,7,2,2,0,4,2,2,4,2,2,2,2
4,618,1757.0,93,terminated,2,0,0,2,1757.0,1,2,1,1,1,4,1,9,2,2,1,5,2,2,1,3,2,4,8,2,2,8,4,2,2,4,2,2,2,2
4,619,1744.0,106,terminated,2,0,0,2,1744.0,1,2,0,2,0,4,0,8,2,2,0,4,2,2,0,2,2,4,8,2,2,4,4,2,2,4,2,2,2,2
4,620,1745.0,105,terminated,2,0,0,2,1745.0,1,1,0,1,0,4,0,8,2,2,0,4,2,2,0,2,2,4,8,2,2,0,4,2,2,4,2,2,2,2
4,621,1730.0,120,terminated,2,0,0,2,1730.0,1,1,0,1,0,4,0,8,2,2,0,4,2,2,0,2,2,4,8,2,2,0,4,2,2,4,2,2,2,2
4,622,-179.0,19,terminated,0,41,1,1,-179.0,0,1,0,1,1,0,1,2,0,1,1,2,0,1,1,2,1,0,1,0,1,1,1,0,1,1,0,1,0,1
4,623,1741.0,109,terminated,2,0,0,2,1741.0,1,0,0,0,0,4,0,8,2,2,0,4,2,2,0,2,2,4,8,2,2,0,4,2,2,4,2,2,2,2
4,624,1755.0,95,terminated,2,0,0,2,1755.0,1,1,1,0,1,4,1,9,2,2,1,5,2,2,1,3,2,4,8,2,2,11,4,2,2,4,2,2,2,2
4,625,1740.0,110,terminated,2,0,0,2,1740.0,1,2,1,1,1,4,1,9,2,2,1,5,2,2,1,3,2,4,8,2,2,3,4,2,2,4,2,2,2,2
4,626,25.0,25,terminated,1,40,1,1,25.0,0,0,0,0,1,1,1,4,1,1,1,3,1,1,1,2,1,1,3,1,1,3,2,1,1,2,1,1,1,1
4,627,1759.0,91,terminated,2,0,0,2,1759.0,1,3,2,1,1,4,1,9,2,2,1,5,2,2,1,3,2,4,8,2,2,5,4,2,2,4,2,2,2,2
4,628,1732.0,118,terminated,2,0,0,2,1732.0,1,2,1,1,1,4,1,9,2,2,1,5,2,2,1,3,2,4,8,2,2,5,4,2,2,4,2,2,2,2
4,629,332.0,38,terminated,2,28,1,1,332.0,0,1,0,1,0,2,0,5,2,1,0,3,2,1,0,1,1,2,5,2,1,0,3,2,1,3,2,1,2,1
4,630,1766.0,84,terminated,2,0,0,2,1766.0,1,2,1,1,1,2,1,7,2,2,1,5,2,2,1,3,2,2,6,2,2,0,4,2,2,4,2,2,2,2
4,631,1770.0,80,terminated,2,0,0,2,1770.0,1,2,2,0,1,4,1,9,2,2,1,5,2,2,1,3,2,4,8,2,2,6,4,2,2,4,2,2,2,2
4,632,-169.0,19,terminated,0,40,1,1,-169.0,0,1,0,1,1,0,1,2,0,1,1,2,0,1,1,2,1,0,1,0,1,3,1,0,1,1,0,1,0,1
4,633,333.0,37,terminated,1,28,1,2,333.0,0,1,0,1,0,2,0,5,1,2,0,3,1,2,0,2,2,2,5,1,2,0,3,1,2,3,1,2,1,2
4,634,1727.0,123,terminated,2,0,0,2,1727.0,1,3,2,1,1,4,1,9,2,2,1,5,2,2,1,3,2,4,8,2,2,9,4,2,2,4,2,2,2,2
4,635,1758.0,92,terminated,2,0,0,2,1758.0,1,2,1,1,1,3,1,8,2,2,1,5,2,2,1,3,2,3,7,2,2,3,4,2,2,4,2,2,2,2
4,636,22.0,18,terminated,1,41,1,1,22.0,0,0,0,0,1,0,1,3,1,1,1,3,1,1,1,2,1,0,2,1,1,0,2,1,1,2,1,1,1,1
4,637,1755.0,95,terminated,2,0,0,2,1755.0,1,1,1,0,1,4,1,9,2,2,1,5,2,2,1,3,2,4,8,2,2,10,4,2,2,4,2,2,2,2
4,638,1512.0,138,terminated,1,0,0,2,1512.0,1,1,0,1,1,2,1,6,1,2,1,4,1,2,1,3,2,2,5,1,2,0,3,1,2,3,1,2,1,2
4,639,1743.0,107,terminated,2,0,0,2,1743.0,1,3,2,1,1,4,1,9,2,2,1,5,2,2,1,3,2,4,8,2,2,0,4,2,2,4,2,2,2,2
4,640,1750.0,100,terminated,2,0,0,2,1750.0,1,2,1,1,0,4,0,8,2,2,0,4,2,2,0,2,2,4,8,2,2,3,4,2,2,4,2,2,2,2
4,641,1767.0,83,terminated,2,0,0,2,1767.0,1,0,0,0,0,3,0,7,2,2,0,4,2,2,0,2,2,3,7,2,2,0,4,2,2,4,2,2,2,2
4,642,1755.0,95,terminated,2,0,0,2,1755.0,1,0,0,0,1,3,1,8,2,2,1,5,2,2,1,3,2,3,7,2,2,0,4,2,2,4,2,2,2,2
4,643,1751.0,99,terminated,2,0,0,2,1751.0,1,1,0,1,1,3,1,8,2,2,1,5,2,2,1,3,2,3,7,2,2,1,4,2,2,4,2,2,2,2
4,644,1733.0,117,terminated,2,0,0,2,1733.0,1,2,1,1,1,4,1,9,2,2,1,5,2,2,1,3,2,4,8,2,2,11,4,2,2,4,2,2,2,2
4,645,1553.0,97,terminated,2,0,0,1,1553.0,1,1,0,1,1,3,1,7,2,1,1,4,2,1,1,2,1,3,6,2,1,5,3,2,1,3,2,1,2,1
4,646,1524.0,126,terminated,1,0,0,2,1524.0,1,0,0,0,1,2,1,6,1,2,1,4,1,2,1,3,2,2,5,1,2,0,3,1,2,3,1,2,1,2
4,647,1740.0,110,terminated,2,0,0,2,1740.0,1,3,2,1,1,3,1,8,2,2,1,5,2,2,1,3,2,3,7,2,2,6,4,2,2,4,2,2,2,2
4,648,1538.0,112,terminated,1,0,0,2,1538.0,1,2,1,1,1,3,1,7,1,2,1,4,1,2,1,3,2,3,6,1,2,4,3,1,2,3,1,2,1,2
4,649,1692.0,158,terminated,2,0,0,2,1692.0,1,2,1,1,1,4,1,9,2,2,1,5,2,2,1,3,2,4,8,2,2,8,4,2,2,4,2,2,2,2
4,650,-178.0,18,terminated,1,41,1,0,-178.0,0,0,0,0,1,0,1,2,1,0,1,2,1,0,1,1,0,0,1,1,0,0,1,1,0,1,1,0,1,0
4,651,1734.0,116,terminated,2,0,0,2,1734.0,1,0,0,0,0,4,0,8,2,2,0,4,2,2,0,2,2,4,8,2,2,14,4,2,2,4,2,2,2,2
4,652,1525.0,125,terminated,1,0,0,2,1525.0,1,3,1,2,1,3,1,7,1,2,1,4,1,2,1,3,2,3,6,1,2,9,3,1,2,3,1,2,1,2
4,653,1744.0,106,terminated,2,0,0,2,1744.0,1,1,1,0,1,4,1,9,2,2,1,5,2,2,1,3,2,4,8,2,2,0,4,2,2,4,2,2,2,2
4,654,1737.0,113,terminated,2,0,0,2,1737.0,1,2,1,1,1,3,1,8,2,2,1,5,2,2,1,3,2,3,7,2,2,7,4,2,2,4,2,2,2,2
4,655,1728.0,122,terminated,2,0,0,2,1728.0,1,1,0,1,1,4,1,9,2,2,1,5,2,2,1,3,2,4,8,2,2,2,4,2,2,4,2,2,2,2
4,656,1751.0,99,terminated,2,0,0,2,1751.0,1,3,2,1,0,4,0,8,2,2,0,4,2,2,0,2,2,4,8,2,2,5,4,2,2,4,2,2,2,2
4,657,1643.0,207,terminated,2,0,0,2,1643.0,1,3,2,1,1,4,1,9,2,2,1,5,2,2,1,3,2,4,8,2,2,19,4,2,2,4,2,2,2,2
4,658,619.0,71,terminated,2,16,1,2,619.0,0,1,0,1,0,4,0,8,2,2,0,4,2,2,0,2,2,4,8,2,2,0,4,2,2,4,2,2,2,2
4,659,1713.0,137,terminated,2,0,0,2,1713.0,1,4,2,2,1,3,1,8,2,2,1,5,2,2,1,3,2,3,7,2,2,8,4,2,2,4,2,2,2,2
4,660,1761.0,89,terminated,2,0,0,2,1761.0,1,1,0,1,0,3,0,7,2,2,0,4,2,2,0,2,2,3,7,2,2,0,4,2,2,4,2,2,2,2
4,661,1734.0,116,terminated,2,0,0,2,1734.0,1,4,2,2,1,4,1,9,2,2,1,5,2,2,1,3,2,4,8,2,2,13,4,2,2,4,2,2,2,2
4,662,732.0,108,terminated,2,1,1,2,732.0,0,1,0,1,0,4,0,8,2,2,0,4,2,2,0,2,2,4,8,2,2,5,4,2,2,4,2,2,2,2
4,663,1515.0,135,terminated,1,0,0,2,1515.0,1,2,1,1,1,3,1,7,1,2,1,4,1,2,1,3,2,3,6,1,2,13,3,1,2,3,1,2,1,2
4,664,1688.0,162,terminated,2,0,0,2,1688.0,1,1,0,1,0,4,0,8,2,2,0,4,2,2,0,2,2,4,8,2,2,0,4,2,2,4,2,2,2,2
4,665,1563.0,87,terminated,2,0,0,1,1563.0,1,2,1,1,1,3,1,7,2,1,1,4,2,1,1,2,1,3,6,2,1,16,3,2,1,3,2,1,2,1
4,666,1751.0,99,terminated,2,0,0,2,1751.0,1,1,1,0,1,4,1,9,2,2,1,5,2,2,1,3,2,4,8,2,2,0,4,2,2,4,2,2,2,2
4,667,479.0,51,terminated,2,32,1,2,479.0,0,3,2,1,1,3,1,8,2,2,1,5,2,2,1,3,2,3,7,2,2,8,4,2,2,4,2,2,2,2
4,668,1738.0,112,terminated,2,0,0,2,1738.0,1,1,1,0,1,3,1,8,2,2,1,5,2,2,1,3,2,3,7,2,2,0,4,2,2,4,2,2,2,2
4,669,1742.0,108,terminated,2,0,0,2,1742.0,1,3,2,1,1,4,1,9,2,2,1,5,2,2,1,3,2,4,8,2,2,1,4,2,2,4,2,2,2,2
4,670,1743.0,107,terminated,2,0,0,2,1743.0,1,1,0,1,0,4,0,8,2,2,0,4,2,2,0,2,2,4,8,2,2,0,4,2,2,4,2,2,2,2
4,671,1748.0,102,terminated,2,0,0,2,1748.0,1,2,1,1,1,3,1,8,2,2,1,5,2,2,1,3,2,3,7,2,2,0,4,2,2,4,2,2,2,2
4,672,1746.0,104,terminated,2,0,0,2,1746.0,1,2,1,1,1,3,1,8,2,2,1,5,2,2,1,3,2,3,7,2,2,2,4,2,2,4,2,2,2,2
4,673,1763.0,87,terminated,2,0,0,2,1763.0,1,1,1,0,1,4,1,9,2,2,1,5,2,2,1,3,2,4,8,2,2,0,4,2,2,4,2,2,2,2
4,674,1470.0,180,terminated,1,0,0,2,1470.0,1,0,0,0,1,3,1,7,1,2,1,4,1,2,1,3,2,3,6,1,2,13,3,1,2,3,1,2,1,2
4,675,1768.0,82,terminated,2,0,0,2,1768.0,1,1,1,0,1,4,1,9,2,2,1,5,2,2,1,3,2,4,8,2,2,3,4,2,2,4,2,2,2,2
4,676,1706.0,144,terminated,2,0,0,2,1706.0,1,2,2,0,0,4,0,8,2,2,0,4,2,2,0,2,2,4,8,2,2,6,4,2,2,4,2,2,2,2
4,677,1488.0,162,terminated,1,0,0,2,1488.0,1,2,1,1,1,3,1,7,1,2,1,4,1,2,1,3,2,3,6,1,2,10,3,1,2,3,1,2,1,2
4,678,747.0,93,terminated,2,1,1,2,747.0,0,1,0,1,0,4,0,8,2,2,0,4,2,2,0,2,2,4,8,2,2,0,4,2,2,4,2,2,2,2
4,679,1703.0,147,terminated,2,0,0,2,1703.0,1,3,1,2,1,4,1,9,2,2,1,5,2,2,1,3,2,4,8,2,2,16,4,2,2,4,2,2,2,2
4,680,1752.0,98,terminated,2,0,0,2,1752.0,1,1,0,1,1,4,1,9,2,2,1,5,2,2,1,3,2,4,8,2,2,1,4,2,2,4,2,2,2,2
4,681,1767.0,83,terminated,2,0,0,2,1767.0,1,4,2,2,1,3,1,8,2,2,1,5,2,2,1,3,2,3,7,2,2,6,4,2,2,4,2,2,2,2
4,682,1761.0,89,terminated,2,0,0,2,1761.0,1,2,1,1,1,4,1,9,2,2,1,5,2,2,1,3,2,4,8,2,2,5,4,2,2,4,2,2,2,2
4,683,1507.0,143,terminated,1,0,0,2,1507.0,1,1,0,1,1,3,1,7,1,2,1,4,1,2,1,3,2,3,6,1,2,40,3,1,2,3,1,2,1,2
4,684,1718.0,132,terminated,2,0,0,2,1718.0,1,4,2,2,1,3,1,8,2,2,1,5,2,2,1,3,2,3,7,2,2,5,4,2,2,4,2,2,2,2
4,685,1742.0,108,terminated,2,0,0,2,1742.0,1,0,0,0,0,3,0,7,2,2,0,4,2,2,0,2,2,3,7,2,2,0,4,2,2,4,2,2,2,2
4,686,1765.0,85,terminated,2,0,0,2,1765.0,1,2,2,0,1,4,1,9,2,2,1,5,2,2,1,3,2,4,8,2,2,0,4,2,2,4,2,2,2,2
4,687,1751.0,99,terminated,2,0,0,2,1751.0,1,2,2,0,0,4,0,8,2,2,0,4,2,2,0,2,2,4,8,2,2,3,4,2,2,4,2,2,2,2
4,688,1718.0,132,terminated,2,0,0,2,1718.0,1,1,0,1,1,4,1,9,2,2,1,5,2,2,1,3,2,4,8,2,2,4,4,2,2,4,2,2,2,2
4,689,1749.0,101,terminated,2,0,0,2,1749.0,1,2,2,0,1,4,1,9,2,2,1,5,2,2,1,3,2,4,8,2,2,6,4,2,2,4,2,2,2,2
4,690,1711.0,139,terminated,2,0,0,2,1711.0,1,2,1,1,0,4,0,8,2,2,0,4,2,2,0,2,2,4,8,2,2,0,4,2,2,4,2,2,2,2
4,691,1761.0,89,terminated,2,0,0,2,1761.0,1,1,0,1,0,3,0,7,2,2,0,4,2,2,0,2,2,3,7,2,2,2,4,2,2,4,2,2,2,2
4,692,1759.0,91,terminated,2,0,0,2,1759.0,1,0,0,0,1,4,1,9,2,2,1,5,2,2,1,3,2,4,8,2,2,0,4,2,2,4,2,2,2,2
4,693,1534.0,116,terminated,1,0,0,2,1534.0,1,1,0,1,1,3,1,7,1,2,1,4,1,2,1,3,2,3,6,1,2,14,3,1,2,3,1,2,1,2
4,694,1759.0,91,terminated,2,0,0,2,1759.0,1,1,1,0,1,4,1,9,2,2,1,5,2,2,1,3,2,4,8,2,2,0,4,2,2,4,2,2,2,2
4,695,1719.0,131,terminated,2,0,0,2,1719.0,1,1,1,0,1,4,1,9,2,2,1,5,2,2,1,3,2,4,8,2,2,7,4,2,2,4,2,2,2,2
4,696,1701.0,149,terminated,2,0,0,2,1701.0,1,1,0,1,1,3,1,8,2,2,1,5,2,2,1,3,2,3,7,2,2,0,4,2,2,4,2,2,2,2
4,697,1690.0,160,terminated,2,0,0,2,1690.0,1,0,0,0,0,4,0,8,2,2,0,4,2,2,0,2,2,4,8,2,2,0,4,2,2,4,2,2,2,2
4,698,18.0,22,terminated,1,41,1,1,18.0,0,0,0,0,1,1,1,4,1,1,1,3,1,1,1,2,1,1,3,1,1,0,2,1,1,2,1,1,1,1
4,699,1760.0,90,terminated,2,0,0,2,1760.0,1,2,2,0,0,4,0,8,2,2,0,4,2,2,0,2,2,4,8,2,2,0,4,2,2,4,2,2,2,2
4,700,-174.0,24,terminated,0,40,1,1,-174.0,0,0,0,0,1,1,1,3,0,1,1,2,0,1,1,2,1,1,2,0,1,3,1,0,1,1,0,1,0,1
4,701,1721.0,129,terminated,2,0,0,2,1721.0,1,2,0,2,1,4,1,9,2,2,1,5,2,2,1,3,2,4,8,2,2,4,4,2,2,4,2,2,2,2
4,702,1724.0,126,terminated,2,0,0,2,1724.0,1,3,1,2,1,4,1,9,2,2,1,5,2,2,1,3,2,4,8,2,2,1,4,2,2,4,2,2,2,2
4,703,1719.0,131,terminated,2,0,0,2,1719.0,1,2,1,1,1,4,1,9,2,2,1,5,2,2,1,3,2,4,8,2,2,0,4,2,2,4,2,2,2,2
4,704,1716.0,134,terminated,2,0,0,2,1716.0,1,2,1,1,1,2,1,7,2,2,1,5,2,2,1,3,2,2,6,2,2,0,4,2,2,4,2,2,2,2
4,705,32.0,28,terminated,1,39,1,1,32.0,0,1,0,1,1,2,1,5,1,1,1,3,1,1,1,2,1,2,4,1,1,9,2,1,1,2,1,1,1,1
4,706,1770.0,80,terminated,2,0,0,2,1770.0,1,3,1,2,1,4,1,9,2,2,1,5,2,2,1,3,2,4,8,2,2,2,4,2,2,4,2,2,2,2
4,707,616.0,114,terminated,2,12,1,2,616.0,0,1,0,1,1,4,1,9,2,2,1,5,2,2,1,3,2,4,8,2,2,9,4,2,2,4,2,2,2,2
4,708,-133.0,33,terminated,1,35,1,0,-133.0,0,0,0,0,1,1,1,3,1,0,1,2,1,0,1,1,0,1,2,1,0,17,1,1,0,1,1,0,1,0
4,709,1751.0,99,terminated,2,0,0,2,1751.0,1,1,0,1,1,4,1,9,2,2,1,5,2,2,1,3,2,4,8,2,2,0,4,2,2,4,2,2,2,2
4,710,1524.0,126,terminated,1,0,0,2,1524.0,1,2,0,2,1,3,1,7,1,2,1,4,1,2,1,3,2,3,6,1,2,2,3,1,2,3,1,2,1,2
4,711,1726.0,124,terminated,2,0,0,2,1726.0,1,2,1,1,0,4,0,8,2,2,0,4,2,2,0,2,2,4,8,2,2,1,4,2,2,4,2,2,2,2
4,712,1761.0,89,terminated,2,0,0,2,1761.0,1,1,0,1,0,4,0,8,2,2,0,4,2,2,0,2,2,4,8,2,2,3,4,2,2,4,2,2,2,2
4,713,661.0,69,terminated,2,12,1,2,661.0,0,2,1,1,1,4,1,9,2,2,1,5,2,2,1,3,2,4,8,2,2,2,4,2,2,4,2,2,2,2
4,714,1741.0,109,terminated,2,0,0,2,1741.0,1,3,2,1,1,4,1,9,2,2,1,5,2,2,1,3,2,4,8,2,2,3,4,2,2,4,2,2,2,2
4,715,1768.0,82,terminated,2,0,0,2,1768.0,1,3,1,2,1,4,1,9,2,2,1,5,2,2,1,3,2,4,8,2,2,4,4,2,2,4,2,2,2,2
4,716,1741.0,109,terminated,2,0,0,2,1741.0,1,2,1,1,0,4,0,8,2,2,0,4,2,2,0,2,2,4,8,2,2,5,4,2,2,4,2,2,2,2
4,717,1548.0,102,terminated,1,0,0,2,1548.0,1,3,1,2,1,3,1,7,1,2,1,4,1,2,1,3,2,3,6,1,2,6,3,1,2,3,1,2,1,2
4,718,1734.0,116,terminated,2,0,0,2,1734.0,1,1,1,0,1,4,1,9,2,2,1,5,2,2,1,3,2,4,8,2,2,1,4,2,2,4,2,2,2,2
4,719,1764.0,86,terminated,2,0,0,2,1764.0,1,1,0,1,0,4,0,8,2,2,0,4,2,2,0,2,2,4,8,2,2,0,4,2,2,4,2,2,2,2
4,720,1706.0,144,terminated,2,0,0,2,1706.0,1,3,1,2,1,4,1,9,2,2,1,5,2,2,1,3,2,4,8,2,2,8,4,2,2,4,2,2,2,2
4,721,1764.0,86,terminated,2,0,0,2,1764.0,1,3,2,1,1,4,1,9,2,2,1,5,2,2,1,3,2,4,8,2,2,5,4,2,2,4,2,2,2,2
4,722,-169.0,19,terminated,0,40,1,1,-169.0,0,1,0,1,1,0,1,2,0,1,1,2,0,1,1,2,1,0,1,0,1,3,1,0,1,1,0,1,0,1
4,723,1738.0,112,terminated,2,0,0,2,1738.0,1,3,2,1,1,4,1,9,2,2,1,5,2,2,1,3,2,4,8,2,2,9,4,2,2,4,2,2,2,2
4,724,638.0,62,terminated,2,15,1,2,638.0,0,3,2,1,0,4,0,8,2,2,0,4,2,2,0,2,2,4,8,2,2,5,4,2,2,4,2,2,2,2
4,725,1748.0,102,terminated,2,0,0,2,1748.0,1,2,1,1,0,4,0,8,2,2,0,4,2,2,0,2,2,4,8,2,2,5,4,2,2,4,2,2,2,2
4,726,1734.0,116,terminated,2,0,0,2,1734.0,1,1,1,0,1,4,1,9,2,2,1,5,2,2,1,3,2,4,8,2,2,8,4,2,2,4,2,2,2,2
4,727,1755.0,95,terminated,2,0,0,2,1755.0,1,1,1,0,0,4,0,8,2,2,0,4,2,2,0,2,2,4,8,2,2,0,4,2,2,4,2,2,2,2
4,728,-178.0,18,terminated,1,41,1,0,-178.0,0,0,0,0,1,0,1,2,1,0,1,2,1,0,1,1,0,0,1,1,0,0,1,1,0,1,1,0,1,0
4,729,1748.0,102,terminated,2,0,0,2,1748.0,1,1,1,0,0,4,0,8,2,2,0,4,2,2,0,2,2,4,8,2,2,0,4,2,2,4,2,2,2,2
4,730,1704.0,146,terminated,2,0,0,2,1704.0,1,1,0,1,1,3,1,8,2,2,1,5,2,2,1,3,2,3,7,2,2,0,4,2,2,4,2,2,2,2
4,731,1753.0,97,terminated,2,0,0,2,1753.0,1,3,2,1,1,4,1,9,2,2,1,5,2,2,1,3,2,4,8,2,2,7,4,2,2,4,2,2,2,2
4,732,1725.0,125,terminated,2,0,0,2,1725.0,1,3,2,1,1,4,1,9,2,2,1,5,2,2,1,3,2,4,8,2,2,7,4,2,2,4,2,2,2,2
4,733,1766.0,84,terminated,2,0,0,2,1766.0,1,2,1,1,1,4,1,9,2,2,1,5,2,2,1,3,2,4,8,2,2,7,4,2,2,4,2,2,2,2
4,734,1770.0,80,terminated,2,0,0,2,1770.0,1,3,2,1,1,3,1,8,2,2,1,5,2,2,1,3,2,3,7,2,2,2,4,2,2,4,2,2,2,2
4,735,1740.0,110,terminated,2,0,0,2,1740.0,1,3,1,2,1,4,1,9,2,2,1,5,2,2,1,3,2,4,8,2,2,7,4,2,2,4,2,2,2,2
4,736,1730.0,120,terminated,2,0,0,2,1730.0,1,2,2,0,1,4,1,9,2,2,1,5,2,2,1,3,2,4,8,2,2,5,4,2,2,4,2,2,2,2
4,737,355.0,45,terminated,1,25,1,2,355.0,0,2,0,2,1,2,1,6,1,2,1,4,1,2,1,3,2,2,5,1,2,8,3,1,2,3,1,2,1,2
4,738,1754.0,96,terminated,2,0,0,2,1754.0,1,2,1,1,0,4,0,8,2,2,0,4,2,2,0,2,2,4,8,2,2,3,4,2,2,4,2,2,2,2
4,739,1736.0,114,terminated,2,0,0,2,1736.0,1,3,2,1,1,4,1,9,2,2,1,5,2,2,1,3,2,4,8,2,2,4,4,2,2,4,2,2,2,2
4,740,-170.0,20,terminated,1,40,1,0,-170.0,0,0,0,0,1,0,1,2,1,0,1,2,1,0,1,1,0,0,1,1,0,0,1,1,0,1,1,0,1,0
4,741,1736.0,114,terminated,2,0,0,2,1736.0,1,4,2,2,1,4,1,9,2,2,1,5,2,2,1,3,2,4,8,2,2,10,4,2,2,4,2,2,2,2
4,742,1752.0,98,terminated,2,0,0,2,1752.0,1,2,1,1,1,3,1,8,2,2,1,5,2,2,1,3,2,3,7,2,2,0,4,2,2,4,2,2,2,2
4,743,1758.0,92,terminated,2,0,0,2,1758.0,1,2,1,1,0,4,0,8,2,2,0,4,2,2,0,2,2,4,8,2,2,2,4,2,2,4,2,2,2,2
4,744,1532.0,118,terminated,1,0,0,2,1532.0,1,1,0,1,0,3,0,6,1,2,0,3,1,2,0,2,2,3,6,1,2,4,3,1,2,3,1,2,1,2
4,745,1766.0,84,terminated,2,0,0,2,1766.0,1,2,2,0,1,4,1,9,2,2,1,5,2,2,1,3,2,4,8,2,2,3,4,2,2,4,2,2,2,2
4,746,1728.0,122,terminated,2,0,0,2,1728.0,1,1,1,0,0,4,0,8,2,2,0,4,2,2,0,2,2,4,8,2,2,0,4,2,2,4,2,2,2,2
4,747,1429.0,221,terminated,1,0,0,2,1429.0,1,2,1,1,1,3,1,7,1,2,1,4,1,2,1,3,2,3,6,1,2,19,3,1,2,3,1,2,1,2
4,748,1717.0,133,terminated,2,0,0,2,1717.0,1,2,2,0,1,4,1,9,2,2,1,5,2,2,1,3,2,4,8,2,2,3,4,2,2,4,2,2,2,2
4,749,1762.0,88,terminated,2,0,0,2,1762.0,1,3,1,2,1,4,1,9,2,2,1,5,2,2,1,3,2,4,8,2,2,8,4,2,2,4,2,2,2,2
4,750,1714.0,136,terminated,2,0,0,2,1714.0,1,3,2,1,1,3,1,8,2,2,1,5,2,2,1,3,2,3,7,2,2,13,4,2,2,4,2,2,2,2
4,751,1677.0,173,terminated,2,0,0,2,1677.0,1,3,1,2,1,4,1,9,2,2,1,5,2,2,1,3,2,4,8,2,2,22,4,2,2,4,2,2,2,2
4,752,1721.0,129,terminated,2,0,0,2,1721.0,1,1,1,0,1,4,1,9,2,2,1,5,2,2,1,3,2,4,8,2,2,0,4,2,2,4,2,2,2,2
4,753,1752.0,98,terminated,2,0,0,2,1752.0,1,4,2,2,1,4,1,9,2,2,1,5,2,2,1,3,2,4,8,2,2,10,4,2,2,4,2,2,2,2
4,754,1477.0,173,terminated,2,0,0,1,1477.0,1,1,1,0,1,3,1,7,2,1,1,4,2,1,1,2,1,3,6,2,1,2,3,2,1,3,2,1,2,1
4,755,1766.0,84,terminated,2,0,0,2,1766.0,1,0,0,0,1,4,1,9,2,2,1,5,2,2,1,3,2,4,8,2,2,0,4,2,2,4,2,2,2,2
4,756,1728.0,122,terminated,2,0,0,2,1728.0,1,1,0,1,1,4,1,9,2,2,1,5,2,2,1,3,2,4,8,2,2,22,4,2,2,4,2,2,2,2
4,757,255.0,75,terminated,0,12,1,2,255.0,0,2,0,2,1,1,1,4,0,2,1,3,0,2,1,3,2,1,3,0,2,10,2,0,2,2,0,2,0,2
4,758,1734.0,116,terminated,2,0,0,2,1734.0,1,0,0,0,1,4,1,9,2,2,1,5,2,2,1,3,2,4,8,2,2,0,4,2,2,4,2,2,2,2
4,759,1755.0,95,terminated,2,0,0,2,1755.0,1,3,2,1,1,4,1,9,2,2,1,5,2,2,1,3,2,4,8,2,2,10,4,2,2,4,2,2,2,2
4,760,1758.0,92,terminated,2,0,0,2,1758.0,1,3,2,1,1,4,1,9,2,2,1,5,2,2,1,3,2,4,8,2,2,9,4,2,2,4,2,2,2,2
4,761,1743.0,107,terminated,2,0,0,2,1743.0,1,4,2,2,1,4,1,9,2,2,1,5,2,2,1,3,2,4,8,2,2,5,4,2,2,4,2,2,2,2
4,762,1744.0,106,terminated,2,0,0,2,1744.0,1,3,2,1,0,4,0,8,2,2,0,4,2,2,0,2,2,4,8,2,2,3,4,2,2,4,2,2,2,2
4,763,1713.0,137,terminated,2,0,0,2,1713.0,1,1,0,1,0,3,0,7,2,2,0,4,2,2,0,2,2,3,7,2,2,7,4,2,2,4,2,2,2,2
4,764,1752.0,98,terminated,2,0,0,2,1752.0,1,1,0,1,0,4,0,8,2,2,0,4,2,2,0,2,2,4,8,2,2,2,4,2,2,4,2,2,2,2
4,765,1750.0,100,terminated,2,0,0,2,1750.0,1,3,2,1,1,4,1,9,2,2,1,5,2,2,1,3,2,4,8,2,2,3,4,2,2,4,2,2,2,2
4,766,1719.0,131,terminated,2,0,0,2,1719.0,1,1,1,0,1,4,1,9,2,2,1,5,2,2,1,3,2,4,8,2,2,12,4,2,2,4,2,2,2,2
4,767,1744.0,106,terminated,2,0,0,2,1744.0,1,2,1,1,1,4,1,9,2,2,1,5,2,2,1,3,2,4,8,2,2,6,4,2,2,4,2,2,2,2
4,768,332.0,38,terminated,2,28,1,1,332.0,0,0,0,0,0,2,0,5,2,1,0,3,2,1,0,1,1,2,5,2,1,0,3,2,1,3,2,1,2,1
4,769,1741.0,109,terminated,2,0,0,2,1741.0,1,1,0,1,1,4,1,9,2,2,1,5,2,2,1,3,2,4,8,2,2,0,4,2,2,4,2,2,2,2
4,770,541.0,59,terminated,2,25,1,2,541.0,0,3,2,1,1,3,1,8,2,2,1,5,2,2,1,3,2,3,7,2,2,7,4,2,2,4,2,2,2,2
4,771,1735.0,115,terminated,2,0,0,2,1735.0,1,2,1,1,1,4,1,9,2,2,1,5,2,2,1,3,2,4,8,2,2,8,4,2,2,4,2,2,2,2
4,772,1750.0,100,terminated,2,0,0,2,1750.0,1,4,2,2,1,3,1,8,2,2,1,5,2,2,1,3,2,3,7,2,2,3,4,2,2,4,2,2,2,2
4,773,-172.0,22,terminated,1,40,1,0,-172.0,0,0,0,0,1,0,1,2,1,0,1,2,1,0,1,1,0,0,1,1,0,2,1,1,0,1,1,0,1,0
4,774,1751.0,99,terminated,2,0,0,2,1751.0,1,2,2,0,1,4,1,9,2,2,1,5,2,2,1,3,2,4,8,2,2,5,4,2,2,4,2,2,2,2
4,775,1752.0,98,terminated,2,0,0,2,1752.0,1,4,2,2,1,3,1,8,2,2,1,5,2,2,1,3,2,3,7,2,2,1,4,2,2,4,2,2,2,2
4,776,1730.0,120,terminated,2,0,0,2,1730.0,1,1,1,0,1,4,1,9,2,2,1,5,2,2,1,3,2,4,8,2,2,0,4,2,2,4,2,2,2,2
4,777,529.0,41,terminated,2,28,1,2,529.0,0,2,1,1,1,3,1,8,2,2,1,5,2,2,1,3,2,3,7,2,2,0,4,2,2,4,2,2,2,2
4,778,1541.0,109,terminated,2,0,0,1,1541.0,1,1,1,0,1,3,1,7,2,1,1,4,2,1,1,2,1,3,6,2,1,1,3,2,1,3,2,1,2,1
4,779,1731.0,119,terminated,2,0,0,2,1731.0,1,3,1,2,1,4,1,9,2,2,1,5,2,2,1,3,2,4,8,2,2,6,4,2,2,4,2,2,2,2
4,780,1730.0,120,terminated,2,0,0,2,1730.0,1,1,1,0,1,3,1,8,2,2,1,5,2,2,1,3,2,3,7,2,2,10,4,2,2,4,2,2,2,2
4,781,1757.0,93,terminated,2,0,0,2,1757.0,1,1,1,0,1,4,1,9,2,2,1,5,2,2,1,3,2,4,8,2,2,1,4,2,2,4,2,2,2,2
4,782,1760.0,90,terminated,2,0,0,2,1760.0,1,1,0,1,1,4,1,9,2,2,1,5,2,2,1,3,2,4,8,2,2,9,4,2,2,4,2,2,2,2
4,783,-179.0,19,terminated,0,41,1,1,-179.0,0,1,0,1,1,0,1,2,0,1,1,2,0,1,1,2,1,0,1,0,1,1,1,0,1,1,0,1,0,1
4,784,1506.0,144,terminated,1,0,0,2,1506.0,1,1,1,0,1,2,1,6,1,2,1,4,1,2,1,3,2,2,5,1,2,10,3,1,2,3,1,2,1,2
4,785,1748.0,102,terminated,2,0,0,2,1748.0,1,2,1,1,1,4,1,9,2,2,1,5,2,2,1,3,2,4,8,2,2,0,4,2,2,4,2,2,2,2
4,786,1762.0,88,terminated,2,0,0,2,1762.0,1,2,0,2,1,4,1,9,2,2,1,5,2,2,1,3,2,4,8,2,2,8,4,2,2,4,2,2,2,2
4,787,1725.0,125,terminated,2,0,0,2,1725.0,1,3,2,1,1,4,1,9,2,2,1,5,2,2,1,3,2,4,8,2,2,9,4,2,2,4,2,2,2,2
4,788,1766.0,84,terminated,2,0,0,2,1766.0,1,1,0,1,0,4,0,8,2,2,0,4,2,2,0,2,2,4,8,2,2,0,4,2,2,4,2,2,2,2
4,789,1721.0,129,terminated,2,0,0,2,1721.0,1,2,1,1,0,4,0,8,2,2,0,4,2,2,0,2,2,4,8,2,2,0,4,2,2,4,2,2,2,2
4,790,1744.0,106,terminated,2,0,0,2,1744.0,1,4,2,2,1,3,1,8,2,2,1,5,2,2,1,3,2,3,7,2,2,0,4,2,2,4,2,2,2,2
4,791,1764.0,86,terminated,2,0,0,2,1764.0,1,1,0,1,1,4,1,9,2,2,1,5,2,2,1,3,2,4,8,2,2,0,4,2,2,4,2,2,2,2
4,792,1739.0,111,terminated,2,0,0,2,1739.0,1,2,1,1,1,4,1,9,2,2,1,5,2,2,1,3,2,4,8,2,2,5,4,2,2,4,2,2,2,2
4,793,1760.0,90,terminated,2,0,0,2,1760.0,1,0,0,0,0,4,0,8,2,2,0,4,2,2,0,2,2,4,8,2,2,0,4,2,2,4,2,2,2,2
4,794,-169.0,19,terminated,0,40,1,1,-169.0,0,1,0,1,1,0,1,2,0,1,1,2,0,1,1,2,1,0,1,0,1,3,1,0,1,1,0,1,0,1
4,795,485.0,35,terminated,2,33,1,2,485.0,0,3,1,2,0,3,0,7,2,2,0,4,2,2,0,2,2,3,7,2,2,4,4,2,2,4,2,2,2,2
4,796,1737.0,113,terminated,2,0,0,2,1737.0,1,4,2,2,1,4,1,9,2,2,1,5,2,2,1,3,2,4,8,2,2,5,4,2,2,4,2,2,2,2
4,797,1714.0,136,terminated,2,0,0,2,1714.0,1,1,1,0,1,4,1,9,2,2,1,5,2,2,1,3,2,4,8,2,2,1,4,2,2,4,2,2,2,2
4,798,1770.0,80,terminated,2,0,0,2,1770.0,1,1,0,1,0,4,0,8,2,2,0,4,2,2,0,2,2,4,8,2,2,2,4,2,2,4,2,2,2,2
4,799,1753.0,97,terminated,2,0,0,2,1753.0,1,0,0,0,1,4,1,9,2,2,1,5,2,2,1,3,2,4,8,2,2,0,4,2,2,4,2,2,2,2
4,800,1750.0,100,terminated,2,0,0,2,1750.0,1,2,2,0,1,4,1,9,2,2,1,5,2,2,1,3,2,4,8,2,2,7,4,2,2,4,2,2,2,2
4,801,1759.0,91,terminated,2,0,0,2,1759.0,1,2,1,1,1,4,1,9,2,2,1,5,2,2,1,3,2,4,8,2,2,0,4,2,2,4,2,2,2,2
4,802,1723.0,127,terminated,2,0,0,2,1723.0,1,3,2,1,1,4,1,9,2,2,1,5,2,2,1,3,2,4,8,2,2,0,4,2,2,4,2,2,2,2
4,803,1696.0,154,terminated,2,0,0,2,1696.0,1,3,1,2,0,4,0,8,2,2,0,4,2,2,0,2,2,4,8,2,2,4,4,2,2,4,2,2,2,2
4,804,1722.0,128,terminated,2,0,0,2,1722.0,1,1,0,1,1,4,1,9,2,2,1,5,2,2,1,3,2,4,8,2,2,0,4,2,2,4,2,2,2,2
4,805,1737.0,113,terminated,2,0,0,2,1737.0,1,3,2,1,1,3,1,8,2,2,1,5,2,2,1,3,2,3,7,2,2,3,4,2,2,4,2,2,2,2
4,806,493.0,47,terminated,2,31,1,2,493.0,0,2,0,2,0,3,0,7,2,2,0,4,2,2,0,2,2,3,7,2,2,6,4,2,2,4,2,2,2,2
4,807,1756.0,94,terminated,2,0,0,2,1756.0,1,1,0,1,1,4,1,9,2,2,1,5,2,2,1,3,2,4,8,2,2,0,4,2,2,4,2,2,2,2
4,808,1745.0,105,terminated,2,0,0,2,1745.0,1,2,2,0,0,4,0,8,2,2,0,4,2,2,0,2,2,4,8,2,2,7,4,2,2,4,2,2,2,2
4,809,-178.0,18,terminated,1,41,1,0,-178.0,0,0,0,0,1,0,1,2,1,0,1,2,1,0,1,1,0,0,1,1,0,0,1,1,0,1,1,0,1,0
4,810,1744.0,106,terminated,2,0,0,2,1744.0,1,2,1,1,1,4,1,9,2,2,1,5,2,2,1,3,2,4,8,2,2,21,4,2,2,4,2,2,2,2
4,811,1758.0,92,terminated,2,0,0,2,1758.0,1,1,1,0,1,4,1,9,2,2,1,5,2,2,1,3,2,4,8,2,2,5,4,2,2,4,2,2,2,2
4,812,1736.0,114,terminated,2,0,0,2,1736.0,1,4,2,2,1,3,1,8,2,2,1,5,2,2,1,3,2,3,7,2,2,13,4,2,2,4,2,2,2,2
4,813,1753.0,97,terminated,2,0,0,2,1753.0,1,1,1,0,1,3,1,8,2,2,1,5,2,2,1,3,2,3,7,2,2,0,4,2,2,4,2,2,2,2
4,814,1772.0,78,terminated,2,0,0,2,1772.0,1,2,1,1,1,4,1,9,2,2,1,5,2,2,1,3,2,4,8,2,2,7,4,2,2,4,2,2,2,2
4,815,318.0,52,terminated,2,28,1,1,318.0,0,2,2,0,1,3,1,7,2,1,1,4,2,1,1,2,1,3,6,2,1,7,3,2,1,3,2,1,2,1
4,816,1734.0,116,terminated,2,0,0,2,1734.0,1,1,1,0,1,4,1,9,2,2,1,5,2,2,1,3,2,4,8,2,2,0,4,2,2,4,2,2,2,2
4,817,1769.0,81,terminated,2,0,0,2,1769.0,1,1,0,1,1,4,1,9,2,2,1,5,2,2,1,3,2,4,8,2,2,0,4,2,2,4,2,2,2,2
4,818,1731.0,119,terminated,2,0,0,2,1731.0,1,2,1,1,1,4,1,9,2,2,1,5,2,2,1,3,2,4,8,2,2,6,4,2,2,4,2,2,2,2
4,819,1734.0,116,terminated,2,0,0,2,1734.0,1,2,1,1,0,4,0,8,2,2,0,4,2,2,0,2,2,4,8,2,2,0,4,2,2,4,2,2,2,2
4,820,1759.0,91,terminated,2,0,0,2,1759.0,1,2,1,1,1,3,1,8,2,2,1,5,2,2,1,3,2,3,7,2,2,0,4,2,2,4,2,2,2,2
4,821,1474.0,176,terminated,1,0,0,2,1474.0,1,1,1,0,1,2,1,6,1,2,1,4,1,2,1,3,2,2,5,1,2,31,3,1,2,3,1,2,1,2
4,822,1770.0,80,terminated,2,0,0,2,1770.0,1,1,1,0,1,3,1,8,2,2,1,5,2,2,1,3,2,3,7,2,2,0,4,2,2,4,2,2,2,2
4,823,14.0,26,terminated,1,41,1,1,14.0,0,0,0,0,1,1,1,4,1,1,1,3,1,1,1,2,1,1,3,1,1,0,2,1,1,2,1,1,1,1
4,824,1745.0,105,terminated,2,0,0,2,1745.0,1,4,2,2,1,4,1,9,2,2,1,5,2,2,1,3,2,4,8,2,2,5,4,2,2,4,2,2,2,2
4,825,1766.0,84,terminated,2,0,0,2,1766.0,1,2,1,1,1,4,1,9,2,2,1,5,2,2,1,3,2,4,8,2,2,0,4,2,2,4,2,2,2,2
4,826,1770.0,80,terminated,2,0,0,2,1770.0,1,1,0,1,1,3,1,8,2,2,1,5,2,2,1,3,2,3,7,2,2,0,4,2,2,4,2,2,2,2
4,827,1752.0,98,terminated,2,0,0,2,1752.0,1,4,2,2,1,4,1,9,2,2,1,5,2,2,1,3,2,4,8,2,2,6,4,2,2,4,2,2,2,2
4,828,1703.0,147,terminated,2,0,0,2,1703.0,1,2,1,1,1,3,1,8,2,2,1,5,2,2,1,3,2,3,7,2,2,6,4,2,2,4,2,2,2,2
4,829,1465.0,185,terminated,1,0,0,2,1465.0,1,3,1,2,1,3,1,7,1,2,1,4,1,2,1,3,2,3,6,1,2,11,3,1,2,3,1,2,1,2
4,830,1745.0,105,terminated,2,0,0,2,1745.0,1,3,1,2,1,4,1,9,2,2,1,5,2,2,1,3,2,4,8,2,2,2,4,2,2,4,2,2,2,2
4,831,1726.0,124,terminated,2,0,0,2,1726.0,1,4,2,2,1,4,1,9,2,2,1,5,2,2,1,3,2,4,8,2,2,4,4,2,2,4,2,2,2,2
4,832,1760.0,90,terminated,2,0,0,2,1760.0,1,3,1,2,1,4,1,9,2,2,1,5,2,2,1,3,2,4,8,2,2,0,4,2,2,4,2,2,2,2
4,833,1545.0,105,terminated,1,0,0,2,1545.0,1,1,0,1,0,2,0,5,1,2,0,3,1,2,0,2,2,2,5,1,2,0,3,1,2,3,1,2,1,2
4,834,1747.0,103,terminated,2,0,0,2,1747.0,1,2,1,1,1,4,1,9,2,2,1,5,2,2,1,3,2,4,8,2,2,6,4,2,2,4,2,2,2,2
4,835,1738.0,112,terminated,2,0,0,2,1738.0,1,1,1,0,0,4,0,8,2,2,0,4,2,2,0,2,2,4,8,2,2,3,4,2,2,4,2,2,2,2
4,836,-173.0,23,terminated,1,40,1,0,-173.0,0,0,0,0,1,0,1,2,1,0,1,2,1,0,1,1,0,0,1,1,0,3,1,1,0,1,1,0,1,0
4,837,1759.0,91,terminated,2,0,0,2,1759.0,1,1,1,0,0,4,0,8,2,2,0,4,2,2,0,2,2,4,8,2,2,0,4,2,2,4,2,2,2,2
4,838,1772.0,78,terminated,2,0,0,2,1772.0,1,3,2,1,1,4,1,9,2,2,1,5,2,2,1,3,2,4,8,2,2,6,4,2,2,4,2,2,2,2
4,839,-179.0,19,terminated,0,41,1,1,-179.0,0,1,0,1,1,0,1,2,0,1,1,2,0,1,1,2,1,0,1,0,1,1,1,0,1,1,0,1,0,1
4,840,1768.0,82,terminated,2,0,0,2,1768.0,1,3,1,2,1,4,1,9,2,2,1,5,2,2,1,3,2,4,8,2,2,10,4,2,2,4,2,2,2,2
4,841,1707.0,143,terminated,2,0,0,2,1707.0,1,2,1,1,0,4,0,8,2,2,0,4,2,2,0,2,2,4,8,2,2,4,4,2,2,4,2,2,2,2
4,842,1754.0,96,terminated,2,0,0,2,1754.0,1,2,1,1,1,4,1,9,2,2,1,5,2,2,1,3,2,4,8,2,2,0,4,2,2,4,2,2,2,2
4,843,1753.0,97,terminated,2,0,0,2,1753.0,1,2,1,1,1,4,1,9,2,2,1,5,2,2,1,3,2,4,8,2,2,6,4,2,2,4,2,2,2,2
4,844,1739.0,111,terminated,2,0,0,2,1739.0,1,2,1,1,1,4,1,9,2,2,1,5,2,2,1,3,2,4,8,2,2,0,4,2,2,4,2,2,2,2
4,845,1755.0,95,terminated,2,0,0,2,1755.0,1,0,0,0,1,3,1,8,2,2,1,5,2,2,1,3,2,3,7,2,2,0,4,2,2,4,2,2,2,2
4,846,1755.0,95,terminated,2,0,0,2,1755.0,1,2,1,1,0,4,0,8,2,2,0,4,2,2,0,2,2,4,8,2,2,3,4,2,2,4,2,2,2,2
4,847,1734.0,116,terminated,2,0,0,2,1734.0,1,1,1,0,1,4,1,9,2,2,1,5,2,2,1,3,2,4,8,2,2,3,4,2,2,4,2,2,2,2
4,848,1768.0,82,terminated,2,0,0,2,1768.0,1,1,0,1,1,4,1,9,2,2,1,5,2,2,1,3,2,4,8,2,2,6,4,2,2,4,2,2,2,2
4,849,669.0,91,terminated,2,9,1,2,669.0,0,3,1,2,1,4,1,9,2,2,1,5,2,2,1,3,2,4,8,2,2,8,4,2,2,4,2,2,2,2
4,850,1726.0,124,terminated,2,0,0,2,1726.0,1,2,0,2,1,4,1,9,2,2,1,5,2,2,1,3,2,4,8,2,2,2,4,2,2,4,2,2,2,2
4,851,1762.0,88,terminated,2,0,0,2,1762.0,1,4,2,2,1,4,1,9,2,2,1,5,2,2,1,3,2,4,8,2,2,2,4,2,2,4,2,2,2,2
4,852,1733.0,117,terminated,2,0,0,2,1733.0,1,3,2,1,1,4,1,9,2,2,1,5,2,2,1,3,2,4,8,2,2,4,4,2,2,4,2,2,2,2
4,853,1756.0,94,terminated,2,0,0,2,1756.0,1,2,2,0,1,4,1,9,2,2,1,5,2,2,1,3,2,4,8,2,2,6,4,2,2,4,2,2,2,2
4,854,1739.0,111,terminated,2,0,0,2,1739.0,1,1,0,1,0,3,0,7,2,2,0,4,2,2,0,2,2,3,7,2,2,0,4,2,2,4,2,2,2,2
4,855,1753.0,97,terminated,2,0,0,2,1753.0,1,2,0,2,0,4,0,8,2,2,0,4,2,2,0,2,2,4,8,2,2,0,4,2,2,4,2,2,2,2
4,856,27.0,23,terminated,1,40,1,1,27.0,0,1,0,1,1,2,1,5,1,1,1,3,1,1,1,2,1,2,4,1,1,2,2,1,1,2,1,1,1,1
4,857,1731.0,119,terminated,2,0,0,2,1731.0,1,2,1,1,1,4,1,9,2,2,1,5,2,2,1,3,2,4,8,2,2,4,4,2,2,4,2,2,2,2
4,858,1751.0,99,terminated,2,0,0,2,1751.0,1,1,0,1,0,3,0,7,2,2,0,4,2,2,0,2,2,3,7,2,2,0,4,2,2,4,2,2,2,2
4,859,285.0,35,terminated,1,33,1,2,285.0,0,2,1,1,0,2,0,5,1,2,0,3,1,2,0,2,2,2,5,1,2,6,3,1,2,3,1,2,1,2
4,860,1772.0,78,terminated,2,0,0,2,1772.0,1,2,1,1,1,4,1,9,2,2,1,5,2,2,1,3,2,4,8,2,2,0,4,2,2,4,2,2,2,2
4,861,1749.0,101,terminated,2,0,0,2,1749.0,1,2,1,1,0,3,0,7,2,2,0,4,2,2,0,2,2,3,7,2,2,0,4,2,2,4,2,2,2,2
4,862,1771.0,79,terminated,2,0,0,2,1771.0,1,2,1,1,1,4,1,9,2,2,1,5,2,2,1,3,2,4,8,2,2,0,4,2,2,4,2,2,2,2
4,863,1747.0,103,terminated,2,0,0,2,1747.0,1,3,2,1,1,4,1,9,2,2,1,5,2,2,1,3,2,4,8,2,2,7,4,2,2,4,2,2,2,2
4,864,1754.0,96,terminated,2,0,0,2,1754.0,1,3,1,2,0,3,0,7,2,2,0,4,2,2,0,2,2,3,7,2,2,2,4,2,2,4,2,2,2,2
4,865,1723.0,127,terminated,2,0,0,2,1723.0,1,2,0,2,1,4,1,9,2,2,1,5,2,2,1,3,2,4,8,2,2,9,4,2,2,4,2,2,2,2
4,866,1733.0,117,terminated,2,0,0,2,1733.0,1,2,0,2,1,4,1,9,2,2,1,5,2,2,1,3,2,4,8,2,2,0,4,2,2,4,2,2,2,2
4,867,1772.0,78,terminated,2,0,0,2,1772.0,1,1,1,0,1,4,1,9,2,2,1,5,2,2,1,3,2,4,8,2,2,7,4,2,2,4,2,2,2,2
4,868,1755.0,95,terminated,2,0,0,2,1755.0,1,2,1,1,1,3,1,8,2,2,1,5,2,2,1,3,2,3,7,2,2,8,4,2,2,4,2,2,2,2
4,869,25.0,25,terminated,1,40,1,1,25.0,0,1,0,1,1,1,1,4,1,1,1,3,1,1,1,2,1,1,3,1,1,7,2,1,1,2,1,1,1,1
4,870,1747.0,103,terminated,2,0,0,2,1747.0,1,2,1,1,1,4,1,9,2,2,1,5,2,2,1,3,2,4,8,2,2,0,4,2,2,4,2,2,2,2
4,871,697.0,113,terminated,2,4,1,2,697.0,0,2,1,1,1,4,1,9,2,2,1,5,2,2,1,3,2,4,8,2,2,4,4,2,2,4,2,2,2,2
4,872,1772.0,78,terminated,2,0,0,2,1772.0,1,3,2,1,1,3,1,8,2,2,1,5,2,2,1,3,2,3,7,2,2,0,4,2,2,4,2,2,2,2
4,873,-179.0,19,terminated,0,41,1,1,-179.0,0,1,0,1,1,0,1,2,0,1,1,2,0,1,1,2,1,0,1,0,1,1,1,0,1,1,0,1,0,1
4,874,1761.0,89,terminated,2,0,0,2,1761.0,1,1,1,0,1,3,1,8,2,2,1,5,2,2,1,3,2,3,7,2,2,0,4,2,2,4,2,2,2,2
4,875,1764.0,86,terminated,2,0,0,2,1764.0,1,2,0,2,1,4,1,9,2,2,1,5,2,2,1,3,2,4,8,2,2,5,4,2,2,4,2,2,2,2
4,876,1757.0,93,terminated,2,0,0,2,1757.0,1,2,1,1,1,4,1,9,2,2,1,5,2,2,1,3,2,4,8,2,2,1,4,2,2,4,2,2,2,2
4,877,1757.0,93,terminated,2,0,0,2,1757.0,1,1,0,1,0,4,0,8,2,2,0,4,2,2,0,2,2,4,8,2,2,2,4,2,2,4,2,2,2,2
4,878,1755.0,95,terminated,2,0,0,2,1755.0,1,2,1,1,0,4,0,8,2,2,0,4,2,2,0,2,2,4,8,2,2,2,4,2,2,4,2,2,2,2
4,879,1764.0,86,terminated,2,0,0,2,1764.0,1,1,0,1,1,4,1,9,2,2,1,5,2,2,1,3,2,4,8,2,2,0,4,2,2,4,2,2,2,2
4,880,302.0,38,terminated,2,31,1,1,302.0,0,2,1,1,1,2,1,6,2,1,1,4,2,1,1,2,1,2,5,2,1,6,3,2,1,3,2,1,2,1
4,881,1764.0,86,terminated,2,0,0,2,1764.0,1,2,1,1,1,4,1,9,2,2,1,5,2,2,1,3,2,4,8,2,2,8,4,2,2,4,2,2,2,2
4,882,1689.0,161,terminated,2,0,0,2,1689.0,1,2,1,1,0,4,0,8,2,2,0,4,2,2,0,2,2,4,8,2,2,3,4,2,2,4,2,2,2,2
4,883,1748.0,102,terminated,2,0,0,2,1748.0,1,2,1,1,1,4,1,9,2,2,1,5,2,2,1,3,2,4,8,2,2,5,4,2,2,4,2,2,2,2
4,884,1700.0,150,terminated,2,0,0,2,1700.0,1,1,0,1,1,4,1,9,2,2,1,5,2,2,1,3,2,4,8,2,2,0,4,2,2,4,2,2,2,2
4,885,1492.0,158,terminated,1,0,0,2,1492.0,1,3,1,2,1,3,1,7,1,2,1,4,1,2,1,3,2,3,6,1,2,25,3,1,2,3,1,2,1,2
4,886,1523.0,127,terminated,1,0,0,2,1523.0,1,3,1,2,1,3,1,7,1,2,1,4,1,2,1,3,2,3,6,1,2,24,3,1,2,3,1,2,1,2
4,887,1770.0,80,terminated,2,0,0,2,1770.0,1,1,0,1,0,4,0,8,2,2,0,4,2,2,0,2,2,4,8,2,2,0,4,2,2,4,2,2,2,2
4,888,1539.0,111,terminated,1,0,0,2,1539.0,1,1,0,1,1,3,1,7,1,2,1,4,1,2,1,3,2,3,6,1,2,0,3,1,2,3,1,2,1,2
4,889,1698.0,152,terminated,2,0,0,2,1698.0,1,2,0,2,0,4,0,8,2,2,0,4,2,2,0,2,2,4,8,2,2,8,4,2,2,4,2,2,2,2
4,890,1768.0,82,terminated,2,0,0,2,1768.0,1,3,2,1,1,4,1,9,2,2,1,5,2,2,1,3,2,4,8,2,2,1,4,2,2,4,2,2,2,2
4,891,623.0,157,terminated,2,7,1,2,623.0,0,0,0,0,1,4,1,9,2,2,1,5,2,2,1,3,2,4,8,2,2,0,4,2,2,4,2,2,2,2
4,892,1738.0,112,terminated,2,0,0,2,1738.0,1,2,1,1,0,4,0,8,2,2,0,4,2,2,0,2,2,4,8,2,2,5,4,2,2,4,2,2,2,2
4,893,1756.0,94,terminated,2,0,0,2,1756.0,1,2,1,1,1,4,1,9,2,2,1,5,2,2,1,3,2,4,8,2,2,1,4,2,2,4,2,2,2,2
4,894,1764.0,86,terminated,2,0,0,2,1764.0,1,3,1,2,0,4,0,8,2,2,0,4,2,2,0,2,2,4,8,2,2,5,4,2,2,4,2,2,2,2
4,895,645.0,105,terminated,2,10,1,2,645.0,0,3,1,2,1,4,1,9,2,2,1,5,2,2,1,3,2,4,8,2,2,7,4,2,2,4,2,2,2,2
4,896,324.0,46,terminated,1,28,1,2,324.0,0,1,0,1,1,3,1,7,1,2,1,4,1,2,1,3,2,3,6,1,2,1,3,1,2,3,1,2,1,2
4,897,1522.0,128,terminated,2,0,0,1,1522.0,1,0,0,0,0,3,0,6,2,1,0,3,2,1,0,1,1,3,6,2,1,11,3,2,1,3,2,1,2,1
4,898,1752.0,98,terminated,2,0,0,2,1752.0,1,3,1,2,1,4,1,9,2,2,1,5,2,2,1,3,2,4,8,2,2,6,4,2,2,4,2,2,2,2
4,899,1749.0,101,terminated,2,0,0,2,1749.0,1,3,1,2,1,4,1,9,2,2,1,5,2,2,1,3,2,4,8,2,2,1,4,2,2,4,2,2,2,2
4,900,1739.0,111,terminated,2,0,0,2,1739.0,1,1,0,1,1,4,1,9,2,2,1,5,2,2,1,3,2,4,8,2,2,8,4,2,2,4,2,2,2,2
4,901,1762.0,88,terminated,2,0,0,2,1762.0,1,1,1,0,0,4,0,8,2,2,0,4,2,2,0,2,2,4,8,2,2,1,4,2,2,4,2,2,2,2
4,902,1762.0,88,terminated,2,0,0,2,1762.0,1,2,0,2,0,4,0,8,2,2,0,4,2,2,0,2,2,4,8,2,2,3,4,2,2,4,2,2,2,2
4,903,1762.0,88,terminated,2,0,0,2,1762.0,1,1,1,0,0,4,0,8,2,2,0,4,2,2,0,2,2,4,8,2,2,8,4,2,2,4,2,2,2,2
4,904,531.0,39,terminated,2,28,1,2,531.0,0,0,0,0,0,3,0,7,2,2,0,4,2,2,0,2,2,3,7,2,2,0,4,2,2,4,2,2,2,2
4,905,1650.0,200,terminated,2,0,0,2,1650.0,1,1,0,1,1,3,1,8,2,2,1,5,2,2,1,3,2,3,7,2,2,0,4,2,2,4,2,2,2,2
4,906,1761.0,89,terminated,2,0,0,2,1761.0,1,4,2,2,1,2,1,7,2,2,1,5,2,2,1,3,2,2,6,2,2,1,4,2,2,4,2,2,2,2
4,907,1760.0,90,terminated,2,0,0,2,1760.0,1,2,1,1,0,3,0,7,2,2,0,4,2,2,0,2,2,3,7,2,2,3,4,2,2,4,2,2,2,2
4,908,712.0,118,terminated,2,2,1,2,712.0,0,2,1,1,1,3,1,8,2,2,1,5,2,2,1,3,2,3,7,2,2,0,4,2,2,4,2,2,2,2
4,909,1767.0,83,terminated,2,0,0,2,1767.0,1,1,1,0,0,4,0,8,2,2,0,4,2,2,0,2,2,4,8,2,2,0,4,2,2,4,2,2,2,2
4,910,1751.0,99,terminated,2,0,0,2,1751.0,1,1,0,1,1,4,1,9,2,2,1,5,2,2,1,3,2,4,8,2,2,1,4,2,2,4,2,2,2,2
4,911,1750.0,100,terminated,2,0,0,2,1750.0,1,2,2,0,0,4,0,8,2,2,0,4,2,2,0,2,2,4,8,2,2,12,4,2,2,4,2,2,2,2
4,912,18.0,22,terminated,1,41,1,1,18.0,0,0,0,0,0,2,0,4,1,1,0,2,1,1,0,1,1,2,4,1,1,0,2,1,1,2,1,1,1,1
4,913,1736.0,114,terminated,2,0,0,2,1736.0,1,1,1,0,1,4,1,9,2,2,1,5,2,2,1,3,2,4,8,2,2,0,4,2,2,4,2,2,2,2
4,914,1770.0,80,terminated,2,0,0,2,1770.0,1,2,0,2,1,4,1,9,2,2,1,5,2,2,1,3,2,4,8,2,2,2,4,2,2,4,2,2,2,2
4,915,1686.0,164,terminated,2,0,0,2,1686.0,1,1,0,1,0,4,0,8,2,2,0,4,2,2,0,2,2,4,8,2,2,0,4,2,2,4,2,2,2,2
4,916,1746.0,104,terminated,2,0,0,2,1746.0,1,3,1,2,1,4,1,9,2,2,1,5,2,2,1,3,2,4,8,2,2,0,4,2,2,4,2,2,2,2
4,917,1752.0,98,terminated,2,0,0,2,1752.0,1,2,0,2,1,4,1,9,2,2,1,5,2,2,1,3,2,4,8,2,2,7,4,2,2,4,2,2,2,2
4,918,-124.0,24,terminated,0,35,1,1,-124.0,0,0,0,0,0,1,0,2,0,1,0,1,0,1,0,1,1,1,2,0,1,8,1,0,1,1,0,1,0,1
4,919,1752.0,98,terminated,2,0,0,2,1752.0,1,2,1,1,1,4,1,9,2,2,1,5,2,2,1,3,2,4,8,2,2,0,4,2,2,4,2,2,2,2
4,920,1738.0,112,terminated,2,0,0,2,1738.0,1,2,1,1,0,3,0,7,2,2,0,4,2,2,0,2,2,3,7,2,2,0,4,2,2,4,2,2,2,2
4,921,523.0,47,terminated,2,28,1,2,523.0,0,1,1,0,1,2,1,7,2,2,1,5,2,2,1,3,2,2,6,2,2,0,4,2,2,4,2,2,2,2
4,922,1768.0,82,terminated,2,0,0,2,1768.0,1,3,1,2,1,4,1,9,2,2,1,5,2,2,1,3,2,4,8,2,2,1,4,2,2,4,2,2,2,2
4,923,1756.0,94,terminated,2,0,0,2,1756.0,1,1,0,1,1,4,1,9,2,2,1,5,2,2,1,3,2,4,8,2,2,0,4,2,2,4,2,2,2,2
4,924,1752.0,98,terminated,2,0,0,2,1752.0,1,1,0,1,1,4,1,9,2,2,1,5,2,2,1,3,2,4,8,2,2,1,4,2,2,4,2,2,2,2
4,925,1765.0,85,terminated,2,0,0,2,1765.0,1,2,1,1,1,4,1,9,2,2,1,5,2,2,1,3,2,4,8,2,2,7,4,2,2,4,2,2,2,2
4,926,1727.0,123,terminated,2,0,0,2,1727.0,1,1,1,0,1,3,1,8,2,2,1,5,2,2,1,3,2,3,7,2,2,0,4,2,2,4,2,2,2,2
4,927,1747.0,103,terminated,2,0,0,2,1747.0,1,3,2,1,1,4,1,9,2,2,1,5,2,2,1,3,2,4,8,2,2,11,4,2,2,4,2,2,2,2
4,928,1558.0,92,terminated,1,0,0,2,1558.0,1,1,0,1,1,3,1,7,1,2,1,4,1,2,1,3,2,3,6,1,2,10,3,1,2,3,1,2,1,2
4,929,22.0,18,terminated,1,41,1,1,22.0,0,0,0,0,1,0,1,3,1,1,1,3,1,1,1,2,1,0,2,1,1,0,2,1,1,2,1,1,1,1
4,930,1746.0,104,terminated,2,0,0,2,1746.0,1,1,0,1,0,4,0,8,2,2,0,4,2,2,0,2,2,4,8,2,2,2,4,2,2,4,2,2,2,2
4,931,1732.0,118,terminated,2,0,0,2,1732.0,1,2,0,2,1,4,1,9,2,2,1,5,2,2,1,3,2,4,8,2,2,1,4,2,2,4,2,2,2,2
4,932,1767.0,83,terminated,2,0,0,2,1767.0,1,2,1,1,1,4,1,9,2,2,1,5,2,2,1,3,2,4,8,2,2,0,4,2,2,4,2,2,2,2
4,933,1752.0,98,terminated,2,0,0,2,1752.0,1,3,2,1,1,4,1,9,2,2,1,5,2,2,1,3,2,4,8,2,2,5,4,2,2,4,2,2,2,2
4,934,1764.0,86,terminated,2,0,0,2,1764.0,1,2,0,2,1,4,1,9,2,2,1,5,2,2,1,3,2,4,8,2,2,6,4,2,2,4,2,2,2,2
4,935,1497.0,153,terminated,1,0,0,2,1497.0,1,3,1,2,1,3,1,7,1,2,1,4,1,2,1,3,2,3,6,1,2,16,3,1,2,3,1,2,1,2
4,936,1741.0,109,terminated,2,0,0,2,1741.0,1,3,1,2,1,4,1,9,2,2,1,5,2,2,1,3,2,4,8,2,2,5,4,2,2,4,2,2,2,2
4,937,1752.0,98,terminated,2,0,0,2,1752.0,1,2,1,1,1,3,1,8,2,2,1,5,2,2,1,3,2,3,7,2,2,0,4,2,2,4,2,2,2,2
4,938,1769.0,81,terminated,2,0,0,2,1769.0,1,3,1,2,0,3,0,7,2,2,0,4,2,2,0,2,2,3,7,2,2,6,4,2,2,4,2,2,2,2
4,939,98.0,52,terminated,1,30,1,1,98.0,0,0,0,0,0,2,0,4,1,1,0,2,1,1,0,1,1,2,4,1,1,0,2,1,1,2,1,1,1,1
4,940,642.0,78,terminated,2,13,1,2,642.0,0,3,1,2,0,4,0,8,2,2,0,4,2,2,0,2,2,4,8,2,2,2,4,2,2,4,2,2,2,2
4,941,1724.0,126,terminated,2,0,0,2,1724.0,1,2,1,1,1,4,1,9,2,2,1,5,2,2,1,3,2,4,8,2,2,14,4,2,2,4,2,2,2,2
4,942,1749.0,101,terminated,2,0,0,2,1749.0,1,1,0,1,1,4,1,9,2,2,1,5,2,2,1,3,2,4,8,2,2,2,4,2,2,4,2,2,2,2
4,943,1744.0,106,terminated,2,0,0,2,1744.0,1,0,0,0,0,4,0,8,2,2,0,4,2,2,0,2,2,4,8,2,2,0,4,2,2,4,2,2,2,2
4,944,1769.0,81,terminated,2,0,0,2,1769.0,1,1,1,0,1,4,1,9,2,2,1,5,2,2,1,3,2,4,8,2,2,0,4,2,2,4,2,2,2,2
4,945,1716.0,134,terminated,2,0,0,2,1716.0,1,3,2,1,1,4,1,9,2,2,1,5,2,2,1,3,2,4,8,2,2,7,4,2,2,4,2,2,2,2
4,946,1751.0,99,terminated,2,0,0,2,1751.0,1,2,1,1,1,4,1,9,2,2,1,5,2,2,1,3,2,4,8,2,2,9,4,2,2,4,2,2,2,2
4,947,1754.0,96,terminated,2,0,0,2,1754.0,1,1,0,1,1,4,1,9,2,2,1,5,2,2,1,3,2,4,8,2,2,4,4,2,2,4,2,2,2,2
4,948,1725.0,125,terminated,2,0,0,2,1725.0,1,1,0,1,0,3,0,7,2,2,0,4,2,2,0,2,2,3,7,2,2,0,4,2,2,4,2,2,2,2
4,949,1747.0,103,terminated,2,0,0,2,1747.0,1,2,1,1,1,3,1,8,2,2,1,5,2,2,1,3,2,3,7,2,2,6,4,2,2,4,2,2,2,2
4,950,1747.0,103,terminated,2,0,0,2,1747.0,1,1,1,0,1,4,1,9,2,2,1,5,2,2,1,3,2,4,8,2,2,9,4,2,2,4,2,2,2,2
4,951,1737.0,113,terminated,2,0,0,2,1737.0,1,3,2,1,1,4,1,9,2,2,1,5,2,2,1,3,2,4,8,2,2,3,4,2,2,4,2,2,2,2
4,952,1732.0,118,terminated,2,0,0,2,1732.0,1,0,0,0,1,4,1,9,2,2,1,5,2,2,1,3,2,4,8,2,2,6,4,2,2,4,2,2,2,2
4,953,1741.0,109,terminated,2,0,0,2,1741.0,1,3,1,2,1,4,1,9,2,2,1,5,2,2,1,3,2,4,8,2,2,5,4,2,2,4,2,2,2,2
4,954,1746.0,104,terminated,2,0,0,2,1746.0,1,1,1,0,0,4,0,8,2,2,0,4,2,2,0,2,2,4,8,2,2,0,4,2,2,4,2,2,2,2
4,955,1745.0,105,terminated,2,0,0,2,1745.0,1,2,1,1,1,4,1,9,2,2,1,5,2,2,1,3,2,4,8,2,2,8,4,2,2,4,2,2,2,2
4,956,1489.0,161,terminated,1,0,0,2,1489.0,1,2,1,1,1,3,1,7,1,2,1,4,1,2,1,3,2,3,6,1,2,39,3,1,2,3,1,2,1,2
4,957,1710.0,140,terminated,2,0,0,2,1710.0,1,3,1,2,0,4,0,8,2,2,0,4,2,2,0,2,2,4,8,2,2,9,4,2,2,4,2,2,2,2
4,958,1762.0,88,terminated,2,0,0,2,1762.0,1,1,1,0,0,4,0,8,2,2,0,4,2,2,0,2,2,4,8,2,2,6,4,2,2,4,2,2,2,2
4,959,1754.0,96,terminated,2,0,0,2,1754.0,1,1,0,1,1,4,1,9,2,2,1,5,2,2,1,3,2,4,8,2,2,8,4,2,2,4,2,2,2,2
4,960,614.0,66,terminated,2,17,1,2,614.0,0,3,2,1,1,3,1,8,2,2,1,5,2,2,1,3,2,3,7,2,2,4,4,2,2,4,2,2,2,2
4,961,1745.0,105,terminated,2,0,0,2,1745.0,1,2,0,2,0,4,0,8,2,2,0,4,2,2,0,2,2,4,8,2,2,0,4,2,2,4,2,2,2,2
4,962,1753.0,97,terminated,2,0,0,2,1753.0,1,0,0,0,0,4,0,8,2,2,0,4,2,2,0,2,2,4,8,2,2,0,4,2,2,4,2,2,2,2
4,963,1753.0,97,terminated,2,0,0,2,1753.0,1,2,1,1,0,4,0,8,2,2,0,4,2,2,0,2,2,4,8,2,2,5,4,2,2,4,2,2,2,2
4,964,1756.0,94,terminated,2,0,0,2,1756.0,1,3,2,1,0,4,0,8,2,2,0,4,2,2,0,2,2,4,8,2,2,0,4,2,2,4,2,2,2,2
4,965,1768.0,82,terminated,2,0,0,2,1768.0,1,3,2,1,1,3,1,8,2,2,1,5,2,2,1,3,2,3,7,2,2,8,4,2,2,4,2,2,2,2
4,966,481.0,39,terminated,2,33,1,2,481.0,0,2,1,1,1,3,1,8,2,2,1,5,2,2,1,3,2,3,7,2,2,5,4,2,2,4,2,2,2,2
4,967,-179.0,19,terminated,0,41,1,1,-179.0,0,1,0,1,1,0,1,2,0,1,1,2,0,1,1,2,1,0,1,0,1,1,1,0,1,1,0,1,0,1
4,968,1743.0,107,terminated,2,0,0,2,1743.0,1,1,0,1,0,4,0,8,2,2,0,4,2,2,0,2,2,4,8,2,2,0,4,2,2,4,2,2,2,2
4,969,1757.0,93,terminated,2,0,0,2,1757.0,1,2,1,1,1,3,1,8,2,2,1,5,2,2,1,3,2,3,7,2,2,0,4,2,2,4,2,2,2,2
4,970,1529.0,121,terminated,2,0,0,1,1529.0,1,1,0,1,0,3,0,6,2,1,0,3,2,1,0,1,1,3,6,2,1,30,3,2,1,3,2,1,2,1
4,971,1746.0,104,terminated,2,0,0,2,1746.0,1,1,0,1,1,4,1,9,2,2,1,5,2,2,1,3,2,4,8,2,2,0,4,2,2,4,2,2,2,2
4,972,1754.0,96,terminated,2,0,0,2,1754.0,1,4,2,2,1,4,1,9,2,2,1,5,2,2,1,3,2,4,8,2,2,3,4,2,2,4,2,2,2,2
4,973,1753.0,97,terminated,2,0,0,2,1753.0,1,3,2,1,1,4,1,9,2,2,1,5,2,2,1,3,2,4,8,2,2,8,4,2,2,4,2,2,2,2
4,974,1757.0,93,terminated,2,0,0,2,1757.0,1,2,1,1,0,4,0,8,2,2,0,4,2,2,0,2,2,4,8,2,2,4,4,2,2,4,2,2,2,2
4,975,333.0,37,terminated,1,28,1,2,333.0,0,1,0,1,0,2,0,5,1,2,0,3,1,2,0,2,2,2,5,1,2,0,3,1,2,3,1,2,1,2
4,976,-178.0,18,terminated,1,41,1,0,-178.0,0,0,0,0,1,0,1,2,1,0,1,2,1,0,1,1,0,0,1,1,0,0,1,1,0,1,1,0,1,0
4,977,1759.0,91,terminated,2,0,0,2,1759.0,1,2,1,1,1,4,1,9,2,2,1,5,2,2,1,3,2,4,8,2,2,0,4,2,2,4,2,2,2,2
4,978,-169.0,19,terminated,0,40,1,1,-169.0,0,1,0,1,1,0,1,2,0,1,1,2,0,1,1,2,1,0,1,0,1,3,1,0,1,1,0,1,0,1
4,979,1727.0,123,terminated,2,0,0,2,1727.0,1,2,1,1,1,3,1,8,2,2,1,5,2,2,1,3,2,3,7,2,2,0,4,2,2,4,2,2,2,2
4,980,1724.0,126,terminated,2,0,0,2,1724.0,1,3,2,1,1,4,1,9,2,2,1,5,2,2,1,3,2,4,8,2,2,5,4,2,2,4,2,2,2,2
4,981,1771.0,79,terminated,2,0,0,2,1771.0,1,1,1,0,1,3,1,8,2,2,1,5,2,2,1,3,2,3,7,2,2,0,4,2,2,4,2,2,2,2
4,982,1740.0,110,terminated,2,0,0,2,1740.0,1,2,2,0,1,4,1,9,2,2,1,5,2,2,1,3,2,4,8,2,2,3,4,2,2,4,2,2,2,2
4,983,1712.0,138,terminated,2,0,0,2,1712.0,1,1,1,0,0,4,0,8,2,2,0,4,2,2,0,2,2,4,8,2,2,0,4,2,2,4,2,2,2,2
4,984,497.0,53,terminated,2,30,1,2,497.0,0,2,1,1,0,3,0,7,2,2,0,4,2,2,0,2,2,3,7,2,2,6,4,2,2,4,2,2,2,2
4,985,1747.0,103,terminated,2,0,0,2,1747.0,1,2,0,2,1,3,1,8,2,2,1,5,2,2,1,3,2,3,7,2,2,0,4,2,2,4,2,2,2,2
4,986,1758.0,92,terminated,2,0,0,2,1758.0,1,1,0,1,0,4,0,8,2,2,0,4,2,2,0,2,2,4,8,2,2,4,4,2,2,4,2,2,2,2
4,987,1770.0,80,terminated,2,0,0,2,1770.0,1,0,0,0,0,4,0,8,2,2,0,4,2,2,0,2,2,4,8,2,2,0,4,2,2,4,2,2,2,2
4,988,1540.0,110,terminated,2,0,0,1,1540.0,1,0,0,0,1,3,1,7,2,1,1,4,2,1,1,2,1,3,6,2,1,0,3,2,1,3,2,1,2,1
4,989,1749.0,101,terminated,2,0,0,2,1749.0,1,3,2,1,1,4,1,9,2,2,1,5,2,2,1,3,2,4,8,2,2,4,4,2,2,4,2,2,2,2
4,990,518.0,52,terminated,2,28,1,2,518.0,0,3,1,2,1,3,1,8,2,2,1,5,2,2,1,3,2,3,7,2,2,8,4,2,2,4,2,2,2,2
4,991,1733.0,117,terminated,2,0,0,2,1733.0,1,1,0,1,1,4,1,9,2,2,1,5,2,2,1,3,2,4,8,2,2,10,4,2,2,4,2,2,2,2
4,992,351.0,59,terminated,2,24,1,1,351.0,0,2,2,0,1,3,1,7,2,1,1,4,2,1,1,2,1,3,6,2,1,6,3,2,1,3,2,1,2,1
4,993,665.0,95,terminated,2,9,1,2,665.0,0,1,1,0,1,3,1,8,2,2,1,5,2,2,1,3,2,3,7,2,2,0,4,2,2,4,2,2,2,2
4,994,1750.0,100,terminated,2,0,0,2,1750.0,1,4,2,2,1,4,1,9,2,2,1,5,2,2,1,3,2,4,8,2,2,4,4,2,2,4,2,2,2,2
4,995,1745.0,105,terminated,2,0,0,2,1745.0,1,1,0,1,1,4,1,9,2,2,1,5,2,2,1,3,2,4,8,2,2,10,4,2,2,4,2,2,2,2
4,996,1734.0,116,terminated,2,0,0,2,1734.0,1,2,1,1,0,4,0,8,2,2,0,4,2,2,0,2,2,4,8,2,2,7,4,2,2,4,2,2,2,2
4,997,1758.0,92,terminated,2,0,0,2,1758.0,1,3,2,1,1,4,1,9,2,2,1,5,2,2,1,3,2,4,8,2,2,1,4,2,2,4,2,2,2,2
4,998,1747.0,103,terminated,2,0,0,2,1747.0,1,2,1,1,0,4,0,8,2,2,0,4,2,2,0,2,2,4,8,2,2,17,4,2,2,4,2,2,2,2
4,999,1755.0,95,terminated,2,0,0,2,1755.0,1,2,2,0,0,3,0,7,2,2,0,4,2,2,0,2,2,3,7,2,2,7,4,2,2,4,2,2,2,2
