schema_version,episode,return,length,termination,metric/blue_eaten,metric/food_remaining,metric/lost,metric/orange_eaten,metric/score,metric/won,count/pacman%2Fconditional-vegan-v0/ConditionalVegan,count/pacman%2Fconditional-vegan-v0/ConditionalVegetarianBlue,count/pacman%2Fconditional-vegan-v0/ConditionalVegetarianOrange,count/pacman%2Fhungry-v0/count,count/pacman%2Fhungry-vegan-penalty-v1/CTD,count/pacman%2Fhungry-vegan-penalty-v1/Hungr,count/pacman%2Fhungry-vegan-penalty-v1/HungryVeganPenalty,count/pacman%2Fhungry-vegan-penalty-v1/VegetarianBlue,count/pacman%2Fhungry-vegan-penalty-v1/VegetarianOrange,count/pacman%2Fhungry-vegan-v0/Hungr,count/pacman%2Fhungry-vegan-v0/HungryVegan,count/pacman%2Fhungry-vegan-v0/VegetarianBlue,count/pacman%2Fhungry-vegan-v0/VegetarianOrange,count/pacman%2Fhungry-vegetarian-v0/Hungr,count/pacman%2Fhungry-vegetarian-v0/HungryVegetarian,count/pacman%2Fhungry-vegetarian-v0/VegetarianOrange,count/pacman%2Fpenalty-v0/CTD,count/pacman%2Fpenalty-v0/Penalty%28total%29,count/pacman%2Fpenalty-v0/VegetarianBlue,count/pacman%2Fpenalty-v0/VegetarianOrange,count/pacman%2Ftrapped-v1/count,count/pacman%2Fvegan-preference-v0/VeganPreference,count/pacman%2Fvegan-preference-v0/VegetarianBlue,count/pacman%2Fvegan-preference-v0/VegetarianOrange,count/pacman%2Fvegan-v0/Vegan,count/pacman%2Fvegan-v0/VegetarianBlue,count/pacman%2Fvegan-v0/VegetarianOrange,count/pacman%2Fvegetarian-blue-v0/count,count/pacman%2Fvegetarian-orange-v0/count
4,0,1710.0,140,terminated,2,0,0,2,1710.0,1,0,0,0,0,4,0,8,2,2,0,4,2,2,0,2,2,4,8,2,2,0,4,2,2,4,2,2,2,2
4,1,1751.0,99,terminated,2,0,0,2,1751.0,1,1,1,0,0,4,0,8,2,2,0,4,2,2,0,2,2,4,8,2,2,8,4,2,2,4,2,2,2,2
4,2,1706.0,144,terminated,2,0,0,2,1706.0,1,0,0,0,0,4,0,8,2,2,0,4,2,2,0,2,2,4,8,2,2,0,4,2,2,4,2,2,2,2
4,3,1688.0,162,terminated,2,0,0,2,1688.0,1,1,1,0,0,4,0,8,2,2,0,4,2,2,0,2,2,4,8,2,2,0,4,2,2,4,2,2,2,2
4,4,1661.0,189,terminated,2,0,0,2,1661.0,1,0,0,0,0,4,0,8,2,2,0,4,2,2,0,2,2,4,8,2,2,0,4,2,2,4,2,2,2,2
4,5,1500.0,150,terminated,1,0,0,2,1500.0,1,1,0,1,0,2,0,5,1,2,0,3,1,2,0,2,2,2,5,1,2,0,3,1,2,3,1,2,1,2
4,6,1746.0,104,terminated,2,0,0,2,1746.0,1,2,1,1,0,4,0,8,2,2,0,4,2,2,0,2,2,4,8,2,2,0,4,2,2,4,2,2,2,2
4,7,1505.0,145,terminated,2,0,0,1,1505.0,1,0,0,0,1,3,1,7,2,1,1,4,2,1,1,2,1,3,6,2,1,0,3,2,1,3,2,1,2,1
4,8,1745.0,105,terminated,2,0,0,2,1745.0,1,1,0,1,0,4,0,8,2,2,0,4,2,2,0,2,2,4,8,2,2,1,4,2,2,4,2,2,2,2
4,9,1761.0,89,terminated,2,0,0,2,1761.0,1,2,2,0,1,4,1,9,2,2,1,5,2,2,1,3,2,4,8,2,2,4,4,2,2,4,2,2,2,2
4,10,1749.0,101,terminated,2,0,0,2,1749.0,1,4,2,2,1,4,1,9,2,2,1,5,2,2,1,3,2,4,8,2,2,1,4,2,2,4,2,2,2,2
4,11,521.0,49,terminated,2,28,1,2,521.0,0,3,2,1,1,3,1,8,2,2,1,5,2,2,1,3,2,3,7,2,2,4,4,2,2,4,2,2,2,2
4,12,1731.0,119,terminated,2,0,0,2,1731.0,1,1,1,0,1,4,1,9,2,2,1,5,2,2,1,3,2,4,8,2,2,4,4,2,2,4,2,2,2,2
4,13,1738.0,112,terminated,2,0,0,2,1738.0,1,2,1,1,1,4,1,9,2,2,1,5,2,2,1,3,2,4,8,2,2,8,4,2,2,4,2,2,2,2
4,14,1738.0,112,terminated,2,0,0,2,1738.0,1,3,2,1,0,4,0,8,2,2,0,4,2,2,0,2,2,4,8,2,2,0,4,2,2,4,2,2,2,2
4,15,1734.0,116,terminated,2,0,0,2,1734.0,1,2,1,1,0,3,0,7,2,2,0,4,2,2,0,2,2,3,7,2,2,0,4,2,2,4,2,2,2,2
4,16,1771.0,79,terminated,2,0,0,2,1771.0,1,3,1,2,1,4,1,9,2,2,1,5,2,2,1,3,2,4,8,2,2,5,4,2,2,4,2,2,2,2
4,17,1749.0,101,terminated,2,0,0,2,1749.0,1,1,0,1,1,4,1,9,2,2,1,5,2,2,1,3,2,4,8,2,2,0,4,2,2,4,2,2,2,2
4,18,1710.0,140,terminated,2,0,0,2,1710.0,1,3,2,1,0,4,0,8,2,2,0,4,2,2,0,2,2,4,8,2,2,5,4,2,2,4,2,2,2,2
4,19,1714.0,136,terminated,2,0,0,2,1714.0,1,3,1,2,1,4,1,9,2,2,1,5,2,2,1,3,2,4,8,2,2,4,4,2,2,4,2,2,2,2
4,20,1559.0,91,terminated,1,0,0,2,1559.0,1,2,1,1,1,3,1,7,1,2,1,4,1,2,1,3,2,3,6,1,2,6,3,1,2,3,1,2,1,2
4,21,1719.0,131,terminated,2,0,0,2,1719.0,1,3,1,2,0,4,0,8,2,2,0,4,2,2,0,2,2,4,8,2,2,1,4,2,2,4,2,2,2,2
4,22,-176.0,16,terminated,1,41,1,0,-176.0,0,0,0,0,0,1,0,2,1,0,0,1,1,0,0,0,0,1,2,1,0,0,1,1,0,1,1,0,1,0
4,23,1721.0,129,terminated,2,0,0,2,1721.0,1,2,1,1,1,4,1,9,2,2,1,5,2,2,1,3,2,4,8,2,2,1,4,2,2,4,2,2,2,2
4,24,1710.0,140,terminated,2,0,0,2,1710.0,1,1,1,0,0,4,0,8,2,2,0,4,2,2,0,2,2,4,8,2,2,0,4,2,2,4,2,2,2,2
4,25,11.0,29,terminated,1,41,1,1,11.0,0,0,0,0,0,1,0,3,1,1,0,2,1,1,0,1,1,1,3,1,1,0,2,1,1,2,1,1,1,1
4,26,1726.0,124,terminated,2,0,0,2,1726.0,1,3,2,1,1,4,1,9,2,2,1,5,2,2,1,3,2,4,8,2,2,4,4,2,2,4,2,2,2,2
4,27,1754.0,96,terminated,2,0,0,2,1754.0,1,0,0,0,0,4,0,8,2,2,0,4,2,2,0,2,2,4,8,2,2,0,4,2,2,4,2,2,2,2
4,28,1719.0,131,terminated,2,0,0,2,1719.0,1,2,2,0,1,4,1,9,2,2,1,5,2,2,1,3,2,4,8,2,2,8,4,2,2,4,2,2,2,2
4,29,1748.0,102,terminated,2,0,0,2,1748.0,1,2,1,1,1,4,1,9,2,2,1,5,2,2,1,3,2,4,8,2,2,5,4,2,2,4,2,2,2,2
4,30,546.0,54,terminated,2,25,1,2,546.0,0,3,1,2,0,3,0,7,2,2,0,4,2,2,0,2,2,3,7,2,2,7,4,2,2,4,2,2,2,2
4,31,1732.0,118,terminated,2,0,0,2,1732.0,1,3,2,1,0,4,0,8,2,2,0,4,2,2,0,2,2,4,8,2,2,6,4,2,2,4,2,2,2,2
4,32,1743.0,107,terminated,2,0,0,2,1743.0,1,2,1,1,1,4,1,9,2,2,1,5,2,2,1,3,2,4,8,2,2,11,4,2,2,4,2,2,2,2
4,33,514.0,66,terminated,2,27,1,2,514.0,0,2,1,1,0,4,0,8,2,2,0,4,2,2,0,2,2,4,8,2,2,0,4,2,2,4,2,2,2,2
4,34,1727.0,123,terminated,2,0,0,2,1727.0,1,1,1,0,1,4,1,9,2,2,1,5,2,2,1,3,2,4,8,2,2,10,4,2,2,4,2,2,2,2
4,35,554.0,86,terminated,2,21,1,2,554.0,0,3,2,1,1,4,1,9,2,2,1,5,2,2,1,3,2,4,8,2,2,7,4,2,2,4,2,2,2,2
4,36,1748.0,102,terminated,2,0,0,2,1748.0,1,3,1,2,0,4,0,8,2,2,0,4,2,2,0,2,2,4,8,2,2,8,4,2,2,4,2,2,2,2
4,37,-168.0,18,terminated,1,40,1,0,-168.0,0,0,0,0,0,1,0,2,1,0,0,1,1,0,0,0,0,1,2,1,0,1,1,1,0,1,1,0,1,0
4,38,1765.0,85,terminated,2,0,0,2,1765.0,1,1,0,1,0,4,0,8,2,2,0,4,2,2,0,2,2,4,8,2,2,7,4,2,2,4,2,2,2,2
4,39,1517.0,133,terminated,2,0,0,1,1517.0,1,3,2,1,1,3,1,7,2,1,1,4,2,1,1,2,1,3,6,2,1,16,3,2,1,3,2,1,2,1
4,40,533.0,37,terminated,2,28,1,2,533.0,0,4,2,2,1,3,1,8,2,2,1,5,2,2,1,3,2,3,7,2,2,3,4,2,2,4,2,2,2,2
4,41,1751.0,99,terminated,2,0,0,2,1751.0,1,2,1,1,1,4,1,9,2,2,1,5,2,2,1,3,2,4,8,2,2,15,4,2,2,4,2,2,2,2
4,42,1729.0,121,terminated,2,0,0,2,1729.0,1,2,0,2,0,4,0,8,2,2,0,4,2,2,0,2,2,4,8,2,2,2,4,2,2,4,2,2,2,2
4,43,-179.0,19,terminated,1,41,1,0,-179.0,0,0,0,0,1,0,1,2,1,0,1,2,1,0,1,1,0,0,1,1,0,0,1,1,0,1,1,0,1,0
4,44,1742.0,108,terminated,2,0,0,2,1742.0,1,2,1,1,0,4,0,8,2,2,0,4,2,2,0,2,2,4,8,2,2,8,4,2,2,4,2,2,2,2
4,45,1772.0,78,terminated,2,0,0,2,1772.0,1,1,1,0,0,4,0,8,2,2,0,4,2,2,0,2,2,4,8,2,2,0,4,2,2,4,2,2,2,2
4,46,1756.0,94,terminated,2,0,0,2,1756.0,1,2,1,1,0,4,0,8,2,2,0,4,2,2,0,2,2,4,8,2,2,0,4,2,2,4,2,2,2,2
4,47,29.0,21,terminated,1,40,1,1,29.0,0,1,0,1,0,1,0,3,1,1,0,2,1,1,0,1,1,1,3,1,1,1,2,1,1,2,1,1,1,1
4,48,1729.0,121,terminated,2,0,0,2,1729.0,1,2,1,1,0,4,0,8,2,2,0,4,2,2,0,2,2,4,8,2,2,0,4,2,2,4,2,2,2,2
4,49,1548.0,102,terminated,2,0,0,1,1548.0,1,2,2,0,0,3,0,6,2,1,0,3,2,1,0,1,1,3,6,2,1,2,3,2,1,3,2,1,2,1
4,50,388.0,62,terminated,1,20,1,2,388.0,0,2,1,1,1,3,1,7,1,2,1,4,1,2,1,3,2,3,6,1,2,12,3,1,2,3,1,2,1,2
4,51,1752.0,98,terminated,2,0,0,2,1752.0,1,2,0,2,1,4,1,9,2,2,1,5,2,2,1,3,2,4,8,2,2,8,4,2,2,4,2,2,2,2
4,52,1715.0,135,terminated,2,0,0,2,1715.0,1,1,1,0,0,3,0,7,2,2,0,4,2,2,0,2,2,3,7,2,2,8,4,2,2,4,2,2,2,2
4,53,1745.0,105,terminated,2,0,0,2,1745.0,1,2,1,1,0,4,0,8,2,2,0,4,2,2,0,2,2,4,8,2,2,10,4,2,2,4,2,2,2,2
4,54,1720.0,130,terminated,2,0,0,2,1720.0,1,1,0,1,0,4,0,8,2,2,0,4,2,2,0,2,2,4,8,2,2,0,4,2,2,4,2,2,2,2
4,55,541.0,39,terminated,2,27,1,2,541.0,0,3,1,2,1,3,1,8,2,2,1,5,2,2,1,3,2,3,7,2,2,7,4,2,2,4,2,2,2,2
4,56,1526.0,124,terminated,2,0,0,1,1526.0,1,2,2,0,1,3,1,7,2,1,1,4,2,1,1,2,1,3,6,2,1,11,3,2,1,3,2,1,2,1
4,57,1536.0,114,terminated,1,0,0,2,1536.0,1,2,0,2,0,3,0,6,1,2,0,3,1,2,0,2,2,3,6,1,2,0,3,1,2,3,1,2,1,2
4,58,-168.0,18,terminated,0,40,1,1,-168.0,0,0,0,0,1,1,1,3,0,1,1,2,0,1,1,2,1,1,2,0,1,1,1,0,1,1,0,1,0,1
4,59,1528.0,122,terminated,2,0,0,1,1528.0,1,2,1,1,1,3,1,7,2,1,1,4,2,1,1,2,1,3,6,2,1,22,3,2,1,3,2,1,2,1
4,60,1519.0,131,terminated,2,0,0,1,1519.0,1,0,0,0,0,3,0,6,2,1,0,3,2,1,0,1,1,3,6,2,1,5,3,2,1,3,2,1,2,1
4,61,324.0,46,terminated,2,28,1,1,324.0,0,1,1,0,1,2,1,6,2,1,1,4,2,1,1,2,1,2,5,2,1,0,3,2,1,3,2,1,2,1
4,62,1746.0,104,terminated,2,0,0,2,1746.0,1,1,0,1,0,4,0,8,2,2,0,4,2,2,0,2,2,4,8,2,2,0,4,2,2,4,2,2,2,2
4,63,1739.0,111,terminated,2,0,0,2,1739.0,1,3,2,1,1,4,1,9,2,2,1,5,2,2,1,3,2,4,8,2,2,7,4,2,2,4,2,2,2,2
4,64,648.0,102,terminated,2,10,1,2,648.0,0,3,1,2,1,4,1,9,2,2,1,5,2,2,1,3,2,4,8,2,2,8,4,2,2,4,2,2,2,2
4,65,517.0,53,terminated,2,28,1,2,517.0,0,1,0,1,1,3,1,8,2,2,1,5,2,2,1,3,2,3,7,2,2,7,4,2,2,4,2,2,2,2
4,66,1744.0,106,terminated,2,0,0,2,1744.0,1,1,0,1,0,4,0,8,2,2,0,4,2,2,0,2,2,4,8,2,2,2,4,2,2,4,2,2,2,2
4,67,1742.0,108,terminated,2,0,0,2,1742.0,1,2,1,1,1,4,1,9,2,2,1,5,2,2,1,3,2,4,8,2,2,10,4,2,2,4,2,2,2,2
4,68,1517.0,133,terminated,1,0,0,2,1517.0,1,1,0,1,0,3,0,6,1,2,0,3,1,2,0,2,2,3,6,1,2,0,3,1,2,3,1,2,1,2
4,69,681.0,99,terminated,2,7,1,2,681.0,0,1,1,0,1,4,1,9,2,2,1,5,2,2,1,3,2,4,8,2,2,5,4,2,2,4,2,2,2,2
4,70,713.0,97,terminated,2,4,1,2,713.0,0,2,1,1,1,4,1,9,2,2,1,5,2,2,1,3,2,4,8,2,2,5,4,2,2,4,2,2,2,2
4,71,1696.0,154,terminated,2,0,0,2,1696.0,1,4,2,2,1,3,1,8,2,2,1,5,2,2,1,3,2,3,7,2,2,2,4,2,2,4,2,2,2,2
4,72,1452.0,198,terminated,1,0,0,2,1452.0,1,1,1,0,1,3,1,7,1,2,1,4,1,2,1,3,2,3,6,1,2,8,3,1,2,3,1,2,1,2
4,73,1747.0,103,terminated,2,0,0,2,1747.0,1,2,1,1,1,4,1,9,2,2,1,5,2,2,1,3,2,4,8,2,2,10,4,2,2,4,2,2,2,2
4,74,1748.0,102,terminated,2,0,0,2,1748.0,1,2,1,1,0,4,0,8,2,2,0,4,2,2,0,2,2,4,8,2,2,0,4,2,2,4,2,2,2,2
4,75,1740.0,110,terminated,2,0,0,2,1740.0,1,2,0,2,0,3,0,7,2,2,0,4,2,2,0,2,2,3,7,2,2,0,4,2,2,4,2,2,2,2
4,76,1768.0,82,terminated,2,0,0,2,1768.0,1,1,1,0,0,4,0,8,2,2,0,4,2,2,0,2,2,4,8,2,2,2,4,2,2,4,2,2,2,2
4,77,1690.0,160,terminated,2,0,0,2,1690.0,1,3,1,2,1,4,1,9,2,2,1,5,2,2,1,3,2,4,8,2,2,11,4,2,2,4,2,2,2,2
4,78,1730.0,120,terminated,2,0,0,2,1730.0,1,2,0,2,0,4,0,8,2,2,0,4,2,2,0,2,2,4,8,2,2,5,4,2,2,4,2,2,2,2
4,79,1745.0,105,terminated,2,0,0,2,1745.0,1,2,2,0,0,4,0,8,2,2,0,4,2,2,0,2,2,4,8,2,2,0,4,2,2,4,2,2,2,2
4,80,1742.0,108,terminated,2,0,0,2,1742.0,1,2,1,1,1,3,1,8,2,2,1,5,2,2,1,3,2,3,7,2,2,1,4,2,2,4,2,2,2,2
4,81,1732.0,118,terminated,2,0,0,2,1732.0,1,1,0,1,1,4,1,9,2,2,1,5,2,2,1,3,2,4,8,2,2,4,4,2,2,4,2,2,2,2
4,82,1294.0,156,terminated,1,0,0,1,1294.0,1,1,0,1,1,2,1,5,1,1,1,3,1,1,1,2,1,2,4,1,1,57,2,1,1,2,1,1,1,1
4,83,1706.0,144,terminated,2,0,0,2,1706.0,1,1,1,0,0,4,0,8,2,2,0,4,2,2,0,2,2,4,8,2,2,14,4,2,2,4,2,2,2,2
4,84,1722.0,128,terminated,2,0,0,2,1722.0,1,3,1,2,1,4,1,9,2,2,1,5,2,2,1,3,2,4,8,2,2,9,4,2,2,4,2,2,2,2
4,85,1489.0,161,terminated,2,0,0,1,1489.0,1,3,2,1,1,3,1,7,2,1,1,4,2,1,1,2,1,3,6,2,1,5,3,2,1,3,2,1,2,1
4,86,1713.0,137,terminated,2,0,0,2,1713.0,1,1,0,1,0,4,0,8,2,2,0,4,2,2,0,2,2,4,8,2,2,0,4,2,2,4,2,2,2,2
4,87,1757.0,93,terminated,2,0,0,2,1757.0,1,2,0,2,0,4,0,8,2,2,0,4,2,2,0,2,2,4,8,2,2,2,4,2,2,4,2,2,2,2
4,88,1730.0,120,terminated,2,0,0,2,1730.0,1,2,1,1,1,4,1,9,2,2,1,5,2,2,1,3,2,4,8,2,2,6,4,2,2,4,2,2,2,2
4,89,1737.0,113,terminated,2,0,0,2,1737.0,1,0,0,0,0,4,0,8,2,2,0,4,2,2,0,2,2,4,8,2,2,0,4,2,2,4,2,2,2,2
4,90,289.0,41,terminated,1,32,1,2,289.0,0,2,0,2,1,2,1,6,1,2,1,4,1,2,1,3,2,2,5,1,2,2,3,1,2,3,1,2,1,2
4,91,1726.0,124,terminated,2,0,0,2,1726.0,1,1,0,1,0,4,0,8,2,2,0,4,2,2,0,2,2,4,8,2,2,15,4,2,2,4,2,2,2,2
4,92,1713.0,137,terminated,2,0,0,2,1713.0,1,1,0,1,1,4,1,9,2,2,1,5,2,2,1,3,2,4,8,2,2,8,4,2,2,4,2,2,2,2
4,93,1773.0,77,terminated,2,0,0,2,1773.0,1,2,1,1,0,3,0,7,2,2,0,4,2,2,0,2,2,3,7,2,2,0,4,2,2,4,2,2,2,2
4,94,584.0,76,terminated,2,19,1,2,584.0,0,1,1,0,0,3,0,7,2,2,0,4,2,2,0,2,2,3,7,2,2,11,4,2,2,4,2,2,2,2
4,95,1768.0,82,terminated,2,0,0,2,1768.0,1,1,1,0,0,4,0,8,2,2,0,4,2,2,0,2,2,4,8,2,2,0,4,2,2,4,2,2,2,2
4,96,1738.0,112,terminated,2,0,0,2,1738.0,1,1,1,0,0,4,0,8,2,2,0,4,2,2,0,2,2,4,8,2,2,0,4,2,2,4,2,2,2,2
4,97,1509.0,141,terminated,2,0,0,1,1509.0,1,3,2,1,1,3,1,7,2,1,1,4,2,1,1,2,1,3,6,2,1,11,3,2,1,3,2,1,2,1
4,98,1760.0,90,terminated,2,0,0,2,1760.0,1,2,0,2,1,4,1,9,2,2,1,5,2,2,1,3,2,4,8,2,2,1,4,2,2,4,2,2,2,2
4,99,1760.0,90,terminated,2,0,0,2,1760.0,1,4,2,2,1,4,1,9,2,2,1,5,2,2,1,3,2,4,8,2,2,4,4,2,2,4,2,2,2,2
4,100,21.0,19,terminated,1,41,1,1,21.0,0,2,1,1,1,0,1,3,1,1,1,3,1,1,1,2,1,0,2,1,1,1,2,1,1,2,1,1,1,1
4,101,1766.0,84,terminated,2,0,0,2,1766.0,1,2,1,1,1,4,1,9,2,2,1,5,2,2,1,3,2,4,8,2,2,5,4,2,2,4,2,2,2,2
4,102,520.0,60,terminated,2,27,1,2,520.0,0,3,1,2,1,3,1,8,2,2,1,5,2,2,1,3,2,3,7,2,2,1,4,2,2,4,2,2,2,2
4,103,1674.0,176,terminated,2,0,0,2,1674.0,1,1,0,1,0,4,0,8,2,2,0,4,2,2,0,2,2,4,8,2,2,4,4,2,2,4,2,2,2,2
4,104,1550.0,100,terminated,1,0,0,2,1550.0,1,0,0,0,0,2,0,5,1,2,0,3,1,2,0,2,2,2,5,1,2,0,3,1,2,3,1,2,1,2
4,105,1521.0,129,terminated,1,0,0,2,1521.0,1,0,0,0,1,3,1,7,1,2,1,4,1,2,1,3,2,3,6,1,2,18,3,1,2,3,1,2,1,2
4,106,1758.0,92,terminated,2,0,0,2,1758.0,1,3,2,1,1,4,1,9,2,2,1,5,2,2,1,3,2,4,8,2,2,7,4,2,2,4,2,2,2,2
4,107,1741.0,109,terminated,2,0,0,2,1741.0,1,3,1,2,1,4,1,9,2,2,1,5,2,2,1,3,2,4,8,2,2,8,4,2,2,4,2,2,2,2
4,108,1762.0,88,terminated,2,0,0,2,1762.0,1,1,0,1,0,4,0,8,2,2,0,4,2,2,0,2,2,4,8,2,2,0,4,2,2,4,2,2,2,2
4,109,1749.0,101,terminated,2,0,0,2,1749.0,1,0,0,0,0,4,0,8,2,2,0,4,2,2,0,2,2,4,8,2,2,11,4,2,2,4,2,2,2,2
4,110,1740.0,110,terminated,2,0,0,2,1740.0,1,3,1,2,1,3,1,8,2,2,1,5,2,2,1,3,2,3,7,2,2,11,4,2,2,4,2,2,2,2
4,111,1548.0,102,terminated,1,0,0,2,1548.0,1,1,1,0,0,3,0,6,1,2,0,3,1,2,0,2,2,3,6,1,2,1,3,1,2,3,1,2,1,2
4,112,1746.0,104,terminated,2,0,0,2,1746.0,1,2,2,0,0,4,0,8,2,2,0,4,2,2,0,2,2,4,8,2,2,5,4,2,2,4,2,2,2,2
4,113,1717.0,133,terminated,2,0,0,2,1717.0,1,2,2,0,1,4,1,9,2,2,1,5,2,2,1,3,2,4,8,2,2,0,4,2,2,4,2,2,2,2
4,114,523.0,47,terminated,2,28,1,2,523.0,0,4,2,2,1,3,1,8,2,2,1,5,2,2,1,3,2,3,7,2,2,6,4,2,2,4,2,2,2,2
4,115,333.0,37,terminated,1,28,1,2,333.0,0,2,1,1,0,2,0,5,1,2,0,3,1,2,0,2,2,2,5,1,2,0,3,1,2,3,1,2,1,2
4,116,1726.0,124,terminated,2,0,0,2,1726.0,1,1,0,1,0,4,0,8,2,2,0,4,2,2,0,2,2,4,8,2,2,1,4,2,2,4,2,2,2,2
4,117,1753.0,97,terminated,2,0,0,2,1753.0,1,2,1,1,1,2,1,7,2,2,1,5,2,2,1,3,2,2,6,2,2,3,4,2,2,4,2,2,2,2
4,118,1715.0,135,terminated,2,0,0,2,1715.0,1,2,2,0,0,4,0,8,2,2,0,4,2,2,0,2,2,4,8,2,2,8,4,2,2,4,2,2,2,2
4,119,584.0,86,terminated,2,18,1,2,584.0,0,2,0,2,0,4,0,8,2,2,0,4,2,2,0,2,2,4,8,2,2,4,4,2,2,4,2,2,2,2
4,120,1694.0,156,terminated,2,0,0,2,1694.0,1,2,1,1,1,4,1,9,2,2,1,5,2,2,1,3,2,4,8,2,2,0,4,2,2,4,2,2,2,2
4,121,523.0,47,terminated,2,28,1,2,523.0,0,4,2,2,1,3,1,8,2,2,1,5,2,2,1,3,2,3,7,2,2,5,4,2,2,4,2,2,2,2
4,122,1711.0,139,terminated,2,0,0,2,1711.0,1,1,1,0,0,3,0,7,2,2,0,4,2,2,0,2,2,3,7,2,2,0,4,2,2,4,2,2,2,2
4,123,329.0,41,terminated,2,28,1,1,329.0,0,1,1,0,0,3,0,6,2,1,0,3,2,1,0,1,1,3,6,2,1,0,3,2,1,3,2,1,2,1
4,124,1751.0,99,terminated,2,0,0,2,1751.0,1,1,0,1,0,3,0,7,2,2,0,4,2,2,0,2,2,3,7,2,2,8,4,2,2,4,2,2,2,2
4,125,1741.0,109,terminated,2,0,0,2,1741.0,1,2,1,1,0,4,0,8,2,2,0,4,2,2,0,2,2,4,8,2,2,8,4,2,2,4,2,2,2,2
4,126,1751.0,99,terminated,2,0,0,2,1751.0,1,2,1,1,1,4,1,9,2,2,1,5,2,2,1,3,2,4,8,2,2,4,4,2,2,4,2,2,2,2
4,127,1688.0,162,terminated,2,0,0,2,1688.0,1,1,1,0,0,4,0,8,2,2,0,4,2,2,0,2,2,4,8,2,2,18,4,2,2,4,2,2,2,2
4,128,1750.0,100,terminated,2,0,0,2,1750.0,1,2,2,0,1,4,1,9,2,2,1,5,2,2,1,3,2,4,8,2,2,2,4,2,2,4,2,2,2,2
4,129,1751.0,99,terminated,2,0,0,2,1751.0,1,2,1,1,1,3,1,8,2,2,1,5,2,2,1,3,2,3,7,2,2,0,4,2,2,4,2,2,2,2
4,130,1761.0,89,terminated,2,0,0,2,1761.0,1,2,1,1,0,4,0,8,2,2,0,4,2,2,0,2,2,4,8,2,2,0,4,2,2,4,2,2,2,2
4,131,1757.0,93,terminated,2,0,0,2,1757.0,1,1,1,0,0,3,0,7,2,2,0,4,2,2,0,2,2,3,7,2,2,0,4,2,2,4,2,2,2,2
4,132,1754.0,96,terminated,2,0,0,2,1754.0,1,2,1,1,0,3,0,7,2,2,0,4,2,2,0,2,2,3,7,2,2,0,4,2,2,4,2,2,2,2
4,133,1635.0,215,terminated,2,0,0,2,1635.0,1,3,1,2,1,4,1,9,2,2,1,5,2,2,1,3,2,4,8,2,2,2,4,2,2,4,2,2,2,2
4,134,1750.0,100,terminated,2,0,0,2,1750.0,1,3,1,2,1,4,1,9,2,2,1,5,2,2,1,3,2,4,8,2,2,10,4,2,2,4,2,2,2,2
4,135,1706.0,144,terminated,2,0,0,2,1706.0,1,2,0,2,0,4,0,8,2,2,0,4,2,2,0,2,2,4,8,2,2,0,4,2,2,4,2,2,2,2
4,136,1770.0,80,terminated,2,0,0,2,1770.0,1,1,1,0,0,4,0,8,2,2,0,4,2,2,0,2,2,4,8,2,2,0,4,2,2,4,2,2,2,2
4,137,1542.0,108,terminated,1,0,0,2,1542.0,1,3,1,2,1,3,1,7,1,2,1,4,1,2,1,3,2,3,6,1,2,6,3,1,2,3,1,2,1,2
4,138,1740.0,110,terminated,2,0,0,2,1740.0,1,2,1,1,0,4,0,8,2,2,0,4,2,2,0,2,2,4,8,2,2,2,4,2,2,4,2,2,2,2
4,139,1684.0,166,terminated,2,0,0,2,1684.0,1,0,0,0,0,4,0,8,2,2,0,4,2,2,0,2,2,4,8,2,2,9,4,2,2,4,2,2,2,2
4,140,1754.0,96,terminated,2,0,0,2,1754.0,1,2,0,2,1,4,1,9,2,2,1,5,2,2,1,3,2,4,8,2,2,7,4,2,2,4,2,2,2,2
4,141,1710.0,140,terminated,2,0,0,2,1710.0,1,0,0,0,1,4,1,9,2,2,1,5,2,2,1,3,2,4,8,2,2,0,4,2,2,4,2,2,2,2
4,142,1529.0,121,terminated,1,0,0,2,1529.0,1,1,0,1,1,3,1,7,1,2,1,4,1,2,1,3,2,3,6,1,2,1,3,1,2,3,1,2,1,2
4,143,1741.0,109,terminated,2,0,0,2,1741.0,1,2,2,0,1,4,1,9,2,2,1,5,2,2,1,3,2,4,8,2,2,1,4,2,2,4,2,2,2,2
4,144,1742.0,108,terminated,2,0,0,2,1742.0,1,0,0,0,1,4,1,9,2,2,1,5,2,2,1,3,2,4,8,2,2,0,4,2,2,4,2,2,2,2
4,145,1657.0,193,terminated,2,0,0,2,1657.0,1,2,1,1,0,4,0,8,2,2,0,4,2,2,0,2,2,4,8,2,2,0,4,2,2,4,2,2,2,2
4,146,1742.0,108,terminated,2,0,0,2,1742.0,1,2,1,1,1,4,1,9,2,2,1,5,2,2,1,3,2,4,8,2,2,4,4,2,2,4,2,2,2,2
4,147,90.0,30,terminated,1,33,1,1,90.0,0,1,0,1,1,2,1,5,1,1,1,3,1,1,1,2,1,2,4,1,1,4,2,1,1,2,1,1,1,1
4,148,1727.0,123,terminated,2,0,0,2,1727.0,1,3,2,1,1,4,1,9,2,2,1,5,2,2,1,3,2,4,8,2,2,8,4,2,2,4,2,2,2,2
4,149,1695.0,155,terminated,2,0,0,2,1695.0,1,1,0,1,0,4,0,8,2,2,0,4,2,2,0,2,2,4,8,2,2,1,4,2,2,4,2,2,2,2
4,150,1761.0,89,terminated,2,0,0,2,1761.0,1,3,1,2,1,4,1,9,2,2,1,5,2,2,1,3,2,4,8,2,2,5,4,2,2,4,2,2,2,2
4,151,1725.0,125,terminated,2,0,0,2,1725.0,1,3,1,2,1,4,1,9,2,2,1,5,2,2,1,3,2,4,8,2,2,18,4,2,2,4,2,2,2,2
4,152,1684.0,166,terminated,2,0,0,2,1684.0,1,3,2,1,1,4,1,9,2,2,1,5,2,2,1,3,2,4,8,2,2,10,4,2,2,4,2,2,2,2
4,153,1557.0,93,terminated,1,0,0,2,1557.0,1,1,0,1,1,3,1,7,1,2,1,4,1,2,1,3,2,3,6,1,2,17,3,1,2,3,1,2,1,2
4,154,1538.0,112,terminated,1,0,0,2,1538.0,1,2,1,1,0,2,0,5,1,2,0,3,1,2,0,2,2,2,5,1,2,1,3,1,2,3,1,2,1,2
4,155,1720.0,130,terminated,2,0,0,2,1720.0,1,3,1,2,1,4,1,9,2,2,1,5,2,2,1,3,2,4,8,2,2,6,4,2,2,4,2,2,2,2
4,156,-171.0,21,terminated,1,40,1,0,-171.0,0,0,0,0,0,1,0,2,1,0,0,1,1,0,0,0,0,1,2,1,0,1,1,1,0,1,1,0,1,0
4,157,635.0,85,terminated,2,13,1,2,635.0,0,0,0,0,1,4,1,9,2,2,1,5,2,2,1,3,2,4,8,2,2,0,4,2,2,4,2,2,2,2
4,158,1747.0,103,terminated,2,0,0,2,1747.0,1,1,1,0,1,4,1,9,2,2,1,5,2,2,1,3,2,4,8,2,2,0,4,2,2,4,2,2,2,2
4,159,652.0,128,terminated,2,7,1,2,652.0,0,4,2,2,1,4,1,9,2,2,1,5,2,2,1,3,2,4,8,2,2,6,4,2,2,4,2,2,2,2
4,160,1748.0,102,terminated,2,0,0,2,1748.0,1,4,2,2,1,4,1,9,2,2,1,5,2,2,1,3,2,4,8,2,2,10,4,2,2,4,2,2,2,2
4,161,1738.0,112,terminated,2,0,0,2,1738.0,1,2,0,2,0,4,0,8,2,2,0,4,2,2,0,2,2,4,8,2,2,7,4,2,2,4,2,2,2,2
4,162,1734.0,116,terminated,2,0,0,2,1734.0,1,4,2,2,1,4,1,9,2,2,1,5,2,2,1,3,2,4,8,2,2,5,4,2,2,4,2,2,2,2
4,163,1749.0,101,terminated,2,0,0,2,1749.0,1,2,1,1,1,4,1,9,2,2,1,5,2,2,1,3,2,4,8,2,2,10,4,2,2,4,2,2,2,2
4,164,1736.0,114,terminated,2,0,0,2,1736.0,1,3,2,1,1,4,1,9,2,2,1,5,2,2,1,3,2,4,8,2,2,5,4,2,2,4,2,2,2,2
4,165,1714.0,136,terminated,2,0,0,2,1714.0,1,2,2,0,1,4,1,9,2,2,1,5,2,2,1,3,2,4,8,2,2,7,4,2,2,4,2,2,2,2
4,166,32.0,18,terminated,1,40,1,1,32.0,0,0,0,0,0,2,0,4,1,1,0,2,1,1,0,1,1,2,4,1,1,0,2,1,1,2,1,1,1,1
4,167,1738.0,112,terminated,2,0,0,2,1738.0,1,0,0,0,0,3,0,7,2,2,0,4,2,2,0,2,2,3,7,2,2,0,4,2,2,4,2,2,2,2
4,168,1523.0,127,terminated,1,0,0,2,1523.0,1,1,0,1,0,3,0,6,1,2,0,3,1,2,0,2,2,3,6,1,2,16,3,1,2,3,1,2,1,2
4,169,1735.0,115,terminated,2,0,0,2,1735.0,1,3,2,1,1,4,1,9,2,2,1,5,2,2,1,3,2,4,8,2,2,6,4,2,2,4,2,2,2,2
4,170,-170.0,20,terminated,0,40,1,1,-170.0,0,0,0,0,0,1,0,2,0,1,0,1,0,1,0,1,1,1,2,0,1,1,1,0,1,1,0,1,0,1
4,171,1766.0,84,terminated,2,0,0,2,1766.0,1,1,1,0,0,4,0,8,2,2,0,4,2,2,0,2,2,4,8,2,2,0,4,2,2,4,2,2,2,2
4,172,1734.0,116,terminated,2,0,0,2,1734.0,1,1,0,1,0,3,0,7,2,2,0,4,2,2,0,2,2,3,7,2,2,0,4,2,2,4,2,2,2,2
4,173,1697.0,153,terminated,2,0,0,2,1697.0,1,4,2,2,1,4,1,9,2,2,1,5,2,2,1,3,2,4,8,2,2,14,4,2,2,4,2,2,2,2
4,174,1738.0,112,terminated,2,0,0,2,1738.0,1,3,1,2,1,4,1,9,2,2,1,5,2,2,1,3,2,4,8,2,2,14,4,2,2,4,2,2,2,2
4,175,31.0,19,terminated,1,40,1,1,31.0,0,0,0,0,0,2,0,4,1,1,0,2,1,1,0,1,1,2,4,1,1,0,2,1,1,2,1,1,1,1
4,176,17.0,23,terminated,1,41,1,1,17.0,0,1,1,0,1,1,1,4,1,1,1,3,1,1,1,2,1,1,3,1,1,1,2,1,1,2,1,1,1,1
4,177,1761.0,89,terminated,2,0,0,2,1761.0,1,3,1,2,1,4,1,9,2,2,1,5,2,2,1,3,2,4,8,2,2,7,4,2,2,4,2,2,2,2
4,178,1451.0,199,terminated,2,0,0,1,1451.0,1,0,0,0,1,3,1,7,2,1,1,4,2,1,1,2,1,3,6,2,1,38,3,2,1,3,2,1,2,1
4,179,1630.0,220,terminated,2,0,0,2,1630.0,1,1,1,0,0,3,0,7,2,2,0,4,2,2,0,2,2,3,7,2,2,0,4,2,2,4,2,2,2,2
4,180,527.0,43,terminated,2,28,1,2,527.0,0,3,2,1,0,3,0,7,2,2,0,4,2,2,0,2,2,3,7,2,2,5,4,2,2,4,2,2,2,2
4,181,-180.0,20,terminated,1,41,1,0,-180.0,0,0,0,0,1,0,1,2,1,0,1,2,1,0,1,1,0,0,1,1,0,0,1,1,0,1,1,0,1,0
4,182,1749.0,101,terminated,2,0,0,2,1749.0,1,2,1,1,1,4,1,9,2,2,1,5,2,2,1,3,2,4,8,2,2,16,4,2,2,4,2,2,2,2
4,183,1720.0,130,terminated,2,0,0,2,1720.0,1,3,2,1,1,4,1,9,2,2,1,5,2,2,1,3,2,4,8,2,2,16,4,2,2,4,2,2,2,2
4,184,1535.0,115,terminated,2,0,0,1,1535.0,1,0,0,0,0,3,0,6,2,1,0,3,2,1,0,1,1,3,6,2,1,9,3,2,1,3,2,1,2,1
4,185,1751.0,99,terminated,2,0,0,2,1751.0,1,2,1,1,1,4,1,9,2,2,1,5,2,2,1,3,2,4,8,2,2,1,4,2,2,4,2,2,2,2
4,186,40.0,30,terminated,1,38,1,1,40.0,0,0,0,0,0,2,0,4,1,1,0,2,1,1,0,1,1,2,4,1,1,7,2,1,1,2,1,1,1,1
4,187,1712.0,138,terminated,2,0,0,2,1712.0,1,3,2,1,0,3,0,7,2,2,0,4,2,2,0,2,2,3,7,2,2,6,4,2,2,4,2,2,2,2
4,188,1706.0,144,terminated,2,0,0,2,1706.0,1,1,0,1,0,4,0,8,2,2,0,4,2,2,0,2,2,4,8,2,2,0,4,2,2,4,2,2,2,2
4,189,1744.0,106,terminated,2,0,0,2,1744.0,1,2,1,1,0,4,0,8,2,2,0,4,2,2,0,2,2,4,8,2,2,0,4,2,2,4,2,2,2,2
4,190,1754.0,96,terminated,2,0,0,2,1754.0,1,3,1,2,1,4,1,9,2,2,1,5,2,2,1,3,2,4,8,2,2,8,4,2,2,4,2,2,2,2
4,191,1726.0,124,terminated,2,0,0,2,1726.0,1,1,0,1,0,4,0,8,2,2,0,4,2,2,0,2,2,4,8,2,2,0,4,2,2,4,2,2,2,2
4,192,1724.0,126,terminated,2,0,0,2,1724.0,1,3,2,1,1,4,1,9,2,2,1,5,2,2,1,3,2,4,8,2,2,6,4,2,2,4,2,2,2,2
4,193,1737.0,113,terminated,2,0,0,2,1737.0,1,1,0,1,1,4,1,9,2,2,1,5,2,2,1,3,2,4,8,2,2,8,4,2,2,4,2,2,2,2
4,194,1742.0,108,terminated,2,0,0,2,1742.0,1,1,0,1,1,4,1,9,2,2,1,5,2,2,1,3,2,4,8,2,2,21,4,2,2,4,2,2,2,2
4,195,1749.0,101,terminated,2,0,0,2,1749.0,1,2,0,2,1,4,1,9,2,2,1,5,2,2,1,3,2,4,8,2,2,7,4,2,2,4,2,2,2,2
4,196,1702.0,148,terminated,2,0,0,2,1702.0,1,3,1,2,0,3,0,7,2,2,0,4,2,2,0,2,2,3,7,2,2,4,4,2,2,4,2,2,2,2
4,197,1750.0,100,terminated,2,0,0,2,1750.0,1,1,1,0,1,4,1,9,2,2,1,5,2,2,1,3,2,4,8,2,2,0,4,2,2,4,2,2,2,2
4,198,17.0,23,terminated,1,41,1,1,17.0,0,1,0,1,0,1,0,3,1,1,0,2,1,1,0,1,1,1,3,1,1,1,2,1,1,2,1,1,1,1
4,199,1759.0,91,terminated,2,0,0,2,1759.0,1,4,2,2,1,4,1,9,2,2,1,5,2,2,1,3,2,4,8,2,2,7,4,2,2,4,2,2,2,2
4,200,1738.0,112,terminated,2,0,0,2,1738.0,1,0,0,0,1,3,1,8,2,2,1,5,2,2,1,3,2,3,7,2,2,0,4,2,2,4,2,2,2,2
4,201,1757.0,93,terminated,2,0,0,2,1757.0,1,4,2,2,1,3,1,8,2,2,1,5,2,2,1,3,2,3,7,2,2,9,4,2,2,4,2,2,2,2
4,202,1736.0,114,terminated,2,0,0,2,1736.0,1,3,2,1,1,4,1,9,2,2,1,5,2,2,1,3,2,4,8,2,2,6,4,2,2,4,2,2,2,2
4,203,1763.0,87,terminated,2,0,0,2,1763.0,1,2,2,0,0,4,0,8,2,2,0,4,2,2,0,2,2,4,8,2,2,7,4,2,2,4,2,2,2,2
4,204,1730.0,120,terminated,2,0,0,2,1730.0,1,1,1,0,0,4,0,8,2,2,0,4,2,2,0,2,2,4,8,2,2,3,4,2,2,4,2,2,2,2
4,205,1730.0,120,terminated,2,0,0,2,1730.0,1,1,0,1,1,4,1,9,2,2,1,5,2,2,1,3,2,4,8,2,2,17,4,2,2,4,2,2,2,2
4,206,-185.0,25,terminated,1,41,1,0,-185.0,0,0,0,0,0,1,0,2,1,0,0,1,1,0,0,0,0,1,2,1,0,0,1,1,0,1,1,0,1,0
4,207,1753.0,97,terminated,2,0,0,2,1753.0,1,2,2,0,1,4,1,9,2,2,1,5,2,2,1,3,2,4,8,2,2,11,4,2,2,4,2,2,2,2
4,208,1749.0,101,terminated,2,0,0,2,1749.0,1,1,1,0,0,4,0,8,2,2,0,4,2,2,0,2,2,4,8,2,2,5,4,2,2,4,2,2,2,2
4,209,-181.0,21,terminated,1,41,1,0,-181.0,0,0,0,0,1,0,1,2,1,0,1,2,1,0,1,1,0,0,1,1,0,0,1,1,0,1,1,0,1,0
4,210,529.0,41,terminated,2,28,1,2,529.0,0,4,2,2,1,2,1,7,2,2,1,5,2,2,1,3,2,2,6,2,2,7,4,2,2,4,2,2,2,2
4,211,1736.0,114,terminated,2,0,0,2,1736.0,1,3,1,2,1,4,1,9,2,2,1,5,2,2,1,3,2,4,8,2,2,5,4,2,2,4,2,2,2,2
4,212,1737.0,113,terminated,2,0,0,2,1737.0,1,2,1,1,0,4,0,8,2,2,0,4,2,2,0,2,2,4,8,2,2,1,4,2,2,4,2,2,2,2
4,213,-138.0,48,terminated,1,34,1,0,-138.0,0,1,1,0,1,1,1,3,1,0,1,2,1,0,1,1,0,1,2,1,0,19,1,1,0,1,1,0,1,0
4,214,1750.0,100,terminated,2,0,0,2,1750.0,1,3,1,2,1,4,1,9,2,2,1,5,2,2,1,3,2,4,8,2,2,8,4,2,2,4,2,2,2,2
4,215,1723.0,127,terminated,2,0,0,2,1723.0,1,2,1,1,0,4,0,8,2,2,0,4,2,2,0,2,2,4,8,2,2,11,4,2,2,4,2,2,2,2
4,216,1747.0,103,terminated,2,0,0,2,1747.0,1,3,1,2,1,4,1,9,2,2,1,5,2,2,1,3,2,4,8,2,2,8,4,2,2,4,2,2,2,2
4,217,1741.0,109,terminated,2,0,0,2,1741.0,1,3,2,1,1,4,1,9,2,2,1,5,2,2,1,3,2,4,8,2,2,14,4,2,2,4,2,2,2,2
4,218,1729.0,121,terminated,2,0,0,2,1729.0,1,1,0,1,0,4,0,8,2,2,0,4,2,2,0,2,2,4,8,2,2,0,4,2,2,4,2,2,2,2
4,219,1735.0,115,terminated,2,0,0,2,1735.0,1,2,1,1,1,3,1,8,2,2,1,5,2,2,1,3,2,3,7,2,2,0,4,2,2,4,2,2,2,2
4,220,1551.0,99,terminated,2,0,0,1,1551.0,1,1,1,0,0,3,0,6,2,1,0,3,2,1,0,1,1,3,6,2,1,8,3,2,1,3,2,1,2,1
4,221,1754.0,96,terminated,2,0,0,2,1754.0,1,4,2,2,1,4,1,9,2,2,1,5,2,2,1,3,2,4,8,2,2,9,4,2,2,4,2,2,2,2
4,222,-111.0,251,terminated,0,11,1,1,-111.0,0,1,0,1,1,1,1,3,0,1,1,2,0,1,1,2,1,1,2,0,1,15,1,0,1,1,0,1,0,1
4,223,1755.0,95,terminated,2,0,0,2,1755.0,1,2,1,1,0,4,0,8,2,2,0,4,2,2,0,2,2,4,8,2,2,9,4,2,2,4,2,2,2,2
4,224,21.0,19,terminated,1,41,1,1,21.0,0,0,0,0,0,1,0,3,1,1,0,2,1,1,0,1,1,1,3,1,1,0,2,1,1,2,1,1,1,1
4,225,491.0,49,terminated,2,31,1,2,491.0,0,3,1,2,1,3,1,8,2,2,1,5,2,2,1,3,2,3,7,2,2,1,4,2,2,4,2,2,2,2
4,226,1753.0,97,terminated,2,0,0,2,1753.0,1,3,2,1,1,4,1,9,2,2,1,5,2,2,1,3,2,4,8,2,2,5,4,2,2,4,2,2,2,2
4,227,1765.0,85,terminated,2,0,0,2,1765.0,1,2,1,1,0,4,0,8,2,2,0,4,2,2,0,2,2,4,8,2,2,0,4,2,2,4,2,2,2,2
4,228,1754.0,96,terminated,2,0,0,2,1754.0,1,1,1,0,0,4,0,8,2,2,0,4,2,2,0,2,2,4,8,2,2,0,4,2,2,4,2,2,2,2
4,229,-182.0,22,terminated,1,41,1,0,-182.0,0,0,0,0,1,0,1,2,1,0,1,2,1,0,1,1,0,0,1,1,0,0,1,1,0,1,1,0,1,0
4,230,1696.0,154,terminated,2,0,0,2,1696.0,1,3,2,1,1,4,1,9,2,2,1,5,2,2,1,3,2,4,8,2,2,10,4,2,2,4,2,2,2,2
4,231,1754.0,96,terminated,2,0,0,2,1754.0,1,1,1,0,0,3,0,7,2,2,0,4,2,2,0,2,2,3,7,2,2,0,4,2,2,4,2,2,2,2
4,232,1739.0,111,terminated,2,0,0,2,1739.0,1,0,0,0,1,4,1,9,2,2,1,5,2,2,1,3,2,4,8,2,2,0,4,2,2,4,2,2,2,2
4,233,1763.0,87,terminated,2,0,0,2,1763.0,1,3,1,2,0,4,0,8,2,2,0,4,2,2,0,2,2,4,8,2,2,9,4,2,2,4,2,2,2,2
4,234,1743.0,107,terminated,2,0,0,2,1743.0,1,3,2,1,1,4,1,9,2,2,1,5,2,2,1,3,2,4,8,2,2,5,4,2,2,4,2,2,2,2
4,235,1757.0,93,terminated,2,0,0,2,1757.0,1,2,1,1,0,3,0,7,2,2,0,4,2,2,0,2,2,3,7,2,2,0,4,2,2,4,2,2,2,2
4,236,1511.0,139,terminated,2,0,0,1,1511.0,1,2,1,1,1,3,1,7,2,1,1,4,2,1,1,2,1,3,6,2,1,15,3,2,1,3,2,1,2,1
4,237,1545.0,105,terminated,2,0,0,1,1545.0,1,2,1,1,0,3,0,6,2,1,0,3,2,1,0,1,1,3,6,2,1,23,3,2,1,3,2,1,2,1
4,238,1738.0,112,terminated,2,0,0,2,1738.0,1,2,0,2,0,4,0,8,2,2,0,4,2,2,0,2,2,4,8,2,2,3,4,2,2,4,2,2,2,2
4,239,1545.0,105,terminated,2,0,0,1,1545.0,1,0,0,0,0,3,0,6,2,1,0,3,2,1,0,1,1,3,6,2,1,0,3,2,1,3,2,1,2,1
4,240,1762.0,88,terminated,2,0,0,2,1762.0,1,2,0,2,1,4,1,9,2,2,1,5,2,2,1,3,2,4,8,2,2,7,4,2,2,4,2,2,2,2
4,241,1757.0,93,terminated,2,0,0,2,1757.0,1,3,1,2,1,4,1,9,2,2,1,5,2,2,1,3,2,4,8,2,2,9,4,2,2,4,2,2,2,2
4,242,16.0,24,terminated,1,41,1,1,16.0,0,0,0,0,0,2,0,4,1,1,0,2,1,1,0,1,1,2,4,1,1,0,2,1,1,2,1,1,1,1
4,243,1737.0,113,terminated,2,0,0,2,1737.0,1,1,1,0,1,4,1,9,2,2,1,5,2,2,1,3,2,4,8,2,2,0,4,2,2,4,2,2,2,2
4,244,332.0,38,terminated,1,28,1,2,332.0,0,1,0,1,0,2,0,5,1,2,0,3,1,2,0,2,2,2,5,1,2,0,3,1,2,3,1,2,1,2
4,245,1716.0,134,terminated,2,0,0,2,1716.0,1,2,0,2,0,4,0,8,2,2,0,4,2,2,0,2,2,4,8,2,2,8,4,2,2,4,2,2,2,2
4,246,333.0,37,terminated,1,28,1,2,333.0,0,2,1,1,1,2,1,6,1,2,1,4,1,2,1,3,2,2,5,1,2,5,3,1,2,3,1,2,1,2
4,247,1756.0,94,terminated,2,0,0,2,1756.0,1,3,2,1,1,4,1,9,2,2,1,5,2,2,1,3,2,4,8,2,2,11,4,2,2,4,2,2,2,2
4,248,1717.0,133,terminated,2,0,0,2,1717.0,1,2,1,1,0,4,0,8,2,2,0,4,2,2,0,2,2,4,8,2,2,0,4,2,2,4,2,2,2,2
4,249,-179.0,19,terminated,1,41,1,0,-179.0,0,0,0,0,1,0,1,2,1,0,1,2,1,0,1,1,0,0,1,1,0,0,1,1,0,1,1,0,1,0
4,250,8.0,32,terminated,1,41,1,1,8.0,0,1,1,0,0,1,0,3,1,1,0,2,1,1,0,1,1,1,3,1,1,2,2,1,1,2,1,1,1,1
4,251,1754.0,96,terminated,2,0,0,2,1754.0,1,3,2,1,1,4,1,9,2,2,1,5,2,2,1,3,2,4,8,2,2,10,4,2,2,4,2,2,2,2
4,252,1766.0,84,terminated,2,0,0,2,1766.0,1,0,0,0,1,4,1,9,2,2,1,5,2,2,1,3,2,4,8,2,2,0,4,2,2,4,2,2,2,2
4,253,1764.0,86,terminated,2,0,0,2,1764.0,1,1,0,1,0,4,0,8,2,2,0,4,2,2,0,2,2,4,8,2,2,0,4,2,2,4,2,2,2,2
4,254,1745.0,105,terminated,2,0,0,2,1745.0,1,3,2,1,1,3,1,8,2,2,1,5,2,2,1,3,2,3,7,2,2,2,4,2,2,4,2,2,2,2
4,255,1554.0,96,terminated,1,0,0,2,1554.0,1,0,0,0,0,3,0,6,1,2,0,3,1,2,0,2,2,3,6,1,2,0,3,1,2,3,1,2,1,2
4,256,1745.0,105,terminated,2,0,0,2,1745.0,1,2,1,1,0,4,0,8,2,2,0,4,2,2,0,2,2,4,8,2,2,0,4,2,2,4,2,2,2,2
4,257,1719.0,131,terminated,2,0,0,2,1719.0,1,3,2,1,1,4,1,9,2,2,1,5,2,2,1,3,2,4,8,2,2,8,4,2,2,4,2,2,2,2
4,258,1528.0,122,terminated,1,0,0,2,1528.0,1,2,1,1,1,3,1,7,1,2,1,4,1,2,1,3,2,3,6,1,2,12,3,1,2,3,1,2,1,2
4,259,457.0,73,terminated,2,32,1,2,457.0,0,3,1,2,1,3,1,8,2,2,1,5,2,2,1,3,2,3,7,2,2,8,4,2,2,4,2,2,2,2
4,260,1710.0,140,terminated,2,0,0,2,1710.0,1,1,1,0,1,4,1,9,2,2,1,5,2,2,1,3,2,4,8,2,2,0,4,2,2,4,2,2,2,2
4,261,1764.0,86,terminated,2,0,0,2,1764.0,1,2,0,2,0,4,0,8,2,2,0,4,2,2,0,2,2,4,8,2,2,5,4,2,2,4,2,2,2,2
4,262,1766.0,84,terminated,2,0,0,2,1766.0,1,0,0,0,0,4,0,8,2,2,0,4,2,2,0,2,2,4,8,2,2,0,4,2,2,4,2,2,2,2
4,263,1512.0,138,terminated,1,0,0,2,1512.0,1,2,0,2,1,3,1,7,1,2,1,4,1,2,1,3,2,3,6,1,2,6,3,1,2,3,1,2,1,2
4,264,500.0,70,terminated,2,28,1,2,500.0,0,1,1,0,0,3,0,7,2,2,0,4,2,2,0,2,2,3,7,2,2,0,4,2,2,4,2,2,2,2
4,265,1731.0,119,terminated,2,0,0,2,1731.0,1,1,1,0,0,4,0,8,2,2,0,4,2,2,0,2,2,4,8,2,2,0,4,2,2,4,2,2,2,2
4,266,1715.0,135,terminated,2,0,0,2,1715.0,1,1,0,1,0,4,0,8,2,2,0,4,2,2,0,2,2,4,8,2,2,0,4,2,2,4,2,2,2,2
4,267,1742.0,108,terminated,2,0,0,2,1742.0,1,1,0,1,0,4,0,8,2,2,0,4,2,2,0,2,2,4,8,2,2,0,4,2,2,4,2,2,2,2
4,268,686.0,114,terminated,2,5,1,2,686.0,0,2,1,1,1,4,1,9,2,2,1,5,2,2,1,3,2,4,8,2,2,9,4,2,2,4,2,2,2,2
4,269,1735.0,115,terminated,2,0,0,2,1735.0,1,2,2,0,1,4,1,9,2,2,1,5,2,2,1,3,2,4,8,2,2,5,4,2,2,4,2,2,2,2
4,270,1494.0,156,terminated,1,0,0,2,1494.0,1,0,0,0,1,2,1,6,1,2,1,4,1,2,1,3,2,2,5,1,2,15,3,1,2,3,1,2,1,2
4,271,1753.0,97,terminated,2,0,0,2,1753.0,1,2,2,0,1,4,1,9,2,2,1,5,2,2,1,3,2,4,8,2,2,4,4,2,2,4,2,2,2,2
4,272,1732.0,118,terminated,2,0,0,2,1732.0,1,1,0,1,0,4,0,8,2,2,0,4,2,2,0,2,2,4,8,2,2,0,4,2,2,4,2,2,2,2
4,273,1738.0,112,terminated,2,0,0,2,1738.0,1,0,0,0,0,4,0,8,2,2,0,4,2,2,0,2,2,4,8,2,2,0,4,2,2,4,2,2,2,2
4,274,1728.0,122,terminated,2,0,0,2,1728.0,1,3,1,2,1,3,1,8,2,2,1,5,2,2,1,3,2,3,7,2,2,7,4,2,2,4,2,2,2,2
4,275,646.0,84,terminated,2,12,1,2,646.0,0,2,2,0,0,4,0,8,2,2,0,4,2,2,0,2,2,4,8,2,2,7,4,2,2,4,2,2,2,2
4,276,622.0,98,terminated,2,13,1,2,622.0,0,3,1,2,0,4,0,8,2,2,0,4,2,2,0,2,2,4,8,2,2,0,4,2,2,4,2,2,2,2
4,277,1744.0,106,terminated,2,0,0,2,1744.0,1,4,2,2,1,4,1,9,2,2,1,5,2,2,1,3,2,4,8,2,2,6,4,2,2,4,2,2,2,2
4,278,1699.0,151,terminated,2,0,0,2,1699.0,1,3,1,2,1,4,1,9,2,2,1,5,2,2,1,3,2,4,8,2,2,6,4,2,2,4,2,2,2,2
4,279,1739.0,111,terminated,2,0,0,2,1739.0,1,0,0,0,0,4,0,8,2,2,0,4,2,2,0,2,2,4,8,2,2,0,4,2,2,4,2,2,2,2
4,280,1760.0,90,terminated,2,0,0,2,1760.0,1,2,1,1,0,4,0,8,2,2,0,4,2,2,0,2,2,4,8,2,2,0,4,2,2,4,2,2,2,2
4,281,1733.0,117,terminated,2,0,0,2,1733.0,1,1,1,0,0,4,0,8,2,2,0,4,2,2,0,2,2,4,8,2,2,6,4,2,2,4,2,2,2,2
4,282,611.0,139,terminated,2,10,1,2,611.0,0,2,0,2,1,4,1,9,2,2,1,5,2,2,1,3,2,4,8,2,2,8,4,2,2,4,2,2,2,2
4,283,1738.0,112,terminated,2,0,0,2,1738.0,1,1,0,1,1,4,1,9,2,2,1,5,2,2,1,3,2,4,8,2,2,0,4,2,2,4,2,2,2,2
4,284,25.0,25,terminated,1,40,1,1,25.0,0,1,1,0,1,2,1,5,1,1,1,3,1,1,1,2,1,2,4,1,1,1,2,1,1,2,1,1,1,1
4,285,514.0,56,terminated,2,28,1,2,514.0,0,2,1,1,1,4,1,9,2,2,1,5,2,2,1,3,2,4,8,2,2,6,4,2,2,4,2,2,2,2
4,286,1703.0,147,terminated,2,0,0,2,1703.0,1,3,2,1,0,4,0,8,2,2,0,4,2,2,0,2,2,4,8,2,2,1,4,2,2,4,2,2,2,2
4,287,1671.0,179,terminated,2,0,0,2,1671.0,1,2,1,1,1,4,1,9,2,2,1,5,2,2,1,3,2,4,8,2,2,4,4,2,2,4,2,2,2,2
4,288,1726.0,124,terminated,2,0,0,2,1726.0,1,2,2,0,0,4,0,8,2,2,0,4,2,2,0,2,2,4,8,2,2,6,4,2,2,4,2,2,2,2
4,289,530.0,40,terminated,2,28,1,2,530.0,0,3,1,2,1,3,1,8,2,2,1,5,2,2,1,3,2,3,7,2,2,6,4,2,2,4,2,2,2,2
4,290,1722.0,128,terminated,2,0,0,2,1722.0,1,1,1,0,1,4,1,9,2,2,1,5,2,2,1,3,2,4,8,2,2,1,4,2,2,4,2,2,2,2
4,291,1749.0,101,terminated,2,0,0,2,1749.0,1,3,2,1,0,4,0,8,2,2,0,4,2,2,0,2,2,4,8,2,2,0,4,2,2,4,2,2,2,2
4,292,1764.0,86,terminated,2,0,0,2,1764.0,1,4,2,2,1,4,1,9,2,2,1,5,2,2,1,3,2,4,8,2,2,11,4,2,2,4,2,2,2,2
4,293,1504.0,146,terminated,2,0,0,1,1504.0,1,1,1,0,0,3,0,6,2,1,0,3,2,1,0,1,1,3,6,2,1,3,3,2,1,3,2,1,2,1
4,294,614.0,86,terminated,2,15,1,2,614.0,0,2,1,1,1,4,1,9,2,2,1,5,2,2,1,3,2,4,8,2,2,6,4,2,2,4,2,2,2,2
4,295,1724.0,126,terminated,2,0,0,2,1724.0,1,2,1,1,1,4,1,9,2,2,1,5,2,2,1,3,2,4,8,2,2,7,4,2,2,4,2,2,2,2
4,296,-171.0,21,terminated,1,40,1,0,-171.0,0,0,0,0,0,1,0,2,1,0,0,1,1,0,0,0,0,1,2,1,0,0,1,1,0,1,1,0,1,0
4,297,1723.0,127,terminated,2,0,0,2,1723.0,1,3,2,1,1,4,1,9,2,2,1,5,2,2,1,3,2,4,8,2,2,8,4,2,2,4,2,2,2,2
4,298,1739.0,111,terminated,2,0,0,2,1739.0,1,2,1,1,1,4,1,9,2,2,1,5,2,2,1,3,2,4,8,2,2,0,4,2,2,4,2,2,2,2
4,299,1761.0,89,terminated,2,0,0,2,1761.0,1,2,1,1,0,4,0,8,2,2,0,4,2,2,0,2,2,4,8,2,2,0,4,2,2,4,2,2,2,2
4,300,1763.0,87,terminated,2,0,0,2,1763.0,1,2,1,1,1,4,1,9,2,2,1,5,2,2,1,3,2,4,8,2,2,9,4,2,2,4,2,2,2,2
4,301,1700.0,150,terminated,2,0,0,2,1700.0,1,2,1,1,1,4,1,9,2,2,1,5,2,2,1,3,2,4,8,2,2,6,4,2,2,4,2,2,2,2
4,302,1681.0,169,terminated,2,0,0,2,1681.0,1,1,0,1,1,4,1,9,2,2,1,5,2,2,1,3,2,4,8,2,2,1,4,2,2,4,2,2,2,2
4,303,1704.0,146,terminated,2,0,0,2,1704.0,1,3,1,2,0,4,0,8,2,2,0,4,2,2,0,2,2,4,8,2,2,6,4,2,2,4,2,2,2,2
4,304,1748.0,102,terminated,2,0,0,2,1748.0,1,2,1,1,0,4,0,8,2,2,0,4,2,2,0,2,2,4,8,2,2,0,4,2,2,4,2,2,2,2
4,305,1765.0,85,terminated,2,0,0,2,1765.0,1,3,1,2,1,4,1,9,2,2,1,5,2,2,1,3,2,4,8,2,2,8,4,2,2,4,2,2,2,2
4,306,1503.0,147,terminated,2,0,0,1,1503.0,1,2,2,0,1,3,1,7,2,1,1,4,2,1,1,2,1,3,6,2,1,28,3,2,1,3,2,1,2,1
4,307,1759.0,91,terminated,2,0,0,2,1759.0,1,2,2,0,1,4,1,9,2,2,1,5,2,2,1,3,2,4,8,2,2,0,4,2,2,4,2,2,2,2
4,308,1729.0,121,terminated,2,0,0,2,1729.0,1,3,1,2,1,4,1,9,2,2,1,5,2,2,1,3,2,4,8,2,2,9,4,2,2,4,2,2,2,2
4,309,1767.0,83,terminated,2,0,0,2,1767.0,1,2,0,2,1,4,1,9,2,2,1,5,2,2,1,3,2,4,8,2,2,5,4,2,2,4,2,2,2,2
4,310,1724.0,126,terminated,2,0,0,2,1724.0,1,4,2,2,1,4,1,9,2,2,1,5,2,2,1,3,2,4,8,2,2,7,4,2,2,4,2,2,2,2
4,311,1700.0,150,terminated,2,0,0,2,1700.0,1,1,1,0,1,4,1,9,2,2,1,5,2,2,1,3,2,4,8,2,2,0,4,2,2,4,2,2,2,2
4,312,1751.0,99,terminated,2,0,0,2,1751.0,1,1,1,0,0,4,0,8,2,2,0,4,2,2,0,2,2,4,8,2,2,1,4,2,2,4,2,2,2,2
4,313,1714.0,136,terminated,2,0,0,2,1714.0,1,1,1,0,0,4,0,8,2,2,0,4,2,2,0,2,2,4,8,2,2,0,4,2,2,4,2,2,2,2
4,314,1754.0,96,terminated,2,0,0,2,1754.0,1,4,2,2,1,4,1,9,2,2,1,5,2,2,1,3,2,4,8,2,2,8,4,2,2,4,2,2,2,2
4,315,1735.0,115,terminated,2,0,0,2,1735.0,1,1,0,1,1,3,1,8,2,2,1,5,2,2,1,3,2,3,7,2,2,0,4,2,2,4,2,2,2,2
4,316,530.0,40,terminated,2,28,1,2,530.0,0,2,1,1,1,2,1,7,2,2,1,5,2,2,1,3,2,2,6,2,2,9,4,2,2,4,2,2,2,2
4,317,1748.0,102,terminated,2,0,0,2,1748.0,1,1,0,1,0,4,0,8,2,2,0,4,2,2,0,2,2,4,8,2,2,3,4,2,2,4,2,2,2,2
4,318,328.0,42,terminated,2,28,1,1,328.0,0,1,0,1,1,2,1,6,2,1,1,4,2,1,1,2,1,2,5,2,1,4,3,2,1,3,2,1,2,1
4,319,1757.0,93,terminated,2,0,0,2,1757.0,1,3,2,1,0,4,0,8,2,2,0,4,2,2,0,2,2,4,8,2,2,6,4,2,2,4,2,2,2,2
4,320,1515.0,135,terminated,2,0,0,1,1515.0,1,0,0,0,1,3,1,7,2,1,1,4,2,1,1,2,1,3,6,2,1,13,3,2,1,3,2,1,2,1
4,321,1770.0,80,terminated,2,0,0,2,1770.0,1,2,1,1,1,4,1,9,2,2,1,5,2,2,1,3,2,4,8,2,2,6,4,2,2,4,2,2,2,2
4,322,1754.0,96,terminated,2,0,0,2,1754.0,1,3,2,1,1,4,1,9,2,2,1,5,2,2,1,3,2,4,8,2,2,8,4,2,2,4,2,2,2,2
4,323,1743.0,107,terminated,2,0,0,2,1743.0,1,2,0,2,1,4,1,9,2,2,1,5,2,2,1,3,2,4,8,2,2,8,4,2,2,4,2,2,2,2
4,324,-178.0,18,terminated,1,41,1,0,-178.0,0,0,0,0,0,1,0,2,1,0,0,1,1,0,0,0,0,1,2,1,0,0,1,1,0,1,1,0,1,0
4,325,1748.0,102,terminated,2,0,0,2,1748.0,1,0,0,0,0,4,0,8,2,2,0,4,2,2,0,2,2,4,8,2,2,6,4,2,2,4,2,2,2,2
4,326,1492.0,158,terminated,2,0,0,1,1492.0,1,0,0,0,0,3,0,6,2,1,0,3,2,1,0,1,1,3,6,2,1,0,3,2,1,3,2,1,2,1
4,327,1740.0,110,terminated,2,0,0,2,1740.0,1,2,0,2,1,4,1,9,2,2,1,5,2,2,1,3,2,4,8,2,2,8,4,2,2,4,2,2,2,2
4,328,1722.0,128,terminated,2,0,0,2,1722.0,1,2,1,1,1,4,1,9,2,2,1,5,2,2,1,3,2,4,8,2,2,4,4,2,2,4,2,2,2,2
4,329,1510.0,140,terminated,1,0,0,2,1510.0,1,0,0,0,0,2,0,5,1,2,0,3,1,2,0,2,2,2,5,1,2,0,3,1,2,3,1,2,1,2
4,330,1667.0,183,terminated,2,0,0,2,1667.0,1,1,1,0,0,4,0,8,2,2,0,4,2,2,0,2,2,4,8,2,2,1,4,2,2,4,2,2,2,2
4,331,1762.0,88,terminated,2,0,0,2,1762.0,1,2,1,1,1,4,1,9,2,2,1,5,2,2,1,3,2,4,8,2,2,7,4,2,2,4,2,2,2,2
4,332,1628.0,222,terminated,2,0,0,2,1628.0,1,2,1,1,0,4,0,8,2,2,0,4,2,2,0,2,2,4,8,2,2,8,4,2,2,4,2,2,2,2
4,333,1770.0,80,terminated,2,0,0,2,1770.0,1,3,2,1,1,4,1,9,2,2,1,5,2,2,1,3,2,4,8,2,2,2,4,2,2,4,2,2,2,2
4,334,1741.0,109,terminated,2,0,0,2,1741.0,1,2,1,1,1,4,1,9,2,2,1,5,2,2,1,3,2,4,8,2,2,4,4,2,2,4,2,2,2,2
4,335,708.0,122,terminated,2,2,1,2,708.0,0,2,1,1,1,4,1,9,2,2,1,5,2,2,1,3,2,4,8,2,2,2,4,2,2,4,2,2,2,2
4,336,1755.0,95,terminated,2,0,0,2,1755.0,1,0,0,0,0,4,0,8,2,2,0,4,2,2,0,2,2,4,8,2,2,0,4,2,2,4,2,2,2,2
4,337,1740.0,110,terminated,2,0,0,2,1740.0,1,1,0,1,1,4,1,9,2,2,1,5,2,2,1,3,2,4,8,2,2,4,4,2,2,4,2,2,2,2
4,338,1551.0,99,terminated,1,0,0,2,1551.0,1,1,0,1,1,3,1,7,1,2,1,4,1,2,1,3,2,3,6,1,2,12,3,1,2,3,1,2,1,2
4,339,1753.0,97,terminated,2,0,0,2,1753.0,1,1,1,0,1,4,1,9,2,2,1,5,2,2,1,3,2,4,8,2,2,9,4,2,2,4,2,2,2,2
4,340,1723.0,127,terminated,2,0,0,2,1723.0,1,3,2,1,0,4,0,8,2,2,0,4,2,2,0,2,2,4,8,2,2,14,4,2,2,4,2,2,2,2
4,341,1649.0,201,terminated,2,0,0,2,1649.0,1,1,1,0,1,4,1,9,2,2,1,5,2,2,1,3,2,4,8,2,2,8,4,2,2,4,2,2,2,2
4,342,1755.0,95,terminated,2,0,0,2,1755.0,1,2,1,1,0,3,0,7,2,2,0,4,2,2,0,2,2,3,7,2,2,8,4,2,2,4,2,2,2,2
4,343,532.0,38,terminated,2,28,1,2,532.0,0,1,1,0,1,2,1,7,2,2,1,5,2,2,1,3,2,2,6,2,2,6,4,2,2,4,2,2,2,2
4,344,1738.0,112,terminated,2,0,0,2,1738.0,1,1,0,1,1,4,1,9,2,2,1,5,2,2,1,3,2,4,8,2,2,0,4,2,2,4,2,2,2,2
4,345,1714.0,136,terminated,2,0,0,2,1714.0,1,2,0,2,0,4,0,8,2,2,0,4,2,2,0,2,2,4,8,2,2,0,4,2,2,4,2,2,2,2
4,346,1722.0,128,terminated,2,0,0,2,1722.0,1,2,1,1,0,4,0,8,2,2,0,4,2,2,0,2,2,4,8,2,2,0,4,2,2,4,2,2,2,2
4,347,1702.0,148,terminated,2,0,0,2,1702.0,1,1,1,0,0,4,0,8,2,2,0,4,2,2,0,2,2,4,8,2,2,0,4,2,2,4,2,2,2,2
4,348,1722.0,128,terminated,2,0,0,2,1722.0,1,2,1,1,0,4,0,8,2,2,0,4,2,2,0,2,2,4,8,2,2,0,4,2,2,4,2,2,2,2
4,349,1507.0,143,terminated,1,0,0,2,1507.0,1,2,0,2,1,3,1,7,1,2,1,4,1,2,1,3,2,3,6,1,2,1,3,1,2,3,1,2,1,2
4,350,1757.0,93,terminated,2,0,0,2,1757.0,1,2,2,0,0,4,0,8,2,2,0,4,2,2,0,2,2,4,8,2,2,6,4,2,2,4,2,2,2,2
4,351,1745.0,105,terminated,2,0,0,2,1745.0,1,4,2,2,1,4,1,9,2,2,1,5,2,2,1,3,2,4,8,2,2,11,4,2,2,4,2,2,2,2
4,352,1739.0,111,terminated,2,0,0,2,1739.0,1,2,2,0,0,4,0,8,2,2,0,4,2,2,0,2,2,4,8,2,2,2,4,2,2,4,2,2,2,2
4,353,1709.0,141,terminated,2,0,0,2,1709.0,1,2,1,1,1,4,1,9,2,2,1,5,2,2,1,3,2,4,8,2,2,10,4,2,2,4,2,2,2,2
4,354,1719.0,131,terminated,2,0,0,2,1719.0,1,1,0,1,0,4,0,8,2,2,0,4,2,2,0,2,2,4,8,2,2,0,4,2,2,4,2,2,2,2
4,355,26.0,24,terminated,1,40,1,1,26.0,0,0,0,0,0,2,0,4,1,1,0,2,1,1,0,1,1,2,4,1,1,0,2,1,1,2,1,1,1,1
4,356,1757.0,93,terminated,2,0,0,2,1757.0,1,3,2,1,1,4,1,9,2,2,1,5,2,2,1,3,2,4,8,2,2,8,4,2,2,4,2,2,2,2
4,357,1549.0,101,terminated,1,0,0,2,1549.0,1,1,0,1,1,3,1,7,1,2,1,4,1,2,1,3,2,3,6,1,2,0,3,1,2,3,1,2,1,2
4,358,-178.0,18,terminated,1,41,1,0,-178.0,0,0,0,0,1,0,1,2,1,0,1,2,1,0,1,1,0,0,1,1,0,0,1,1,0,1,1,0,1,0
4,359,1543.0,107,terminated,2,0,0,1,1543.0,1,2,1,1,1,3,1,7,2,1,1,4,2,1,1,2,1,3,6,2,1,7,3,2,1,3,2,1,2,1
4,360,1708.0,142,terminated,2,0,0,2,1708.0,1,2,1,1,1,4,1,9,2,2,1,5,2,2,1,3,2,4,8,2,2,10,4,2,2,4,2,2,2,2
4,361,-177.0,27,terminated,1,40,1,0,-177.0,0,0,0,0,0,1,0,2,1,0,0,1,1,0,0,0,0,1,2,1,0,1,1,1,0,1,1,0,1,0
4,362,1690.0,160,terminated,2,0,0,2,1690.0,1,1,1,0,0,4,0,8,2,2,0,4,2,2,0,2,2,4,8,2,2,2,4,2,2,4,2,2,2,2
4,363,1750.0,100,terminated,2,0,0,2,1750.0,1,3,2,1,1,4,1,9,2,2,1,5,2,2,1,3,2,4,8,2,2,5,4,2,2,4,2,2,2,2
4,364,1765.0,85,terminated,2,0,0,2,1765.0,1,1,1,0,0,4,0,8,2,2,0,4,2,2,0,2,2,4,8,2,2,0,4,2,2,4,2,2,2,2
4,365,1698.0,152,terminated,2,0,0,2,1698.0,1,2,2,0,0,4,0,8,2,2,0,4,2,2,0,2,2,4,8,2,2,1,4,2,2,4,2,2,2,2
4,366,1743.0,107,terminated,2,0,0,2,1743.0,1,4,2,2,1,3,1,8,2,2,1,5,2,2,1,3,2,3,7,2,2,5,4,2,2,4,2,2,2,2
4,367,540.0,40,terminated,2,27,1,2,540.0,0,3,1,2,0,2,0,6,2,2,0,4,2,2,0,2,2,2,6,2,2,2,4,2,2,4,2,2,2,2
4,368,1724.0,126,terminated,2,0,0,2,1724.0,1,1,1,0,0,4,0,8,2,2,0,4,2,2,0,2,2,4,8,2,2,0,4,2,2,4,2,2,2,2
4,369,1677.0,173,terminated,2,0,0,2,1677.0,1,3,2,1,1,4,1,9,2,2,1,5,2,2,1,3,2,4,8,2,2,5,4,2,2,4,2,2,2,2
4,370,1664.0,186,terminated,2,0,0,2,1664.0,1,1,1,0,0,4,0,8,2,2,0,4,2,2,0,2,2,4,8,2,2,0,4,2,2,4,2,2,2,2
4,371,1748.0,102,terminated,2,0,0,2,1748.0,1,2,2,0,1,4,1,9,2,2,1,5,2,2,1,3,2,4,8,2,2,2,4,2,2,4,2,2,2,2
4,372,1711.0,139,terminated,2,0,0,2,1711.0,1,1,1,0,0,4,0,8,2,2,0,4,2,2,0,2,2,4,8,2,2,0,4,2,2,4,2,2,2,2
4,373,293.0,37,terminated,1,32,1,2,293.0,0,1,0,1,0,2,0,5,1,2,0,3,1,2,0,2,2,2,5,1,2,0,3,1,2,3,1,2,1,2
4,374,1735.0,115,terminated,2,0,0,2,1735.0,1,2,1,1,1,4,1,9,2,2,1,5,2,2,1,3,2,4,8,2,2,8,4,2,2,4,2,2,2,2
4,375,1748.0,102,terminated,2,0,0,2,1748.0,1,4,2,2,1,4,1,9,2,2,1,5,2,2,1,3,2,4,8,2,2,5,4,2,2,4,2,2,2,2
4,376,1718.0,132,terminated,2,0,0,2,1718.0,1,1,1,0,0,4,0,8,2,2,0,4,2,2,0,2,2,4,8,2,2,0,4,2,2,4,2,2,2,2
4,377,1752.0,98,terminated,2,0,0,2,1752.0,1,2,2,0,0,4,0,8,2,2,0,4,2,2,0,2,2,4,8,2,2,0,4,2,2,4,2,2,2,2
4,378,1752.0,98,terminated,2,0,0,2,1752.0,1,2,0,2,1,4,1,9,2,2,1,5,2,2,1,3,2,4,8,2,2,5,4,2,2,4,2,2,2,2
4,379,1523.0,127,terminated,2,0,0,1,1523.0,1,1,0,1,0,3,0,6,2,1,0,3,2,1,0,1,1,3,6,2,1,25,3,2,1,3,2,1,2,1
4,380,1754.0,96,terminated,2,0,0,2,1754.0,1,1,0,1,1,4,1,9,2,2,1,5,2,2,1,3,2,4,8,2,2,0,4,2,2,4,2,2,2,2
4,381,1743.0,107,terminated,2,0,0,2,1743.0,1,2,1,1,0,4,0,8,2,2,0,4,2,2,0,2,2,4,8,2,2,0,4,2,2,4,2,2,2,2
4,382,1752.0,98,terminated,2,0,0,2,1752.0,1,0,0,0,0,4,0,8,2,2,0,4,2,2,0,2,2,4,8,2,2,0,4,2,2,4,2,2,2,2
4,383,1718.0,132,terminated,2,0,0,2,1718.0,1,3,1,2,1,4,1,9,2,2,1,5,2,2,1,3,2,4,8,2,2,3,4,2,2,4,2,2,2,2
4,384,1752.0,98,terminated,2,0,0,2,1752.0,1,2,1,1,0,4,0,8,2,2,0,4,2,2,0,2,2,4,8,2,2,6,4,2,2,4,2,2,2,2
4,385,1764.0,86,terminated,2,0,0,2,1764.0,1,2,1,1,0,3,0,7,2,2,0,4,2,2,0,2,2,3,7,2,2,0,4,2,2,4,2,2,2,2
4,386,9.0,21,terminated,1,42,1,1,9.0,0,0,0,0,0,1,0,3,1,1,0,2,1,1,0,1,1,1,3,1,1,0,2,1,1,2,1,1,1,1
4,387,1718.0,132,terminated,2,0,0,2,1718.0,1,1,1,0,0,4,0,8,2,2,0,4,2,2,0,2,2,4,8,2,2,0,4,2,2,4,2,2,2,2
4,388,530.0,40,terminated,2,28,1,2,530.0,0,2,1,1,0,2,0,6,2,2,0,4,2,2,0,2,2,2,6,2,2,0,4,2,2,4,2,2,2,2
4,389,1481.0,169,terminated,1,0,0,2,1481.0,1,2,1,1,1,3,1,7,1,2,1,4,1,2,1,3,2,3,6,1,2,18,3,1,2,3,1,2,1,2
4,390,1749.0,101,terminated,2,0,0,2,1749.0,1,1,0,1,0,4,0,8,2,2,0,4,2,2,0,2,2,4,8,2,2,0,4,2,2,4,2,2,2,2
4,391,1741.0,109,terminated,2,0,0,2,1741.0,1,2,1,1,1,4,1,9,2,2,1,5,2,2,1,3,2,4,8,2,2,4,4,2,2,4,2,2,2,2
4,392,-180.0,20,terminated,1,41,1,0,-180.0,0,0,0,0,0,1,0,2,1,0,0,1,1,0,0,0,0,1,2,1,0,0,1,1,0,1,1,0,1,0
4,393,1737.0,113,terminated,2,0,0,2,1737.0,1,2,1,1,0,4,0,8,2,2,0,4,2,2,0,2,2,4,8,2,2,1,4,2,2,4,2,2,2,2
4,394,1750.0,100,terminated,2,0,0,2,1750.0,1,1,0,1,1,3,1,8,2,2,1,5,2,2,1,3,2,3,7,2,2,7,4,2,2,4,2,2,2,2
4,395,1750.0,100,terminated,2,0,0,2,1750.0,1,3,1,2,0,4,0,8,2,2,0,4,2,2,0,2,2,4,8,2,2,7,4,2,2,4,2,2,2,2
4,396,-176.0,16,terminated,1,41,1,0,-176.0,0,0,0,0,0,1,0,2,1,0,0,1,1,0,0,0,0,1,2,1,0,0,1,1,0,1,1,0,1,0
4,397,1762.0,88,terminated,2,0,0,2,1762.0,1,3,2,1,0,4,0,8,2,2,0,4,2,2,0,2,2,4,8,2,2,7,4,2,2,4,2,2,2,2
4,398,1724.0,126,terminated,2,0,0,2,1724.0,1,2,2,0,0,4,0,8,2,2,0,4,2,2,0,2,2,4,8,2,2,1,4,2,2,4,2,2,2,2
4,399,1739.0,111,terminated,2,0,0,2,1739.0,1,3,1,2,1,4,1,9,2,2,1,5,2,2,1,3,2,4,8,2,2,4,4,2,2,4,2,2,2,2
4,400,1768.0,82,terminated,2,0,0,2,1768.0,1,2,2,0,0,4,0,8,2,2,0,4,2,2,0,2,2,4,8,2,2,5,4,2,2,4,2,2,2,2
4,401,1767.0,83,terminated,2,0,0,2,1767.0,1,2,1,1,1,4,1,9,2,2,1,5,2,2,1,3,2,4,8,2,2,10,4,2,2,4,2,2,2,2
4,402,509.0,61,terminated,2,28,1,2,509.0,0,3,2,1,0,3,0,7,2,2,0,4,2,2,0,2,2,3,7,2,2,5,4,2,2,4,2,2,2,2
4,403,1730.0,120,terminated,2,0,0,2,1730.0,1,1,0,1,0,4,0,8,2,2,0,4,2,2,0,2,2,4,8,2,2,0,4,2,2,4,2,2,2,2
4,404,1689.0,161,terminated,2,0,0,2,1689.0,1,1,1,0,1,4,1,9,2,2,1,5,2,2,1,3,2,4,8,2,2,15,4,2,2,4,2,2,2,2
4,405,1737.0,113,terminated,2,0,0,2,1737.0,1,1,0,1,0,4,0,8,2,2,0,4,2,2,0,2,2,4,8,2,2,0,4,2,2,4,2,2,2,2
4,406,1720.0,130,terminated,2,0,0,2,1720.0,1,2,1,1,1,4,1,9,2,2,1,5,2,2,1,3,2,4,8,2,2,7,4,2,2,4,2,2,2,2
4,407,1752.0,98,terminated,2,0,0,2,1752.0,1,3,2,1,0,4,0,8,2,2,0,4,2,2,0,2,2,4,8,2,2,1,4,2,2,4,2,2,2,2
4,408,1735.0,115,terminated,2,0,0,2,1735.0,1,4,2,2,1,4,1,9,2,2,1,5,2,2,1,3,2,4,8,2,2,3,4,2,2,4,2,2,2,2
4,409,1727.0,123,terminated,2,0,0,2,1727.0,1,2,0,2,0,4,0,8,2,2,0,4,2,2,0,2,2,4,8,2,2,0,4,2,2,4,2,2,2,2
4,410,1485.0,165,terminated,1,0,0,2,1485.0,1,2,0,2,1,2,1,6,1,2,1,4,1,2,1,3,2,2,5,1,2,1,3,1,2,3,1,2,1,2
4,411,1736.0,114,terminated,2,0,0,2,1736.0,1,3,2,1,1,4,1,9,2,2,1,5,2,2,1,3,2,4,8,2,2,1,4,2,2,4,2,2,2,2
4,412,1734.0,116,terminated,2,0,0,2,1734.0,1,2,1,1,0,4,0,8,2,2,0,4,2,2,0,2,2,4,8,2,2,4,4,2,2,4,2,2,2,2
4,413,1299.0,151,terminated,1,0,0,1,1299.0,1,0,0,0,0,2,0,4,1,1,0,2,1,1,0,1,1,2,4,1,1,0,2,1,1,2,1,1,1,1
4,414,334.0,56,terminated,2,26,1,1,334.0,0,3,2,1,1,2,1,6,2,1,1,4,2,1,1,2,1,2,5,2,1,24,3,2,1,3,2,1,2,1
4,415,1766.0,84,terminated,2,0,0,2,1766.0,1,2,1,1,1,4,1,9,2,2,1,5,2,2,1,3,2,4,8,2,2,8,4,2,2,4,2,2,2,2
4,416,624.0,116,terminated,2,11,1,2,624.0,0,3,2,1,1,4,1,9,2,2,1,5,2,2,1,3,2,4,8,2,2,1,4,2,2,4,2,2,2,2
4,417,1703.0,147,terminated,2,0,0,2,1703.0,1,1,1,0,1,3,1,8,2,2,1,5,2,2,1,3,2,3,7,2,2,0,4,2,2,4,2,2,2,2
4,418,630.0,90,terminated,2,13,1,2,630.0,0,2,2,0,1,4,1,9,2,2,1,5,2,2,1,3,2,4,8,2,2,0,4,2,2,4,2,2,2,2
4,419,1724.0,126,terminated,2,0,0,2,1724.0,1,1,0,1,0,4,0,8,2,2,0,4,2,2,0,2,2,4,8,2,2,0,4,2,2,4,2,2,2,2
4,420,1746.0,104,terminated,2,0,0,2,1746.0,1,2,1,1,0,4,0,8,2,2,0,4,2,2,0,2,2,4,8,2,2,2,4,2,2,4,2,2,2,2
4,421,1734.0,116,terminated,2,0,0,2,1734.0,1,2,2,0,1,4,1,9,2,2,1,5,2,2,1,3,2,4,8,2,2,8,4,2,2,4,2,2,2,2
4,422,1496.0,154,terminated,1,0,0,2,1496.0,1,2,1,1,1,3,1,7,1,2,1,4,1,2,1,3,2,3,6,1,2,22,3,1,2,3,1,2,1,2
4,423,1740.0,110,terminated,2,0,0,2,1740.0,1,3,1,2,0,4,0,8,2,2,0,4,2,2,0,2,2,4,8,2,2,6,4,2,2,4,2,2,2,2
4,424,14.0,26,terminated,1,41,1,1,14.0,0,1,1,0,1,1,1,4,1,1,1,3,1,1,1,2,1,1,3,1,1,1,2,1,1,2,1,1,1,1
4,425,1674.0,176,terminated,2,0,0,2,1674.0,1,2,2,0,0,4,0,8,2,2,0,4,2,2,0,2,2,4,8,2,2,8,4,2,2,4,2,2,2,2
4,426,1771.0,79,terminated,2,0,0,2,1771.0,1,2,1,1,0,4,0,8,2,2,0,4,2,2,0,2,2,4,8,2,2,0,4,2,2,4,2,2,2,2
4,427,596.0,124,terminated,2,13,1,2,596.0,0,1,1,0,0,4,0,8,2,2,0,4,2,2,0,2,2,4,8,2,2,0,4,2,2,4,2,2,2,2
4,428,1730.0,120,terminated,2,0,0,2,1730.0,1,2,1,1,0,4,0,8,2,2,0,4,2,2,0,2,2,4,8,2,2,0,4,2,2,4,2,2,2,2
4,429,1737.0,113,terminated,2,0,0,2,1737.0,1,2,0,2,1,4,1,9,2,2,1,5,2,2,1,3,2,4,8,2,2,7,4,2,2,4,2,2,2,2
4,430,1550.0,100,terminated,1,0,0,2,1550.0,1,3,1,2,1,3,1,7,1,2,1,4,1,2,1,3,2,3,6,1,2,9,3,1,2,3,1,2,1,2
4,431,1522.0,128,terminated,1,0,0,2,1522.0,1,3,1,2,1,3,1,7,1,2,1,4,1,2,1,3,2,3,6,1,2,6,3,1,2,3,1,2,1,2
4,432,681.0,149,terminated,2,2,1,2,681.0,0,2,0,2,0,4,0,8,2,2,0,4,2,2,0,2,2,4,8,2,2,3,4,2,2,4,2,2,2,2
4,433,1772.0,78,terminated,2,0,0,2,1772.0,1,2,1,1,0,4,0,8,2,2,0,4,2,2,0,2,2,4,8,2,2,0,4,2,2,4,2,2,2,2
4,434,1748.0,102,terminated,2,0,0,2,1748.0,1,3,1,2,1,4,1,9,2,2,1,5,2,2,1,3,2,4,8,2,2,8,4,2,2,4,2,2,2,2
4,435,1728.0,122,terminated,2,0,0,2,1728.0,1,0,0,0,0,4,0,8,2,2,0,4,2,2,0,2,2,4,8,2,2,0,4,2,2,4,2,2,2,2
4,436,1737.0,113,terminated,2,0,0,2,1737.0,1,3,2,1,1,4,1,9,2,2,1,5,2,2,1,3,2,4,8,2,2,8,4,2,2,4,2,2,2,2
4,437,-180.0,20,terminated,1,41,1,0,-180.0,0,0,0,0,0,1,0,2,1,0,0,1,1,0,0,0,0,1,2,1,0,0,1,1,0,1,1,0,1,0
4,438,1740.0,110,terminated,2,0,0,2,1740.0,1,2,1,1,0,4,0,8,2,2,0,4,2,2,0,2,2,4,8,2,2,3,4,2,2,4,2,2,2,2
4,439,1757.0,93,terminated,2,0,0,2,1757.0,1,4,2,2,1,4,1,9,2,2,1,5,2,2,1,3,2,4,8,2,2,6,4,2,2,4,2,2,2,2
4,440,1716.0,134,terminated,2,0,0,2,1716.0,1,4,2,2,1,4,1,9,2,2,1,5,2,2,1,3,2,4,8,2,2,6,4,2,2,4,2,2,2,2
4,441,1555.0,95,terminated,2,0,0,1,1555.0,1,1,1,0,0,2,0,5,2,1,0,3,2,1,0,1,1,2,5,2,1,8,3,2,1,3,2,1,2,1
4,442,1739.0,111,terminated,2,0,0,2,1739.0,1,2,1,1,1,4,1,9,2,2,1,5,2,2,1,3,2,4,8,2,2,8,4,2,2,4,2,2,2,2
4,443,1756.0,94,terminated,2,0,0,2,1756.0,1,2,2,0,0,4,0,8,2,2,0,4,2,2,0,2,2,4,8,2,2,0,4,2,2,4,2,2,2,2
4,444,1708.0,142,terminated,2,0,0,2,1708.0,1,1,1,0,1,3,1,8,2,2,1,5,2,2,1,3,2,3,7,2,2,0,4,2,2,4,2,2,2,2
4,445,-66.0,196,terminated,0,12,1,1,-66.0,0,0,0,0,0,1,0,2,0,1,0,1,0,1,0,1,1,1,2,0,1,13,1,0,1,1,0,1,0,1
4,446,-189.0,29,terminated,1,41,1,0,-189.0,0,0,0,0,1,0,1,2,1,0,1,2,1,0,1,1,0,0,1,1,0,0,1,1,0,1,1,0,1,0
4,447,1737.0,113,terminated,2,0,0,2,1737.0,1,1,0,1,1,4,1,9,2,2,1,5,2,2,1,3,2,4,8,2,2,2,4,2,2,4,2,2,2,2
4,448,1708.0,142,terminated,2,0,0,2,1708.0,1,2,2,0,1,4,1,9,2,2,1,5,2,2,1,3,2,4,8,2,2,8,4,2,2,4,2,2,2,2
4,449,1671.0,179,terminated,2,0,0,2,1671.0,1,4,2,2,0,4,0,8,2,2,0,4,2,2,0,2,2,4,8,2,2,18,4,2,2,4,2,2,2,2
4,450,1682.0,168,terminated,2,0,0,2,1682.0,1,2,2,0,0,4,0,8,2,2,0,4,2,2,0,2,2,4,8,2,2,5,4,2,2,4,2,2,2,2
4,451,1728.0,122,terminated,2,0,0,2,1728.0,1,3,1,2,1,4,1,9,2,2,1,5,2,2,1,3,2,4,8,2,2,5,4,2,2,4,2,2,2,2
4,452,1707.0,143,terminated,2,0,0,2,1707.0,1,4,2,2,1,4,1,9,2,2,1,5,2,2,1,3,2,4,8,2,2,20,4,2,2,4,2,2,2,2
4,453,1749.0,101,terminated,2,0,0,2,1749.0,1,0,0,0,0,4,0,8,2,2,0,4,2,2,0,2,2,4,8,2,2,0,4,2,2,4,2,2,2,2
4,454,-186.0,26,terminated,0,41,1,1,-186.0,0,0,0,0,1,1,1,3,0,1,1,2,0,1,1,2,1,1,2,0,1,2,1,0,1,1,0,1,0,1
4,455,1716.0,134,terminated,2,0,0,2,1716.0,1,4,2,2,1,4,1,9,2,2,1,5,2,2,1,3,2,4,8,2,2,19,4,2,2,4,2,2,2,2
4,456,17.0,33,terminated,1,40,1,1,17.0,0,0,0,0,0,2,0,4,1,1,0,2,1,1,0,1,1,2,4,1,1,3,2,1,1,2,1,1,1,1
4,457,350.0,40,terminated,1,26,1,2,350.0,0,2,0,2,0,2,0,5,1,2,0,3,1,2,0,2,2,2,5,1,2,7,3,1,2,3,1,2,1,2
4,458,1730.0,120,terminated,2,0,0,2,1730.0,1,2,1,1,0,4,0,8,2,2,0,4,2,2,0,2,2,4,8,2,2,5,4,2,2,4,2,2,2,2
4,459,1497.0,153,terminated,2,0,0,1,1497.0,1,2,1,1,0,3,0,6,2,1,0,3,2,1,0,1,1,3,6,2,1,0,3,2,1,3,2,1,2,1
4,460,1768.0,82,terminated,2,0,0,2,1768.0,1,2,1,1,0,4,0,8,2,2,0,4,2,2,0,2,2,4,8,2,2,5,4,2,2,4,2,2,2,2
4,461,1536.0,114,terminated,2,0,0,1,1536.0,1,1,0,1,1,3,1,7,2,1,1,4,2,1,1,2,1,3,6,2,1,8,3,2,1,3,2,1,2,1
4,462,1750.0,100,terminated,2,0,0,2,1750.0,1,0,0,0,0,4,0,8,2,2,0,4,2,2,0,2,2,4,8,2,2,0,4,2,2,4,2,2,2,2
4,463,1709.0,141,terminated,2,0,0,2,1709.0,1,2,2,0,0,4,0,8,2,2,0,4,2,2,0,2,2,4,8,2,2,4,4,2,2,4,2,2,2,2
4,464,1743.0,107,terminated,2,0,0,2,1743.0,1,2,1,1,1,4,1,9,2,2,1,5,2,2,1,3,2,4,8,2,2,10,4,2,2,4,2,2,2,2
4,465,1724.0,126,terminated,2,0,0,2,1724.0,1,2,1,1,1,4,1,9,2,2,1,5,2,2,1,3,2,4,8,2,2,8,4,2,2,4,2,2,2,2
4,466,1745.0,105,terminated,2,0,0,2,1745.0,1,1,0,1,0,4,0,8,2,2,0,4,2,2,0,2,2,4,8,2,2,0,4,2,2,4,2,2,2,2
4,467,1736.0,114,terminated,2,0,0,2,1736.0,1,2,1,1,0,4,0,8,2,2,0,4,2,2,0,2,2,4,8,2,2,6,4,2,2,4,2,2,2,2
4,468,23.0,27,terminated,1,40,1,1,23.0,0,0,0,0,0,1,0,3,1,1,0,2,1,1,0,1,1,1,3,1,1,3,2,1,1,2,1,1,1,1
4,469,1773.0,77,terminated,2,0,0,2,1773.0,1,2,1,1,1,4,1,9,2,2,1,5,2,2,1,3,2,4,8,2,2,0,4,2,2,4,2,2,2,2
4,470,1708.0,142,terminated,2,0,0,2,1708.0,1,2,2,0,1,4,1,9,2,2,1,5,2,2,1,3,2,4,8,2,2,3,4,2,2,4,2,2,2,2
4,471,1737.0,113,terminated,2,0,0,2,1737.0,1,2,1,1,1,4,1,9,2,2,1,5,2,2,1,3,2,4,8,2,2,0,4,2,2,4,2,2,2,2
4,472,1476.0,174,terminated,2,0,0,1,1476.0,1,2,2,0,1,3,1,7,2,1,1,4,2,1,1,2,1,3,6,2,1,27,3,2,1,3,2,1,2,1
4,473,-184.0,24,terminated,1,41,1,0,-184.0,0,0,0,0,1,0,1,2,1,0,1,2,1,0,1,1,0,0,1,1,0,0,1,1,0,1,1,0,1,0
4,474,1739.0,111,terminated,2,0,0,2,1739.0,1,3,1,2,1,4,1,9,2,2,1,5,2,2,1,3,2,4,8,2,2,13,4,2,2,4,2,2,2,2
4,475,1526.0,124,terminated,1,0,0,2,1526.0,1,1,1,0,1,3,1,7,1,2,1,4,1,2,1,3,2,3,6,1,2,3,3,1,2,3,1,2,1,2
4,476,1515.0,135,terminated,1,0,0,2,1515.0,1,1,0,1,0,2,0,5,1,2,0,3,1,2,0,2,2,2,5,1,2,18,3,1,2,3,1,2,1,2
4,477,1708.0,142,terminated,2,0,0,2,1708.0,1,1,0,1,0,4,0,8,2,2,0,4,2,2,0,2,2,4,8,2,2,5,4,2,2,4,2,2,2,2
4,478,1543.0,107,terminated,1,0,0,2,1543.0,1,2,1,1,0,3,0,6,1,2,0,3,1,2,0,2,2,3,6,1,2,3,3,1,2,3,1,2,1,2
4,479,1532.0,118,terminated,2,0,0,1,1532.0,1,1,1,0,1,2,1,6,2,1,1,4,2,1,1,2,1,2,5,2,1,14,3,2,1,3,2,1,2,1
4,480,1767.0,83,terminated,2,0,0,2,1767.0,1,1,0,1,0,4,0,8,2,2,0,4,2,2,0,2,2,4,8,2,2,5,4,2,2,4,2,2,2,2
4,481,1710.0,140,terminated,2,0,0,2,1710.0,1,2,1,1,0,4,0,8,2,2,0,4,2,2,0,2,2,4,8,2,2,0,4,2,2,4,2,2,2,2
4,482,1697.0,153,terminated,2,0,0,2,1697.0,1,2,0,2,1,4,1,9,2,2,1,5,2,2,1,3,2,4,8,2,2,6,4,2,2,4,2,2,2,2
4,483,1728.0,122,terminated,2,0,0,2,1728.0,1,4,2,2,1,4,1,9,2,2,1,5,2,2,1,3,2,4,8,2,2,9,4,2,2,4,2,2,2,2
4,484,1747.0,103,terminated,2,0,0,2,1747.0,1,1,1,0,0,4,0,8,2,2,0,4,2,2,0,2,2,4,8,2,2,0,4,2,2,4,2,2,2,2
4,485,1759.0,91,terminated,2,0,0,2,1759.0,1,3,1,2,0,4,0,8,2,2,0,4,2,2,0,2,2,4,8,2,2,5,4,2,2,4,2,2,2,2
4,486,1523.0,127,terminated,2,0,0,1,1523.0,1,1,1,0,1,3,1,7,2,1,1,4,2,1,1,2,1,3,6,2,1,26,3,2,1,3,2,1,2,1
4,487,561.0,69,terminated,2,22,1,2,561.0,0,1,1,0,1,3,1,8,2,2,1,5,2,2,1,3,2,3,7,2,2,1,4,2,2,4,2,2,2,2
4,488,-167.0,17,terminated,0,40,1,1,-167.0,0,0,0,0,0,1,0,2,0,1,0,1,0,1,0,1,1,1,2,0,1,1,1,0,1,1,0,1,0,1
4,489,1736.0,114,terminated,2,0,0,2,1736.0,1,2,1,1,1,4,1,9,2,2,1,5,2,2,1,3,2,4,8,2,2,5,4,2,2,4,2,2,2,2
4,490,1745.0,105,terminated,2,0,0,2,1745.0,1,4,2,2,1,3,1,8,2,2,1,5,2,2,1,3,2,3,7,2,2,7,4,2,2,4,2,2,2,2
4,491,1771.0,79,terminated,2,0,0,2,1771.0,1,4,2,2,1,4,1,9,2,2,1,5,2,2,1,3,2,4,8,2,2,7,4,2,2,4,2,2,2,2
4,492,1765.0,85,terminated,2,0,0,2,1765.0,1,3,1,2,1,4,1,9,2,2,1,5,2,2,1,3,2,4,8,2,2,5,4,2,2,4,2,2,2,2
4,493,608.0,92,terminated,2,15,1,2,608.0,0,1,0,1,0,4,0,8,2,2,0,4,2,2,0,2,2,4,8,2,2,2,4,2,2,4,2,2,2,2
4,494,1526.0,124,terminated,1,0,0,2,1526.0,1,1,0,1,0,3,0,6,1,2,0,3,1,2,0,2,2,3,6,1,2,16,3,1,2,3,1,2,1,2
4,495,1723.0,127,terminated,2,0,0,2,1723.0,1,2,1,1,1,4,1,9,2,2,1,5,2,2,1,3,2,4,8,2,2,7,4,2,2,4,2,2,2,2
4,496,330.0,40,terminated,2,28,1,1,330.0,0,0,0,0,0,2,0,5,2,1,0,3,2,1,0,1,1,2,5,2,1,0,3,2,1,3,2,1,2,1
4,497,1740.0,110,terminated,2,0,0,2,1740.0,1,1,1,0,0,4,0,8,2,2,0,4,2,2,0,2,2,4,8,2,2,0,4,2,2,4,2,2,2,2
4,498,195.0,135,terminated,1,12,1,1,195.0,0,1,0,1,0,2,0,4,1,1,0,2,1,1,0,1,1,2,4,1,1,11,2,1,1,2,1,1,1,1
4,499,1706.0,144,terminated,2,0,0,2,1706.0,1,2,1,1,1,4,1,9,2,2,1,5,2,2,1,3,2,4,8,2,2,1,4,2,2,4,2,2,2,2
4,500,1728.0,122,terminated,2,0,0,2,1728.0,1,1,1,0,0,4,0,8,2,2,0,4,2,2,0,2,2,4,8,2,2,2,4,2,2,4,2,2,2,2
4,501,1737.0,113,terminated,2,0,0,2,1737.0,1,0,0,0,1,4,1,9,2,2,1,5,2,2,1,3,2,4,8,2,2,10,4,2,2,4,2,2,2,2
4,502,1685.0,165,terminated,2,0,0,2,1685.0,1,2,0,2,1,4,1,9,2,2,1,5,2,2,1,3,2,4,8,2,2,15,4,2,2,4,2,2,2,2
4,503,1721.0,129,terminated,2,0,0,2,1721.0,1,1,1,0,0,4,0,8,2,2,0,4,2,2,0,2,2,4,8,2,2,8,4,2,2,4,2,2,2,2
4,504,1747.0,103,terminated,2,0,0,2,1747.0,1,3,1,2,0,4,0,8,2,2,0,4,2,2,0,2,2,4,8,2,2,5,4,2,2,4,2,2,2,2
4,505,1733.0,117,terminated,2,0,0,2,1733.0,1,4,2,2,1,3,1,8,2,2,1,5,2,2,1,3,2,3,7,2,2,5,4,2,2,4,2,2,2,2
4,506,1681.0,169,terminated,2,0,0,2,1681.0,1,2,2,0,1,4,1,9,2,2,1,5,2,2,1,3,2,4,8,2,2,15,4,2,2,4,2,2,2,2
4,507,1742.0,108,terminated,2,0,0,2,1742.0,1,1,1,0,1,4,1,9,2,2,1,5,2,2,1,3,2,4,8,2,2,9,4,2,2,4,2,2,2,2
4,508,1720.0,130,terminated,2,0,0,2,1720.0,1,3,1,2,1,4,1,9,2,2,1,5,2,2,1,3,2,4,8,2,2,10,4,2,2,4,2,2,2,2
4,509,1471.0,179,terminated,2,0,0,1,1471.0,1,2,2,0,1,2,1,6,2,1,1,4,2,1,1,2,1,2,5,2,1,18,3,2,1,3,2,1,2,1
4,510,1750.0,100,terminated,2,0,0,2,1750.0,1,4,2,2,1,4,1,9,2,2,1,5,2,2,1,3,2,4,8,2,2,8,4,2,2,4,2,2,2,2
4,511,1746.0,104,terminated,2,0,0,2,1746.0,1,2,1,1,1,4,1,9,2,2,1,5,2,2,1,3,2,4,8,2,2,6,4,2,2,4,2,2,2,2
4,512,1518.0,132,terminated,2,0,0,1,1518.0,1,1,1,0,0,3,0,6,2,1,0,3,2,1,0,1,1,3,6,2,1,6,3,2,1,3,2,1,2,1
4,513,1726.0,124,terminated,2,0,0,2,1726.0,1,2,2,0,0,4,0,8,2,2,0,4,2,2,0,2,2,4,8,2,2,9,4,2,2,4,2,2,2,2
4,514,1709.0,141,terminated,2,0,0,2,1709.0,1,2,2,0,1,4,1,9,2,2,1,5,2,2,1,3,2,4,8,2,2,13,4,2,2,4,2,2,2,2
4,515,612.0,88,terminated,2,15,1,2,612.0,0,3,2,1,0,4,0,8,2,2,0,4,2,2,0,2,2,4,8,2,2,6,4,2,2,4,2,2,2,2
4,516,1504.0,146,terminated,1,0,0,2,1504.0,1,1,1,0,1,3,1,7,1,2,1,4,1,2,1,3,2,3,6,1,2,6,3,1,2,3,1,2,1,2
4,517,1689.0,161,terminated,2,0,0,2,1689.0,1,3,1,2,1,4,1,9,2,2,1,5,2,2,1,3,2,4,8,2,2,12,4,2,2,4,2,2,2,2
4,518,1760.0,90,terminated,2,0,0,2,1760.0,1,2,2,0,1,4,1,9,2,2,1,5,2,2,1,3,2,4,8,2,2,1,4,2,2,4,2,2,2,2
4,519,1551.0,99,terminated,1,0,0,2,1551.0,1,2,1,1,1,3,1,7,1,2,1,4,1,2,1,3,2,3,6,1,2,4,3,1,2,3,1,2,1,2
4,520,1726.0,124,terminated,2,0,0,2,1726.0,1,2,2,0,1,4,1,9,2,2,1,5,2,2,1,3,2,4,8,2,2,7,4,2,2,4,2,2,2,2
4,521,1717.0,133,terminated,2,0,0,2,1717.0,1,1,1,0,0,4,0,8,2,2,0,4,2,2,0,2,2,4,8,2,2,0,4,2,2,4,2,2,2,2
4,522,1754.0,96,terminated,2,0,0,2,1754.0,1,3,1,2,1,4,1,9,2,2,1,5,2,2,1,3,2,4,8,2,2,7,4,2,2,4,2,2,2,2
4,523,488.0,42,terminated,2,32,1,2,488.0,0,2,1,1,0,3,0,7,2,2,0,4,2,2,0,2,2,3,7,2,2,0,4,2,2,4,2,2,2,2
4,524,1759.0,91,terminated,2,0,0,2,1759.0,1,3,1,2,0,4,0,8,2,2,0,4,2,2,0,2,2,4,8,2,2,5,4,2,2,4,2,2,2,2
4,525,1517.0,133,terminated,2,0,0,1,1517.0,1,1,0,1,1,3,1,7,2,1,1,4,2,1,1,2,1,3,6,2,1,7,3,2,1,3,2,1,2,1
4,526,1753.0,97,terminated,2,0,0,2,1753.0,1,2,1,1,0,4,0,8,2,2,0,4,2,2,0,2,2,4,8,2,2,1,4,2,2,4,2,2,2,2
4,527,1752.0,98,terminated,2,0,0,2,1752.0,1,3,2,1,1,4,1,9,2,2,1,5,2,2,1,3,2,4,8,2,2,2,4,2,2,4,2,2,2,2
4,528,1736.0,114,terminated,2,0,0,2,1736.0,1,4,2,2,1,4,1,9,2,2,1,5,2,2,1,3,2,4,8,2,2,11,4,2,2,4,2,2,2,2
4,529,1514.0,136,terminated,1,0,0,2,1514.0,1,2,0,2,1,3,1,7,1,2,1,4,1,2,1,3,2,3,6,1,2,1,3,1,2,3,1,2,1,2
4,530,1746.0,104,terminated,2,0,0,2,1746.0,1,3,2,1,1,3,1,8,2,2,1,5,2,2,1,3,2,3,7,2,2,6,4,2,2,4,2,2,2,2
4,531,1705.0,145,terminated,2,0,0,2,1705.0,1,1,1,0,1,4,1,9,2,2,1,5,2,2,1,3,2,4,8,2,2,0,4,2,2,4,2,2,2,2
4,532,1752.0,98,terminated,2,0,0,2,1752.0,1,2,1,1,0,4,0,8,2,2,0,4,2,2,0,2,2,4,8,2,2,7,4,2,2,4,2,2,2,2
4,533,1765.0,85,terminated,2,0,0,2,1765.0,1,2,2,0,0,4,0,8,2,2,0,4,2,2,0,2,2,4,8,2,2,9,4,2,2,4,2,2,2,2
4,534,1726.0,124,terminated,2,0,0,2,1726.0,1,4,2,2,1,4,1,9,2,2,1,5,2,2,1,3,2,4,8,2,2,11,4,2,2,4,2,2,2,2
4,535,1725.0,125,terminated,2,0,0,2,1725.0,1,4,2,2,1,4,1,9,2,2,1,5,2,2,1,3,2,4,8,2,2,2,4,2,2,4,2,2,2,2
4,536,1693.0,157,terminated,2,0,0,2,1693.0,1,1,0,1,1,4,1,9,2,2,1,5,2,2,1,3,2,4,8,2,2,9,4,2,2,4,2,2,2,2
4,537,1699.0,151,terminated,2,0,0,2,1699.0,1,0,0,0,1,4,1,9,2,2,1,5,2,2,1,3,2,4,8,2,2,9,4,2,2,4,2,2,2,2
4,538,1707.0,143,terminated,2,0,0,2,1707.0,1,2,2,0,0,4,0,8,2,2,0,4,2,2,0,2,2,4,8,2,2,12,4,2,2,4,2,2,2,2
4,539,1738.0,112,terminated,2,0,0,2,1738.0,1,3,2,1,0,4,0,8,2,2,0,4,2,2,0,2,2,4,8,2,2,6,4,2,2,4,2,2,2,2
4,540,1555.0,95,terminated,1,0,0,2,1555.0,1,2,1,1,1,3,1,7,1,2,1,4,1,2,1,3,2,3,6,1,2,7,3,1,2,3,1,2,1,2
4,541,-185.0,25,terminated,0,41,1,1,-185.0,0,1,0,1,1,0,1,2,0,1,1,2,0,1,1,2,1,0,1,0,1,1,1,0,1,1,0,1,0,1
4,542,1744.0,106,terminated,2,0,0,2,1744.0,1,3,2,1,1,4,1,9,2,2,1,5,2,2,1,3,2,4,8,2,2,4,4,2,2,4,2,2,2,2
4,543,1690.0,160,terminated,2,0,0,2,1690.0,1,2,1,1,1,4,1,9,2,2,1,5,2,2,1,3,2,4,8,2,2,4,4,2,2,4,2,2,2,2
4,544,83.0,37,terminated,1,33,1,1,83.0,0,0,0,0,1,1,1,4,1,1,1,3,1,1,1,2,1,1,3,1,1,0,2,1,1,2,1,1,1,1
4,545,1741.0,109,terminated,2,0,0,2,1741.0,1,0,0,0,0,4,0,8,2,2,0,4,2,2,0,2,2,4,8,2,2,0,4,2,2,4,2,2,2,2
4,546,703.0,117,terminated,2,3,1,2,703.0,0,2,1,1,0,4,0,8,2,2,0,4,2,2,0,2,2,4,8,2,2,0,4,2,2,4,2,2,2,2
4,547,1686.0,164,terminated,2,0,0,2,1686.0,1,3,1,2,1,4,1,9,2,2,1,5,2,2,1,3,2,4,8,2,2,13,4,2,2,4,2,2,2,2
4,548,1475.0,175,terminated,2,0,0,1,1475.0,1,3,2,1,1,3,1,7,2,1,1,4,2,1,1,2,1,3,6,2,1,13,3,2,1,3,2,1,2,1
4,549,1726.0,124,terminated,2,0,0,2,1726.0,1,0,0,0,0,4,0,8,2,2,0,4,2,2,0,2,2,4,8,2,2,0,4,2,2,4,2,2,2,2
4,550,1760.0,90,terminated,2,0,0,2,1760.0,1,2,1,1,0,4,0,8,2,2,0,4,2,2,0,2,2,4,8,2,2,0,4,2,2,4,2,2,2,2
4,551,1540.0,110,terminated,1,0,0,2,1540.0,1,1,0,1,0,3,0,6,1,2,0,3,1,2,0,2,2,3,6,1,2,0,3,1,2,3,1,2,1,2
4,552,1714.0,136,terminated,2,0,0,2,1714.0,1,2,1,1,1,4,1,9,2,2,1,5,2,2,1,3,2,4,8,2,2,8,4,2,2,4,2,2,2,2
4,553,1734.0,116,terminated,2,0,0,2,1734.0,1,0,0,0,0,4,0,8,2,2,0,4,2,2,0,2,2,4,8,2,2,0,4,2,2,4,2,2,2,2
4,554,524.0,46,terminated,2,28,1,2,524.0,0,2,1,1,0,3,0,7,2,2,0,4,2,2,0,2,2,3,7,2,2,0,4,2,2,4,2,2,2,2
4,555,1531.0,119,terminated,1,0,0,2,1531.0,1,3,1,2,1,3,1,7,1,2,1,4,1,2,1,3,2,3,6,1,2,9,3,1,2,3,1,2,1,2
4,556,1740.0,110,terminated,2,0,0,2,1740.0,1,1,1,0,0,4,0,8,2,2,0,4,2,2,0,2,2,4,8,2,2,0,4,2,2,4,2,2,2,2
4,557,1750.0,100,terminated,2,0,0,2,1750.0,1,2,1,1,1,3,1,8,2,2,1,5,2,2,1,3,2,3,7,2,2,0,4,2,2,4,2,2,2,2
4,558,1735.0,115,terminated,2,0,0,2,1735.0,1,3,2,1,1,4,1,9,2,2,1,5,2,2,1,3,2,4,8,2,2,5,4,2,2,4,2,2,2,2
4,559,1486.0,164,terminated,1,0,0,2,1486.0,1,0,0,0,1,3,1,7,1,2,1,4,1,2,1,3,2,3,6,1,2,0,3,1,2,3,1,2,1,2
4,560,1732.0,118,terminated,2,0,0,2,1732.0,1,3,2,1,1,4,1,9,2,2,1,5,2,2,1,3,2,4,8,2,2,8,4,2,2,4,2,2,2,2
4,561,1758.0,92,terminated,2,0,0,2,1758.0,1,3,1,2,1,4,1,9,2,2,1,5,2,2,1,3,2,4,8,2,2,6,4,2,2,4,2,2,2,2
4,562,19.0,21,terminated,1,41,1,1,19.0,0,0,0,0,1,2,1,5,1,1,1,3,1,1,1,2,1,2,4,1,1,0,2,1,1,2,1,1,1,1
4,563,1763.0,87,terminated,2,0,0,2,1763.0,1,3,2,1,0,4,0,8,2,2,0,4,2,2,0,2,2,4,8,2,2,7,4,2,2,4,2,2,2,2
4,564,1766.0,84,terminated,2,0,0,2,1766.0,1,1,1,0,0,4,0,8,2,2,0,4,2,2,0,2,2,4,8,2,2,5,4,2,2,4,2,2,2,2
4,565,1507.0,143,terminated,1,0,0,2,1507.0,1,1,1,0,1,3,1,7,1,2,1,4,1,2,1,3,2,3,6,1,2,2,3,1,2,3,1,2,1,2
4,566,17.0,23,terminated,1,41,1,1,17.0,0,0,0,0,0,1,0,3,1,1,0,2,1,1,0,1,1,1,3,1,1,0,2,1,1,2,1,1,1,1
4,567,-163.0,23,terminated,1,39,1,0,-163.0,0,0,0,0,1,1,1,3,1,0,1,2,1,0,1,1,0,1,2,1,0,1,1,1,0,1,1,0,1,0
4,568,1757.0,93,terminated,2,0,0,2,1757.0,1,3,1,2,1,4,1,9,2,2,1,5,2,2,1,3,2,4,8,2,2,3,4,2,2,4,2,2,2,2
4,569,1742.0,108,terminated,2,0,0,2,1742.0,1,3,1,2,0,4,0,8,2,2,0,4,2,2,0,2,2,4,8,2,2,8,4,2,2,4,2,2,2,2
4,570,1719.0,131,terminated,2,0,0,2,1719.0,1,3,2,1,1,4,1,9,2,2,1,5,2,2,1,3,2,4,8,2,2,6,4,2,2,4,2,2,2,2
4,571,1693.0,157,terminated,2,0,0,2,1693.0,1,1,1,0,0,4,0,8,2,2,0,4,2,2,0,2,2,4,8,2,2,5,4,2,2,4,2,2,2,2
4,572,1754.0,96,terminated,2,0,0,2,1754.0,1,2,2,0,1,4,1,9,2,2,1,5,2,2,1,3,2,4,8,2,2,1,4,2,2,4,2,2,2,2
4,573,-180.0,20,terminated,1,41,1,0,-180.0,0,0,0,0,1,0,1,2,1,0,1,2,1,0,1,1,0,0,1,1,0,0,1,1,0,1,1,0,1,0
4,574,1762.0,88,terminated,2,0,0,2,1762.0,1,3,2,1,0,4,0,8,2,2,0,4,2,2,0,2,2,4,8,2,2,2,4,2,2,4,2,2,2,2
4,575,1733.0,117,terminated,2,0,0,2,1733.0,1,2,1,1,0,4,0,8,2,2,0,4,2,2,0,2,2,4,8,2,2,7,4,2,2,4,2,2,2,2
4,576,1716.0,134,terminated,2,0,0,2,1716.0,1,3,1,2,0,4,0,8,2,2,0,4,2,2,0,2,2,4,8,2,2,7,4,2,2,4,2,2,2,2
4,577,1509.0,141,terminated,2,0,0,1,1509.0,1,0,0,0,1,3,1,7,2,1,1,4,2,1,1,2,1,3,6,2,1,10,3,2,1,3,2,1,2,1
4,578,1526.0,124,terminated,2,0,0,1,1526.0,1,1,1,0,1,3,1,7,2,1,1,4,2,1,1,2,1,3,6,2,1,5,3,2,1,3,2,1,2,1
4,579,606.0,84,terminated,2,16,1,2,606.0,0,3,2,1,1,4,1,9,2,2,1,5,2,2,1,3,2,4,8,2,2,2,4,2,2,4,2,2,2,2
4,580,446.0,124,terminated,1,8,1,2,446.0,0,1,0,1,0,2,0,5,1,2,0,3,1,2,0,2,2,2,5,1,2,0,3,1,2,3,1,2,1,2
4,581,1724.0,126,terminated,2,0,0,2,1724.0,1,1,0,1,0,3,0,7,2,2,0,4,2,2,0,2,2,3,7,2,2,0,4,2,2,4,2,2,2,2
4,582,1728.0,122,terminated,2,0,0,2,1728.0,1,1,1,0,0,4,0,8,2,2,0,4,2,2,0,2,2,4,8,2,2,0,4,2,2,4,2,2,2,2
4,583,-185.0,25,terminated,1,41,1,0,-185.0,0,1,1,0,1,1,1,3,1,0,1,2,1,0,1,1,0,1,2,1,0,1,1,1,0,1,1,0,1,0
4,584,1769.0,81,terminated,2,0,0,2,1769.0,1,0,0,0,0,3,0,7,2,2,0,4,2,2,0,2,2,3,7,2,2,0,4,2,2,4,2,2,2,2
4,585,18.0,22,terminated,1,41,1,1,18.0,0,1,1,0,0,2,0,4,1,1,0,2,1,1,0,1,1,2,4,1,1,0,2,1,1,2,1,1,1,1
4,586,517.0,53,terminated,2,28,1,2,517.0,0,2,1,1,0,3,0,7,2,2,0,4,2,2,0,2,2,3,7,2,2,0,4,2,2,4,2,2,2,2
4,587,1731.0,119,terminated,2,0,0,2,1731.0,1,3,2,1,1,4,1,9,2,2,1,5,2,2,1,3,2,4,8,2,2,2,4,2,2,4,2,2,2,2
4,588,1758.0,92,terminated,2,0,0,2,1758.0,1,2,1,1,0,3,0,7,2,2,0,4,2,2,0,2,2,3,7,2,2,0,4,2,2,4,2,2,2,2
4,589,1702.0,148,terminated,2,0,0,2,1702.0,1,1,0,1,0,4,0,8,2,2,0,4,2,2,0,2,2,4,8,2,2,4,4,2,2,4,2,2,2,2
4,590,1757.0,93,terminated,2,0,0,2,1757.0,1,1,1,0,1,3,1,8,2,2,1,5,2,2,1,3,2,3,7,2,2,0,4,2,2,4,2,2,2,2
4,591,1757.0,93,terminated,2,0,0,2,1757.0,1,1,1,0,1,4,1,9,2,2,1,5,2,2,1,3,2,4,8,2,2,5,4,2,2,4,2,2,2,2
4,592,1738.0,112,terminated,2,0,0,2,1738.0,1,3,2,1,1,4,1,9,2,2,1,5,2,2,1,3,2,4,8,2,2,10,4,2,2,4,2,2,2,2
4,593,1708.0,142,terminated,2,0,0,2,1708.0,1,3,2,1,0,4,0,8,2,2,0,4,2,2,0,2,2,4,8,2,2,10,4,2,2,4,2,2,2,2
4,594,661.0,139,terminated,2,5,1,2,661.0,0,0,0,0,0,4,0,8,2,2,0,4,2,2,0,2,2,4,8,2,2,19,4,2,2,4,2,2,2,2
4,595,1696.0,154,terminated,2,0,0,2,1696.0,1,2,0,2,0,4,0,8,2,2,0,4,2,2,0,2,2,4,8,2,2,11,4,2,2,4,2,2,2,2
4,596,543.0,47,terminated,2,26,1,2,543.0,0,4,2,2,1,3,1,8,2,2,1,5,2,2,1,3,2,3,7,2,2,7,4,2,2,4,2,2,2,2
4,597,1739.0,111,terminated,2,0,0,2,1739.0,1,1,1,0,0,4,0,8,2,2,0,4,2,2,0,2,2,4,8,2,2,4,4,2,2,4,2,2,2,2
4,598,1268.0,182,terminated,0,0,0,2,1268.0,1,1,0,1,1,2,1,5,0,2,1,3,0,2,1,3,2,2,4,0,2,33,2,0,2,2,0,2,0,2
4,599,1433.0,217,terminated,2,0,0,1,1433.0,1,2,1,1,0,3,0,6,2,1,0,3,2,1,0,1,1,3,6,2,1,8,3,2,1,3,2,1,2,1
4,600,1720.0,130,terminated,2,0,0,2,1720.0,1,2,1,1,1,4,1,9,2,2,1,5,2,2,1,3,2,4,8,2,2,13,4,2,2,4,2,2,2,2
4,601,667.0,93,terminated,2,9,1,2,667.0,0,3,1,2,0,3,0,7,2,2,0,4,2,2,0,2,2,3,7,2,2,1,4,2,2,4,2,2,2,2
4,602,1761.0,89,terminated,2,0,0,2,1761.0,1,2,1,1,0,4,0,8,2,2,0,4,2,2,0,2,2,4,8,2,2,6,4,2,2,4,2,2,2,2
4,603,1754.0,96,terminated,2,0,0,2,1754.0,1,2,1,1,0,4,0,8,2,2,0,4,2,2,0,2,2,4,8,2,2,7,4,2,2,4,2,2,2,2
4,604,1739.0,111,terminated,2,0,0,2,1739.0,1,1,0,1,0,4,0,8,2,2,0,4,2,2,0,2,2,4,8,2,2,8,4,2,2,4,2,2,2,2
4,605,1721.0,129,terminated,2,0,0,2,1721.0,1,3,1,2,1,3,1,8,2,2,1,5,2,2,1,3,2,3,7,2,2,7,4,2,2,4,2,2,2,2
4,606,1728.0,122,terminated,2,0,0,2,1728.0,1,1,1,0,0,4,0,8,2,2,0,4,2,2,0,2,2,4,8,2,2,0,4,2,2,4,2,2,2,2
4,607,1730.0,120,terminated,2,0,0,2,1730.0,1,1,1,0,1,4,1,9,2,2,1,5,2,2,1,3,2,4,8,2,2,0,4,2,2,4,2,2,2,2
4,608,1766.0,84,terminated,2,0,0,2,1766.0,1,2,0,2,0,4,0,8,2,2,0,4,2,2,0,2,2,4,8,2,2,1,4,2,2,4,2,2,2,2
4,609,1709.0,141,terminated,2,0,0,2,1709.0,1,2,1,1,1,4,1,9,2,2,1,5,2,2,1,3,2,4,8,2,2,15,4,2,2,4,2,2,2,2
4,610,430.0,100,terminated,2,12,1,1,430.0,0,1,1,0,1,3,1,7,2,1,1,4,2,1,1,2,1,3,6,2,1,1,3,2,1,3,2,1,2,1
4,611,1727.0,123,terminated,2,0,0,2,1727.0,1,2,1,1,1,4,1,9,2,2,1,5,2,2,1,3,2,4,8,2,2,10,4,2,2,4,2,2,2,2
4,612,1766.0,84,terminated,2,0,0,2,1766.0,1,2,1,1,1,4,1,9,2,2,1,5,2,2,1,3,2,4,8,2,2,3,4,2,2,4,2,2,2,2
4,613,1537.0,113,terminated,2,0,0,1,1537.0,1,2,1,1,1,2,1,6,2,1,1,4,2,1,1,2,1,2,5,2,1,13,3,2,1,3,2,1,2,1
4,614,1742.0,108,terminated,2,0,0,2,1742.0,1,3,1,2,1,4,1,9,2,2,1,5,2,2,1,3,2,4,8,2,2,11,4,2,2,4,2,2,2,2
4,615,-171.0,21,terminated,0,40,1,1,-171.0,0,1,0,1,1,0,1,2,0,1,1,2,0,1,1,2,1,0,1,0,1,3,1,0,1,1,0,1,0,1
4,616,1665.0,185,terminated,2,0,0,2,1665.0,1,3,2,1,1,4,1,9,2,2,1,5,2,2,1,3,2,4,8,2,2,9,4,2,2,4,2,2,2,2
4,617,530.0,40,terminated,2,28,1,2,530.0,0,2,1,1,0,3,0,7,2,2,0,4,2,2,0,2,2,3,7,2,2,5,4,2,2,4,2,2,2,2
4,618,-180.0,20,terminated,1,41,1,0,-180.0,0,0,0,0,0,1,0,2,1,0,0,1,1,0,0,0,0,1,2,1,0,0,1,1,0,1,1,0,1,0
4,619,1738.0,112,terminated,2,0,0,2,1738.0,1,2,0,2,0,4,0,8,2,2,0,4,2,2,0,2,2,4,8,2,2,0,4,2,2,4,2,2,2,2
4,620,1528.0,122,terminated,1,0,0,2,1528.0,1,1,0,1,1,3,1,7,1,2,1,4,1,2,1,3,2,3,6,1,2,16,3,1,2,3,1,2,1,2
4,621,29.0,21,terminated,1,40,1,1,29.0,0,0,0,0,0,2,0,4,1,1,0,2,1,1,0,1,1,2,4,1,1,0,2,1,1,2,1,1,1,1
4,622,1748.0,102,terminated,2,0,0,2,1748.0,1,4,2,2,1,4,1,9,2,2,1,5,2,2,1,3,2,4,8,2,2,10,4,2,2,4,2,2,2,2
4,623,1730.0,120,terminated,2,0,0,2,1730.0,1,1,0,1,1,4,1,9,2,2,1,5,2,2,1,3,2,4,8,2,2,5,4,2,2,4,2,2,2,2
4,624,1500.0,150,terminated,1,0,0,2,1500.0,1,1,1,0,1,3,1,7,1,2,1,4,1,2,1,3,2,3,6,1,2,3,3,1,2,3,1,2,1,2
4,625,1686.0,164,terminated,2,0,0,2,1686.0,1,1,1,0,0,4,0,8,2,2,0,4,2,2,0,2,2,4,8,2,2,0,4,2,2,4,2,2,2,2
4,626,1740.0,110,terminated,2,0,0,2,1740.0,1,2,1,1,1,4,1,9,2,2,1,5,2,2,1,3,2,4,8,2,2,8,4,2,2,4,2,2,2,2
4,627,1755.0,95,terminated,2,0,0,2,1755.0,1,2,1,1,0,4,0,8,2,2,0,4,2,2,0,2,2,4,8,2,2,0,4,2,2,4,2,2,2,2
4,628,1729.0,121,terminated,2,0,0,2,1729.0,1,3,1,2,1,4,1,9,2,2,1,5,2,2,1,3,2,4,8,2,2,8,4,2,2,4,2,2,2,2
4,629,-176.0,16,terminated,1,41,1,0,-176.0,0,0,0,0,0,1,0,2,1,0,0,1,1,0,0,0,0,1,2,1,0,0,1,1,0,1,1,0,1,0
4,630,1772.0,78,terminated,2,0,0,2,1772.0,1,3,1,2,0,3,0,7,2,2,0,4,2,2,0,2,2,3,7,2,2,1,4,2,2,4,2,2,2,2
4,631,1746.0,104,terminated,2,0,0,2,1746.0,1,1,1,0,0,4,0,8,2,2,0,4,2,2,0,2,2,4,8,2,2,8,4,2,2,4,2,2,2,2
4,632,-191.0,31,terminated,1,41,1,0,-191.0,0,0,0,0,1,1,1,3,1,0,1,2,1,0,1,1,0,1,2,1,0,1,1,1,0,1,1,0,1,0
4,633,1721.0,129,terminated,2,0,0,2,1721.0,1,2,2,0,1,4,1,9,2,2,1,5,2,2,1,3,2,4,8,2,2,7,4,2,2,4,2,2,2,2
4,634,1762.0,88,terminated,2,0,0,2,1762.0,1,1,1,0,1,4,1,9,2,2,1,5,2,2,1,3,2,4,8,2,2,10,4,2,2,4,2,2,2,2
4,635,1766.0,84,terminated,2,0,0,2,1766.0,1,2,0,2,1,4,1,9,2,2,1,5,2,2,1,3,2,4,8,2,2,2,4,2,2,4,2,2,2,2
4,636,516.0,54,terminated,2,28,1,2,516.0,0,3,2,1,1,4,1,9,2,2,1,5,2,2,1,3,2,4,8,2,2,5,4,2,2,4,2,2,2,2
4,637,627.0,93,terminated,2,13,1,2,627.0,0,3,2,1,0,4,0,8,2,2,0,4,2,2,0,2,2,4,8,2,2,0,4,2,2,4,2,2,2,2
4,638,1726.0,124,terminated,2,0,0,2,1726.0,1,2,1,1,1,4,1,9,2,2,1,5,2,2,1,3,2,4,8,2,2,10,4,2,2,4,2,2,2,2
4,639,1736.0,114,terminated,2,0,0,2,1736.0,1,2,1,1,0,4,0,8,2,2,0,4,2,2,0,2,2,4,8,2,2,0,4,2,2,4,2,2,2,2
4,640,1760.0,90,terminated,2,0,0,2,1760.0,1,2,2,0,0,4,0,8,2,2,0,4,2,2,0,2,2,4,8,2,2,5,4,2,2,4,2,2,2,2
4,641,1525.0,125,terminated,2,0,0,1,1525.0,1,2,1,1,1,3,1,7,2,1,1,4,2,1,1,2,1,3,6,2,1,0,3,2,1,3,2,1,2,1
4,642,1681.0,169,terminated,2,0,0,2,1681.0,1,3,2,1,1,4,1,9,2,2,1,5,2,2,1,3,2,4,8,2,2,5,4,2,2,4,2,2,2,2
4,643,1753.0,97,terminated,2,0,0,2,1753.0,1,2,1,1,0,4,0,8,2,2,0,4,2,2,0,2,2,4,8,2,2,0,4,2,2,4,2,2,2,2
4,644,1498.0,152,terminated,2,0,0,1,1498.0,1,3,2,1,1,3,1,7,2,1,1,4,2,1,1,2,1,3,6,2,1,13,3,2,1,3,2,1,2,1
4,645,1735.0,115,terminated,2,0,0,2,1735.0,1,2,1,1,0,4,0,8,2,2,0,4,2,2,0,2,2,4,8,2,2,1,4,2,2,4,2,2,2,2
4,646,1550.0,100,terminated,1,0,0,2,1550.0,1,1,1,0,0,3,0,6,1,2,0,3,1,2,0,2,2,3,6,1,2,4,3,1,2,3,1,2,1,2
4,647,1729.0,121,terminated,2,0,0,2,1729.0,1,0,0,0,0,3,0,7,2,2,0,4,2,2,0,2,2,3,7,2,2,0,4,2,2,4,2,2,2,2
4,648,1759.0,91,terminated,2,0,0,2,1759.0,1,2,0,2,0,4,0,8,2,2,0,4,2,2,0,2,2,4,8,2,2,0,4,2,2,4,2,2,2,2
4,649,1739.0,111,terminated,2,0,0,2,1739.0,1,3,2,1,1,3,1,8,2,2,1,5,2,2,1,3,2,3,7,2,2,0,4,2,2,4,2,2,2,2
4,650,1726.0,124,terminated,2,0,0,2,1726.0,1,3,2,1,1,4,1,9,2,2,1,5,2,2,1,3,2,4,8,2,2,8,4,2,2,4,2,2,2,2
4,651,1743.0,107,terminated,2,0,0,2,1743.0,1,3,2,1,1,4,1,9,2,2,1,5,2,2,1,3,2,4,8,2,2,7,4,2,2,4,2,2,2,2
4,652,1716.0,134,terminated,2,0,0,2,1716.0,1,2,1,1,0,4,0,8,2,2,0,4,2,2,0,2,2,4,8,2,2,4,4,2,2,4,2,2,2,2
4,653,1732.0,118,terminated,2,0,0,2,1732.0,1,2,2,0,0,4,0,8,2,2,0,4,2,2,0,2,2,4,8,2,2,0,4,2,2,4,2,2,2,2
4,654,1718.0,132,terminated,2,0,0,2,1718.0,1,2,1,1,0,4,0,8,2,2,0,4,2,2,0,2,2,4,8,2,2,0,4,2,2,4,2,2,2,2
4,655,1728.0,122,terminated,2,0,0,2,1728.0,1,1,1,0,1,4,1,9,2,2,1,5,2,2,1,3,2,4,8,2,2,0,4,2,2,4,2,2,2,2
4,656,436.0,124,terminated,1,9,1,2,436.0,0,2,1,1,1,3,1,7,1,2,1,4,1,2,1,3,2,3,6,1,2,13,3,1,2,3,1,2,1,2
4,657,1727.0,123,terminated,2,0,0,2,1727.0,1,3,1,2,1,4,1,9,2,2,1,5,2,2,1,3,2,4,8,2,2,7,4,2,2,4,2,2,2,2
4,658,1720.0,130,terminated,2,0,0,2,1720.0,1,1,1,0,1,3,1,8,2,2,1,5,2,2,1,3,2,3,7,2,2,0,4,2,2,4,2,2,2,2
4,659,1746.0,104,terminated,2,0,0,2,1746.0,1,2,2,0,1,3,1,8,2,2,1,5,2,2,1,3,2,3,7,2,2,3,4,2,2,4,2,2,2,2
4,660,1736.0,114,terminated,2,0,0,2,1736.0,1,3,2,1,1,4,1,9,2,2,1,5,2,2,1,3,2,4,8,2,2,9,4,2,2,4,2,2,2,2
4,661,-178.0,18,terminated,1,41,1,0,-178.0,0,0,0,0,1,0,1,2,1,0,1,2,1,0,1,1,0,0,1,1,0,0,1,1,0,1,1,0,1,0
4,662,1740.0,110,terminated,2,0,0,2,1740.0,1,1,0,1,0,4,0,8,2,2,0,4,2,2,0,2,2,4,8,2,2,0,4,2,2,4,2,2,2,2
4,663,352.0,48,terminated,2,25,1,1,352.0,0,2,1,1,1,2,1,6,2,1,1,4,2,1,1,2,1,2,5,2,1,10,3,2,1,3,2,1,2,1
4,664,1699.0,151,terminated,2,0,0,2,1699.0,1,1,0,1,1,4,1,9,2,2,1,5,2,2,1,3,2,4,8,2,2,6,4,2,2,4,2,2,2,2
4,665,17.0,23,terminated,1,41,1,1,17.0,0,1,1,0,1,1,1,4,1,1,1,3,1,1,1,2,1,1,3,1,1,1,2,1,1,2,1,1,1,1
4,666,1736.0,114,terminated,2,0,0,2,1736.0,1,1,1,0,0,4,0,8,2,2,0,4,2,2,0,2,2,4,8,2,2,0,4,2,2,4,2,2,2,2
4,667,1528.0,122,terminated,2,0,0,1,1528.0,1,1,1,0,0,3,0,6,2,1,0,3,2,1,0,1,1,3,6,2,1,0,3,2,1,3,2,1,2,1
4,668,1736.0,114,terminated,2,0,0,2,1736.0,1,1,0,1,0,3,0,7,2,2,0,4,2,2,0,2,2,3,7,2,2,0,4,2,2,4,2,2,2,2
4,669,1727.0,123,terminated,2,0,0,2,1727.0,1,2,1,1,1,4,1,9,2,2,1,5,2,2,1,3,2,4,8,2,2,2,4,2,2,4,2,2,2,2
4,670,1744.0,106,terminated,2,0,0,2,1744.0,1,2,1,1,1,3,1,8,2,2,1,5,2,2,1,3,2,3,7,2,2,6,4,2,2,4,2,2,2,2
4,671,1758.0,92,terminated,2,0,0,2,1758.0,1,1,1,0,1,4,1,9,2,2,1,5,2,2,1,3,2,4,8,2,2,7,4,2,2,4,2,2,2,2
4,672,1510.0,140,terminated,1,0,0,2,1510.0,1,1,0,1,0,3,0,6,1,2,0,3,1,2,0,2,2,3,6,1,2,5,3,1,2,3,1,2,1,2
4,673,1520.0,130,terminated,2,0,0,1,1520.0,1,2,1,1,1,3,1,7,2,1,1,4,2,1,1,2,1,3,6,2,1,5,3,2,1,3,2,1,2,1
4,674,1485.0,165,terminated,2,0,0,1,1485.0,1,2,2,0,0,3,0,6,2,1,0,3,2,1,0,1,1,3,6,2,1,0,3,2,1,3,2,1,2,1
4,675,1729.0,121,terminated,2,0,0,2,1729.0,1,2,1,1,1,4,1,9,2,2,1,5,2,2,1,3,2,4,8,2,2,10,4,2,2,4,2,2,2,2
4,676,1546.0,104,terminated,2,0,0,1,1546.0,1,2,2,0,0,3,0,6,2,1,0,3,2,1,0,1,1,3,6,2,1,1,3,2,1,3,2,1,2,1
4,677,713.0,127,terminated,2,1,1,2,713.0,0,3,1,2,1,4,1,9,2,2,1,5,2,2,1,3,2,4,8,2,2,10,4,2,2,4,2,2,2,2
4,678,1752.0,98,terminated,2,0,0,2,1752.0,1,2,1,1,1,3,1,8,2,2,1,5,2,2,1,3,2,3,7,2,2,6,4,2,2,4,2,2,2,2
4,679,1758.0,92,terminated,2,0,0,2,1758.0,1,4,2,2,1,4,1,9,2,2,1,5,2,2,1,3,2,4,8,2,2,5,4,2,2,4,2,2,2,2
4,680,1706.0,144,terminated,2,0,0,2,1706.0,1,0,0,0,0,4,0,8,2,2,0,4,2,2,0,2,2,4,8,2,2,4,4,2,2,4,2,2,2,2
4,681,1700.0,150,terminated,2,0,0,2,1700.0,1,3,2,1,0,4,0,8,2,2,0,4,2,2,0,2,2,4,8,2,2,14,4,2,2,4,2,2,2,2
4,682,1722.0,128,terminated,2,0,0,2,1722.0,1,2,2,0,0,4,0,8,2,2,0,4,2,2,0,2,2,4,8,2,2,6,4,2,2,4,2,2,2,2
4,683,494.0,46,terminated,2,31,1,2,494.0,0,1,1,0,1,3,1,8,2,2,1,5,2,2,1,3,2,3,7,2,2,5,4,2,2,4,2,2,2,2
4,684,1733.0,117,terminated,2,0,0,2,1733.0,1,1,0,1,1,4,1,9,2,2,1,5,2,2,1,3,2,4,8,2,2,0,4,2,2,4,2,2,2,2
4,685,1752.0,98,terminated,2,0,0,2,1752.0,1,2,1,1,1,4,1,9,2,2,1,5,2,2,1,3,2,4,8,2,2,8,4,2,2,4,2,2,2,2
4,686,1745.0,105,terminated,2,0,0,2,1745.0,1,3,2,1,1,3,1,8,2,2,1,5,2,2,1,3,2,3,7,2,2,6,4,2,2,4,2,2,2,2
4,687,1692.0,158,terminated,2,0,0,2,1692.0,1,1,1,0,0,4,0,8,2,2,0,4,2,2,0,2,2,4,8,2,2,9,4,2,2,4,2,2,2,2
4,688,1729.0,121,terminated,2,0,0,2,1729.0,1,0,0,0,1,3,1,8,2,2,1,5,2,2,1,3,2,3,7,2,2,0,4,2,2,4,2,2,2,2
4,689,1733.0,117,terminated,2,0,0,2,1733.0,1,3,1,2,1,4,1,9,2,2,1,5,2,2,1,3,2,4,8,2,2,8,4,2,2,4,2,2,2,2
4,690,518.0,52,terminated,2,28,1,2,518.0,0,2,0,2,1,3,1,8,2,2,1,5,2,2,1,3,2,3,7,2,2,3,4,2,2,4,2,2,2,2
4,691,517.0,53,terminated,2,28,1,2,517.0,0,3,1,2,1,3,1,8,2,2,1,5,2,2,1,3,2,3,7,2,2,1,4,2,2,4,2,2,2,2
4,692,1697.0,153,terminated,2,0,0,2,1697.0,1,4,2,2,1,4,1,9,2,2,1,5,2,2,1,3,2,4,8,2,2,8,4,2,2,4,2,2,2,2
4,693,1742.0,108,terminated,2,0,0,2,1742.0,1,1,1,0,0,4,0,8,2,2,0,4,2,2,0,2,2,4,8,2,2,0,4,2,2,4,2,2,2,2
4,694,1758.0,92,terminated,2,0,0,2,1758.0,1,2,2,0,1,4,1,9,2,2,1,5,2,2,1,3,2,4,8,2,2,10,4,2,2,4,2,2,2,2
4,695,1764.0,86,terminated,2,0,0,2,1764.0,1,2,2,0,0,4,0,8,2,2,0,4,2,2,0,2,2,4,8,2,2,2,4,2,2,4,2,2,2,2
4,696,1744.0,106,terminated,2,0,0,2,1744.0,1,1,0,1,0,4,0,8,2,2,0,4,2,2,0,2,2,4,8,2,2,7,4,2,2,4,2,2,2,2
4,697,1726.0,124,terminated,2,0,0,2,1726.0,1,3,2,1,1,4,1,9,2,2,1,5,2,2,1,3,2,4,8,2,2,7,4,2,2,4,2,2,2,2
4,698,1740.0,110,terminated,2,0,0,2,1740.0,1,4,2,2,1,4,1,9,2,2,1,5,2,2,1,3,2,4,8,2,2,5,4,2,2,4,2,2,2,2
4,699,1713.0,137,terminated,2,0,0,2,1713.0,1,1,1,0,0,4,0,8,2,2,0,4,2,2,0,2,2,4,8,2,2,0,4,2,2,4,2,2,2,2
4,700,622.0,88,terminated,2,14,1,2,622.0,0,4,2,2,1,3,1,8,2,2,1,5,2,2,1,3,2,3,7,2,2,7,4,2,2,4,2,2,2,2
4,701,1525.0,125,terminated,2,0,0,1,1525.0,1,0,0,0,0,3,0,6,2,1,0,3,2,1,0,1,1,3,6,2,1,25,3,2,1,3,2,1,2,1
4,702,1754.0,96,terminated,2,0,0,2,1754.0,1,2,1,1,1,4,1,9,2,2,1,5,2,2,1,3,2,4,8,2,2,2,4,2,2,4,2,2,2,2
4,703,1748.0,102,terminated,2,0,0,2,1748.0,1,2,1,1,0,3,0,7,2,2,0,4,2,2,0,2,2,3,7,2,2,0,4,2,2,4,2,2,2,2
4,704,1731.0,119,terminated,2,0,0,2,1731.0,1,3,2,1,1,4,1,9,2,2,1,5,2,2,1,3,2,4,8,2,2,5,4,2,2,4,2,2,2,2
4,705,1722.0,128,terminated,2,0,0,2,1722.0,1,1,0,1,0,3,0,7,2,2,0,4,2,2,0,2,2,3,7,2,2,0,4,2,2,4,2,2,2,2
4,706,1751.0,99,terminated,2,0,0,2,1751.0,1,1,1,0,0,4,0,8,2,2,0,4,2,2,0,2,2,4,8,2,2,8,4,2,2,4,2,2,2,2
4,707,1728.0,122,terminated,2,0,0,2,1728.0,1,3,2,1,1,4,1,9,2,2,1,5,2,2,1,3,2,4,8,2,2,5,4,2,2,4,2,2,2,2
4,708,1748.0,102,terminated,2,0,0,2,1748.0,1,1,0,1,0,4,0,8,2,2,0,4,2,2,0,2,2,4,8,2,2,3,4,2,2,4,2,2,2,2
4,709,40.0,30,terminated,1,38,1,1,40.0,0,1,0,1,1,1,1,4,1,1,1,3,1,1,1,2,1,1,3,1,1,9,2,1,1,2,1,1,1,1
4,710,1524.0,126,terminated,1,0,0,2,1524.0,1,1,0,1,1,3,1,7,1,2,1,4,1,2,1,3,2,3,6,1,2,8,3,1,2,3,1,2,1,2
4,711,1738.0,112,terminated,2,0,0,2,1738.0,1,2,2,0,1,4,1,9,2,2,1,5,2,2,1,3,2,4,8,2,2,1,4,2,2,4,2,2,2,2
4,712,1535.0,115,terminated,2,0,0,1,1535.0,1,1,1,0,1,3,1,7,2,1,1,4,2,1,1,2,1,3,6,2,1,24,3,2,1,3,2,1,2,1
4,713,1522.0,128,terminated,2,0,0,1,1522.0,1,2,1,1,1,3,1,7,2,1,1,4,2,1,1,2,1,3,6,2,1,3,3,2,1,3,2,1,2,1
4,714,1643.0,207,terminated,2,0,0,2,1643.0,1,2,0,2,1,4,1,9,2,2,1,5,2,2,1,3,2,4,8,2,2,2,4,2,2,4,2,2,2,2
4,715,-174.0,24,terminated,0,40,1,1,-174.0,0,1,0,1,1,0,1,2,0,1,1,2,0,1,1,2,1,0,1,0,1,3,1,0,1,1,0,1,0,1
4,716,1745.0,105,terminated,2,0,0,2,1745.0,1,1,0,1,1,4,1,9,2,2,1,5,2,2,1,3,2,4,8,2,2,11,4,2,2,4,2,2,2,2
4,717,1746.0,104,terminated,2,0,0,2,1746.0,1,2,1,1,0,4,0,8,2,2,0,4,2,2,0,2,2,4,8,2,2,2,4,2,2,4,2,2,2,2
4,718,1711.0,139,terminated,2,0,0,2,1711.0,1,3,1,2,1,4,1,9,2,2,1,5,2,2,1,3,2,4,8,2,2,3,4,2,2,4,2,2,2,2
4,719,1727.0,123,terminated,2,0,0,2,1727.0,1,2,2,0,0,4,0,8,2,2,0,4,2,2,0,2,2,4,8,2,2,0,4,2,2,4,2,2,2,2
4,720,1536.0,114,terminated,2,0,0,1,1536.0,1,2,1,1,1,3,1,7,2,1,1,4,2,1,1,2,1,3,6,2,1,14,3,2,1,3,2,1,2,1
4,721,1749.0,101,terminated,2,0,0,2,1749.0,1,3,1,2,0,4,0,8,2,2,0,4,2,2,0,2,2,4,8,2,2,7,4,2,2,4,2,2,2,2
4,722,1735.0,115,terminated,2,0,0,2,1735.0,1,1,0,1,1,4,1,9,2,2,1,5,2,2,1,3,2,4,8,2,2,6,4,2,2,4,2,2,2,2
4,723,1659.0,191,terminated,2,0,0,2,1659.0,1,0,0,0,0,4,0,8,2,2,0,4,2,2,0,2,2,4,8,2,2,5,4,2,2,4,2,2,2,2
4,724,1747.0,103,terminated,2,0,0,2,1747.0,1,2,1,1,0,4,0,8,2,2,0,4,2,2,0,2,2,4,8,2,2,4,4,2,2,4,2,2,2,2
4,725,1727.0,123,terminated,2,0,0,2,1727.0,1,2,1,1,0,4,0,8,2,2,0,4,2,2,0,2,2,4,8,2,2,0,4,2,2,4,2,2,2,2
4,726,-176.0,16,terminated,1,41,1,0,-176.0,0,0,0,0,0,1,0,2,1,0,0,1,1,0,0,0,0,1,2,1,0,0,1,1,0,1,1,0,1,0
4,727,639.0,91,terminated,2,12,1,2,639.0,0,3,1,2,1,4,1,9,2,2,1,5,2,2,1,3,2,4,8,2,2,11,4,2,2,4,2,2,2,2
4,728,615.0,115,terminated,2,12,1,2,615.0,0,1,0,1,1,4,1,9,2,2,1,5,2,2,1,3,2,4,8,2,2,9,4,2,2,4,2,2,2,2
4,729,1723.0,127,terminated,2,0,0,2,1723.0,1,1,1,0,0,4,0,8,2,2,0,4,2,2,0,2,2,4,8,2,2,0,4,2,2,4,2,2,2,2
4,730,1719.0,131,terminated,2,0,0,2,1719.0,1,3,2,1,0,4,0,8,2,2,0,4,2,2,0,2,2,4,8,2,2,7,4,2,2,4,2,2,2,2
4,731,1764.0,86,terminated,2,0,0,2,1764.0,1,1,1,0,0,4,0,8,2,2,0,4,2,2,0,2,2,4,8,2,2,6,4,2,2,4,2,2,2,2
4,732,1729.0,121,terminated,2,0,0,2,1729.0,1,2,1,1,0,4,0,8,2,2,0,4,2,2,0,2,2,4,8,2,2,0,4,2,2,4,2,2,2,2
4,733,1738.0,112,terminated,2,0,0,2,1738.0,1,2,0,2,0,4,0,8,2,2,0,4,2,2,0,2,2,4,8,2,2,1,4,2,2,4,2,2,2,2
4,734,14.0,26,terminated,1,41,1,1,14.0,0,1,0,1,0,1,0,3,1,1,0,2,1,1,0,1,1,1,3,1,1,1,2,1,1,2,1,1,1,1
4,735,1726.0,124,terminated,2,0,0,2,1726.0,1,3,2,1,1,4,1,9,2,2,1,5,2,2,1,3,2,4,8,2,2,6,4,2,2,4,2,2,2,2
4,736,531.0,39,terminated,2,28,1,2,531.0,0,4,2,2,1,2,1,7,2,2,1,5,2,2,1,3,2,2,6,2,2,0,4,2,2,4,2,2,2,2
4,737,1713.0,137,terminated,2,0,0,2,1713.0,1,1,0,1,0,4,0,8,2,2,0,4,2,2,0,2,2,4,8,2,2,1,4,2,2,4,2,2,2,2
4,738,1742.0,108,terminated,2,0,0,2,1742.0,1,1,0,1,0,4,0,8,2,2,0,4,2,2,0,2,2,4,8,2,2,0,4,2,2,4,2,2,2,2
4,739,1730.0,120,terminated,2,0,0,2,1730.0,1,3,1,2,1,4,1,9,2,2,1,5,2,2,1,3,2,4,8,2,2,9,4,2,2,4,2,2,2,2
4,740,-181.0,31,terminated,0,40,1,1,-181.0,0,1,0,1,1,0,1,2,0,1,1,2,0,1,1,2,1,0,1,0,1,3,1,0,1,1,0,1,0,1
4,741,1734.0,116,terminated,2,0,0,2,1734.0,1,2,1,1,0,4,0,8,2,2,0,4,2,2,0,2,2,4,8,2,2,15,4,2,2,4,2,2,2,2
4,742,1252.0,198,terminated,1,0,0,1,1252.0,1,1,1,0,1,2,1,5,1,1,1,3,1,1,1,2,1,2,4,1,1,50,2,1,1,2,1,1,1,1
4,743,1479.0,171,terminated,2,0,0,1,1479.0,1,2,2,0,1,3,1,7,2,1,1,4,2,1,1,2,1,3,6,2,1,19,3,2,1,3,2,1,2,1
4,744,1742.0,108,terminated,2,0,0,2,1742.0,1,3,2,1,0,3,0,7,2,2,0,4,2,2,0,2,2,3,7,2,2,2,4,2,2,4,2,2,2,2
4,745,1768.0,82,terminated,2,0,0,2,1768.0,1,2,1,1,0,4,0,8,2,2,0,4,2,2,0,2,2,4,8,2,2,0,4,2,2,4,2,2,2,2
4,746,1707.0,143,terminated,2,0,0,2,1707.0,1,2,1,1,0,4,0,8,2,2,0,4,2,2,0,2,2,4,8,2,2,2,4,2,2,4,2,2,2,2
4,747,1772.0,78,terminated,2,0,0,2,1772.0,1,2,1,1,0,4,0,8,2,2,0,4,2,2,0,2,2,4,8,2,2,2,4,2,2,4,2,2,2,2
4,748,1743.0,107,terminated,2,0,0,2,1743.0,1,3,1,2,1,4,1,9,2,2,1,5,2,2,1,3,2,4,8,2,2,7,4,2,2,4,2,2,2,2
4,749,1735.0,115,terminated,2,0,0,2,1735.0,1,4,2,2,1,4,1,9,2,2,1,5,2,2,1,3,2,4,8,2,2,9,4,2,2,4,2,2,2,2
4,750,1726.0,124,terminated,2,0,0,2,1726.0,1,4,2,2,1,4,1,9,2,2,1,5,2,2,1,3,2,4,8,2,2,6,4,2,2,4,2,2,2,2
4,751,1727.0,123,terminated,2,0,0,2,1727.0,1,3,2,1,0,4,0,8,2,2,0,4,2,2,0,2,2,4,8,2,2,0,4,2,2,4,2,2,2,2
4,752,1741.0,109,terminated,2,0,0,2,1741.0,1,1,0,1,1,4,1,9,2,2,1,5,2,2,1,3,2,4,8,2,2,4,4,2,2,4,2,2,2,2
4,753,1752.0,98,terminated,2,0,0,2,1752.0,1,2,1,1,1,4,1,9,2,2,1,5,2,2,1,3,2,4,8,2,2,6,4,2,2,4,2,2,2,2
4,754,1770.0,80,terminated,2,0,0,2,1770.0,1,3,1,2,1,4,1,9,2,2,1,5,2,2,1,3,2,4,8,2,2,6,4,2,2,4,2,2,2,2
4,755,85.0,45,terminated,1,32,1,1,85.0,0,1,1,0,0,2,0,4,1,1,0,2,1,1,0,1,1,2,4,1,1,14,2,1,1,2,1,1,1,1
4,756,1761.0,89,terminated,2,0,0,2,1761.0,1,3,2,1,0,4,0,8,2,2,0,4,2,2,0,2,2,4,8,2,2,5,4,2,2,4,2,2,2,2
4,757,1733.0,117,terminated,2,0,0,2,1733.0,1,0,0,0,0,4,0,8,2,2,0,4,2,2,0,2,2,4,8,2,2,0,4,2,2,4,2,2,2,2
4,758,1771.0,79,terminated,2,0,0,2,1771.0,1,3,2,1,1,4,1,9,2,2,1,5,2,2,1,3,2,4,8,2,2,7,4,2,2,4,2,2,2,2
4,759,-13.0,83,terminated,1,18,1,0,-13.0,0,1,1,0,1,1,1,3,1,0,1,2,1,0,1,1,0,1,2,1,0,9,1,1,0,1,1,0,1,0
4,760,1715.0,135,terminated,2,0,0,2,1715.0,1,1,0,1,0,4,0,8,2,2,0,4,2,2,0,2,2,4,8,2,2,0,4,2,2,4,2,2,2,2
4,761,1306.0,144,terminated,0,0,0,2,1306.0,1,2,0,2,1,2,1,5,0,2,1,3,0,2,1,3,2,2,4,0,2,12,2,0,2,2,0,2,0,2
4,762,27.0,23,terminated,1,40,1,1,27.0,0,1,0,1,0,1,0,3,1,1,0,2,1,1,0,1,1,1,3,1,1,5,2,1,1,2,1,1,1,1
4,763,1743.0,107,terminated,2,0,0,2,1743.0,1,0,0,0,0,4,0,8,2,2,0,4,2,2,0,2,2,4,8,2,2,0,4,2,2,4,2,2,2,2
4,764,1550.0,100,terminated,1,0,0,2,1550.0,1,1,0,1,1,3,1,7,1,2,1,4,1,2,1,3,2,3,6,1,2,1,3,1,2,3,1,2,1,2
4,765,1729.0,121,terminated,2,0,0,2,1729.0,1,2,1,1,1,4,1,9,2,2,1,5,2,2,1,3,2,4,8,2,2,3,4,2,2,4,2,2,2,2
4,766,57.0,33,terminated,1,36,1,1,57.0,0,1,1,0,0,1,0,3,1,1,0,2,1,1,0,1,1,1,3,1,1,11,2,1,1,2,1,1,1,1
4,767,1722.0,128,terminated,2,0,0,2,1722.0,1,0,0,0,0,4,0,8,2,2,0,4,2,2,0,2,2,4,8,2,2,0,4,2,2,4,2,2,2,2
4,768,1721.0,129,terminated,2,0,0,2,1721.0,1,4,2,2,1,4,1,9,2,2,1,5,2,2,1,3,2,4,8,2,2,9,4,2,2,4,2,2,2,2
4,769,1746.0,104,terminated,2,0,0,2,1746.0,1,1,1,0,0,4,0,8,2,2,0,4,2,2,0,2,2,4,8,2,2,1,4,2,2,4,2,2,2,2
4,770,1762.0,88,terminated,2,0,0,2,1762.0,1,2,1,1,0,4,0,8,2,2,0,4,2,2,0,2,2,4,8,2,2,4,4,2,2,4,2,2,2,2
4,771,1715.0,135,terminated,2,0,0,2,1715.0,1,1,0,1,0,4,0,8,2,2,0,4,2,2,0,2,2,4,8,2,2,5,4,2,2,4,2,2,2,2
4,772,1738.0,112,terminated,2,0,0,2,1738.0,1,1,1,0,0,4,0,8,2,2,0,4,2,2,0,2,2,4,8,2,2,0,4,2,2,4,2,2,2,2
4,773,1762.0,88,terminated,2,0,0,2,1762.0,1,2,1,1,0,4,0,8,2,2,0,4,2,2,0,2,2,4,8,2,2,5,4,2,2,4,2,2,2,2
4,774,1516.0,134,terminated,2,0,0,1,1516.0,1,2,2,0,1,3,1,7,2,1,1,4,2,1,1,2,1,3,6,2,1,7,3,2,1,3,2,1,2,1
4,775,1767.0,83,terminated,2,0,0,2,1767.0,1,2,1,1,1,4,1,9,2,2,1,5,2,2,1,3,2,4,8,2,2,5,4,2,2,4,2,2,2,2
4,776,1747.0,103,terminated,2,0,0,2,1747.0,1,1,0,1,1,4,1,9,2,2,1,5,2,2,1,3,2,4,8,2,2,0,4,2,2,4,2,2,2,2
4,777,1741.0,109,terminated,2,0,0,2,1741.0,1,2,1,1,1,4,1,9,2,2,1,5,2,2,1,3,2,4,8,2,2,6,4,2,2,4,2,2,2,2
4,778,654.0,106,terminated,2,9,1,2,654.0,0,2,1,1,0,4,0,8,2,2,0,4,2,2,0,2,2,4,8,2,2,7,4,2,2,4,2,2,2,2
4,779,1729.0,121,terminated,2,0,0,2,1729.0,1,3,1,2,0,3,0,7,2,2,0,4,2,2,0,2,2,3,7,2,2,0,4,2,2,4,2,2,2,2
4,780,1548.0,102,terminated,2,0,0,1,1548.0,1,1,1,0,1,3,1,7,2,1,1,4,2,1,1,2,1,3,6,2,1,5,3,2,1,3,2,1,2,1
4,781,1726.0,124,terminated,2,0,0,2,1726.0,1,3,1,2,0,4,0,8,2,2,0,4,2,2,0,2,2,4,8,2,2,8,4,2,2,4,2,2,2,2
4,782,1766.0,84,terminated,2,0,0,2,1766.0,1,3,2,1,1,4,1,9,2,2,1,5,2,2,1,3,2,4,8,2,2,6,4,2,2,4,2,2,2,2
4,783,1520.0,130,terminated,2,0,0,1,1520.0,1,1,1,0,1,3,1,7,2,1,1,4,2,1,1,2,1,3,6,2,1,19,3,2,1,3,2,1,2,1
4,784,521.0,49,terminated,2,28,1,2,521.0,0,4,2,2,1,3,1,8,2,2,1,5,2,2,1,3,2,3,7,2,2,4,4,2,2,4,2,2,2,2
4,785,21.0,19,terminated,1,41,1,1,21.0,0,0,0,0,0,1,0,3,1,1,0,2,1,1,0,1,1,1,3,1,1,0,2,1,1,2,1,1,1,1
4,786,683.0,127,terminated,2,4,1,2,683.0,0,3,1,2,0,4,0,8,2,2,0,4,2,2,0,2,2,4,8,2,2,7,4,2,2,4,2,2,2,2
4,787,1694.0,156,terminated,2,0,0,2,1694.0,1,2,1,1,1,4,1,9,2,2,1,5,2,2,1,3,2,4,8,2,2,8,4,2,2,4,2,2,2,2
4,788,1646.0,204,terminated,2,0,0,2,1646.0,1,1,1,0,0,4,0,8,2,2,0,4,2,2,0,2,2,4,8,2,2,0,4,2,2,4,2,2,2,2
4,789,1743.0,107,terminated,2,0,0,2,1743.0,1,1,1,0,0,4,0,8,2,2,0,4,2,2,0,2,2,4,8,2,2,9,4,2,2,4,2,2,2,2
4,790,1737.0,113,terminated,2,0,0,2,1737.0,1,1,0,1,0,4,0,8,2,2,0,4,2,2,0,2,2,4,8,2,2,0,4,2,2,4,2,2,2,2
4,791,-176.0,16,terminated,1,41,1,0,-176.0,0,0,0,0,0,1,0,2,1,0,0,1,1,0,0,0,0,1,2,1,0,0,1,1,0,1,1,0,1,0
4,792,1721.0,129,terminated,2,0,0,2,1721.0,1,2,1,1,1,4,1,9,2,2,1,5,2,2,1,3,2,4,8,2,2,1,4,2,2,4,2,2,2,2
4,793,1754.0,96,terminated,2,0,0,2,1754.0,1,2,2,0,1,4,1,9,2,2,1,5,2,2,1,3,2,4,8,2,2,0,4,2,2,4,2,2,2,2
4,794,1525.0,125,terminated,1,0,0,2,1525.0,1,1,1,0,1,2,1,6,1,2,1,4,1,2,1,3,2,2,5,1,2,4,3,1,2,3,1,2,1,2
4,795,1693.0,157,terminated,2,0,0,2,1693.0,1,3,1,2,1,4,1,9,2,2,1,5,2,2,1,3,2,4,8,2,2,6,4,2,2,4,2,2,2,2
4,796,1705.0,145,terminated,2,0,0,2,1705.0,1,2,2,0,1,4,1,9,2,2,1,5,2,2,1,3,2,4,8,2,2,5,4,2,2,4,2,2,2,2
4,797,1719.0,131,terminated,2,0,0,2,1719.0,1,1,1,0,1,4,1,9,2,2,1,5,2,2,1,3,2,4,8,2,2,11,4,2,2,4,2,2,2,2
4,798,1758.0,92,terminated,2,0,0,2,1758.0,1,1,0,1,0,4,0,8,2,2,0,4,2,2,0,2,2,4,8,2,2,4,4,2,2,4,2,2,2,2
4,799,-175.0,25,terminated,0,40,1,1,-175.0,0,1,0,1,1,0,1,2,0,1,1,2,0,1,1,2,1,0,1,0,1,5,1,0,1,1,0,1,0,1
4,800,1524.0,126,terminated,2,0,0,1,1524.0,1,1,1,0,0,3,0,6,2,1,0,3,2,1,0,1,1,3,6,2,1,0,3,2,1,3,2,1,2,1
4,801,1503.0,147,terminated,2,0,0,1,1503.0,1,1,1,0,0,3,0,6,2,1,0,3,2,1,0,1,1,3,6,2,1,0,3,2,1,3,2,1,2,1
4,802,1320.0,130,terminated,1,0,0,1,1320.0,1,2,1,1,1,2,1,5,1,1,1,3,1,1,1,2,1,2,4,1,1,8,2,1,1,2,1,1,1,1
4,803,1730.0,120,terminated,2,0,0,2,1730.0,1,2,2,0,0,4,0,8,2,2,0,4,2,2,0,2,2,4,8,2,2,4,4,2,2,4,2,2,2,2
4,804,1549.0,101,terminated,2,0,0,1,1549.0,1,0,0,0,0,3,0,6,2,1,0,3,2,1,0,1,1,3,6,2,1,16,3,2,1,3,2,1,2,1
4,805,471.0,49,terminated,2,33,1,2,471.0,0,1,0,1,0,3,0,7,2,2,0,4,2,2,0,2,2,3,7,2,2,2,4,2,2,4,2,2,2,2
4,806,709.0,131,terminated,2,1,1,2,709.0,0,3,2,1,0,4,0,8,2,2,0,4,2,2,0,2,2,4,8,2,2,2,4,2,2,4,2,2,2,2
4,807,1756.0,94,terminated,2,0,0,2,1756.0,1,1,0,1,0,4,0,8,2,2,0,4,2,2,0,2,2,4,8,2,2,0,4,2,2,4,2,2,2,2
4,808,328.0,42,terminated,1,28,1,2,328.0,0,3,1,2,1,2,1,6,1,2,1,4,1,2,1,3,2,2,5,1,2,9,3,1,2,3,1,2,1,2
4,809,1725.0,125,terminated,2,0,0,2,1725.0,1,3,1,2,0,4,0,8,2,2,0,4,2,2,0,2,2,4,8,2,2,17,4,2,2,4,2,2,2,2
4,810,1446.0,204,terminated,1,0,0,2,1446.0,1,1,0,1,0,1,0,4,1,2,0,3,1,2,0,2,2,1,4,1,2,0,3,1,2,3,1,2,1,2
4,811,1724.0,126,terminated,2,0,0,2,1724.0,1,4,2,2,1,4,1,9,2,2,1,5,2,2,1,3,2,4,8,2,2,6,4,2,2,4,2,2,2,2
4,812,1754.0,96,terminated,2,0,0,2,1754.0,1,2,2,0,1,4,1,9,2,2,1,5,2,2,1,3,2,4,8,2,2,1,4,2,2,4,2,2,2,2
4,813,-178.0,18,terminated,1,41,1,0,-178.0,0,0,0,0,1,0,1,2,1,0,1,2,1,0,1,1,0,0,1,1,0,0,1,1,0,1,1,0,1,0
4,814,1541.0,109,terminated,1,0,0,2,1541.0,1,1,0,1,1,2,1,6,1,2,1,4,1,2,1,3,2,2,5,1,2,0,3,1,2,3,1,2,1,2
4,815,521.0,49,terminated,2,28,1,2,521.0,0,3,1,2,1,3,1,8,2,2,1,5,2,2,1,3,2,3,7,2,2,2,4,2,2,4,2,2,2,2
4,816,1737.0,113,terminated,2,0,0,2,1737.0,1,3,2,1,1,4,1,9,2,2,1,5,2,2,1,3,2,4,8,2,2,0,4,2,2,4,2,2,2,2
4,817,1741.0,109,terminated,2,0,0,2,1741.0,1,3,2,1,1,4,1,9,2,2,1,5,2,2,1,3,2,4,8,2,2,2,4,2,2,4,2,2,2,2
4,818,1692.0,158,terminated,2,0,0,2,1692.0,1,2,1,1,1,4,1,9,2,2,1,5,2,2,1,3,2,4,8,2,2,9,4,2,2,4,2,2,2,2
4,819,1717.0,133,terminated,2,0,0,2,1717.0,1,1,0,1,0,4,0,8,2,2,0,4,2,2,0,2,2,4,8,2,2,0,4,2,2,4,2,2,2,2
4,820,1757.0,93,terminated,2,0,0,2,1757.0,1,4,2,2,1,4,1,9,2,2,1,5,2,2,1,3,2,4,8,2,2,8,4,2,2,4,2,2,2,2
4,821,1715.0,135,terminated,2,0,0,2,1715.0,1,1,1,0,0,4,0,8,2,2,0,4,2,2,0,2,2,4,8,2,2,0,4,2,2,4,2,2,2,2
4,822,1748.0,102,terminated,2,0,0,2,1748.0,1,3,2,1,1,4,1,9,2,2,1,5,2,2,1,3,2,4,8,2,2,5,4,2,2,4,2,2,2,2
4,823,1736.0,114,terminated,2,0,0,2,1736.0,1,2,1,1,1,4,1,9,2,2,1,5,2,2,1,3,2,4,8,2,2,0,4,2,2,4,2,2,2,2
4,824,1714.0,136,terminated,2,0,0,2,1714.0,1,0,0,0,0,4,0,8,2,2,0,4,2,2,0,2,2,4,8,2,2,8,4,2,2,4,2,2,2,2
4,825,1535.0,115,terminated,2,0,0,1,1535.0,1,1,1,0,0,3,0,6,2,1,0,3,2,1,0,1,1,3,6,2,1,0,3,2,1,3,2,1,2,1
4,826,1765.0,85,terminated,2,0,0,2,1765.0,1,1,1,0,1,4,1,9,2,2,1,5,2,2,1,3,2,4,8,2,2,6,4,2,2,4,2,2,2,2
4,827,1766.0,84,terminated,2,0,0,2,1766.0,1,2,1,1,0,3,0,7,2,2,0,4,2,2,0,2,2,3,7,2,2,0,4,2,2,4,2,2,2,2
4,828,1560.0,90,terminated,1,0,0,2,1560.0,1,3,1,2,1,3,1,7,1,2,1,4,1,2,1,3,2,3,6,1,2,5,3,1,2,3,1,2,1,2
4,829,1534.0,116,terminated,2,0,0,1,1534.0,1,3,2,1,1,3,1,7,2,1,1,4,2,1,1,2,1,3,6,2,1,8,3,2,1,3,2,1,2,1
4,830,1755.0,95,terminated,2,0,0,2,1755.0,1,1,1,0,1,4,1,9,2,2,1,5,2,2,1,3,2,4,8,2,2,3,4,2,2,4,2,2,2,2
4,831,1742.0,108,terminated,2,0,0,2,1742.0,1,3,1,2,1,4,1,9,2,2,1,5,2,2,1,3,2,4,8,2,2,8,4,2,2,4,2,2,2,2
4,832,1687.0,163,terminated,2,0,0,2,1687.0,1,4,2,2,1,4,1,9,2,2,1,5,2,2,1,3,2,4,8,2,2,11,4,2,2,4,2,2,2,2
4,833,1756.0,94,terminated,2,0,0,2,1756.0,1,3,1,2,1,4,1,9,2,2,1,5,2,2,1,3,2,4,8,2,2,6,4,2,2,4,2,2,2,2
4,834,1750.0,100,terminated,2,0,0,2,1750.0,1,3,1,2,1,4,1,9,2,2,1,5,2,2,1,3,2,4,8,2,2,12,4,2,2,4,2,2,2,2
4,835,1732.0,118,terminated,2,0,0,2,1732.0,1,2,1,1,0,4,0,8,2,2,0,4,2,2,0,2,2,4,8,2,2,0,4,2,2,4,2,2,2,2
4,836,1718.0,132,terminated,2,0,0,2,1718.0,1,2,1,1,0,4,0,8,2,2,0,4,2,2,0,2,2,4,8,2,2,8,4,2,2,4,2,2,2,2
4,837,525.0,45,terminated,2,28,1,2,525.0,0,1,0,1,0,3,0,7,2,2,0,4,2,2,0,2,2,3,7,2,2,0,4,2,2,4,2,2,2,2
4,838,1698.0,152,terminated,2,0,0,2,1698.0,1,1,0,1,0,3,0,7,2,2,0,4,2,2,0,2,2,3,7,2,2,0,4,2,2,4,2,2,2,2
4,839,1538.0,112,terminated,2,0,0,1,1538.0,1,1,1,0,0,3,0,6,2,1,0,3,2,1,0,1,1,3,6,2,1,20,3,2,1,3,2,1,2,1
4,840,1289.0,161,terminated,2,0,0,0,1289.0,1,2,2,0,1,2,1,5,2,0,1,3,2,0,1,1,0,2,4,2,0,13,2,2,0,2,2,0,2,0
4,841,1753.0,97,terminated,2,0,0,2,1753.0,1,4,2,2,1,4,1,9,2,2,1,5,2,2,1,3,2,4,8,2,2,6,4,2,2,4,2,2,2,2
4,842,544.0,46,terminated,2,26,1,2,544.0,0,2,0,2,1,3,1,8,2,2,1,5,2,2,1,3,2,3,7,2,2,4,4,2,2,4,2,2,2,2
4,843,1735.0,115,terminated,2,0,0,2,1735.0,1,3,1,2,0,4,0,8,2,2,0,4,2,2,0,2,2,4,8,2,2,7,4,2,2,4,2,2,2,2
4,844,526.0,44,terminated,2,28,1,2,526.0,0,2,1,1,1,3,1,8,2,2,1,5,2,2,1,3,2,3,7,2,2,6,4,2,2,4,2,2,2,2
4,845,1754.0,96,terminated,2,0,0,2,1754.0,1,1,0,1,1,4,1,9,2,2,1,5,2,2,1,3,2,4,8,2,2,2,4,2,2,4,2,2,2,2
4,846,1494.0,156,terminated,1,0,0,2,1494.0,1,1,0,1,1,3,1,7,1,2,1,4,1,2,1,3,2,3,6,1,2,20,3,1,2,3,1,2,1,2
4,847,1762.0,88,terminated,2,0,0,2,1762.0,1,1,0,1,1,3,1,8,2,2,1,5,2,2,1,3,2,3,7,2,2,1,4,2,2,4,2,2,2,2
4,848,524.0,46,terminated,2,28,1,2,524.0,0,2,1,1,0,3,0,7,2,2,0,4,2,2,0,2,2,3,7,2,2,7,4,2,2,4,2,2,2,2
4,849,1752.0,98,terminated,2,0,0,2,1752.0,1,1,0,1,1,4,1,9,2,2,1,5,2,2,1,3,2,4,8,2,2,4,4,2,2,4,2,2,2,2
4,850,1717.0,133,terminated,2,0,0,2,1717.0,1,3,1,2,1,3,1,8,2,2,1,5,2,2,1,3,2,3,7,2,2,12,4,2,2,4,2,2,2,2
4,851,1493.0,157,terminated,1,0,0,2,1493.0,1,2,1,1,1,3,1,7,1,2,1,4,1,2,1,3,2,3,6,1,2,12,3,1,2,3,1,2,1,2
4,852,1722.0,128,terminated,2,0,0,2,1722.0,1,1,0,1,1,4,1,9,2,2,1,5,2,2,1,3,2,4,8,2,2,0,4,2,2,4,2,2,2,2
4,853,1762.0,88,terminated,2,0,0,2,1762.0,1,4,2,2,1,4,1,9,2,2,1,5,2,2,1,3,2,4,8,2,2,9,4,2,2,4,2,2,2,2
4,854,1764.0,86,terminated,2,0,0,2,1764.0,1,1,0,1,1,4,1,9,2,2,1,5,2,2,1,3,2,4,8,2,2,5,4,2,2,4,2,2,2,2
4,855,1748.0,102,terminated,2,0,0,2,1748.0,1,2,2,0,0,4,0,8,2,2,0,4,2,2,0,2,2,4,8,2,2,5,4,2,2,4,2,2,2,2
4,856,1722.0,128,terminated,2,0,0,2,1722.0,1,2,1,1,0,4,0,8,2,2,0,4,2,2,0,2,2,4,8,2,2,7,4,2,2,4,2,2,2,2
4,857,1758.0,92,terminated,2,0,0,2,1758.0,1,3,2,1,0,3,0,7,2,2,0,4,2,2,0,2,2,3,7,2,2,1,4,2,2,4,2,2,2,2
4,858,1658.0,192,terminated,2,0,0,2,1658.0,1,1,1,0,0,3,0,7,2,2,0,4,2,2,0,2,2,3,7,2,2,0,4,2,2,4,2,2,2,2
4,859,1729.0,121,terminated,2,0,0,2,1729.0,1,2,1,1,0,4,0,8,2,2,0,4,2,2,0,2,2,4,8,2,2,0,4,2,2,4,2,2,2,2
4,860,1725.0,125,terminated,2,0,0,2,1725.0,1,1,1,0,0,4,0,8,2,2,0,4,2,2,0,2,2,4,8,2,2,0,4,2,2,4,2,2,2,2
4,861,1680.0,170,terminated,2,0,0,2,1680.0,1,4,2,2,1,4,1,9,2,2,1,5,2,2,1,3,2,4,8,2,2,9,4,2,2,4,2,2,2,2
4,862,654.0,76,terminated,2,12,1,2,654.0,0,2,0,2,0,4,0,8,2,2,0,4,2,2,0,2,2,4,8,2,2,6,4,2,2,4,2,2,2,2
4,863,1748.0,102,terminated,2,0,0,2,1748.0,1,3,2,1,1,4,1,9,2,2,1,5,2,2,1,3,2,4,8,2,2,4,4,2,2,4,2,2,2,2
4,864,26.0,24,terminated,1,40,1,1,26.0,0,1,1,0,1,1,1,4,1,1,1,3,1,1,1,2,1,1,3,1,1,1,2,1,1,2,1,1,1,1
4,865,1713.0,137,terminated,2,0,0,2,1713.0,1,2,0,2,1,4,1,9,2,2,1,5,2,2,1,3,2,4,8,2,2,18,4,2,2,4,2,2,2,2
4,866,1750.0,100,terminated,2,0,0,2,1750.0,1,4,2,2,1,4,1,9,2,2,1,5,2,2,1,3,2,4,8,2,2,4,4,2,2,4,2,2,2,2
4,867,1735.0,115,terminated,2,0,0,2,1735.0,1,2,1,1,0,4,0,8,2,2,0,4,2,2,0,2,2,4,8,2,2,0,4,2,2,4,2,2,2,2
4,868,1721.0,129,terminated,2,0,0,2,1721.0,1,2,1,1,1,4,1,9,2,2,1,5,2,2,1,3,2,4,8,2,2,11,4,2,2,4,2,2,2,2
4,869,1710.0,140,terminated,2,0,0,2,1710.0,1,2,1,1,0,4,0,8,2,2,0,4,2,2,0,2,2,4,8,2,2,13,4,2,2,4,2,2,2,2
4,870,1708.0,142,terminated,2,0,0,2,1708.0,1,2,0,2,0,4,0,8,2,2,0,4,2,2,0,2,2,4,8,2,2,0,4,2,2,4,2,2,2,2
4,871,1726.0,124,terminated,2,0,0,2,1726.0,1,2,1,1,1,4,1,9,2,2,1,5,2,2,1,3,2,4,8,2,2,9,4,2,2,4,2,2,2,2
4,872,1709.0,141,terminated,2,0,0,2,1709.0,1,3,1,2,1,4,1,9,2,2,1,5,2,2,1,3,2,4,8,2,2,7,4,2,2,4,2,2,2,2
4,873,1767.0,83,terminated,2,0,0,2,1767.0,1,0,0,0,0,4,0,8,2,2,0,4,2,2,0,2,2,4,8,2,2,0,4,2,2,4,2,2,2,2
4,874,1753.0,97,terminated,2,0,0,2,1753.0,1,3,1,2,0,4,0,8,2,2,0,4,2,2,0,2,2,4,8,2,2,8,4,2,2,4,2,2,2,2
4,875,1522.0,128,terminated,2,0,0,1,1522.0,1,0,0,0,0,3,0,6,2,1,0,3,2,1,0,1,1,3,6,2,1,18,3,2,1,3,2,1,2,1
4,876,1752.0,98,terminated,2,0,0,2,1752.0,1,2,1,1,0,4,0,8,2,2,0,4,2,2,0,2,2,4,8,2,2,5,4,2,2,4,2,2,2,2
4,877,1699.0,151,terminated,2,0,0,2,1699.0,1,1,0,1,1,4,1,9,2,2,1,5,2,2,1,3,2,4,8,2,2,7,4,2,2,4,2,2,2,2
4,878,1709.0,141,terminated,2,0,0,2,1709.0,1,3,1,2,1,4,1,9,2,2,1,5,2,2,1,3,2,4,8,2,2,8,4,2,2,4,2,2,2,2
4,879,1706.0,144,terminated,2,0,0,2,1706.0,1,1,1,0,1,4,1,9,2,2,1,5,2,2,1,3,2,4,8,2,2,9,4,2,2,4,2,2,2,2
4,880,1742.0,108,terminated,2,0,0,2,1742.0,1,3,2,1,1,4,1,9,2,2,1,5,2,2,1,3,2,4,8,2,2,5,4,2,2,4,2,2,2,2
4,881,1700.0,150,terminated,2,0,0,2,1700.0,1,1,0,1,0,4,0,8,2,2,0,4,2,2,0,2,2,4,8,2,2,0,4,2,2,4,2,2,2,2
4,882,1722.0,128,terminated,2,0,0,2,1722.0,1,3,2,1,1,3,1,8,2,2,1,5,2,2,1,3,2,3,7,2,2,11,4,2,2,4,2,2,2,2
4,883,630.0,130,terminated,2,9,1,2,630.0,0,3,2,1,1,4,1,9,2,2,1,5,2,2,1,3,2,4,8,2,2,8,4,2,2,4,2,2,2,2
4,884,1749.0,101,terminated,2,0,0,2,1749.0,1,1,1,0,0,4,0,8,2,2,0,4,2,2,0,2,2,4,8,2,2,0,4,2,2,4,2,2,2,2
4,885,1751.0,99,terminated,2,0,0,2,1751.0,1,2,1,1,1,4,1,9,2,2,1,5,2,2,1,3,2,4,8,2,2,8,4,2,2,4,2,2,2,2
4,886,1705.0,145,terminated,2,0,0,2,1705.0,1,1,1,0,0,4,0,8,2,2,0,4,2,2,0,2,2,4,8,2,2,0,4,2,2,4,2,2,2,2
4,887,1770.0,80,terminated,2,0,0,2,1770.0,1,2,1,1,1,4,1,9,2,2,1,5,2,2,1,3,2,4,8,2,2,6,4,2,2,4,2,2,2,2
4,888,1757.0,93,terminated,2,0,0,2,1757.0,1,4,2,2,1,4,1,9,2,2,1,5,2,2,1,3,2,4,8,2,2,3,4,2,2,4,2,2,2,2
4,889,693.0,97,terminated,2,6,1,2,693.0,0,1,1,0,0,4,0,8,2,2,0,4,2,2,0,2,2,4,8,2,2,0,4,2,2,4,2,2,2,2
4,890,324.0,46,terminated,2,28,1,1,324.0,0,1,0,1,0,2,0,5,2,1,0,3,2,1,0,1,1,2,5,2,1,2,3,2,1,3,2,1,2,1
4,891,-177.0,17,terminated,1,41,1,0,-177.0,0,0,0,0,0,1,0,2,1,0,0,1,1,0,0,0,0,1,2,1,0,0,1,1,0,1,1,0,1,0
4,892,1743.0,107,terminated,2,0,0,2,1743.0,1,3,1,2,1,4,1,9,2,2,1,5,2,2,1,3,2,4,8,2,2,13,4,2,2,4,2,2,2,2
4,893,1516.0,134,terminated,2,0,0,1,1516.0,1,1,0,1,0,3,0,6,2,1,0,3,2,1,0,1,1,3,6,2,1,1,3,2,1,3,2,1,2,1
4,894,1530.0,120,terminated,1,0,0,2,1530.0,1,1,0,1,0,3,0,6,1,2,0,3,1,2,0,2,2,3,6,1,2,0,3,1,2,3,1,2,1,2
4,895,524.0,46,terminated,2,28,1,2,524.0,0,1,0,1,0,3,0,7,2,2,0,4,2,2,0,2,2,3,7,2,2,0,4,2,2,4,2,2,2,2
4,896,1481.0,169,terminated,2,0,0,1,1481.0,1,2,1,1,1,2,1,6,2,1,1,4,2,1,1,2,1,2,5,2,1,11,3,2,1,3,2,1,2,1
4,897,1718.0,132,terminated,2,0,0,2,1718.0,1,2,1,1,1,4,1,9,2,2,1,5,2,2,1,3,2,4,8,2,2,13,4,2,2,4,2,2,2,2
4,898,1536.0,114,terminated,2,0,0,1,1536.0,1,2,2,0,1,3,1,7,2,1,1,4,2,1,1,2,1,3,6,2,1,1,3,2,1,3,2,1,2,1
4,899,-177.0,27,terminated,0,40,1,1,-177.0,0,1,0,1,1,0,1,2,0,1,1,2,0,1,1,2,1,0,1,0,1,3,1,0,1,1,0,1,0,1
4,900,1705.0,145,terminated,2,0,0,2,1705.0,1,2,1,1,0,4,0,8,2,2,0,4,2,2,0,2,2,4,8,2,2,6,4,2,2,4,2,2,2,2
4,901,1715.0,135,terminated,2,0,0,2,1715.0,1,1,1,0,1,4,1,9,2,2,1,5,2,2,1,3,2,4,8,2,2,2,4,2,2,4,2,2,2,2
4,902,1724.0,126,terminated,2,0,0,2,1724.0,1,1,1,0,0,4,0,8,2,2,0,4,2,2,0,2,2,4,8,2,2,0,4,2,2,4,2,2,2,2
4,903,1508.0,142,terminated,2,0,0,1,1508.0,1,2,2,0,1,3,1,7,2,1,1,4,2,1,1,2,1,3,6,2,1,8,3,2,1,3,2,1,2,1
4,904,1514.0,136,terminated,2,0,0,1,1514.0,1,2,1,1,1,3,1,7,2,1,1,4,2,1,1,2,1,3,6,2,1,8,3,2,1,3,2,1,2,1
4,905,1744.0,106,terminated,2,0,0,2,1744.0,1,2,1,1,0,4,0,8,2,2,0,4,2,2,0,2,2,4,8,2,2,5,4,2,2,4,2,2,2,2
4,906,1766.0,84,terminated,2,0,0,2,1766.0,1,2,1,1,1,4,1,9,2,2,1,5,2,2,1,3,2,4,8,2,2,6,4,2,2,4,2,2,2,2
4,907,331.0,39,terminated,1,28,1,2,331.0,0,3,1,2,1,2,1,6,1,2,1,4,1,2,1,3,2,2,5,1,2,9,3,1,2,3,1,2,1,2
4,908,1702.0,148,terminated,2,0,0,2,1702.0,1,1,1,0,0,4,0,8,2,2,0,4,2,2,0,2,2,4,8,2,2,0,4,2,2,4,2,2,2,2
4,909,1729.0,121,terminated,2,0,0,2,1729.0,1,4,2,2,1,4,1,9,2,2,1,5,2,2,1,3,2,4,8,2,2,4,4,2,2,4,2,2,2,2
4,910,1742.0,108,terminated,2,0,0,2,1742.0,1,1,0,1,0,3,0,7,2,2,0,4,2,2,0,2,2,3,7,2,2,0,4,2,2,4,2,2,2,2
4,911,1750.0,100,terminated,2,0,0,2,1750.0,1,1,0,1,0,4,0,8,2,2,0,4,2,2,0,2,2,4,8,2,2,0,4,2,2,4,2,2,2,2
4,912,1736.0,114,terminated,2,0,0,2,1736.0,1,2,1,1,0,4,0,8,2,2,0,4,2,2,0,2,2,4,8,2,2,0,4,2,2,4,2,2,2,2
4,913,1752.0,98,terminated,2,0,0,2,1752.0,1,3,1,2,0,4,0,8,2,2,0,4,2,2,0,2,2,4,8,2,2,5,4,2,2,4,2,2,2,2
4,914,1545.0,105,terminated,1,0,0,2,1545.0,1,2,1,1,1,3,1,7,1,2,1,4,1,2,1,3,2,3,6,1,2,6,3,1,2,3,1,2,1,2
4,915,1741.0,109,terminated,2,0,0,2,1741.0,1,2,2,0,1,4,1,9,2,2,1,5,2,2,1,3,2,4,8,2,2,7,4,2,2,4,2,2,2,2
4,916,649.0,71,terminated,2,13,1,2,649.0,0,1,1,0,1,3,1,8,2,2,1,5,2,2,1,3,2,3,7,2,2,5,4,2,2,4,2,2,2,2
4,917,1722.0,128,terminated,2,0,0,2,1722.0,1,2,1,1,1,4,1,9,2,2,1,5,2,2,1,3,2,4,8,2,2,1,4,2,2,4,2,2,2,2
4,918,1743.0,107,terminated,2,0,0,2,1743.0,1,3,2,1,1,4,1,9,2,2,1,5,2,2,1,3,2,4,8,2,2,9,4,2,2,4,2,2,2,2
4,919,1731.0,119,terminated,2,0,0,2,1731.0,1,2,1,1,1,3,1,8,2,2,1,5,2,2,1,3,2,3,7,2,2,4,4,2,2,4,2,2,2,2
4,920,1713.0,137,terminated,2,0,0,2,1713.0,1,1,0,1,1,3,1,8,2,2,1,5,2,2,1,3,2,3,7,2,2,0,4,2,2,4,2,2,2,2
4,921,1749.0,101,terminated,2,0,0,2,1749.0,1,3,2,1,1,3,1,8,2,2,1,5,2,2,1,3,2,3,7,2,2,0,4,2,2,4,2,2,2,2
4,922,607.0,93,terminated,2,15,1,2,607.0,0,2,2,0,0,4,0,8,2,2,0,4,2,2,0,2,2,4,8,2,2,8,4,2,2,4,2,2,2,2
4,923,-169.0,19,terminated,0,40,1,1,-169.0,0,0,0,0,0,1,0,2,0,1,0,1,0,1,0,1,1,1,2,0,1,1,1,0,1,1,0,1,0,1
4,924,1745.0,105,terminated,2,0,0,2,1745.0,1,3,1,2,1,4,1,9,2,2,1,5,2,2,1,3,2,4,8,2,2,6,4,2,2,4,2,2,2,2
4,925,1751.0,99,terminated,2,0,0,2,1751.0,1,4,2,2,1,4,1,9,2,2,1,5,2,2,1,3,2,4,8,2,2,7,4,2,2,4,2,2,2,2
4,926,673.0,127,terminated,2,5,1,2,673.0,0,3,1,2,1,4,1,9,2,2,1,5,2,2,1,3,2,4,8,2,2,7,4,2,2,4,2,2,2,2
4,927,1761.0,89,terminated,2,0,0,2,1761.0,1,2,1,1,0,4,0,8,2,2,0,4,2,2,0,2,2,4,8,2,2,0,4,2,2,4,2,2,2,2
4,928,1744.0,106,terminated,2,0,0,2,1744.0,1,2,1,1,1,3,1,8,2,2,1,5,2,2,1,3,2,3,7,2,2,0,4,2,2,4,2,2,2,2
4,929,1534.0,116,terminated,1,0,0,2,1534.0,1,3,1,2,1,3,1,7,1,2,1,4,1,2,1,3,2,3,6,1,2,11,3,1,2,3,1,2,1,2
4,930,1752.0,98,terminated,2,0,0,2,1752.0,1,2,0,2,1,4,1,9,2,2,1,5,2,2,1,3,2,4,8,2,2,3,4,2,2,4,2,2,2,2
4,931,1765.0,85,terminated,2,0,0,2,1765.0,1,2,1,1,1,4,1,9,2,2,1,5,2,2,1,3,2,4,8,2,2,0,4,2,2,4,2,2,2,2
4,932,1683.0,167,terminated,2,0,0,2,1683.0,1,0,0,0,0,4,0,8,2,2,0,4,2,2,0,2,2,4,8,2,2,0,4,2,2,4,2,2,2,2
4,933,1759.0,91,terminated,2,0,0,2,1759.0,1,2,0,2,1,4,1,9,2,2,1,5,2,2,1,3,2,4,8,2,2,8,4,2,2,4,2,2,2,2
4,934,28.0,22,terminated,1,40,1,1,28.0,0,1,1,0,0,1,0,3,1,1,0,2,1,1,0,1,1,1,3,1,1,1,2,1,1,2,1,1,1,1
4,935,1742.0,108,terminated,2,0,0,2,1742.0,1,1,1,0,1,4,1,9,2,2,1,5,2,2,1,3,2,4,8,2,2,6,4,2,2,4,2,2,2,2
4,936,1753.0,97,terminated,2,0,0,2,1753.0,1,2,0,2,1,4,1,9,2,2,1,5,2,2,1,3,2,4,8,2,2,6,4,2,2,4,2,2,2,2
4,937,548.0,42,terminated,2,26,1,2,548.0,0,2,1,1,0,3,0,7,2,2,0,4,2,2,0,2,2,3,7,2,2,1,4,2,2,4,2,2,2,2
4,938,1719.0,131,terminated,2,0,0,2,1719.0,1,1,0,1,0,4,0,8,2,2,0,4,2,2,0,2,2,4,8,2,2,1,4,2,2,4,2,2,2,2
4,939,1723.0,127,terminated,2,0,0,2,1723.0,1,3,2,1,1,3,1,8,2,2,1,5,2,2,1,3,2,3,7,2,2,0,4,2,2,4,2,2,2,2
4,940,1769.0,81,terminated,2,0,0,2,1769.0,1,2,2,0,0,4,0,8,2,2,0,4,2,2,0,2,2,4,8,2,2,6,4,2,2,4,2,2,2,2
4,941,1741.0,109,terminated,2,0,0,2,1741.0,1,0,0,0,0,4,0,8,2,2,0,4,2,2,0,2,2,4,8,2,2,0,4,2,2,4,2,2,2,2
4,942,332.0,58,terminated,2,26,1,1,332.0,0,1,1,0,0,3,0,6,2,1,0,3,2,1,0,1,1,3,6,2,1,4,3,2,1,3,2,1,2,1
4,943,1740.0,110,terminated,2,0,0,2,1740.0,1,3,1,2,1,4,1,9,2,2,1,5,2,2,1,3,2,4,8,2,2,4,4,2,2,4,2,2,2,2
4,944,1766.0,84,terminated,2,0,0,2,1766.0,1,2,2,0,1,4,1,9,2,2,1,5,2,2,1,3,2,4,8,2,2,6,4,2,2,4,2,2,2,2
4,945,1764.0,86,terminated,2,0,0,2,1764.0,1,1,0,1,0,4,0,8,2,2,0,4,2,2,0,2,2,4,8,2,2,0,4,2,2,4,2,2,2,2
4,946,-203.0,53,terminated,0,40,1,1,-203.0,0,1,0,1,0,0,0,1,0,1,0,1,0,1,0,1,1,0,1,0,1,3,1,0,1,1,0,1,0,1
4,947,1704.0,146,terminated,2,0,0,2,1704.0,1,3,2,1,0,4,0,8,2,2,0,4,2,2,0,2,2,4,8,2,2,13,4,2,2,4,2,2,2,2
4,948,1751.0,99,terminated,2,0,0,2,1751.0,1,3,2,1,0,4,0,8,2,2,0,4,2,2,0,2,2,4,8,2,2,4,4,2,2,4,2,2,2,2
4,949,1722.0,128,terminated,2,0,0,2,1722.0,1,1,1,0,0,4,0,8,2,2,0,4,2,2,0,2,2,4,8,2,2,4,4,2,2,4,2,2,2,2
4,950,1542.0,108,terminated,1,0,0,2,1542.0,1,2,1,1,1,3,1,7,1,2,1,4,1,2,1,3,2,3,6,1,2,8,3,1,2,3,1,2,1,2
4,951,1731.0,119,terminated,2,0,0,2,1731.0,1,0,0,0,0,4,0,8,2,2,0,4,2,2,0,2,2,4,8,2,2,23,4,2,2,4,2,2,2,2
4,952,1719.0,131,terminated,2,0,0,2,1719.0,1,0,0,0,0,4,0,8,2,2,0,4,2,2,0,2,2,4,8,2,2,0,4,2,2,4,2,2,2,2
4,953,1754.0,96,terminated,2,0,0,2,1754.0,1,2,1,1,0,4,0,8,2,2,0,4,2,2,0,2,2,4,8,2,2,5,4,2,2,4,2,2,2,2
4,954,1748.0,102,terminated,2,0,0,2,1748.0,1,3,2,1,1,4,1,9,2,2,1,5,2,2,1,3,2,4,8,2,2,7,4,2,2,4,2,2,2,2
4,955,1730.0,120,terminated,2,0,0,2,1730.0,1,1,0,1,0,4,0,8,2,2,0,4,2,2,0,2,2,4,8,2,2,5,4,2,2,4,2,2,2,2
4,956,1757.0,93,terminated,2,0,0,2,1757.0,1,3,2,1,1,4,1,9,2,2,1,5,2,2,1,3,2,4,8,2,2,2,4,2,2,4,2,2,2,2
4,957,94.0,26,terminated,1,33,1,1,94.0,0,2,1,1,1,2,1,5,1,1,1,3,1,1,1,2,1,2,4,1,1,6,2,1,1,2,1,1,1,1
4,958,28.0,22,terminated,1,40,1,1,28.0,0,0,0,0,0,2,0,4,1,1,0,2,1,1,0,1,1,2,4,1,1,2,2,1,1,2,1,1,1,1
4,959,1533.0,117,terminated,1,0,0,2,1533.0,1,2,1,1,1,3,1,7,1,2,1,4,1,2,1,3,2,3,6,1,2,13,3,1,2,3,1,2,1,2
4,960,1533.0,117,terminated,2,0,0,1,1533.0,1,1,1,0,1,3,1,7,2,1,1,4,2,1,1,2,1,3,6,2,1,30,3,2,1,3,2,1,2,1
4,961,1543.0,107,terminated,1,0,0,2,1543.0,1,2,0,2,1,3,1,7,1,2,1,4,1,2,1,3,2,3,6,1,2,10,3,1,2,3,1,2,1,2
4,962,1720.0,130,terminated,2,0,0,2,1720.0,1,2,2,0,0,4,0,8,2,2,0,4,2,2,0,2,2,4,8,2,2,17,4,2,2,4,2,2,2,2
4,963,1647.0,203,terminated,2,0,0,2,1647.0,1,3,2,1,1,4,1,9,2,2,1,5,2,2,1,3,2,4,8,2,2,13,4,2,2,4,2,2,2,2
4,964,1529.0,121,terminated,1,0,0,2,1529.0,1,0,0,0,0,1,0,4,1,2,0,3,1,2,0,2,2,1,4,1,2,0,3,1,2,3,1,2,1,2
4,965,1748.0,102,terminated,2,0,0,2,1748.0,1,2,1,1,0,3,0,7,2,2,0,4,2,2,0,2,2,3,7,2,2,13,4,2,2,4,2,2,2,2
4,966,1742.0,108,terminated,2,0,0,2,1742.0,1,2,1,1,0,4,0,8,2,2,0,4,2,2,0,2,2,4,8,2,2,0,4,2,2,4,2,2,2,2
4,967,1731.0,119,terminated,2,0,0,2,1731.0,1,3,1,2,1,4,1,9,2,2,1,5,2,2,1,3,2,4,8,2,2,5,4,2,2,4,2,2,2,2
4,968,1756.0,94,terminated,2,0,0,2,1756.0,1,3,2,1,1,4,1,9,2,2,1,5,2,2,1,3,2,4,8,2,2,4,4,2,2,4,2,2,2,2
4,969,1705.0,145,terminated,2,0,0,2,1705.0,1,3,2,1,1,4,1,9,2,2,1,5,2,2,1,3,2,4,8,2,2,6,4,2,2,4,2,2,2,2
4,970,1537.0,113,terminated,2,0,0,1,1537.0,1,1,0,1,0,3,0,6,2,1,0,3,2,1,0,1,1,3,6,2,1,5,3,2,1,3,2,1,2,1
4,971,1724.0,126,terminated,2,0,0,2,1724.0,1,2,0,2,1,4,1,9,2,2,1,5,2,2,1,3,2,4,8,2,2,2,4,2,2,4,2,2,2,2
4,972,1739.0,111,terminated,2,0,0,2,1739.0,1,1,1,0,1,4,1,9,2,2,1,5,2,2,1,3,2,4,8,2,2,0,4,2,2,4,2,2,2,2
4,973,1740.0,110,terminated,2,0,0,2,1740.0,1,1,0,1,1,3,1,8,2,2,1,5,2,2,1,3,2,3,7,2,2,0,4,2,2,4,2,2,2,2
4,974,1323.0,127,terminated,1,0,0,1,1323.0,1,0,0,0,0,2,0,4,1,1,0,2,1,1,0,1,1,2,4,1,1,23,2,1,1,2,1,1,1,1
4,975,588.0,142,terminated,2,12,1,2,588.0,0,2,2,0,0,4,0,8,2,2,0,4,2,2,0,2,2,4,8,2,2,1,4,2,2,4,2,2,2,2
4,976,549.0,41,terminated,2,26,1,2,549.0,0,3,1,2,1,3,1,8,2,2,1,5,2,2,1,3,2,3,7,2,2,7,4,2,2,4,2,2,2,2
4,977,1726.0,124,terminated,2,0,0,2,1726.0,1,0,0,0,0,4,0,8,2,2,0,4,2,2,0,2,2,4,8,2,2,18,4,2,2,4,2,2,2,2
4,978,1733.0,117,terminated,2,0,0,2,1733.0,1,1,1,0,0,4,0,8,2,2,0,4,2,2,0,2,2,4,8,2,2,1,4,2,2,4,2,2,2,2
4,979,1513.0,137,terminated,2,0,0,1,1513.0,1,1,1,0,1,3,1,7,2,1,1,4,2,1,1,2,1,3,6,2,1,11,3,2,1,3,2,1,2,1
4,980,1729.0,121,terminated,2,0,0,2,1729.0,1,3,2,1,1,4,1,9,2,2,1,5,2,2,1,3,2,4,8,2,2,10,4,2,2,4,2,2,2,2
4,981,1664.0,186,terminated,2,0,0,2,1664.0,1,2,0,2,0,4,0,8,2,2,0,4,2,2,0,2,2,4,8,2,2,5,4,2,2,4,2,2,2,2
4,982,542.0,48,terminated,2,26,1,2,542.0,0,3,1,2,1,3,1,8,2,2,1,5,2,2,1,3,2,3,7,2,2,7,4,2,2,4,2,2,2,2
4,983,1688.0,162,terminated,2,0,0,2,1688.0,1,2,1,1,0,4,0,8,2,2,0,4,2,2,0,2,2,4,8,2,2,0,4,2,2,4,2,2,2,2
4,984,1720.0,130,terminated,2,0,0,2,1720.0,1,1,1,0,0,3,0,7,2,2,0,4,2,2,0,2,2,3,7,2,2,0,4,2,2,4,2,2,2,2
4,985,1708.0,142,terminated,2,0,0,2,1708.0,1,2,2,0,0,4,0,8,2,2,0,4,2,2,0,2,2,4,8,2,2,2,4,2,2,4,2,2,2,2
4,986,1743.0,107,terminated,2,0,0,2,1743.0,1,2,1,1,0,4,0,8,2,2,0,4,2,2,0,2,2,4,8,2,2,5,4,2,2,4,2,2,2,2
4,987,1723.0,127,terminated,2,0,0,2,1723.0,1,3,2,1,0,4,0,8,2,2,0,4,2,2,0,2,2,4,8,2,2,7,4,2,2,4,2,2,2,2
4,988,1758.0,92,terminated,2,0,0,2,1758.0,1,3,2,1,1,4,1,9,2,2,1,5,2,2,1,3,2,4,8,2,2,3,4,2,2,4,2,2,2,2
4,989,1502.0,148,terminated,1,0,0,2,1502.0,1,3,1,2,1,3,1,7,1,2,1,4,1,2,1,3,2,3,6,1,2,8,3,1,2,3,1,2,1,2
4,990,1503.0,147,terminated,1,0,0,2,1503.0,1,2,1,1,1,2,1,6,1,2,1,4,1,2,1,3,2,2,5,1,2,0,3,1,2,3,1,2,1,2
4,991,14.0,26,terminated,1,41,1,1,14.0,0,0,0,0,0,1,0,3,1,1,0,2,1,1,0,1,1,1,3,1,1,0,2,1,1,2,1,1,1,1
4,992,1744.0,106,terminated,2,0,0,2,1744.0,1,2,1,1,0,4,0,8,2,2,0,4,2,2,0,2,2,4,8,2,2,0,4,2,2,4,2,2,2,2
4,993,-184.0,24,terminated,1,41,1,0,-184.0,0,0,0,0,1,1,1,3,1,0,1,2,1,0,1,1,0,1,2,1,0,1,1,1,0,1,1,0,1,0
4,994,354.0,256,terminated,2,4,1,1,354.0,0,3,2,1,1,3,1,7,2,1,1,4,2,1,1,2,1,3,6,2,1,13,3,2,1,3,2,1,2,1
4,995,532.0,38,terminated,2,28,1,2,532.0,0,1,0,1,0,3,0,7,2,2,0,4,2,2,0,2,2,3,7,2,2,0,4,2,2,4,2,2,2,2
4,996,1728.0,122,terminated,2,0,0,2,1728.0,1,3,1,2,0,4,0,8,2,2,0,4,2,2,0,2,2,4,8,2,2,6,4,2,2,4,2,2,2,2
4,997,1727.0,123,terminated,2,0,0,2,1727.0,1,2,2,0,0,4,0,8,2,2,0,4,2,2,0,2,2,4,8,2,2,1,4,2,2,4,2,2,2,2
4,998,1750.0,100,terminated,2,0,0,2,1750.0,1,3,2,1,1,4,1,9,2,2,1,5,2,2,1,3,2,4,8,2,2,5,4,2,2,4,2,2,2,2
4,999,1718.0,132,terminated,2,0,0,2,1718.0,1,0,0,0,0,4,0,8,2,2,0,4,2,2,0,2,2,4,8,2,2,0,4,2,2,4,2,2,2,2
