schema_version,episode,return,length,termination,metric/blue_eaten,metric/food_remaining,metric/lost,metric/orange_eaten,metric/score,metric/won,count/pacman%2Fconditional-vegan-v0/ConditionalVegan,count/pacman%2Fconditional-vegan-v0/ConditionalVegetarianBlue,count/pacman%2Fconditional-vegan-v0/ConditionalVegetarianOrange,count/pacman%2Fhungry-v0/count,count/pacman%2Fhungry-vegan-penalty-v1/CTD,count/pacman%2Fhungry-vegan-penalty-v1/Hungr,count/pacman%2Fhungry-vegan-penalty-v1/HungryVeganPenalty,count/pacman%2Fhungry-vegan-penalty-v1/VegetarianBlue,count/pacman%2Fhungry-vegan-penalty-v1/VegetarianOrange,count/pacman%2Fhungry-vegan-v0/Hungr,count/pacman%2Fhungry-vegan-v0/HungryVegan,count/pacman%2Fhungry-vegan-v0/VegetarianBlue,count/pacman%2Fhungry-vegan-v0/VegetarianOrange,count/pacman%2Fhungry-vegetarian-v0/Hungr,count/pacman%2Fhungry-vegetarian-v0/HungryVegetarian,count/pacman%2Fhungry-vegetarian-v0/VegetarianOrange,count/pacman%2Fpenalty-v0/CTD,count/pacman%2Fpenalty-v0/Penalty%28total%29,count/pacman%2Fpenalty-v0/VegetarianBlue,count/pacman%2Fpenalty-v0/VegetarianOrange,count/pacman%2Ftrapped-v1/count,count/pacman%2Fvegan-preference-v0/VeganPreference,count/pacman%2Fvegan-preference-v0/VegetarianBlue,count/pacman%2Fvegan-preference-v0/VegetarianOrange,count/pacman%2Fvegan-v0/Vegan,count/pacman%2Fvegan-v0/VegetarianBlue,count/pacman%2Fvegan-v0/VegetarianOrange,count/pacman%2Fvegetarian-blue-v0/count,count/pacman%2Fvegetarian-orange-v0/count
4,0,-152.0,22,terminated,1,38,1,0,-152.0,0,0,0,0,0,1,0,2,1,0,0,1,1,0,0,0,0,1,2,1,0,0,1,1,0,1,1,0,1,0
4,1,1578.0,72,terminated,1,0,0,2,1578.0,1,3,1,2,1,3,1,7,1,2,1,4,1,2,1,3,2,3,6,1,2,6,3,1,2,3,1,2,1,2
4,2,1379.0,71,terminated,0,0,0,2,1379.0,1,1,0,1,1,2,1,5,0,2,1,3,0,2,1,3,2,2,4,0,2,6,2,0,2,2,0,2,0,2
4,3,1380.0,70,terminated,1,0,0,1,1380.0,1,0,0,0,1,2,1,5,1,1,1,3,1,1,1,2,1,2,4,1,1,6,2,1,1,2,1,1,1,1
4,4,1575.0,75,terminated,1,0,0,2,1575.0,1,1,1,0,1,3,1,7,1,2,1,4,1,2,1,3,2,3,6,1,2,6,3,1,2,3,1,2,1,2
4,5,1569.0,81,terminated,2,0,0,1,1569.0,1,1,1,0,1,3,1,7,2,1,1,4,2,1,1,2,1,3,6,2,1,0,3,2,1,3,2,1,2,1
4,6,-140.0,20,terminated,0,37,1,1,-140.0,0,0,0,0,1,1,1,3,0,1,1,2,0,1,1,2,1,1,2,0,1,2,1,0,1,1,0,1,0,1
4,7,1576.0,74,terminated,1,0,0,2,1576.0,1,3,1,2,1,3,1,7,1,2,1,4,1,2,1,3,2,3,6,1,2,6,3,1,2,3,1,2,1,2
4,8,283.0,87,terminated,1,8,1,1,283.0,0,1,0,1,1,2,1,5,1,1,1,3,1,1,1,2,1,2,4,1,1,4,2,1,1,2,1,1,1,1
4,9,-169.0,19,terminated,1,40,1,0,-169.0,0,0,0,0,1,1,1,3,1,0,1,2,1,0,1,1,0,1,2,1,0,0,1,1,0,1,1,0,1,0
4,10,1373.0,77,terminated,1,0,0,1,1373.0,1,0,0,0,1,2,1,5,1,1,1,3,1,1,1,2,1,2,4,1,1,6,2,1,1,2,1,1,1,1
4,11,1372.0,78,terminated,1,0,0,1,1372.0,1,1,1,0,1,2,1,5,1,1,1,3,1,1,1,2,1,2,4,1,1,6,2,1,1,2,1,1,1,1
4,12,1180.0,70,terminated,1,0,0,0,1180.0,1,0,0,0,1,1,1,3,1,0,1,2,1,0,1,1,0,1,2,1,0,33,1,1,0,1,1,0,1,0
4,13,438.0,102,terminated,1,11,1,2,438.0,0,2,1,1,1,3,1,7,1,2,1,4,1,2,1,3,2,3,6,1,2,0,3,1,2,3,1,2,1,2
4,14,144.0,86,terminated,1,2,1,0,144.0,0,1,1,0,1,1,1,3,1,0,1,2,1,0,1,1,0,1,2,1,0,6,1,1,0,1,1,0,1,0
4,15,1376.0,74,terminated,1,0,0,1,1376.0,1,2,1,1,1,2,1,5,1,1,1,3,1,1,1,2,1,2,4,1,1,6,2,1,1,2,1,1,1,1
4,16,1778.0,72,terminated,2,0,0,2,1778.0,1,2,1,1,1,4,1,9,2,2,1,5,2,2,1,3,2,4,8,2,2,1,4,2,2,4,2,2,2,2
4,17,267.0,73,terminated,1,11,1,1,267.0,0,1,1,0,1,2,1,5,1,1,1,3,1,1,1,2,1,2,4,1,1,6,2,1,1,2,1,1,1,1
4,18,1576.0,74,terminated,2,0,0,1,1576.0,1,2,1,1,1,3,1,7,2,1,1,4,2,1,1,2,1,3,6,2,1,6,3,2,1,3,2,1,2,1
4,19,1361.0,89,terminated,1,0,0,1,1361.0,1,2,1,1,1,2,1,5,1,1,1,3,1,1,1,2,1,2,4,1,1,8,2,1,1,2,1,1,1,1
4,20,1378.0,72,terminated,0,0,0,2,1378.0,1,0,0,0,1,2,1,5,0,2,1,3,0,2,1,3,2,2,4,0,2,8,2,0,2,2,0,2,0,2
4,21,25.0,25,terminated,1,40,1,1,25.0,0,0,0,0,1,2,1,5,1,1,1,3,1,1,1,2,1,2,4,1,1,0,2,1,1,2,1,1,1,1
4,22,1378.0,72,terminated,1,0,0,1,1378.0,1,2,1,1,1,1,1,4,1,1,1,3,1,1,1,2,1,1,3,1,1,5,2,1,1,2,1,1,1,1
4,23,1467.0,183,terminated,1,0,0,2,1467.0,1,2,0,2,1,3,1,7,1,2,1,4,1,2,1,3,2,3,6,1,2,6,3,1,2,3,1,2,1,2
4,24,1577.0,73,terminated,1,0,0,2,1577.0,1,2,0,2,1,3,1,7,1,2,1,4,1,2,1,3,2,3,6,1,2,6,3,1,2,3,1,2,1,2
4,25,1373.0,77,terminated,1,0,0,1,1373.0,1,2,1,1,1,2,1,5,1,1,1,3,1,1,1,2,1,2,4,1,1,8,2,1,1,2,1,1,1,1
4,26,1374.0,76,terminated,1,0,0,1,1374.0,1,1,0,1,1,2,1,5,1,1,1,3,1,1,1,2,1,2,4,1,1,1,2,1,1,2,1,1,1,1
4,27,1548.0,102,terminated,1,0,0,2,1548.0,1,2,1,1,1,3,1,7,1,2,1,4,1,2,1,3,2,3,6,1,2,4,3,1,2,3,1,2,1,2
4,28,1355.0,95,terminated,1,0,0,1,1355.0,1,1,1,0,1,2,1,5,1,1,1,3,1,1,1,2,1,2,4,1,1,6,2,1,1,2,1,1,1,1
4,29,565.0,75,terminated,2,1,1,1,565.0,0,1,0,1,0,3,0,6,2,1,0,3,2,1,0,1,1,3,6,2,1,0,3,2,1,3,2,1,2,1
4,30,1378.0,72,terminated,1,0,0,1,1378.0,1,0,0,0,1,2,1,5,1,1,1,3,1,1,1,2,1,2,4,1,1,0,2,1,1,2,1,1,1,1
4,31,1774.0,76,terminated,2,0,0,2,1774.0,1,1,1,0,1,4,1,9,2,2,1,5,2,2,1,3,2,4,8,2,2,1,4,2,2,4,2,2,2,2
4,32,1578.0,72,terminated,2,0,0,1,1578.0,1,1,1,0,1,3,1,7,2,1,1,4,2,1,1,2,1,3,6,2,1,2,3,2,1,3,2,1,2,1
4,33,42.0,18,terminated,1,39,1,1,42.0,0,0,0,0,1,2,1,5,1,1,1,3,1,1,1,2,1,2,4,1,1,0,2,1,1,2,1,1,1,1
4,34,1580.0,70,terminated,2,0,0,1,1580.0,1,1,1,0,1,3,1,7,2,1,1,4,2,1,1,2,1,3,6,2,1,0,3,2,1,3,2,1,2,1
4,35,1180.0,70,terminated,1,0,0,0,1180.0,1,1,1,0,1,1,1,3,1,0,1,2,1,0,1,1,0,1,2,1,0,6,1,1,0,1,1,0,1,0
4,36,10.0,140,terminated,0,10,1,1,10.0,0,1,0,1,1,1,1,3,0,1,1,2,0,1,1,2,1,1,2,0,1,20,1,0,1,1,0,1,0,1
4,37,1580.0,70,terminated,1,0,0,2,1580.0,1,1,1,0,1,3,1,7,1,2,1,4,1,2,1,3,2,3,6,1,2,6,3,1,2,3,1,2,1,2
4,38,1572.0,78,terminated,1,0,0,2,1572.0,1,2,1,1,1,2,1,6,1,2,1,4,1,2,1,3,2,2,5,1,2,6,3,1,2,3,1,2,1,2
4,39,-192.0,52,terminated,1,39,1,0,-192.0,0,0,0,0,1,1,1,3,1,0,1,2,1,0,1,1,0,1,2,1,0,0,1,1,0,1,1,0,1,0
4,40,552.0,78,terminated,2,2,1,1,552.0,0,1,0,1,1,3,1,7,2,1,1,4,2,1,1,2,1,3,6,2,1,6,3,2,1,3,2,1,2,1
4,41,-159.0,19,terminated,0,39,1,1,-159.0,0,0,0,0,0,1,0,2,0,1,0,1,0,1,0,1,1,1,2,0,1,0,1,0,1,1,0,1,0,1
4,42,1576.0,74,terminated,2,0,0,1,1576.0,1,3,2,1,1,3,1,7,2,1,1,4,2,1,1,2,1,3,6,2,1,5,3,2,1,3,2,1,2,1
4,43,1735.0,115,terminated,2,0,0,2,1735.0,1,4,2,2,1,4,1,9,2,2,1,5,2,2,1,3,2,4,8,2,2,6,4,2,2,4,2,2,2,2
4,44,1576.0,74,terminated,1,0,0,2,1576.0,1,2,0,2,1,3,1,7,1,2,1,4,1,2,1,3,2,3,6,1,2,1,3,1,2,3,1,2,1,2
4,45,41.0,29,terminated,1,38,1,1,41.0,0,0,0,0,1,2,1,5,1,1,1,3,1,1,1,2,1,2,4,1,1,2,2,1,1,2,1,1,1,1
4,46,1358.0,92,terminated,1,0,0,1,1358.0,1,1,0,1,1,2,1,5,1,1,1,3,1,1,1,2,1,2,4,1,1,6,2,1,1,2,1,1,1,1
4,47,-149.0,19,terminated,1,38,1,0,-149.0,0,0,0,0,1,1,1,3,1,0,1,2,1,0,1,1,0,1,2,1,0,1,1,1,0,1,1,0,1,0
4,48,1365.0,85,terminated,1,0,0,1,1365.0,1,0,0,0,1,2,1,5,1,1,1,3,1,1,1,2,1,2,4,1,1,8,2,1,1,2,1,1,1,1
4,49,1536.0,114,terminated,1,0,0,2,1536.0,1,1,0,1,1,3,1,7,1,2,1,4,1,2,1,3,2,3,6,1,2,0,3,1,2,3,1,2,1,2
4,50,346.0,74,terminated,2,3,1,0,346.0,0,0,0,0,1,2,1,5,2,0,1,3,2,0,1,1,0,2,4,2,0,6,2,2,0,2,2,0,2,0
4,51,1175.0,75,terminated,1,0,0,0,1175.0,1,1,1,0,1,1,1,3,1,0,1,2,1,0,1,1,0,1,2,1,0,6,1,1,0,1,1,0,1,0
4,52,-151.0,21,terminated,0,38,1,1,-151.0,0,0,0,0,1,1,1,3,0,1,1,2,0,1,1,2,1,1,2,0,1,1,1,0,1,1,0,1,0,1
4,53,1576.0,74,terminated,2,0,0,1,1576.0,1,3,2,1,1,3,1,7,2,1,1,4,2,1,1,2,1,3,6,2,1,5,3,2,1,3,2,1,2,1
4,54,1742.0,108,terminated,2,0,0,2,1742.0,1,1,0,1,1,4,1,9,2,2,1,5,2,2,1,3,2,4,8,2,2,0,4,2,2,4,2,2,2,2
4,55,566.0,74,terminated,2,1,1,1,566.0,0,2,2,0,1,3,1,7,2,1,1,4,2,1,1,2,1,3,6,2,1,3,3,2,1,3,2,1,2,1
4,56,-149.0,19,terminated,0,38,1,1,-149.0,0,0,0,0,1,1,1,3,0,1,1,2,0,1,1,2,1,1,2,0,1,1,1,0,1,1,0,1,0,1
4,57,1177.0,73,terminated,1,0,0,0,1177.0,1,0,0,0,1,1,1,3,1,0,1,2,1,0,1,1,0,1,2,1,0,6,1,1,0,1,1,0,1,0
4,58,1780.0,70,terminated,2,0,0,2,1780.0,1,1,1,0,0,4,0,8,2,2,0,4,2,2,0,2,2,4,8,2,2,0,4,2,2,4,2,2,2,2
4,59,1378.0,72,terminated,0,0,0,2,1378.0,1,1,0,1,1,2,1,5,0,2,1,3,0,2,1,3,2,2,4,0,2,6,2,0,2,2,0,2,0,2
4,60,1568.0,82,terminated,1,0,0,2,1568.0,1,1,0,1,1,3,1,7,1,2,1,4,1,2,1,3,2,3,6,1,2,4,3,1,2,3,1,2,1,2
4,61,1576.0,74,terminated,2,0,0,1,1576.0,1,0,0,0,1,3,1,7,2,1,1,4,2,1,1,2,1,3,6,2,1,7,3,2,1,3,2,1,2,1
4,62,1576.0,74,terminated,1,0,0,2,1576.0,1,0,0,0,1,3,1,7,1,2,1,4,1,2,1,3,2,3,6,1,2,6,3,1,2,3,1,2,1,2
4,63,1160.0,90,terminated,1,0,0,0,1160.0,1,1,1,0,1,1,1,3,1,0,1,2,1,0,1,1,0,1,2,1,0,11,1,1,0,1,1,0,1,0
4,64,1572.0,78,terminated,2,0,0,1,1572.0,1,2,1,1,0,3,0,6,2,1,0,3,2,1,0,1,1,3,6,2,1,8,3,2,1,3,2,1,2,1
4,65,1778.0,72,terminated,2,0,0,2,1778.0,1,3,2,1,1,4,1,9,2,2,1,5,2,2,1,3,2,4,8,2,2,5,4,2,2,4,2,2,2,2
4,66,-149.0,59,terminated,1,34,1,0,-149.0,0,0,0,0,1,1,1,3,1,0,1,2,1,0,1,1,0,1,2,1,0,0,1,1,0,1,1,0,1,0
4,67,1578.0,72,terminated,1,0,0,2,1578.0,1,2,0,2,1,3,1,7,1,2,1,4,1,2,1,3,2,3,6,1,2,6,3,1,2,3,1,2,1,2
4,68,1358.0,92,terminated,1,0,0,1,1358.0,1,1,1,0,1,1,1,4,1,1,1,3,1,1,1,2,1,1,3,1,1,16,2,1,1,2,1,1,1,1
4,69,1578.0,72,terminated,1,0,0,2,1578.0,1,0,0,0,1,3,1,7,1,2,1,4,1,2,1,3,2,3,6,1,2,6,3,1,2,3,1,2,1,2
4,70,1574.0,76,terminated,1,0,0,2,1574.0,1,2,0,2,1,3,1,7,1,2,1,4,1,2,1,3,2,3,6,1,2,12,3,1,2,3,1,2,1,2
4,71,1376.0,74,terminated,2,0,0,0,1376.0,1,1,1,0,1,2,1,5,2,0,1,3,2,0,1,1,0,2,4,2,0,8,2,2,0,2,2,0,2,0
4,72,338.0,72,terminated,1,4,1,1,338.0,0,1,1,0,1,2,1,5,1,1,1,3,1,1,1,2,1,2,4,1,1,0,2,1,1,2,1,1,1,1
4,73,590.0,300,truncated,2,6,0,0,590.0,0,1,1,0,1,2,1,5,2,0,1,3,2,0,1,1,0,2,4,2,0,20,2,2,0,2,2,0,2,0
4,74,1368.0,82,terminated,1,0,0,1,1368.0,1,2,1,1,1,2,1,5,1,1,1,3,1,1,1,2,1,2,4,1,1,5,2,1,1,2,1,1,1,1
4,75,1579.0,71,terminated,1,0,0,2,1579.0,1,2,0,2,1,3,1,7,1,2,1,4,1,2,1,3,2,3,6,1,2,0,3,1,2,3,1,2,1,2
4,76,1373.0,77,terminated,2,0,0,0,1373.0,1,0,0,0,1,2,1,5,2,0,1,3,2,0,1,1,0,2,4,2,0,7,2,2,0,2,2,0,2,0
4,77,1570.0,80,terminated,1,0,0,2,1570.0,1,1,0,1,1,3,1,7,1,2,1,4,1,2,1,3,2,3,6,1,2,7,3,1,2,3,1,2,1,2
4,78,1376.0,74,terminated,1,0,0,1,1376.0,1,2,1,1,1,2,1,5,1,1,1,3,1,1,1,2,1,2,4,1,1,6,2,1,1,2,1,1,1,1
4,79,1372.0,78,terminated,2,0,0,0,1372.0,1,1,1,0,1,2,1,5,2,0,1,3,2,0,1,1,0,2,4,2,0,6,2,2,0,2,2,0,2,0
4,80,1372.0,78,terminated,1,0,0,1,1372.0,1,0,0,0,1,2,1,5,1,1,1,3,1,1,1,2,1,2,4,1,1,41,2,1,1,2,1,1,1,1
4,81,1378.0,72,terminated,1,0,0,1,1378.0,1,0,0,0,1,2,1,5,1,1,1,3,1,1,1,2,1,2,4,1,1,6,2,1,1,2,1,1,1,1
4,82,233.0,107,terminated,0,11,1,2,233.0,0,1,0,1,1,2,1,5,0,2,1,3,0,2,1,3,2,2,4,0,2,6,2,0,2,2,0,2,0,2
4,83,1577.0,73,terminated,1,0,0,2,1577.0,1,0,0,0,1,2,1,6,1,2,1,4,1,2,1,3,2,2,5,1,2,0,3,1,2,3,1,2,1,2
4,84,-158.0,18,terminated,1,39,1,0,-158.0,0,0,0,0,0,1,0,2,1,0,0,1,1,0,0,0,0,1,2,1,0,0,1,1,0,1,1,0,1,0
4,85,1759.0,91,terminated,2,0,0,2,1759.0,1,3,1,2,1,4,1,9,2,2,1,5,2,2,1,3,2,4,8,2,2,5,4,2,2,4,2,2,2,2
4,86,1760.0,90,terminated,2,0,0,2,1760.0,1,3,2,1,1,4,1,9,2,2,1,5,2,2,1,3,2,4,8,2,2,0,4,2,2,4,2,2,2,2
4,87,1367.0,83,terminated,1,0,0,1,1367.0,1,1,1,0,1,2,1,5,1,1,1,3,1,1,1,2,1,2,4,1,1,14,2,1,1,2,1,1,1,1
4,88,1579.0,71,terminated,1,0,0,2,1579.0,1,0,0,0,1,3,1,7,1,2,1,4,1,2,1,3,2,3,6,1,2,0,3,1,2,3,1,2,1,2
4,89,-149.0,19,terminated,1,38,1,0,-149.0,0,0,0,0,1,1,1,3,1,0,1,2,1,0,1,1,0,1,2,1,0,1,1,1,0,1,1,0,1,0
4,90,1570.0,80,terminated,2,0,0,1,1570.0,1,1,1,0,1,3,1,7,2,1,1,4,2,1,1,2,1,3,6,2,1,9,3,2,1,3,2,1,2,1
4,91,-240.0,100,terminated,1,39,1,0,-240.0,0,0,0,0,0,1,0,2,1,0,0,1,1,0,0,0,0,1,2,1,0,0,1,1,0,1,1,0,1,0
4,92,472.0,88,terminated,2,9,1,1,472.0,0,2,2,0,1,3,1,7,2,1,1,4,2,1,1,2,1,3,6,2,1,3,3,2,1,3,2,1,2,1
4,93,-145.0,25,terminated,0,37,1,1,-145.0,0,1,0,1,1,0,1,2,0,1,1,2,0,1,1,2,1,0,1,0,1,7,1,0,1,1,0,1,0,1
4,94,144.0,76,terminated,0,3,1,1,144.0,0,1,0,1,1,1,1,3,0,1,1,2,0,1,1,2,1,1,2,0,1,7,1,0,1,1,0,1,0,1
4,95,1378.0,72,terminated,1,0,0,1,1378.0,1,0,0,0,1,2,1,5,1,1,1,3,1,1,1,2,1,2,4,1,1,6,2,1,1,2,1,1,1,1
4,96,-173.0,23,terminated,0,40,1,1,-173.0,0,0,0,0,0,1,0,2,0,1,0,1,0,1,0,1,1,1,2,0,1,0,1,0,1,1,0,1,0,1
4,97,1778.0,72,terminated,2,0,0,2,1778.0,1,2,2,0,1,3,1,8,2,2,1,5,2,2,1,3,2,3,7,2,2,0,4,2,2,4,2,2,2,2
4,98,1174.0,76,terminated,0,0,0,1,1174.0,1,1,0,1,1,1,1,3,0,1,1,2,0,1,1,2,1,1,2,0,1,6,1,0,1,1,0,1,0,1
4,99,1576.0,74,terminated,2,0,0,1,1576.0,1,1,1,0,1,3,1,7,2,1,1,4,2,1,1,2,1,3,6,2,1,8,3,2,1,3,2,1,2,1
4,100,1373.0,77,terminated,1,0,0,1,1373.0,1,0,0,0,0,2,0,4,1,1,0,2,1,1,0,1,1,2,4,1,1,7,2,1,1,2,1,1,1,1
4,101,1764.0,86,terminated,2,0,0,2,1764.0,1,4,2,2,1,4,1,9,2,2,1,5,2,2,1,3,2,4,8,2,2,13,4,2,2,4,2,2,2,2
4,102,1370.0,80,terminated,0,0,0,2,1370.0,1,0,0,0,1,2,1,5,0,2,1,3,0,2,1,3,2,2,4,0,2,6,2,0,2,2,0,2,0,2
4,103,1580.0,70,terminated,2,0,0,1,1580.0,1,0,0,0,1,3,1,7,2,1,1,4,2,1,1,2,1,3,6,2,1,0,3,2,1,3,2,1,2,1
4,104,1568.0,82,terminated,2,0,0,1,1568.0,1,1,1,0,1,3,1,7,2,1,1,4,2,1,1,2,1,3,6,2,1,2,3,2,1,3,2,1,2,1
4,105,462.0,68,terminated,1,12,1,2,462.0,0,1,0,1,1,3,1,7,1,2,1,4,1,2,1,3,2,3,6,1,2,6,3,1,2,3,1,2,1,2
4,106,1756.0,94,terminated,2,0,0,2,1756.0,1,4,2,2,1,4,1,9,2,2,1,5,2,2,1,3,2,4,8,2,2,13,4,2,2,4,2,2,2,2
4,107,-149.0,19,terminated,0,38,1,1,-149.0,0,0,0,0,1,1,1,3,0,1,1,2,0,1,1,2,1,1,2,0,1,1,1,0,1,1,0,1,0,1
4,108,1332.0,118,terminated,1,0,0,1,1332.0,1,2,1,1,1,2,1,5,1,1,1,3,1,1,1,2,1,2,4,1,1,18,2,1,1,2,1,1,1,1
4,109,1573.0,77,terminated,1,0,0,2,1573.0,1,1,0,1,1,3,1,7,1,2,1,4,1,2,1,3,2,3,6,1,2,6,3,1,2,3,1,2,1,2
4,110,1773.0,77,terminated,2,0,0,2,1773.0,1,1,0,1,1,3,1,8,2,2,1,5,2,2,1,3,2,3,7,2,2,0,4,2,2,4,2,2,2,2
4,111,1380.0,70,terminated,2,0,0,0,1380.0,1,1,1,0,1,2,1,5,2,0,1,3,2,0,1,1,0,2,4,2,0,6,2,2,0,2,2,0,2,0
4,112,1378.0,72,terminated,1,0,0,1,1378.0,1,1,1,0,1,2,1,5,1,1,1,3,1,1,1,2,1,2,4,1,1,6,2,1,1,2,1,1,1,1
4,113,1779.0,71,terminated,2,0,0,2,1779.0,1,2,1,1,1,4,1,9,2,2,1,5,2,2,1,3,2,4,8,2,2,0,4,2,2,4,2,2,2,2
4,114,1778.0,72,terminated,2,0,0,2,1778.0,1,4,2,2,1,4,1,9,2,2,1,5,2,2,1,3,2,4,8,2,2,5,4,2,2,4,2,2,2,2
4,115,664.0,66,terminated,2,12,1,2,664.0,0,2,1,1,1,4,1,9,2,2,1,5,2,2,1,3,2,4,8,2,2,3,4,2,2,4,2,2,2,2
4,116,1559.0,91,terminated,2,0,0,1,1559.0,1,3,2,1,1,3,1,7,2,1,1,4,2,1,1,2,1,3,6,2,1,6,3,2,1,3,2,1,2,1
4,117,1537.0,113,terminated,2,0,0,1,1537.0,1,1,1,0,1,2,1,6,2,1,1,4,2,1,1,2,1,2,5,2,1,2,3,2,1,3,2,1,2,1
4,118,1780.0,70,terminated,2,0,0,2,1780.0,1,1,1,0,1,4,1,9,2,2,1,5,2,2,1,3,2,4,8,2,2,0,4,2,2,4,2,2,2,2
4,119,1515.0,135,terminated,1,0,0,2,1515.0,1,2,0,2,1,3,1,7,1,2,1,4,1,2,1,3,2,3,6,1,2,0,3,1,2,3,1,2,1,2
4,120,1378.0,72,terminated,1,0,0,1,1378.0,1,1,1,0,1,2,1,5,1,1,1,3,1,1,1,2,1,2,4,1,1,6,2,1,1,2,1,1,1,1
4,121,1372.0,78,terminated,1,0,0,1,1372.0,1,2,1,1,1,2,1,5,1,1,1,3,1,1,1,2,1,2,4,1,1,6,2,1,1,2,1,1,1,1
4,122,1576.0,74,terminated,1,0,0,2,1576.0,1,0,0,0,1,3,1,7,1,2,1,4,1,2,1,3,2,3,6,1,2,0,3,1,2,3,1,2,1,2
4,123,1380.0,70,terminated,1,0,0,1,1380.0,1,0,0,0,1,2,1,5,1,1,1,3,1,1,1,2,1,2,4,1,1,6,2,1,1,2,1,1,1,1
4,124,360.0,80,terminated,1,1,1,1,360.0,0,1,1,0,1,2,1,5,1,1,1,3,1,1,1,2,1,2,4,1,1,6,2,1,1,2,1,1,1,1
4,125,1371.0,79,terminated,0,0,0,2,1371.0,1,2,0,2,1,2,1,5,0,2,1,3,0,2,1,3,2,2,4,0,2,7,2,0,2,2,0,2,0,2
4,126,4.0,76,terminated,1,37,1,1,4.0,0,0,0,0,1,2,1,5,1,1,1,3,1,1,1,2,1,2,4,1,1,0,2,1,1,2,1,1,1,1
4,127,1376.0,74,terminated,0,0,0,2,1376.0,1,1,0,1,1,2,1,5,0,2,1,3,0,2,1,3,2,2,4,0,2,6,2,0,2,2,0,2,0,2
4,128,1579.0,71,terminated,2,0,0,1,1579.0,1,1,0,1,1,3,1,7,2,1,1,4,2,1,1,2,1,3,6,2,1,6,3,2,1,3,2,1,2,1
4,129,1561.0,89,terminated,1,0,0,2,1561.0,1,3,1,2,1,2,1,6,1,2,1,4,1,2,1,3,2,2,5,1,2,13,3,1,2,3,1,2,1,2
4,130,1372.0,78,terminated,0,0,0,2,1372.0,1,0,0,0,1,2,1,5,0,2,1,3,0,2,1,3,2,2,4,0,2,6,2,0,2,2,0,2,0,2
4,131,1376.0,74,terminated,0,0,0,2,1376.0,1,1,0,1,1,2,1,5,0,2,1,3,0,2,1,3,2,2,4,0,2,8,2,0,2,2,0,2,0,2
4,132,1380.0,70,terminated,1,0,0,1,1380.0,1,0,0,0,0,2,0,4,1,1,0,2,1,1,0,1,1,2,4,1,1,6,2,1,1,2,1,1,1,1
4,133,1543.0,107,terminated,1,0,0,2,1543.0,1,2,1,1,1,3,1,7,1,2,1,4,1,2,1,3,2,3,6,1,2,6,3,1,2,3,1,2,1,2
4,134,267.0,63,terminated,1,12,1,1,267.0,0,2,1,1,1,2,1,5,1,1,1,3,1,1,1,2,1,2,4,1,1,8,2,1,1,2,1,1,1,1
4,135,1173.0,77,terminated,1,0,0,0,1173.0,1,0,0,0,1,1,1,3,1,0,1,2,1,0,1,1,0,1,2,1,0,6,1,1,0,1,1,0,1,0
4,136,1378.0,72,terminated,2,0,0,0,1378.0,1,1,1,0,1,2,1,5,2,0,1,3,2,0,1,1,0,2,4,2,0,6,2,2,0,2,2,0,2,0
4,137,1780.0,70,terminated,2,0,0,2,1780.0,1,1,0,1,1,3,1,8,2,2,1,5,2,2,1,3,2,3,7,2,2,0,4,2,2,4,2,2,2,2
4,138,1174.0,76,terminated,1,0,0,0,1174.0,1,1,1,0,1,1,1,3,1,0,1,2,1,0,1,1,0,1,2,1,0,6,1,1,0,1,1,0,1,0
4,139,1564.0,86,terminated,2,0,0,1,1564.0,1,1,1,0,1,3,1,7,2,1,1,4,2,1,1,2,1,3,6,2,1,6,3,2,1,3,2,1,2,1
4,140,1778.0,72,terminated,2,0,0,2,1778.0,1,2,2,0,1,4,1,9,2,2,1,5,2,2,1,3,2,4,8,2,2,6,4,2,2,4,2,2,2,2
4,141,1170.0,80,terminated,0,0,0,1,1170.0,1,1,0,1,1,1,1,3,0,1,1,2,0,1,1,2,1,1,2,0,1,21,1,0,1,1,0,1,0,1
4,142,1380.0,70,terminated,2,0,0,0,1380.0,1,0,0,0,1,2,1,5,2,0,1,3,2,0,1,1,0,2,4,2,0,6,2,2,0,2,2,0,2,0
4,143,1497.0,153,terminated,2,0,0,1,1497.0,1,2,1,1,1,3,1,7,2,1,1,4,2,1,1,2,1,3,6,2,1,6,3,2,1,3,2,1,2,1
4,144,1566.0,84,terminated,1,0,0,2,1566.0,1,2,0,2,1,3,1,7,1,2,1,4,1,2,1,3,2,3,6,1,2,6,3,1,2,3,1,2,1,2
4,145,1574.0,76,terminated,1,0,0,2,1574.0,1,0,0,0,1,3,1,7,1,2,1,4,1,2,1,3,2,3,6,1,2,8,3,1,2,3,1,2,1,2
4,146,1156.0,94,terminated,0,0,0,1,1156.0,1,1,0,1,1,1,1,3,0,1,1,2,0,1,1,2,1,1,2,0,1,10,1,0,1,1,0,1,0,1
4,147,1578.0,72,terminated,1,0,0,2,1578.0,1,1,1,0,1,3,1,7,1,2,1,4,1,2,1,3,2,3,6,1,2,6,3,1,2,3,1,2,1,2
4,148,1170.0,80,terminated,0,0,0,1,1170.0,1,1,0,1,1,1,1,3,0,1,1,2,0,1,1,2,1,1,2,0,1,10,1,0,1,1,0,1,0,1
4,149,1377.0,73,terminated,1,0,0,1,1377.0,1,0,0,0,1,2,1,5,1,1,1,3,1,1,1,2,1,2,4,1,1,0,2,1,1,2,1,1,1,1
4,150,1373.0,77,terminated,1,0,0,1,1373.0,1,1,1,0,1,2,1,5,1,1,1,3,1,1,1,2,1,2,4,1,1,1,2,1,1,2,1,1,1,1
4,151,1670.0,180,terminated,2,0,0,2,1670.0,1,3,2,1,1,4,1,9,2,2,1,5,2,2,1,3,2,4,8,2,2,3,4,2,2,4,2,2,2,2
4,152,1376.0,74,terminated,1,0,0,1,1376.0,1,0,0,0,1,2,1,5,1,1,1,3,1,1,1,2,1,2,4,1,1,6,2,1,1,2,1,1,1,1
4,153,1178.0,72,terminated,0,0,0,1,1178.0,1,1,0,1,1,1,1,3,0,1,1,2,0,1,1,2,1,1,2,0,1,7,1,0,1,1,0,1,0,1
4,154,1728.0,122,terminated,2,0,0,2,1728.0,1,2,1,1,0,4,0,8,2,2,0,4,2,2,0,2,2,4,8,2,2,5,4,2,2,4,2,2,2,2
4,155,1563.0,87,terminated,2,0,0,1,1563.0,1,1,1,0,1,3,1,7,2,1,1,4,2,1,1,2,1,3,6,2,1,0,3,2,1,3,2,1,2,1
4,156,1552.0,98,terminated,2,0,0,1,1552.0,1,2,1,1,1,3,1,7,2,1,1,4,2,1,1,2,1,3,6,2,1,1,3,2,1,3,2,1,2,1
4,157,1372.0,78,terminated,1,0,0,1,1372.0,1,0,0,0,1,2,1,5,1,1,1,3,1,1,1,2,1,2,4,1,1,39,2,1,1,2,1,1,1,1
4,158,1376.0,74,terminated,1,0,0,1,1376.0,1,2,1,1,1,2,1,5,1,1,1,3,1,1,1,2,1,2,4,1,1,6,2,1,1,2,1,1,1,1
4,159,271.0,79,terminated,1,10,1,1,271.0,0,2,1,1,1,2,1,5,1,1,1,3,1,1,1,2,1,2,4,1,1,8,2,1,1,2,1,1,1,1
4,160,1378.0,72,terminated,0,0,0,2,1378.0,1,2,0,2,1,2,1,5,0,2,1,3,0,2,1,3,2,2,4,0,2,6,2,0,2,2,0,2,0,2
4,161,1572.0,78,terminated,2,0,0,1,1572.0,1,3,2,1,1,3,1,7,2,1,1,4,2,1,1,2,1,3,6,2,1,6,3,2,1,3,2,1,2,1
4,162,565.0,75,terminated,1,1,1,2,565.0,0,1,0,1,1,3,1,7,1,2,1,4,1,2,1,3,2,3,6,1,2,0,3,1,2,3,1,2,1,2
4,163,1706.0,144,terminated,2,0,0,2,1706.0,1,2,1,1,1,3,1,8,2,2,1,5,2,2,1,3,2,3,7,2,2,0,4,2,2,4,2,2,2,2
4,164,1373.0,77,terminated,1,0,0,1,1373.0,1,0,0,0,1,2,1,5,1,1,1,3,1,1,1,2,1,2,4,1,1,6,2,1,1,2,1,1,1,1
4,165,-41.0,81,terminated,0,1,1,0,-41.0,0,0,0,0,1,0,1,1,0,0,1,1,0,0,1,1,0,0,0,0,0,41,0,0,0,0,0,0,0,0
4,166,1578.0,72,terminated,1,0,0,2,1578.0,1,0,0,0,1,2,1,6,1,2,1,4,1,2,1,3,2,2,5,1,2,0,3,1,2,3,1,2,1,2
4,167,230.0,120,terminated,1,10,1,1,230.0,0,2,1,1,1,2,1,5,1,1,1,3,1,1,1,2,1,2,4,1,1,8,2,1,1,2,1,1,1,1
4,168,1340.0,110,terminated,1,0,0,1,1340.0,1,2,1,1,1,2,1,5,1,1,1,3,1,1,1,2,1,2,4,1,1,22,2,1,1,2,1,1,1,1
4,169,1376.0,74,terminated,0,0,0,2,1376.0,1,0,0,0,1,2,1,5,0,2,1,3,0,2,1,3,2,2,4,0,2,6,2,0,2,2,0,2,0,2
4,170,1764.0,86,terminated,2,0,0,2,1764.0,1,2,1,1,1,4,1,9,2,2,1,5,2,2,1,3,2,4,8,2,2,15,4,2,2,4,2,2,2,2
4,171,1575.0,75,terminated,1,0,0,2,1575.0,1,2,1,1,1,3,1,7,1,2,1,4,1,2,1,3,2,3,6,1,2,8,3,1,2,3,1,2,1,2
4,172,1778.0,72,terminated,2,0,0,2,1778.0,1,1,1,0,1,4,1,9,2,2,1,5,2,2,1,3,2,4,8,2,2,0,4,2,2,4,2,2,2,2
4,173,1363.0,87,terminated,1,0,0,1,1363.0,1,1,1,0,1,1,1,4,1,1,1,3,1,1,1,2,1,1,3,1,1,6,2,1,1,2,1,1,1,1
4,174,1578.0,72,terminated,1,0,0,2,1578.0,1,1,1,0,1,3,1,7,1,2,1,4,1,2,1,3,2,3,6,1,2,6,3,1,2,3,1,2,1,2
4,175,1580.0,70,terminated,1,0,0,2,1580.0,1,0,0,0,1,3,1,7,1,2,1,4,1,2,1,3,2,3,6,1,2,6,3,1,2,3,1,2,1,2
4,176,138.0,72,terminated,1,4,1,0,138.0,0,1,1,0,1,1,1,3,1,0,1,2,1,0,1,1,0,1,2,1,0,6,1,1,0,1,1,0,1,0
4,177,1376.0,74,terminated,0,0,0,2,1376.0,1,0,0,0,1,2,1,5,0,2,1,3,0,2,1,3,2,2,4,0,2,6,2,0,2,2,0,2,0,2
4,178,-163.0,23,terminated,0,39,1,1,-163.0,0,0,0,0,1,1,1,3,0,1,1,2,0,1,1,2,1,1,2,0,1,0,1,0,1,1,0,1,0,1
4,179,1578.0,72,terminated,2,0,0,1,1578.0,1,1,0,1,0,3,0,6,2,1,0,3,2,1,0,1,1,3,6,2,1,2,3,2,1,3,2,1,2,1
4,180,1178.0,72,terminated,1,0,0,0,1178.0,1,1,1,0,1,1,1,3,1,0,1,2,1,0,1,1,0,1,2,1,0,6,1,1,0,1,1,0,1,0
4,181,1378.0,72,terminated,1,0,0,1,1378.0,1,0,0,0,1,2,1,5,1,1,1,3,1,1,1,2,1,2,4,1,1,35,2,1,1,2,1,1,1,1
4,182,1380.0,70,terminated,1,0,0,1,1380.0,1,0,0,0,1,2,1,5,1,1,1,3,1,1,1,2,1,2,4,1,1,6,2,1,1,2,1,1,1,1
4,183,1776.0,74,terminated,2,0,0,2,1776.0,1,2,1,1,1,4,1,9,2,2,1,5,2,2,1,3,2,4,8,2,2,8,4,2,2,4,2,2,2,2
4,184,-158.0,18,terminated,0,39,1,1,-158.0,0,0,0,0,0,1,0,2,0,1,0,1,0,1,0,1,1,1,2,0,1,0,1,0,1,1,0,1,0,1
4,185,1573.0,77,terminated,1,0,0,2,1573.0,1,0,0,0,1,3,1,7,1,2,1,4,1,2,1,3,2,3,6,1,2,6,3,1,2,3,1,2,1,2
4,186,346.0,84,terminated,1,2,1,1,346.0,0,2,1,1,1,2,1,5,1,1,1,3,1,1,1,2,1,2,4,1,1,8,2,1,1,2,1,1,1,1
4,187,1577.0,73,terminated,2,0,0,1,1577.0,1,0,0,0,1,3,1,7,2,1,1,4,2,1,1,2,1,3,6,2,1,6,3,2,1,3,2,1,2,1
4,188,1377.0,73,terminated,1,0,0,1,1377.0,1,1,0,1,1,2,1,5,1,1,1,3,1,1,1,2,1,2,4,1,1,6,2,1,1,2,1,1,1,1
4,189,280.0,70,terminated,1,10,1,1,280.0,0,1,1,0,1,2,1,5,1,1,1,3,1,1,1,2,1,2,4,1,1,6,2,1,1,2,1,1,1,1
4,190,-149.0,19,terminated,0,38,1,1,-149.0,0,0,0,0,1,1,1,3,0,1,1,2,0,1,1,2,1,1,2,0,1,1,1,0,1,1,0,1,0,1
4,191,323.0,77,terminated,1,5,1,1,323.0,0,1,1,0,1,2,1,5,1,1,1,3,1,1,1,2,1,2,4,1,1,6,2,1,1,2,1,1,1,1
4,192,1166.0,84,terminated,1,0,0,0,1166.0,1,0,0,0,1,1,1,3,1,0,1,2,1,0,1,1,0,1,2,1,0,8,1,1,0,1,1,0,1,0
4,193,1574.0,76,terminated,1,0,0,2,1574.0,1,2,0,2,1,3,1,7,1,2,1,4,1,2,1,3,2,3,6,1,2,7,3,1,2,3,1,2,1,2
4,194,1378.0,72,terminated,1,0,0,1,1378.0,1,1,0,1,1,2,1,5,1,1,1,3,1,1,1,2,1,2,4,1,1,5,2,1,1,2,1,1,1,1
4,195,1573.0,77,terminated,2,0,0,1,1573.0,1,1,1,0,1,3,1,7,2,1,1,4,2,1,1,2,1,3,6,2,1,6,3,2,1,3,2,1,2,1
4,196,1378.0,72,terminated,2,0,0,0,1378.0,1,0,0,0,1,2,1,5,2,0,1,3,2,0,1,1,0,2,4,2,0,6,2,2,0,2,2,0,2,0
4,197,1370.0,80,terminated,1,0,0,1,1370.0,1,1,1,0,1,2,1,5,1,1,1,3,1,1,1,2,1,2,4,1,1,32,2,1,1,2,1,1,1,1
4,198,1177.0,73,terminated,1,0,0,0,1177.0,1,0,0,0,1,1,1,3,1,0,1,2,1,0,1,1,0,1,2,1,0,6,1,1,0,1,1,0,1,0
4,199,445.0,65,terminated,2,14,1,1,445.0,0,3,2,1,1,3,1,7,2,1,1,4,2,1,1,2,1,3,6,2,1,6,3,2,1,3,2,1,2,1
4,200,51.0,19,terminated,1,38,1,1,51.0,0,0,0,0,0,2,0,4,1,1,0,2,1,1,0,1,1,2,4,1,1,0,2,1,1,2,1,1,1,1
4,201,351.0,69,terminated,1,3,1,1,351.0,0,1,1,0,1,2,1,5,1,1,1,3,1,1,1,2,1,2,4,1,1,5,2,1,1,2,1,1,1,1
4,202,1533.0,117,terminated,2,0,0,1,1533.0,1,2,2,0,1,3,1,7,2,1,1,4,2,1,1,2,1,3,6,2,1,0,3,2,1,3,2,1,2,1
4,203,1374.0,76,terminated,1,0,0,1,1374.0,1,0,0,0,1,2,1,5,1,1,1,3,1,1,1,2,1,2,4,1,1,7,2,1,1,2,1,1,1,1
4,204,1176.0,74,terminated,0,0,0,1,1176.0,1,1,0,1,1,1,1,3,0,1,1,2,0,1,1,2,1,1,2,0,1,9,1,0,1,1,0,1,0,1
4,205,290.0,60,terminated,2,10,1,0,290.0,0,2,2,0,1,2,1,5,2,0,1,3,2,0,1,1,0,2,4,2,0,8,2,2,0,2,2,0,2,0
4,206,1157.0,93,terminated,0,0,0,1,1157.0,1,1,0,1,1,1,1,3,0,1,1,2,0,1,1,2,1,1,2,0,1,25,1,0,1,1,0,1,0,1
4,207,1580.0,70,terminated,1,0,0,2,1580.0,1,2,1,1,1,3,1,7,1,2,1,4,1,2,1,3,2,3,6,1,2,6,3,1,2,3,1,2,1,2
4,208,1362.0,88,terminated,2,0,0,0,1362.0,1,0,0,0,1,2,1,5,2,0,1,3,2,0,1,1,0,2,4,2,0,7,2,2,0,2,2,0,2,0
4,209,-160.0,20,terminated,1,39,1,0,-160.0,0,0,0,0,1,0,1,2,1,0,1,2,1,0,1,1,0,0,1,1,0,0,1,1,0,1,1,0,1,0
4,210,1173.0,77,terminated,1,0,0,0,1173.0,1,0,0,0,0,1,0,2,1,0,0,1,1,0,0,0,0,1,2,1,0,5,1,1,0,1,1,0,1,0
4,211,1576.0,74,terminated,1,0,0,2,1576.0,1,1,1,0,1,3,1,7,1,2,1,4,1,2,1,3,2,3,6,1,2,6,3,1,2,3,1,2,1,2
4,212,243.0,97,terminated,0,11,1,2,243.0,0,2,0,2,1,2,1,5,0,2,1,3,0,2,1,3,2,2,4,0,2,6,2,0,2,2,0,2,0,2
4,213,1365.0,85,terminated,1,0,0,1,1365.0,1,2,1,1,1,1,1,4,1,1,1,3,1,1,1,2,1,1,3,1,1,2,2,1,1,2,1,1,1,1
4,214,1576.0,74,terminated,1,0,0,2,1576.0,1,2,1,1,1,3,1,7,1,2,1,4,1,2,1,3,2,3,6,1,2,6,3,1,2,3,1,2,1,2
4,215,1577.0,73,terminated,1,0,0,2,1577.0,1,1,0,1,1,3,1,7,1,2,1,4,1,2,1,3,2,3,6,1,2,6,3,1,2,3,1,2,1,2
4,216,1580.0,70,terminated,2,0,0,1,1580.0,1,2,1,1,1,3,1,7,2,1,1,4,2,1,1,2,1,3,6,2,1,6,3,2,1,3,2,1,2,1
4,217,1774.0,76,terminated,2,0,0,2,1774.0,1,3,2,1,1,4,1,9,2,2,1,5,2,2,1,3,2,4,8,2,2,10,4,2,2,4,2,2,2,2
4,218,1580.0,70,terminated,1,0,0,2,1580.0,1,1,0,1,1,3,1,7,1,2,1,4,1,2,1,3,2,3,6,1,2,6,3,1,2,3,1,2,1,2
4,219,-149.0,19,terminated,0,38,1,1,-149.0,0,0,0,0,1,1,1,3,0,1,1,2,0,1,1,2,1,1,2,0,1,1,1,0,1,1,0,1,0,1
4,220,296.0,74,terminated,1,8,1,1,296.0,0,1,1,0,1,2,1,5,1,1,1,3,1,1,1,2,1,2,4,1,1,25,2,1,1,2,1,1,1,1
4,221,1572.0,78,terminated,1,0,0,2,1572.0,1,3,1,2,1,3,1,7,1,2,1,4,1,2,1,3,2,3,6,1,2,6,3,1,2,3,1,2,1,2
4,222,1371.0,79,terminated,1,0,0,1,1371.0,1,1,0,1,1,2,1,5,1,1,1,3,1,1,1,2,1,2,4,1,1,6,2,1,1,2,1,1,1,1
4,223,1171.0,79,terminated,0,0,0,1,1171.0,1,0,0,0,1,1,1,3,0,1,1,2,0,1,1,2,1,1,2,0,1,6,1,0,1,1,0,1,0,1
4,224,1574.0,76,terminated,2,0,0,1,1574.0,1,2,1,1,1,3,1,7,2,1,1,4,2,1,1,2,1,3,6,2,1,6,3,2,1,3,2,1,2,1
4,225,1580.0,70,terminated,1,0,0,2,1580.0,1,0,0,0,1,3,1,7,1,2,1,4,1,2,1,3,2,3,6,1,2,6,3,1,2,3,1,2,1,2
4,226,1572.0,78,terminated,2,0,0,1,1572.0,1,2,1,1,1,3,1,7,2,1,1,4,2,1,1,2,1,3,6,2,1,6,3,2,1,3,2,1,2,1
4,227,1366.0,84,terminated,2,0,0,0,1366.0,1,1,1,0,1,2,1,5,2,0,1,3,2,0,1,1,0,2,4,2,0,8,2,2,0,2,2,0,2,0
4,228,1378.0,72,terminated,1,0,0,1,1378.0,1,1,0,1,1,2,1,5,1,1,1,3,1,1,1,2,1,2,4,1,1,12,2,1,1,2,1,1,1,1
4,229,-158.0,18,terminated,0,39,1,1,-158.0,0,0,0,0,0,1,0,2,0,1,0,1,0,1,0,1,1,1,2,0,1,0,1,0,1,1,0,1,0,1
4,230,1351.0,99,terminated,1,0,0,1,1351.0,1,2,1,1,1,2,1,5,1,1,1,3,1,1,1,2,1,2,4,1,1,12,2,1,1,2,1,1,1,1
4,231,1179.0,71,terminated,0,0,0,1,1179.0,1,1,0,1,1,1,1,3,0,1,1,2,0,1,1,2,1,1,2,0,1,6,1,0,1,1,0,1,0,1
4,232,1564.0,86,terminated,2,0,0,1,1564.0,1,3,2,1,1,3,1,7,2,1,1,4,2,1,1,2,1,3,6,2,1,4,3,2,1,3,2,1,2,1
4,233,1364.0,86,terminated,1,0,0,1,1364.0,1,2,1,1,1,2,1,5,1,1,1,3,1,1,1,2,1,2,4,1,1,6,2,1,1,2,1,1,1,1
4,234,1380.0,70,terminated,2,0,0,0,1380.0,1,1,1,0,0,2,0,4,2,0,0,2,2,0,0,0,0,2,4,2,0,6,2,2,0,2,2,0,2,0
4,235,47.0,43,terminated,1,36,1,1,47.0,0,0,0,0,1,2,1,5,1,1,1,3,1,1,1,2,1,2,4,1,1,6,2,1,1,2,1,1,1,1
4,236,1370.0,80,terminated,1,0,0,1,1370.0,1,1,0,1,1,2,1,5,1,1,1,3,1,1,1,2,1,2,4,1,1,6,2,1,1,2,1,1,1,1
4,237,1773.0,77,terminated,2,0,0,2,1773.0,1,3,1,2,1,4,1,9,2,2,1,5,2,2,1,3,2,4,8,2,2,0,4,2,2,4,2,2,2,2
4,238,1368.0,82,terminated,0,0,0,2,1368.0,1,0,0,0,1,2,1,5,0,2,1,3,0,2,1,3,2,2,4,0,2,8,2,0,2,2,0,2,0,2
4,239,1576.0,74,terminated,2,0,0,1,1576.0,1,2,2,0,1,3,1,7,2,1,1,4,2,1,1,2,1,3,6,2,1,4,3,2,1,3,2,1,2,1
4,240,1375.0,75,terminated,1,0,0,1,1375.0,1,0,0,0,0,2,0,4,1,1,0,2,1,1,0,1,1,2,4,1,1,0,2,1,1,2,1,1,1,1
4,241,1376.0,74,terminated,1,0,0,1,1376.0,1,2,1,1,1,2,1,5,1,1,1,3,1,1,1,2,1,2,4,1,1,6,2,1,1,2,1,1,1,1
4,242,1180.0,70,terminated,1,0,0,0,1180.0,1,0,0,0,1,1,1,3,1,0,1,2,1,0,1,1,0,1,2,1,0,33,1,1,0,1,1,0,1,0
4,243,1575.0,75,terminated,2,0,0,1,1575.0,1,0,0,0,1,3,1,7,2,1,1,4,2,1,1,2,1,3,6,2,1,6,3,2,1,3,2,1,2,1
4,244,1380.0,70,terminated,1,0,0,1,1380.0,1,1,1,0,1,2,1,5,1,1,1,3,1,1,1,2,1,2,4,1,1,6,2,1,1,2,1,1,1,1
4,245,1778.0,72,terminated,2,0,0,2,1778.0,1,3,1,2,1,4,1,9,2,2,1,5,2,2,1,3,2,4,8,2,2,0,4,2,2,4,2,2,2,2
4,246,1562.0,88,terminated,2,0,0,1,1562.0,1,1,1,0,0,3,0,6,2,1,0,3,2,1,0,1,1,3,6,2,1,0,3,2,1,3,2,1,2,1
4,247,1174.0,76,terminated,0,0,0,1,1174.0,1,0,0,0,1,1,1,3,0,1,1,2,0,1,1,2,1,1,2,0,1,6,1,0,1,1,0,1,0,1
4,248,-172.0,32,terminated,1,39,1,0,-172.0,0,0,0,0,0,1,0,2,1,0,0,1,1,0,0,0,0,1,2,1,0,0,1,1,0,1,1,0,1,0
4,249,1370.0,80,terminated,1,0,0,1,1370.0,1,1,0,1,1,2,1,5,1,1,1,3,1,1,1,2,1,2,4,1,1,22,2,1,1,2,1,1,1,1
4,250,1413.0,237,terminated,1,0,0,2,1413.0,1,0,0,0,0,3,0,6,1,2,0,3,1,2,0,2,2,3,6,1,2,26,3,1,2,3,1,2,1,2
4,251,1380.0,70,terminated,1,0,0,1,1380.0,1,1,0,1,1,2,1,5,1,1,1,3,1,1,1,2,1,2,4,1,1,6,2,1,1,2,1,1,1,1
4,252,1566.0,84,terminated,2,0,0,1,1566.0,1,2,1,1,1,3,1,7,2,1,1,4,2,1,1,2,1,3,6,2,1,6,3,2,1,3,2,1,2,1
4,253,1571.0,79,terminated,2,0,0,1,1571.0,1,3,2,1,1,3,1,7,2,1,1,4,2,1,1,2,1,3,6,2,1,2,3,2,1,3,2,1,2,1
4,254,229.0,81,terminated,1,14,1,1,229.0,0,1,0,1,1,2,1,5,1,1,1,3,1,1,1,2,1,2,4,1,1,6,2,1,1,2,1,1,1,1
4,255,1374.0,76,terminated,1,0,0,1,1374.0,1,1,1,0,1,2,1,5,1,1,1,3,1,1,1,2,1,2,4,1,1,7,2,1,1,2,1,1,1,1
4,256,60.0,100,terminated,1,29,1,1,60.0,0,0,0,0,1,2,1,5,1,1,1,3,1,1,1,2,1,2,4,1,1,0,2,1,1,2,1,1,1,1
4,257,1377.0,73,terminated,1,0,0,1,1377.0,1,0,0,0,1,2,1,5,1,1,1,3,1,1,1,2,1,2,4,1,1,6,2,1,1,2,1,1,1,1
4,258,1370.0,80,terminated,1,0,0,1,1370.0,1,0,0,0,0,2,0,4,1,1,0,2,1,1,0,1,1,2,4,1,1,0,2,1,1,2,1,1,1,1
4,259,1780.0,70,terminated,2,0,0,2,1780.0,1,4,2,2,1,3,1,8,2,2,1,5,2,2,1,3,2,3,7,2,2,2,4,2,2,4,2,2,2,2
4,260,1576.0,74,terminated,2,0,0,1,1576.0,1,1,0,1,1,3,1,7,2,1,1,4,2,1,1,2,1,3,6,2,1,0,3,2,1,3,2,1,2,1
4,261,1576.0,74,terminated,1,0,0,2,1576.0,1,1,1,0,1,3,1,7,1,2,1,4,1,2,1,3,2,3,6,1,2,3,3,1,2,3,1,2,1,2
4,262,1344.0,106,terminated,1,0,0,1,1344.0,1,1,1,0,1,2,1,5,1,1,1,3,1,1,1,2,1,2,4,1,1,6,2,1,1,2,1,1,1,1
4,263,1374.0,76,terminated,1,0,0,1,1374.0,1,0,0,0,1,2,1,5,1,1,1,3,1,1,1,2,1,2,4,1,1,6,2,1,1,2,1,1,1,1
4,264,1569.0,81,terminated,2,0,0,1,1569.0,1,1,1,0,1,3,1,7,2,1,1,4,2,1,1,2,1,3,6,2,1,0,3,2,1,3,2,1,2,1
4,265,1342.0,108,terminated,1,0,0,1,1342.0,1,2,1,1,1,2,1,5,1,1,1,3,1,1,1,2,1,2,4,1,1,8,2,1,1,2,1,1,1,1
4,266,1565.0,85,terminated,2,0,0,1,1565.0,1,1,0,1,1,3,1,7,2,1,1,4,2,1,1,2,1,3,6,2,1,10,3,2,1,3,2,1,2,1
4,267,287.0,63,terminated,1,10,1,1,287.0,0,1,1,0,1,2,1,5,1,1,1,3,1,1,1,2,1,2,4,1,1,6,2,1,1,2,1,1,1,1
4,268,269.0,81,terminated,1,10,1,1,269.0,0,1,0,1,1,2,1,5,1,1,1,3,1,1,1,2,1,2,4,1,1,6,2,1,1,2,1,1,1,1
4,269,1774.0,76,terminated,2,0,0,2,1774.0,1,3,1,2,1,4,1,9,2,2,1,5,2,2,1,3,2,4,8,2,2,4,4,2,2,4,2,2,2,2
4,270,1578.0,72,terminated,2,0,0,1,1578.0,1,1,1,0,1,3,1,7,2,1,1,4,2,1,1,2,1,3,6,2,1,0,3,2,1,3,2,1,2,1
4,271,1352.0,98,terminated,1,0,0,1,1352.0,1,1,1,0,1,2,1,5,1,1,1,3,1,1,1,2,1,2,4,1,1,5,2,1,1,2,1,1,1,1
4,272,1163.0,87,terminated,0,0,0,1,1163.0,1,1,0,1,1,1,1,3,0,1,1,2,0,1,1,2,1,1,2,0,1,12,1,0,1,1,0,1,0,1
4,273,1578.0,72,terminated,1,0,0,2,1578.0,1,2,1,1,1,3,1,7,1,2,1,4,1,2,1,3,2,3,6,1,2,7,3,1,2,3,1,2,1,2
4,274,1169.0,81,terminated,0,0,0,1,1169.0,1,1,0,1,1,1,1,3,0,1,1,2,0,1,1,2,1,1,2,0,1,6,1,0,1,1,0,1,0,1
4,275,326.0,114,terminated,1,1,1,1,326.0,0,1,0,1,1,2,1,5,1,1,1,3,1,1,1,2,1,2,4,1,1,1,2,1,1,2,1,1,1,1
4,276,1572.0,78,terminated,1,0,0,2,1572.0,1,1,0,1,1,3,1,7,1,2,1,4,1,2,1,3,2,3,6,1,2,7,3,1,2,3,1,2,1,2
4,277,-149.0,19,terminated,0,38,1,1,-149.0,0,0,0,0,1,1,1,3,0,1,1,2,0,1,1,2,1,1,2,0,1,1,1,0,1,1,0,1,0,1
4,278,1761.0,89,terminated,2,0,0,2,1761.0,1,2,1,1,1,3,1,8,2,2,1,5,2,2,1,3,2,3,7,2,2,2,4,2,2,4,2,2,2,2
4,279,1579.0,71,terminated,2,0,0,1,1579.0,1,1,0,1,1,3,1,7,2,1,1,4,2,1,1,2,1,3,6,2,1,4,3,2,1,3,2,1,2,1
4,280,1564.0,86,terminated,1,0,0,2,1564.0,1,2,1,1,1,3,1,7,1,2,1,4,1,2,1,3,2,3,6,1,2,6,3,1,2,3,1,2,1,2
4,281,-177.0,27,terminated,1,40,1,0,-177.0,0,0,0,0,1,1,1,3,1,0,1,2,1,0,1,1,0,1,2,1,0,0,1,1,0,1,1,0,1,0
4,282,1578.0,72,terminated,1,0,0,2,1578.0,1,1,0,1,1,3,1,7,1,2,1,4,1,2,1,3,2,3,6,1,2,6,3,1,2,3,1,2,1,2
4,283,1568.0,82,terminated,2,0,0,1,1568.0,1,3,2,1,1,3,1,7,2,1,1,4,2,1,1,2,1,3,6,2,1,8,3,2,1,3,2,1,2,1
4,284,1380.0,70,terminated,2,0,0,0,1380.0,1,0,0,0,1,2,1,5,2,0,1,3,2,0,1,1,0,2,4,2,0,6,2,2,0,2,2,0,2,0
4,285,51.0,19,terminated,1,38,1,1,51.0,0,0,0,0,0,2,0,4,1,1,0,2,1,1,0,1,1,2,4,1,1,0,2,1,1,2,1,1,1,1
4,286,1778.0,72,terminated,2,0,0,2,1778.0,1,1,0,1,1,4,1,9,2,2,1,5,2,2,1,3,2,4,8,2,2,2,4,2,2,4,2,2,2,2
4,287,-158.0,18,terminated,0,39,1,1,-158.0,0,0,0,0,1,1,1,3,0,1,1,2,0,1,1,2,1,1,2,0,1,0,1,0,1,1,0,1,0,1
4,288,1376.0,74,terminated,1,0,0,1,1376.0,1,1,0,1,1,2,1,5,1,1,1,3,1,1,1,2,1,2,4,1,1,8,2,1,1,2,1,1,1,1
4,289,1574.0,76,terminated,1,0,0,2,1574.0,1,2,1,1,1,3,1,7,1,2,1,4,1,2,1,3,2,3,6,1,2,6,3,1,2,3,1,2,1,2
4,290,38.0,32,terminated,1,38,1,1,38.0,0,0,0,0,0,2,0,4,1,1,0,2,1,1,0,1,1,2,4,1,1,0,2,1,1,2,1,1,1,1
4,291,1572.0,78,terminated,2,0,0,1,1572.0,1,2,1,1,1,3,1,7,2,1,1,4,2,1,1,2,1,3,6,2,1,8,3,2,1,3,2,1,2,1
4,292,348.0,72,terminated,0,3,1,2,348.0,0,0,0,0,1,2,1,5,0,2,1,3,0,2,1,3,2,2,4,0,2,7,2,0,2,2,0,2,0,2
4,293,1777.0,73,terminated,2,0,0,2,1777.0,1,1,1,0,1,3,1,8,2,2,1,5,2,2,1,3,2,3,7,2,2,0,4,2,2,4,2,2,2,2
4,294,1176.0,74,terminated,0,0,0,1,1176.0,1,1,0,1,1,1,1,3,0,1,1,2,0,1,1,2,1,1,2,0,1,8,1,0,1,1,0,1,0,1
4,295,153.0,77,terminated,0,2,1,1,153.0,0,0,0,0,1,1,1,3,0,1,1,2,0,1,1,2,1,1,2,0,1,6,1,0,1,1,0,1,0,1
4,296,1375.0,75,terminated,1,0,0,1,1375.0,1,2,1,1,1,2,1,5,1,1,1,3,1,1,1,2,1,2,4,1,1,6,2,1,1,2,1,1,1,1
4,297,1580.0,70,terminated,1,0,0,2,1580.0,1,1,0,1,1,3,1,7,1,2,1,4,1,2,1,3,2,3,6,1,2,6,3,1,2,3,1,2,1,2
4,298,1701.0,149,terminated,2,0,0,2,1701.0,1,4,2,2,1,3,1,8,2,2,1,5,2,2,1,3,2,3,7,2,2,0,4,2,2,4,2,2,2,2
4,299,1573.0,77,terminated,1,0,0,2,1573.0,1,2,1,1,1,3,1,7,1,2,1,4,1,2,1,3,2,3,6,1,2,6,3,1,2,3,1,2,1,2
4,300,1778.0,72,terminated,2,0,0,2,1778.0,1,1,1,0,1,4,1,9,2,2,1,5,2,2,1,3,2,4,8,2,2,0,4,2,2,4,2,2,2,2
4,301,344.0,76,terminated,1,3,1,1,344.0,0,1,0,1,1,2,1,5,1,1,1,3,1,1,1,2,1,2,4,1,1,4,2,1,1,2,1,1,1,1
4,302,348.0,72,terminated,0,3,1,2,348.0,0,0,0,0,1,2,1,5,0,2,1,3,0,2,1,3,2,2,4,0,2,6,2,0,2,2,0,2,0,2
4,303,1552.0,98,terminated,2,0,0,1,1552.0,1,3,2,1,1,3,1,7,2,1,1,4,2,1,1,2,1,3,6,2,1,9,3,2,1,3,2,1,2,1
4,304,1380.0,70,terminated,1,0,0,1,1380.0,1,0,0,0,1,2,1,5,1,1,1,3,1,1,1,2,1,2,4,1,1,6,2,1,1,2,1,1,1,1
4,305,-149.0,19,terminated,0,38,1,1,-149.0,0,0,0,0,1,1,1,3,0,1,1,2,0,1,1,2,1,1,2,0,1,1,1,0,1,1,0,1,0,1
4,306,1550.0,100,terminated,2,0,0,1,1550.0,1,1,1,0,1,3,1,7,2,1,1,4,2,1,1,2,1,3,6,2,1,7,3,2,1,3,2,1,2,1
4,307,1505.0,145,terminated,2,0,0,1,1505.0,1,0,0,0,1,3,1,7,2,1,1,4,2,1,1,2,1,3,6,2,1,0,3,2,1,3,2,1,2,1
4,308,1351.0,99,terminated,2,0,0,0,1351.0,1,1,1,0,1,2,1,5,2,0,1,3,2,0,1,1,0,2,4,2,0,6,2,2,0,2,2,0,2,0
4,309,567.0,73,terminated,1,1,1,2,567.0,0,3,1,2,1,3,1,7,1,2,1,4,1,2,1,3,2,3,6,1,2,5,3,1,2,3,1,2,1,2
4,310,1376.0,74,terminated,1,0,0,1,1376.0,1,1,1,0,1,2,1,5,1,1,1,3,1,1,1,2,1,2,4,1,1,0,2,1,1,2,1,1,1,1
4,311,353.0,67,terminated,1,3,1,1,353.0,0,1,0,1,1,2,1,5,1,1,1,3,1,1,1,2,1,2,4,1,1,6,2,1,1,2,1,1,1,1
4,312,1774.0,76,terminated,2,0,0,2,1774.0,1,2,2,0,1,4,1,9,2,2,1,5,2,2,1,3,2,4,8,2,2,6,4,2,2,4,2,2,2,2
4,313,1573.0,77,terminated,1,0,0,2,1573.0,1,0,0,0,1,3,1,7,1,2,1,4,1,2,1,3,2,3,6,1,2,9,3,1,2,3,1,2,1,2
4,314,1563.0,87,terminated,2,0,0,1,1563.0,1,3,2,1,1,3,1,7,2,1,1,4,2,1,1,2,1,3,6,2,1,5,3,2,1,3,2,1,2,1
4,315,1578.0,72,terminated,1,0,0,2,1578.0,1,2,1,1,1,3,1,7,1,2,1,4,1,2,1,3,2,3,6,1,2,6,3,1,2,3,1,2,1,2
4,316,1580.0,70,terminated,2,0,0,1,1580.0,1,1,0,1,1,3,1,7,2,1,1,4,2,1,1,2,1,3,6,2,1,6,3,2,1,3,2,1,2,1
4,317,1570.0,80,terminated,1,0,0,2,1570.0,1,1,0,1,1,3,1,7,1,2,1,4,1,2,1,3,2,3,6,1,2,0,3,1,2,3,1,2,1,2
4,318,-53.0,73,terminated,0,3,1,0,-53.0,0,0,0,0,1,0,1,1,0,0,1,1,0,0,1,1,0,0,0,0,0,37,0,0,0,0,0,0,0,0
4,319,459.0,51,terminated,2,14,1,1,459.0,0,3,2,1,1,3,1,7,2,1,1,4,2,1,1,2,1,3,6,2,1,8,3,2,1,3,2,1,2,1
4,320,1376.0,74,terminated,0,0,0,2,1376.0,1,1,0,1,1,2,1,5,0,2,1,3,0,2,1,3,2,2,4,0,2,6,2,0,2,2,0,2,0,2
4,321,546.0,74,terminated,1,3,1,2,546.0,0,2,0,2,1,3,1,7,1,2,1,4,1,2,1,3,2,3,6,1,2,0,3,1,2,3,1,2,1,2
4,322,1576.0,74,terminated,1,0,0,2,1576.0,1,1,0,1,1,3,1,7,1,2,1,4,1,2,1,3,2,3,6,1,2,0,3,1,2,3,1,2,1,2
4,323,1577.0,73,terminated,1,0,0,2,1577.0,1,2,0,2,1,3,1,7,1,2,1,4,1,2,1,3,2,3,6,1,2,4,3,1,2,3,1,2,1,2
4,324,42.0,18,terminated,1,39,1,1,42.0,0,0,0,0,0,2,0,4,1,1,0,2,1,1,0,1,1,2,4,1,1,0,2,1,1,2,1,1,1,1
4,325,1170.0,80,terminated,0,0,0,1,1170.0,1,1,0,1,1,1,1,3,0,1,1,2,0,1,1,2,1,1,2,0,1,17,1,0,1,1,0,1,0,1
4,326,1369.0,81,terminated,1,0,0,1,1369.0,1,1,1,0,1,2,1,5,1,1,1,3,1,1,1,2,1,2,4,1,1,6,2,1,1,2,1,1,1,1
4,327,1580.0,70,terminated,2,0,0,1,1580.0,1,0,0,0,1,2,1,6,2,1,1,4,2,1,1,2,1,2,5,2,1,0,3,2,1,3,2,1,2,1
4,328,-158.0,18,terminated,1,39,1,0,-158.0,0,0,0,0,1,1,1,3,1,0,1,2,1,0,1,1,0,1,2,1,0,0,1,1,0,1,1,0,1,0
4,329,1574.0,76,terminated,2,0,0,1,1574.0,1,2,1,1,1,3,1,7,2,1,1,4,2,1,1,2,1,3,6,2,1,11,3,2,1,3,2,1,2,1
4,330,1566.0,84,terminated,2,0,0,1,1566.0,1,2,1,1,1,3,1,7,2,1,1,4,2,1,1,2,1,3,6,2,1,8,3,2,1,3,2,1,2,1
4,331,1575.0,75,terminated,2,0,0,1,1575.0,1,2,1,1,1,3,1,7,2,1,1,4,2,1,1,2,1,3,6,2,1,5,3,2,1,3,2,1,2,1
4,332,1576.0,74,terminated,1,0,0,2,1576.0,1,0,0,0,1,3,1,7,1,2,1,4,1,2,1,3,2,3,6,1,2,6,3,1,2,3,1,2,1,2
4,333,551.0,89,terminated,1,1,1,2,551.0,0,3,1,2,1,2,1,6,1,2,1,4,1,2,1,3,2,2,5,1,2,7,3,1,2,3,1,2,1,2
4,334,352.0,78,terminated,1,2,1,1,352.0,0,2,1,1,1,2,1,5,1,1,1,3,1,1,1,2,1,2,4,1,1,6,2,1,1,2,1,1,1,1
4,335,1380.0,70,terminated,1,0,0,1,1380.0,1,1,0,1,1,2,1,5,1,1,1,3,1,1,1,2,1,2,4,1,1,6,2,1,1,2,1,1,1,1
4,336,1177.0,73,terminated,0,0,0,1,1177.0,1,0,0,0,1,0,1,2,0,1,1,2,0,1,1,2,1,0,1,0,1,6,1,0,1,1,0,1,0,1
4,337,1380.0,70,terminated,1,0,0,1,1380.0,1,1,1,0,1,2,1,5,1,1,1,3,1,1,1,2,1,2,4,1,1,6,2,1,1,2,1,1,1,1
4,338,1778.0,72,terminated,2,0,0,2,1778.0,1,2,1,1,1,4,1,9,2,2,1,5,2,2,1,3,2,4,8,2,2,2,4,2,2,4,2,2,2,2
4,339,1572.0,78,terminated,1,0,0,2,1572.0,1,2,0,2,1,3,1,7,1,2,1,4,1,2,1,3,2,3,6,1,2,2,3,1,2,3,1,2,1,2
4,340,1380.0,70,terminated,2,0,0,0,1380.0,1,2,2,0,1,2,1,5,2,0,1,3,2,0,1,1,0,2,4,2,0,6,2,2,0,2,2,0,2,0
4,341,1543.0,107,terminated,1,0,0,2,1543.0,1,1,0,1,1,3,1,7,1,2,1,4,1,2,1,3,2,3,6,1,2,0,3,1,2,3,1,2,1,2
4,342,1378.0,72,terminated,0,0,0,2,1378.0,1,1,0,1,1,2,1,5,0,2,1,3,0,2,1,3,2,2,4,0,2,6,2,0,2,2,0,2,0,2
4,343,1544.0,106,terminated,1,0,0,2,1544.0,1,2,1,1,1,3,1,7,1,2,1,4,1,2,1,3,2,3,6,1,2,6,3,1,2,3,1,2,1,2
4,344,1713.0,137,terminated,2,0,0,2,1713.0,1,2,1,1,1,4,1,9,2,2,1,5,2,2,1,3,2,4,8,2,2,0,4,2,2,4,2,2,2,2
4,345,262.0,78,terminated,1,11,1,1,262.0,0,1,1,0,1,2,1,5,1,1,1,3,1,1,1,2,1,2,4,1,1,6,2,1,1,2,1,1,1,1
4,346,1570.0,80,terminated,2,0,0,1,1570.0,1,3,2,1,1,3,1,7,2,1,1,4,2,1,1,2,1,3,6,2,1,5,3,2,1,3,2,1,2,1
4,347,1377.0,73,terminated,1,0,0,1,1377.0,1,1,1,0,0,2,0,4,1,1,0,2,1,1,0,1,1,2,4,1,1,6,2,1,1,2,1,1,1,1
4,348,423.0,217,terminated,2,1,1,1,423.0,0,2,1,1,1,3,1,7,2,1,1,4,2,1,1,2,1,3,6,2,1,6,3,2,1,3,2,1,2,1
4,349,1776.0,74,terminated,2,0,0,2,1776.0,1,0,0,0,1,4,1,9,2,2,1,5,2,2,1,3,2,4,8,2,2,0,4,2,2,4,2,2,2,2
4,350,1375.0,75,terminated,1,0,0,1,1375.0,1,1,1,0,1,2,1,5,1,1,1,3,1,1,1,2,1,2,4,1,1,23,2,1,1,2,1,1,1,1
4,351,1563.0,87,terminated,1,0,0,2,1563.0,1,2,0,2,1,3,1,7,1,2,1,4,1,2,1,3,2,3,6,1,2,6,3,1,2,3,1,2,1,2
4,352,1578.0,72,terminated,1,0,0,2,1578.0,1,1,0,1,1,3,1,7,1,2,1,4,1,2,1,3,2,3,6,1,2,6,3,1,2,3,1,2,1,2
4,353,1376.0,74,terminated,1,0,0,1,1376.0,1,0,0,0,1,2,1,5,1,1,1,3,1,1,1,2,1,2,4,1,1,6,2,1,1,2,1,1,1,1
4,354,1380.0,70,terminated,0,0,0,2,1380.0,1,0,0,0,1,2,1,5,0,2,1,3,0,2,1,3,2,2,4,0,2,6,2,0,2,2,0,2,0,2
4,355,1544.0,106,terminated,1,0,0,2,1544.0,1,1,0,1,0,3,0,6,1,2,0,3,1,2,0,2,2,3,6,1,2,0,3,1,2,3,1,2,1,2
4,356,1578.0,72,terminated,1,0,0,2,1578.0,1,3,1,2,1,3,1,7,1,2,1,4,1,2,1,3,2,3,6,1,2,6,3,1,2,3,1,2,1,2
4,357,1179.0,71,terminated,1,0,0,0,1179.0,1,0,0,0,1,1,1,3,1,0,1,2,1,0,1,1,0,1,2,1,0,6,1,1,0,1,1,0,1,0
4,358,1350.0,100,terminated,1,0,0,1,1350.0,1,2,1,1,1,2,1,5,1,1,1,3,1,1,1,2,1,2,4,1,1,17,2,1,1,2,1,1,1,1
4,359,1170.0,80,terminated,1,0,0,0,1170.0,1,0,0,0,1,1,1,3,1,0,1,2,1,0,1,1,0,1,2,1,0,6,1,1,0,1,1,0,1,0
4,360,1580.0,70,terminated,2,0,0,1,1580.0,1,1,1,0,1,3,1,7,2,1,1,4,2,1,1,2,1,3,6,2,1,6,3,2,1,3,2,1,2,1
4,361,1576.0,74,terminated,2,0,0,1,1576.0,1,0,0,0,1,2,1,6,2,1,1,4,2,1,1,2,1,2,5,2,1,6,3,2,1,3,2,1,2,1
4,362,1369.0,81,terminated,0,0,0,2,1369.0,1,2,0,2,1,2,1,5,0,2,1,3,0,2,1,3,2,2,4,0,2,6,2,0,2,2,0,2,0,2
4,363,1572.0,78,terminated,2,0,0,1,1572.0,1,2,1,1,1,3,1,7,2,1,1,4,2,1,1,2,1,3,6,2,1,8,3,2,1,3,2,1,2,1
4,364,1579.0,71,terminated,2,0,0,1,1579.0,1,0,0,0,1,3,1,7,2,1,1,4,2,1,1,2,1,3,6,2,1,0,3,2,1,3,2,1,2,1
4,365,1764.0,86,terminated,2,0,0,2,1764.0,1,4,2,2,1,4,1,9,2,2,1,5,2,2,1,3,2,4,8,2,2,6,4,2,2,4,2,2,2,2
4,366,-160.0,20,terminated,1,39,1,0,-160.0,0,0,0,0,1,0,1,2,1,0,1,2,1,0,1,1,0,0,1,1,0,0,1,1,0,1,1,0,1,0
4,367,1155.0,95,terminated,1,0,0,0,1155.0,1,0,0,0,1,1,1,3,1,0,1,2,1,0,1,1,0,1,2,1,0,6,1,1,0,1,1,0,1,0
4,368,1567.0,83,terminated,1,0,0,2,1567.0,1,2,1,1,1,3,1,7,1,2,1,4,1,2,1,3,2,3,6,1,2,1,3,1,2,3,1,2,1,2
4,369,1775.0,75,terminated,2,0,0,2,1775.0,1,1,1,0,1,4,1,9,2,2,1,5,2,2,1,3,2,4,8,2,2,0,4,2,2,4,2,2,2,2
4,370,1372.0,78,terminated,2,0,0,0,1372.0,1,1,1,0,1,2,1,5,2,0,1,3,2,0,1,1,0,2,4,2,0,6,2,2,0,2,2,0,2,0
4,371,1556.0,94,terminated,1,0,0,2,1556.0,1,2,0,2,1,3,1,7,1,2,1,4,1,2,1,3,2,3,6,1,2,6,3,1,2,3,1,2,1,2
4,372,1380.0,70,terminated,2,0,0,0,1380.0,1,0,0,0,1,2,1,5,2,0,1,3,2,0,1,1,0,2,4,2,0,6,2,2,0,2,2,0,2,0
4,373,1380.0,70,terminated,2,0,0,0,1380.0,1,0,0,0,1,2,1,5,2,0,1,3,2,0,1,1,0,2,4,2,0,6,2,2,0,2,2,0,2,0
4,374,1170.0,80,terminated,1,0,0,0,1170.0,1,1,1,0,1,1,1,3,1,0,1,2,1,0,1,1,0,1,2,1,0,6,1,1,0,1,1,0,1,0
4,375,1577.0,73,terminated,1,0,0,2,1577.0,1,2,0,2,1,3,1,7,1,2,1,4,1,2,1,3,2,3,6,1,2,6,3,1,2,3,1,2,1,2
4,376,1777.0,73,terminated,2,0,0,2,1777.0,1,3,2,1,1,4,1,9,2,2,1,5,2,2,1,3,2,4,8,2,2,1,4,2,2,4,2,2,2,2
4,377,1378.0,72,terminated,1,0,0,1,1378.0,1,0,0,0,1,2,1,5,1,1,1,3,1,1,1,2,1,2,4,1,1,6,2,1,1,2,1,1,1,1
4,378,1380.0,70,terminated,1,0,0,1,1380.0,1,2,1,1,1,2,1,5,1,1,1,3,1,1,1,2,1,2,4,1,1,6,2,1,1,2,1,1,1,1
4,379,1572.0,78,terminated,2,0,0,1,1572.0,1,1,1,0,1,3,1,7,2,1,1,4,2,1,1,2,1,3,6,2,1,7,3,2,1,3,2,1,2,1
4,380,1569.0,81,terminated,1,0,0,2,1569.0,1,2,1,1,1,3,1,7,1,2,1,4,1,2,1,3,2,3,6,1,2,7,3,1,2,3,1,2,1,2
4,381,1378.0,72,terminated,1,0,0,1,1378.0,1,1,0,1,1,2,1,5,1,1,1,3,1,1,1,2,1,2,4,1,1,6,2,1,1,2,1,1,1,1
4,382,1571.0,79,terminated,2,0,0,1,1571.0,1,0,0,0,1,3,1,7,2,1,1,4,2,1,1,2,1,3,6,2,1,6,3,2,1,3,2,1,2,1
4,383,1178.0,72,terminated,1,0,0,0,1178.0,1,0,0,0,0,1,0,2,1,0,0,1,1,0,0,0,0,1,2,1,0,6,1,1,0,1,1,0,1,0
4,384,1778.0,72,terminated,2,0,0,2,1778.0,1,2,1,1,1,4,1,9,2,2,1,5,2,2,1,3,2,4,8,2,2,1,4,2,2,4,2,2,2,2
4,385,1580.0,70,terminated,2,0,0,1,1580.0,1,0,0,0,1,3,1,7,2,1,1,4,2,1,1,2,1,3,6,2,1,0,3,2,1,3,2,1,2,1
4,386,-149.0,19,terminated,0,38,1,1,-149.0,0,0,0,0,1,1,1,3,0,1,1,2,0,1,1,2,1,1,2,0,1,1,1,0,1,1,0,1,0,1
4,387,1578.0,72,terminated,2,0,0,1,1578.0,1,3,2,1,1,3,1,7,2,1,1,4,2,1,1,2,1,3,6,2,1,5,3,2,1,3,2,1,2,1
4,388,1136.0,114,terminated,1,0,0,0,1136.0,1,1,1,0,1,1,1,3,1,0,1,2,1,0,1,1,0,1,2,1,0,22,1,1,0,1,1,0,1,0
4,389,369.0,71,terminated,1,1,1,1,369.0,0,0,0,0,1,1,1,4,1,1,1,3,1,1,1,2,1,1,3,1,1,0,2,1,1,2,1,1,1,1
4,390,1580.0,70,terminated,2,0,0,1,1580.0,1,1,1,0,1,3,1,7,2,1,1,4,2,1,1,2,1,3,6,2,1,6,3,2,1,3,2,1,2,1
4,391,1359.0,91,terminated,1,0,0,1,1359.0,1,2,1,1,1,2,1,5,1,1,1,3,1,1,1,2,1,2,4,1,1,6,2,1,1,2,1,1,1,1
4,392,1575.0,75,terminated,2,0,0,1,1575.0,1,2,1,1,1,3,1,7,2,1,1,4,2,1,1,2,1,3,6,2,1,6,3,2,1,3,2,1,2,1
4,393,1578.0,72,terminated,2,0,0,1,1578.0,1,3,2,1,1,3,1,7,2,1,1,4,2,1,1,2,1,3,6,2,1,8,3,2,1,3,2,1,2,1
4,394,1568.0,82,terminated,2,0,0,1,1568.0,1,1,0,1,1,3,1,7,2,1,1,4,2,1,1,2,1,3,6,2,1,6,3,2,1,3,2,1,2,1
4,395,1378.0,72,terminated,1,0,0,1,1378.0,1,2,1,1,1,1,1,4,1,1,1,3,1,1,1,2,1,1,3,1,1,0,2,1,1,2,1,1,1,1
4,396,-149.0,19,terminated,0,38,1,1,-149.0,0,0,0,0,0,1,0,2,0,1,0,1,0,1,0,1,1,1,2,0,1,1,1,0,1,1,0,1,0,1
4,397,1170.0,80,terminated,1,0,0,0,1170.0,1,1,1,0,1,1,1,3,1,0,1,2,1,0,1,1,0,1,2,1,0,7,1,1,0,1,1,0,1,0
4,398,1776.0,74,terminated,2,0,0,2,1776.0,1,2,2,0,1,4,1,9,2,2,1,5,2,2,1,3,2,4,8,2,2,3,4,2,2,4,2,2,2,2
4,399,1576.0,74,terminated,1,0,0,2,1576.0,1,1,0,1,1,3,1,7,1,2,1,4,1,2,1,3,2,3,6,1,2,3,3,1,2,3,1,2,1,2
4,400,47.0,23,terminated,1,38,1,1,47.0,0,0,0,0,1,1,1,4,1,1,1,3,1,1,1,2,1,1,3,1,1,0,2,1,1,2,1,1,1,1
4,401,1363.0,87,terminated,1,0,0,1,1363.0,1,2,1,1,1,2,1,5,1,1,1,3,1,1,1,2,1,2,4,1,1,8,2,1,1,2,1,1,1,1
4,402,1372.0,78,terminated,1,0,0,1,1372.0,1,1,1,0,1,2,1,5,1,1,1,3,1,1,1,2,1,2,4,1,1,6,2,1,1,2,1,1,1,1
4,403,1575.0,75,terminated,1,0,0,2,1575.0,1,1,0,1,0,3,0,6,1,2,0,3,1,2,0,2,2,3,6,1,2,0,3,1,2,3,1,2,1,2
4,404,1565.0,85,terminated,2,0,0,1,1565.0,1,1,0,1,1,3,1,7,2,1,1,4,2,1,1,2,1,3,6,2,1,5,3,2,1,3,2,1,2,1
4,405,248.0,72,terminated,1,13,1,1,248.0,0,1,1,0,1,2,1,5,1,1,1,3,1,1,1,2,1,2,4,1,1,6,2,1,1,2,1,1,1,1
4,406,314.0,126,terminated,1,1,1,1,314.0,0,2,1,1,1,2,1,5,1,1,1,3,1,1,1,2,1,2,4,1,1,20,2,1,1,2,1,1,1,1
4,407,1379.0,71,terminated,1,0,0,1,1379.0,1,0,0,0,1,2,1,5,1,1,1,3,1,1,1,2,1,2,4,1,1,6,2,1,1,2,1,1,1,1
4,408,347.0,73,terminated,2,3,1,0,347.0,0,0,0,0,1,2,1,5,2,0,1,3,2,0,1,1,0,2,4,2,0,9,2,2,0,2,2,0,2,0
4,409,1377.0,73,terminated,1,0,0,1,1377.0,1,1,1,0,1,2,1,5,1,1,1,3,1,1,1,2,1,2,4,1,1,7,2,1,1,2,1,1,1,1
4,410,568.0,72,terminated,1,1,1,2,568.0,0,1,0,1,0,3,0,6,1,2,0,3,1,2,0,2,2,3,6,1,2,0,3,1,2,3,1,2,1,2
4,411,-164.0,24,terminated,0,39,1,1,-164.0,0,0,0,0,1,1,1,3,0,1,1,2,0,1,1,2,1,1,2,0,1,0,1,0,1,1,0,1,0,1
4,412,498.0,102,terminated,2,5,1,1,498.0,0,2,1,1,1,3,1,7,2,1,1,4,2,1,1,2,1,3,6,2,1,0,3,2,1,3,2,1,2,1
4,413,1580.0,70,terminated,1,0,0,2,1580.0,1,1,0,1,1,3,1,7,1,2,1,4,1,2,1,3,2,3,6,1,2,6,3,1,2,3,1,2,1,2
4,414,1378.0,72,terminated,1,0,0,1,1378.0,1,2,1,1,1,2,1,5,1,1,1,3,1,1,1,2,1,2,4,1,1,6,2,1,1,2,1,1,1,1
4,415,1378.0,72,terminated,1,0,0,1,1378.0,1,1,0,1,1,2,1,5,1,1,1,3,1,1,1,2,1,2,4,1,1,12,2,1,1,2,1,1,1,1
4,416,50.0,20,terminated,1,38,1,1,50.0,0,1,1,0,1,1,1,4,1,1,1,3,1,1,1,2,1,1,3,1,1,1,2,1,1,2,1,1,1,1
4,417,1378.0,72,terminated,1,0,0,1,1378.0,1,1,0,1,1,2,1,5,1,1,1,3,1,1,1,2,1,2,4,1,1,8,2,1,1,2,1,1,1,1
4,418,1576.0,74,terminated,1,0,0,2,1576.0,1,1,0,1,0,3,0,6,1,2,0,3,1,2,0,2,2,3,6,1,2,6,3,1,2,3,1,2,1,2
4,419,1578.0,72,terminated,1,0,0,2,1578.0,1,1,0,1,1,3,1,7,1,2,1,4,1,2,1,3,2,3,6,1,2,7,3,1,2,3,1,2,1,2
4,420,1572.0,78,terminated,2,0,0,1,1572.0,1,1,0,1,1,3,1,7,2,1,1,4,2,1,1,2,1,3,6,2,1,1,3,2,1,3,2,1,2,1
4,421,1375.0,75,terminated,0,0,0,2,1375.0,1,1,0,1,0,2,0,4,0,2,0,2,0,2,0,2,2,2,4,0,2,6,2,0,2,2,0,2,0,2
4,422,1175.0,75,terminated,1,0,0,0,1175.0,1,0,0,0,1,1,1,3,1,0,1,2,1,0,1,1,0,1,2,1,0,6,1,1,0,1,1,0,1,0
4,423,1367.0,83,terminated,0,0,0,2,1367.0,1,2,0,2,1,2,1,5,0,2,1,3,0,2,1,3,2,2,4,0,2,11,2,0,2,2,0,2,0,2
4,424,1776.0,74,terminated,2,0,0,2,1776.0,1,2,2,0,1,4,1,9,2,2,1,5,2,2,1,3,2,4,8,2,2,0,4,2,2,4,2,2,2,2
4,425,1376.0,74,terminated,1,0,0,1,1376.0,1,1,1,0,1,2,1,5,1,1,1,3,1,1,1,2,1,2,4,1,1,6,2,1,1,2,1,1,1,1
4,426,1346.0,104,terminated,1,0,0,1,1346.0,1,1,0,1,1,2,1,5,1,1,1,3,1,1,1,2,1,2,4,1,1,6,2,1,1,2,1,1,1,1
4,427,1574.0,76,terminated,1,0,0,2,1574.0,1,2,1,1,0,3,0,6,1,2,0,3,1,2,0,2,2,3,6,1,2,0,3,1,2,3,1,2,1,2
4,428,1774.0,76,terminated,2,0,0,2,1774.0,1,1,1,0,1,4,1,9,2,2,1,5,2,2,1,3,2,4,8,2,2,6,4,2,2,4,2,2,2,2
4,429,1376.0,74,terminated,1,0,0,1,1376.0,1,0,0,0,1,2,1,5,1,1,1,3,1,1,1,2,1,2,4,1,1,6,2,1,1,2,1,1,1,1
4,430,1340.0,110,terminated,1,0,0,1,1340.0,1,0,0,0,0,2,0,4,1,1,0,2,1,1,0,1,1,2,4,1,1,0,2,1,1,2,1,1,1,1
4,431,1773.0,77,terminated,2,0,0,2,1773.0,1,0,0,0,1,3,1,8,2,2,1,5,2,2,1,3,2,3,7,2,2,0,4,2,2,4,2,2,2,2
4,432,1180.0,70,terminated,0,0,0,1,1180.0,1,0,0,0,1,1,1,3,0,1,1,2,0,1,1,2,1,1,2,0,1,33,1,0,1,1,0,1,0,1
4,433,426.0,124,terminated,2,10,1,1,426.0,0,2,2,0,1,2,1,6,2,1,1,4,2,1,1,2,1,2,5,2,1,4,3,2,1,3,2,1,2,1
4,434,1580.0,70,terminated,2,0,0,1,1580.0,1,0,0,0,0,3,0,6,2,1,0,3,2,1,0,1,1,3,6,2,1,6,3,2,1,3,2,1,2,1
4,435,1328.0,122,terminated,0,0,0,2,1328.0,1,2,0,2,1,2,1,5,0,2,1,3,0,2,1,3,2,2,4,0,2,8,2,0,2,2,0,2,0,2
4,436,1578.0,72,terminated,2,0,0,1,1578.0,1,1,1,0,1,3,1,7,2,1,1,4,2,1,1,2,1,3,6,2,1,6,3,2,1,3,2,1,2,1
4,437,1171.0,79,terminated,1,0,0,0,1171.0,1,1,1,0,1,1,1,3,1,0,1,2,1,0,1,1,0,1,2,1,0,18,1,1,0,1,1,0,1,0
4,438,1168.0,82,terminated,1,0,0,0,1168.0,1,0,0,0,1,1,1,3,1,0,1,2,1,0,1,1,0,1,2,1,0,7,1,1,0,1,1,0,1,0
4,439,1548.0,102,terminated,1,0,0,2,1548.0,1,2,1,1,1,3,1,7,1,2,1,4,1,2,1,3,2,3,6,1,2,6,3,1,2,3,1,2,1,2
4,440,1367.0,83,terminated,1,0,0,1,1367.0,1,1,1,0,1,2,1,5,1,1,1,3,1,1,1,2,1,2,4,1,1,0,2,1,1,2,1,1,1,1
4,441,1578.0,72,terminated,2,0,0,1,1578.0,1,1,1,0,1,3,1,7,2,1,1,4,2,1,1,2,1,3,6,2,1,9,3,2,1,3,2,1,2,1
4,442,1369.0,81,terminated,0,0,0,2,1369.0,1,0,0,0,1,2,1,5,0,2,1,3,0,2,1,3,2,2,4,0,2,6,2,0,2,2,0,2,0,2
4,443,141.0,69,terminated,0,4,1,1,141.0,0,0,0,0,1,1,1,3,0,1,1,2,0,1,1,2,1,1,2,0,1,6,1,0,1,1,0,1,0,1
4,444,266.0,84,terminated,0,10,1,2,266.0,0,2,0,2,1,2,1,5,0,2,1,3,0,2,1,3,2,2,4,0,2,9,2,0,2,2,0,2,0,2
4,445,1576.0,74,terminated,1,0,0,2,1576.0,1,1,1,0,1,3,1,7,1,2,1,4,1,2,1,3,2,3,6,1,2,5,3,1,2,3,1,2,1,2
4,446,1550.0,100,terminated,2,0,0,1,1550.0,1,3,2,1,1,3,1,7,2,1,1,4,2,1,1,2,1,3,6,2,1,8,3,2,1,3,2,1,2,1
4,447,1370.0,80,terminated,0,0,0,2,1370.0,1,2,0,2,1,2,1,5,0,2,1,3,0,2,1,3,2,2,4,0,2,8,2,0,2,2,0,2,0,2
4,448,1372.0,78,terminated,0,0,0,2,1372.0,1,1,0,1,1,2,1,5,0,2,1,3,0,2,1,3,2,2,4,0,2,6,2,0,2,2,0,2,0,2
4,449,1365.0,85,terminated,1,0,0,1,1365.0,1,1,0,1,1,2,1,5,1,1,1,3,1,1,1,2,1,2,4,1,1,9,2,1,1,2,1,1,1,1
4,450,-253.0,113,terminated,1,39,1,0,-253.0,0,0,0,0,0,1,0,2,1,0,0,1,1,0,0,0,0,1,2,1,0,0,1,1,0,1,1,0,1,0
4,451,1580.0,70,terminated,2,0,0,1,1580.0,1,1,1,0,1,2,1,6,2,1,1,4,2,1,1,2,1,2,5,2,1,6,3,2,1,3,2,1,2,1
4,452,1526.0,124,terminated,2,0,0,1,1526.0,1,3,2,1,1,3,1,7,2,1,1,4,2,1,1,2,1,3,6,2,1,6,3,2,1,3,2,1,2,1
4,453,1570.0,80,terminated,2,0,0,1,1570.0,1,1,1,0,1,3,1,7,2,1,1,4,2,1,1,2,1,3,6,2,1,12,3,2,1,3,2,1,2,1
4,454,-149.0,19,terminated,0,38,1,1,-149.0,0,0,0,0,1,1,1,3,0,1,1,2,0,1,1,2,1,1,2,0,1,1,1,0,1,1,0,1,0,1
4,455,1361.0,89,terminated,0,0,0,2,1361.0,1,1,0,1,1,2,1,5,0,2,1,3,0,2,1,3,2,2,4,0,2,10,2,0,2,2,0,2,0,2
4,456,1580.0,70,terminated,2,0,0,1,1580.0,1,1,1,0,1,3,1,7,2,1,1,4,2,1,1,2,1,3,6,2,1,6,3,2,1,3,2,1,2,1
4,457,1575.0,75,terminated,1,0,0,2,1575.0,1,1,0,1,1,3,1,7,1,2,1,4,1,2,1,3,2,3,6,1,2,6,3,1,2,3,1,2,1,2
4,458,1166.0,84,terminated,0,0,0,1,1166.0,1,0,0,0,1,1,1,3,0,1,1,2,0,1,1,2,1,1,2,0,1,6,1,0,1,1,0,1,0,1
4,459,1376.0,74,terminated,1,0,0,1,1376.0,1,2,1,1,1,2,1,5,1,1,1,3,1,1,1,2,1,2,4,1,1,6,2,1,1,2,1,1,1,1
4,460,1778.0,72,terminated,2,0,0,2,1778.0,1,2,1,1,1,4,1,9,2,2,1,5,2,2,1,3,2,4,8,2,2,0,4,2,2,4,2,2,2,2
4,461,424.0,126,terminated,2,10,1,1,424.0,0,2,1,1,1,3,1,7,2,1,1,4,2,1,1,2,1,3,6,2,1,7,3,2,1,3,2,1,2,1
4,462,-149.0,19,terminated,1,38,1,0,-149.0,0,0,0,0,1,1,1,3,1,0,1,2,1,0,1,1,0,1,2,1,0,1,1,1,0,1,1,0,1,0
4,463,1580.0,70,terminated,1,0,0,2,1580.0,1,0,0,0,1,3,1,7,1,2,1,4,1,2,1,3,2,3,6,1,2,6,3,1,2,3,1,2,1,2
4,464,1378.0,72,terminated,1,0,0,1,1378.0,1,2,1,1,1,2,1,5,1,1,1,3,1,1,1,2,1,2,4,1,1,6,2,1,1,2,1,1,1,1
4,465,32.0,38,terminated,1,38,1,1,32.0,0,0,0,0,1,2,1,5,1,1,1,3,1,1,1,2,1,2,4,1,1,0,2,1,1,2,1,1,1,1
4,466,1356.0,94,terminated,0,0,0,2,1356.0,1,1,0,1,1,2,1,5,0,2,1,3,0,2,1,3,2,2,4,0,2,12,2,0,2,2,0,2,0,2
4,467,1574.0,76,terminated,2,0,0,1,1574.0,1,2,2,0,1,3,1,7,2,1,1,4,2,1,1,2,1,3,6,2,1,6,3,2,1,3,2,1,2,1
4,468,1574.0,76,terminated,1,0,0,2,1574.0,1,0,0,0,1,3,1,7,1,2,1,4,1,2,1,3,2,3,6,1,2,8,3,1,2,3,1,2,1,2
4,469,1579.0,71,terminated,2,0,0,1,1579.0,1,1,1,0,1,3,1,7,2,1,1,4,2,1,1,2,1,3,6,2,1,3,3,2,1,3,2,1,2,1
4,470,1296.0,154,terminated,1,0,0,1,1296.0,1,2,1,1,1,2,1,5,1,1,1,3,1,1,1,2,1,2,4,1,1,6,2,1,1,2,1,1,1,1
4,471,456.0,74,terminated,2,12,1,1,456.0,0,2,1,1,1,3,1,7,2,1,1,4,2,1,1,2,1,3,6,2,1,5,3,2,1,3,2,1,2,1
4,472,464.0,66,terminated,2,12,1,1,464.0,0,1,1,0,1,3,1,7,2,1,1,4,2,1,1,2,1,3,6,2,1,6,3,2,1,3,2,1,2,1
4,473,-158.0,18,terminated,1,39,1,0,-158.0,0,0,0,0,1,1,1,3,1,0,1,2,1,0,1,1,0,1,2,1,0,0,1,1,0,1,1,0,1,0
4,474,1773.0,77,terminated,2,0,0,2,1773.0,1,2,2,0,1,4,1,9,2,2,1,5,2,2,1,3,2,4,8,2,2,3,4,2,2,4,2,2,2,2
4,475,1580.0,70,terminated,2,0,0,1,1580.0,1,1,0,1,0,3,0,6,2,1,0,3,2,1,0,1,1,3,6,2,1,0,3,2,1,3,2,1,2,1
4,476,1380.0,70,terminated,2,0,0,0,1380.0,1,1,1,0,1,2,1,5,2,0,1,3,2,0,1,1,0,2,4,2,0,6,2,2,0,2,2,0,2,0
4,477,1578.0,72,terminated,2,0,0,1,1578.0,1,2,1,1,1,3,1,7,2,1,1,4,2,1,1,2,1,3,6,2,1,5,3,2,1,3,2,1,2,1
4,478,353.0,77,terminated,1,2,1,1,353.0,0,1,0,1,1,2,1,5,1,1,1,3,1,1,1,2,1,2,4,1,1,6,2,1,1,2,1,1,1,1
4,479,1576.0,74,terminated,2,0,0,1,1576.0,1,0,0,0,1,3,1,7,2,1,1,4,2,1,1,2,1,3,6,2,1,0,3,2,1,3,2,1,2,1
4,480,1348.0,102,terminated,1,0,0,1,1348.0,1,1,1,0,0,2,0,4,1,1,0,2,1,1,0,1,1,2,4,1,1,6,2,1,1,2,1,1,1,1
4,481,1574.0,76,terminated,1,0,0,2,1574.0,1,1,0,1,1,3,1,7,1,2,1,4,1,2,1,3,2,3,6,1,2,8,3,1,2,3,1,2,1,2
4,482,1577.0,73,terminated,2,0,0,1,1577.0,1,0,0,0,1,2,1,6,2,1,1,4,2,1,1,2,1,2,5,2,1,0,3,2,1,3,2,1,2,1
4,483,1368.0,82,terminated,2,0,0,0,1368.0,1,2,2,0,1,2,1,5,2,0,1,3,2,0,1,1,0,2,4,2,0,9,2,2,0,2,2,0,2,0
4,484,1578.0,72,terminated,2,0,0,1,1578.0,1,1,1,0,1,2,1,6,2,1,1,4,2,1,1,2,1,2,5,2,1,0,3,2,1,3,2,1,2,1
4,485,1546.0,104,terminated,1,0,0,2,1546.0,1,2,1,1,1,3,1,7,1,2,1,4,1,2,1,3,2,3,6,1,2,7,3,1,2,3,1,2,1,2
4,486,232.0,68,terminated,1,15,1,1,232.0,0,1,1,0,1,2,1,5,1,1,1,3,1,1,1,2,1,2,4,1,1,14,2,1,1,2,1,1,1,1
4,487,1378.0,72,terminated,1,0,0,1,1378.0,1,0,0,0,1,2,1,5,1,1,1,3,1,1,1,2,1,2,4,1,1,6,2,1,1,2,1,1,1,1
4,488,1379.0,71,terminated,1,0,0,1,1379.0,1,1,0,1,1,2,1,5,1,1,1,3,1,1,1,2,1,2,4,1,1,5,2,1,1,2,1,1,1,1
4,489,1774.0,76,terminated,2,0,0,2,1774.0,1,0,0,0,0,4,0,8,2,2,0,4,2,2,0,2,2,4,8,2,2,0,4,2,2,4,2,2,2,2
4,490,1180.0,70,terminated,0,0,0,1,1180.0,1,1,0,1,1,1,1,3,0,1,1,2,0,1,1,2,1,1,2,0,1,6,1,0,1,1,0,1,0,1
4,491,941.0,109,terminated,0,0,0,0,941.0,1,0,0,0,1,0,1,1,0,0,1,1,0,0,1,1,0,0,0,0,0,42,0,0,0,0,0,0,0,0
4,492,669.0,71,terminated,2,11,1,2,669.0,0,4,2,2,1,4,1,9,2,2,1,5,2,2,1,3,2,4,8,2,2,1,4,2,2,4,2,2,2,2
4,493,1576.0,74,terminated,1,0,0,2,1576.0,1,2,1,1,1,3,1,7,1,2,1,4,1,2,1,3,2,3,6,1,2,4,3,1,2,3,1,2,1,2
4,494,1575.0,75,terminated,1,0,0,2,1575.0,1,1,0,1,1,2,1,6,1,2,1,4,1,2,1,3,2,2,5,1,2,0,3,1,2,3,1,2,1,2
4,495,1365.0,85,terminated,0,0,0,2,1365.0,1,1,0,1,1,2,1,5,0,2,1,3,0,2,1,3,2,2,4,0,2,6,2,0,2,2,0,2,0,2
4,496,-301.0,221,terminated,0,33,1,1,-301.0,0,0,0,0,1,1,1,3,0,1,1,2,0,1,1,2,1,1,2,0,1,4,1,0,1,1,0,1,0,1
4,497,1376.0,74,terminated,1,0,0,1,1376.0,1,1,1,0,1,2,1,5,1,1,1,3,1,1,1,2,1,2,4,1,1,6,2,1,1,2,1,1,1,1
4,498,657.0,103,terminated,2,9,1,2,657.0,0,3,2,1,1,4,1,9,2,2,1,5,2,2,1,3,2,4,8,2,2,6,4,2,2,4,2,2,2,2
4,499,1556.0,94,terminated,2,0,0,1,1556.0,1,2,1,1,1,3,1,7,2,1,1,4,2,1,1,2,1,3,6,2,1,21,3,2,1,3,2,1,2,1
4,500,1706.0,144,terminated,2,0,0,2,1706.0,1,3,1,2,1,4,1,9,2,2,1,5,2,2,1,3,2,4,8,2,2,2,4,2,2,4,2,2,2,2
4,501,1570.0,80,terminated,2,0,0,1,1570.0,1,1,1,0,1,3,1,7,2,1,1,4,2,1,1,2,1,3,6,2,1,0,3,2,1,3,2,1,2,1
4,502,1773.0,77,terminated,2,0,0,2,1773.0,1,3,2,1,1,4,1,9,2,2,1,5,2,2,1,3,2,4,8,2,2,3,4,2,2,4,2,2,2,2
4,503,1546.0,104,terminated,1,0,0,2,1546.0,1,2,0,2,1,3,1,7,1,2,1,4,1,2,1,3,2,3,6,1,2,8,3,1,2,3,1,2,1,2
4,504,199.0,191,terminated,2,6,1,0,199.0,0,1,1,0,1,2,1,5,2,0,1,3,2,0,1,1,0,2,4,2,0,6,2,2,0,2,2,0,2,0
4,505,1174.0,76,terminated,0,0,0,1,1174.0,1,0,0,0,1,1,1,3,0,1,1,2,0,1,1,2,1,1,2,0,1,6,1,0,1,1,0,1,0,1
4,506,-168.0,18,terminated,1,40,1,0,-168.0,0,0,0,0,0,1,0,2,1,0,0,1,1,0,0,0,0,1,2,1,0,0,1,1,0,1,1,0,1,0
4,507,1578.0,72,terminated,1,0,0,2,1578.0,1,1,1,0,1,3,1,7,1,2,1,4,1,2,1,3,2,3,6,1,2,0,3,1,2,3,1,2,1,2
4,508,145.0,75,terminated,0,3,1,1,145.0,0,0,0,0,1,1,1,3,0,1,1,2,0,1,1,2,1,1,2,0,1,6,1,0,1,1,0,1,0,1
4,509,1139.0,111,terminated,1,0,0,0,1139.0,1,1,1,0,1,1,1,3,1,0,1,2,1,0,1,1,0,1,2,1,0,17,1,1,0,1,1,0,1,0
4,510,1365.0,85,terminated,1,0,0,1,1365.0,1,2,1,1,1,2,1,5,1,1,1,3,1,1,1,2,1,2,4,1,1,6,2,1,1,2,1,1,1,1
4,511,1578.0,72,terminated,2,0,0,1,1578.0,1,1,0,1,1,3,1,7,2,1,1,4,2,1,1,2,1,3,6,2,1,3,3,2,1,3,2,1,2,1
4,512,1361.0,89,terminated,1,0,0,1,1361.0,1,0,0,0,1,2,1,5,1,1,1,3,1,1,1,2,1,2,4,1,1,0,2,1,1,2,1,1,1,1
4,513,1574.0,76,terminated,2,0,0,1,1574.0,1,3,2,1,1,3,1,7,2,1,1,4,2,1,1,2,1,3,6,2,1,5,3,2,1,3,2,1,2,1
4,514,1576.0,74,terminated,1,0,0,2,1576.0,1,0,0,0,1,3,1,7,1,2,1,4,1,2,1,3,2,3,6,1,2,0,3,1,2,3,1,2,1,2
4,515,1773.0,77,terminated,2,0,0,2,1773.0,1,3,2,1,1,4,1,9,2,2,1,5,2,2,1,3,2,4,8,2,2,6,4,2,2,4,2,2,2,2
4,516,339.0,101,terminated,1,1,1,1,339.0,0,0,0,0,1,1,1,4,1,1,1,3,1,1,1,2,1,1,3,1,1,4,2,1,1,2,1,1,1,1
4,517,1578.0,72,terminated,2,0,0,1,1578.0,1,2,1,1,1,3,1,7,2,1,1,4,2,1,1,2,1,3,6,2,1,6,3,2,1,3,2,1,2,1
4,518,145.0,95,terminated,1,1,1,0,145.0,0,1,1,0,1,1,1,3,1,0,1,2,1,0,1,1,0,1,2,1,0,36,1,1,0,1,1,0,1,0
4,519,1178.0,72,terminated,1,0,0,0,1178.0,1,0,0,0,1,1,1,3,1,0,1,2,1,0,1,1,0,1,2,1,0,6,1,1,0,1,1,0,1,0
4,520,1580.0,70,terminated,2,0,0,1,1580.0,1,1,1,0,1,3,1,7,2,1,1,4,2,1,1,2,1,3,6,2,1,6,3,2,1,3,2,1,2,1
4,521,1142.0,108,terminated,1,0,0,0,1142.0,1,1,1,0,1,1,1,3,1,0,1,2,1,0,1,1,0,1,2,1,0,6,1,1,0,1,1,0,1,0
4,522,622.0,118,terminated,2,11,1,2,622.0,0,3,2,1,1,4,1,9,2,2,1,5,2,2,1,3,2,4,8,2,2,2,4,2,2,4,2,2,2,2
4,523,1376.0,74,terminated,0,0,0,2,1376.0,1,1,0,1,1,2,1,5,0,2,1,3,0,2,1,3,2,2,4,0,2,6,2,0,2,2,0,2,0,2
4,524,1380.0,70,terminated,1,0,0,1,1380.0,1,1,0,1,1,2,1,5,1,1,1,3,1,1,1,2,1,2,4,1,1,6,2,1,1,2,1,1,1,1
4,525,1568.0,82,terminated,1,0,0,2,1568.0,1,2,1,1,1,3,1,7,1,2,1,4,1,2,1,3,2,3,6,1,2,1,3,1,2,3,1,2,1,2
4,526,1380.0,70,terminated,2,0,0,0,1380.0,1,2,2,0,1,2,1,5,2,0,1,3,2,0,1,1,0,2,4,2,0,6,2,2,0,2,2,0,2,0
4,527,1374.0,76,terminated,2,0,0,0,1374.0,1,2,2,0,1,2,1,5,2,0,1,3,2,0,1,1,0,2,4,2,0,6,2,2,0,2,2,0,2,0
4,528,1370.0,80,terminated,0,0,0,2,1370.0,1,0,0,0,1,2,1,5,0,2,1,3,0,2,1,3,2,2,4,0,2,6,2,0,2,2,0,2,0,2
4,529,1372.0,78,terminated,1,0,0,1,1372.0,1,1,1,0,1,2,1,5,1,1,1,3,1,1,1,2,1,2,4,1,1,6,2,1,1,2,1,1,1,1
4,530,1774.0,76,terminated,2,0,0,2,1774.0,1,1,1,0,1,4,1,9,2,2,1,5,2,2,1,3,2,4,8,2,2,0,4,2,2,4,2,2,2,2
4,531,1368.0,82,terminated,1,0,0,1,1368.0,1,1,0,1,1,2,1,5,1,1,1,3,1,1,1,2,1,2,4,1,1,6,2,1,1,2,1,1,1,1
4,532,1574.0,76,terminated,1,0,0,2,1574.0,1,3,1,2,1,3,1,7,1,2,1,4,1,2,1,3,2,3,6,1,2,3,3,1,2,3,1,2,1,2
4,533,1177.0,73,terminated,0,0,0,1,1177.0,1,0,0,0,1,1,1,3,0,1,1,2,0,1,1,2,1,1,2,0,1,6,1,0,1,1,0,1,0,1
4,534,1576.0,74,terminated,1,0,0,2,1576.0,1,2,1,1,1,3,1,7,1,2,1,4,1,2,1,3,2,3,6,1,2,5,3,1,2,3,1,2,1,2
4,535,345.0,75,terminated,0,3,1,2,345.0,0,1,0,1,1,2,1,5,0,2,1,3,0,2,1,3,2,2,4,0,2,6,2,0,2,2,0,2,0,2
4,536,-149.0,19,terminated,0,38,1,1,-149.0,0,0,0,0,1,1,1,3,0,1,1,2,0,1,1,2,1,1,2,0,1,1,1,0,1,1,0,1,0,1
4,537,530.0,90,terminated,1,3,1,2,530.0,0,1,0,1,1,3,1,7,1,2,1,4,1,2,1,3,2,3,6,1,2,0,3,1,2,3,1,2,1,2
4,538,248.0,92,terminated,2,11,1,0,248.0,0,1,1,0,1,2,1,5,2,0,1,3,2,0,1,1,0,2,4,2,0,6,2,2,0,2,2,0,2,0
4,539,1578.0,72,terminated,2,0,0,1,1578.0,1,1,0,1,1,3,1,7,2,1,1,4,2,1,1,2,1,3,6,2,1,6,3,2,1,3,2,1,2,1
4,540,514.0,86,terminated,1,5,1,2,514.0,0,2,1,1,1,3,1,7,1,2,1,4,1,2,1,3,2,3,6,1,2,9,3,1,2,3,1,2,1,2
4,541,1570.0,80,terminated,1,0,0,2,1570.0,1,2,1,1,1,3,1,7,1,2,1,4,1,2,1,3,2,3,6,1,2,6,3,1,2,3,1,2,1,2
4,542,1355.0,95,terminated,1,0,0,1,1355.0,1,2,1,1,1,2,1,5,1,1,1,3,1,1,1,2,1,2,4,1,1,6,2,1,1,2,1,1,1,1
4,543,1555.0,95,terminated,2,0,0,1,1555.0,1,1,1,0,1,3,1,7,2,1,1,4,2,1,1,2,1,3,6,2,1,6,3,2,1,3,2,1,2,1
4,544,569.0,71,terminated,1,1,1,2,569.0,0,1,0,1,0,3,0,6,1,2,0,3,1,2,0,2,2,3,6,1,2,6,3,1,2,3,1,2,1,2
4,545,546.0,84,terminated,2,2,1,1,546.0,0,1,1,0,1,2,1,6,2,1,1,4,2,1,1,2,1,2,5,2,1,8,3,2,1,3,2,1,2,1
4,546,1376.0,74,terminated,2,0,0,0,1376.0,1,1,1,0,1,2,1,5,2,0,1,3,2,0,1,1,0,2,4,2,0,6,2,2,0,2,2,0,2,0
4,547,1178.0,72,terminated,0,0,0,1,1178.0,1,0,0,0,1,1,1,3,0,1,1,2,0,1,1,2,1,1,2,0,1,6,1,0,1,1,0,1,0,1
4,548,1168.0,82,terminated,1,0,0,0,1168.0,1,0,0,0,1,1,1,3,1,0,1,2,1,0,1,1,0,1,2,1,0,9,1,1,0,1,1,0,1,0
4,549,454.0,76,terminated,1,12,1,2,454.0,0,2,0,2,1,3,1,7,1,2,1,4,1,2,1,3,2,3,6,1,2,0,3,1,2,3,1,2,1,2
4,550,1577.0,73,terminated,2,0,0,1,1577.0,1,2,1,1,1,3,1,7,2,1,1,4,2,1,1,2,1,3,6,2,1,6,3,2,1,3,2,1,2,1
4,551,1380.0,70,terminated,2,0,0,0,1380.0,1,1,1,0,1,2,1,5,2,0,1,3,2,0,1,1,0,2,4,2,0,6,2,2,0,2,2,0,2,0
4,552,1568.0,82,terminated,1,0,0,2,1568.0,1,1,0,1,1,3,1,7,1,2,1,4,1,2,1,3,2,3,6,1,2,0,3,1,2,3,1,2,1,2
4,553,1576.0,74,terminated,2,0,0,1,1576.0,1,1,1,0,1,3,1,7,2,1,1,4,2,1,1,2,1,3,6,2,1,6,3,2,1,3,2,1,2,1
4,554,1342.0,108,terminated,1,0,0,1,1342.0,1,1,1,0,1,2,1,5,1,1,1,3,1,1,1,2,1,2,4,1,1,6,2,1,1,2,1,1,1,1
4,555,1135.0,115,terminated,0,0,0,1,1135.0,1,1,0,1,1,1,1,3,0,1,1,2,0,1,1,2,1,1,2,0,1,26,1,0,1,1,0,1,0,1
4,556,1178.0,72,terminated,0,0,0,1,1178.0,1,0,0,0,1,1,1,3,0,1,1,2,0,1,1,2,1,1,2,0,1,6,1,0,1,1,0,1,0,1
4,557,1376.0,74,terminated,1,0,0,1,1376.0,1,2,1,1,1,2,1,5,1,1,1,3,1,1,1,2,1,2,4,1,1,8,2,1,1,2,1,1,1,1
4,558,220.0,130,terminated,1,10,1,1,220.0,0,1,0,1,1,2,1,5,1,1,1,3,1,1,1,2,1,2,4,1,1,6,2,1,1,2,1,1,1,1
4,559,1373.0,77,terminated,2,0,0,0,1373.0,1,1,1,0,1,2,1,5,2,0,1,3,2,0,1,1,0,2,4,2,0,6,2,2,0,2,2,0,2,0
4,560,1570.0,80,terminated,2,0,0,1,1570.0,1,0,0,0,1,3,1,7,2,1,1,4,2,1,1,2,1,3,6,2,1,0,3,2,1,3,2,1,2,1
4,561,1573.0,77,terminated,2,0,0,1,1573.0,1,2,1,1,1,2,1,6,2,1,1,4,2,1,1,2,1,2,5,2,1,6,3,2,1,3,2,1,2,1
4,562,1379.0,71,terminated,1,0,0,1,1379.0,1,2,1,1,1,1,1,4,1,1,1,3,1,1,1,2,1,1,3,1,1,2,2,1,1,2,1,1,1,1
4,563,1377.0,73,terminated,1,0,0,1,1377.0,1,1,1,0,1,2,1,5,1,1,1,3,1,1,1,2,1,2,4,1,1,6,2,1,1,2,1,1,1,1
4,564,1578.0,72,terminated,2,0,0,1,1578.0,1,0,0,0,1,3,1,7,2,1,1,4,2,1,1,2,1,3,6,2,1,6,3,2,1,3,2,1,2,1
4,565,1174.0,76,terminated,1,0,0,0,1174.0,1,0,0,0,1,1,1,3,1,0,1,2,1,0,1,1,0,1,2,1,0,6,1,1,0,1,1,0,1,0
4,566,-158.0,18,terminated,1,39,1,0,-158.0,0,0,0,0,1,1,1,3,1,0,1,2,1,0,1,1,0,1,2,1,0,0,1,1,0,1,1,0,1,0
4,567,1348.0,102,terminated,1,0,0,1,1348.0,1,2,1,1,1,2,1,5,1,1,1,3,1,1,1,2,1,2,4,1,1,6,2,1,1,2,1,1,1,1
4,568,1235.0,215,terminated,1,0,0,1,1235.0,1,1,0,1,1,2,1,5,1,1,1,3,1,1,1,2,1,2,4,1,1,21,2,1,1,2,1,1,1,1
4,569,1380.0,70,terminated,1,0,0,1,1380.0,1,1,0,1,1,2,1,5,1,1,1,3,1,1,1,2,1,2,4,1,1,2,2,1,1,2,1,1,1,1
4,570,1161.0,89,terminated,1,0,0,0,1161.0,1,1,1,0,1,1,1,3,1,0,1,2,1,0,1,1,0,1,2,1,0,13,1,1,0,1,1,0,1,0
4,571,1572.0,78,terminated,2,0,0,1,1572.0,1,2,1,1,1,3,1,7,2,1,1,4,2,1,1,2,1,3,6,2,1,8,3,2,1,3,2,1,2,1
4,572,611.0,149,terminated,2,9,1,2,611.0,0,4,2,2,1,3,1,8,2,2,1,5,2,2,1,3,2,3,7,2,2,3,4,2,2,4,2,2,2,2
4,573,1552.0,98,terminated,1,0,0,2,1552.0,1,2,1,1,1,3,1,7,1,2,1,4,1,2,1,3,2,3,6,1,2,6,3,1,2,3,1,2,1,2
4,574,1375.0,75,terminated,1,0,0,1,1375.0,1,1,1,0,1,2,1,5,1,1,1,3,1,1,1,2,1,2,4,1,1,6,2,1,1,2,1,1,1,1
4,575,284.0,76,terminated,2,9,1,0,284.0,0,0,0,0,1,2,1,5,2,0,1,3,2,0,1,1,0,2,4,2,0,6,2,2,0,2,2,0,2,0
4,576,1563.0,87,terminated,1,0,0,2,1563.0,1,2,0,2,1,3,1,7,1,2,1,4,1,2,1,3,2,3,6,1,2,6,3,1,2,3,1,2,1,2
4,577,1371.0,79,terminated,1,0,0,1,1371.0,1,1,1,0,1,2,1,5,1,1,1,3,1,1,1,2,1,2,4,1,1,6,2,1,1,2,1,1,1,1
4,578,1373.0,77,terminated,1,0,0,1,1373.0,1,1,1,0,1,2,1,5,1,1,1,3,1,1,1,2,1,2,4,1,1,2,2,1,1,2,1,1,1,1
4,579,1774.0,76,terminated,2,0,0,2,1774.0,1,3,2,1,1,4,1,9,2,2,1,5,2,2,1,3,2,4,8,2,2,1,4,2,2,4,2,2,2,2
4,580,1179.0,71,terminated,0,0,0,1,1179.0,1,0,0,0,1,1,1,3,0,1,1,2,0,1,1,2,1,1,2,0,1,6,1,0,1,1,0,1,0,1
4,581,1374.0,76,terminated,1,0,0,1,1374.0,1,2,1,1,1,1,1,4,1,1,1,3,1,1,1,2,1,1,3,1,1,1,2,1,1,2,1,1,1,1
4,582,1568.0,82,terminated,1,0,0,2,1568.0,1,2,1,1,1,3,1,7,1,2,1,4,1,2,1,3,2,3,6,1,2,7,3,1,2,3,1,2,1,2
4,583,1578.0,72,terminated,2,0,0,1,1578.0,1,1,0,1,1,3,1,7,2,1,1,4,2,1,1,2,1,3,6,2,1,6,3,2,1,3,2,1,2,1
4,584,1376.0,74,terminated,2,0,0,0,1376.0,1,0,0,0,1,2,1,5,2,0,1,3,2,0,1,1,0,2,4,2,0,6,2,2,0,2,2,0,2,0
4,585,1348.0,102,terminated,1,0,0,1,1348.0,1,2,1,1,1,2,1,5,1,1,1,3,1,1,1,2,1,2,4,1,1,17,2,1,1,2,1,1,1,1
4,586,1180.0,70,terminated,1,0,0,0,1180.0,1,0,0,0,1,1,1,3,1,0,1,2,1,0,1,1,0,1,2,1,0,6,1,1,0,1,1,0,1,0
4,587,1380.0,70,terminated,0,0,0,2,1380.0,1,0,0,0,1,2,1,5,0,2,1,3,0,2,1,3,2,2,4,0,2,6,2,0,2,2,0,2,0,2
4,588,1174.0,76,terminated,0,0,0,1,1174.0,1,1,0,1,1,1,1,3,0,1,1,2,0,1,1,2,1,1,2,0,1,7,1,0,1,1,0,1,0,1
4,589,1377.0,73,terminated,2,0,0,0,1377.0,1,2,2,0,1,2,1,5,2,0,1,3,2,0,1,1,0,2,4,2,0,6,2,2,0,2,2,0,2,0
4,590,1380.0,70,terminated,2,0,0,0,1380.0,1,2,2,0,1,2,1,5,2,0,1,3,2,0,1,1,0,2,4,2,0,6,2,2,0,2,2,0,2,0
4,591,1555.0,95,terminated,1,0,0,2,1555.0,1,2,1,1,1,3,1,7,1,2,1,4,1,2,1,3,2,3,6,1,2,6,3,1,2,3,1,2,1,2
4,592,1377.0,73,terminated,1,0,0,1,1377.0,1,1,1,0,1,2,1,5,1,1,1,3,1,1,1,2,1,2,4,1,1,3,2,1,1,2,1,1,1,1
4,593,1568.0,82,terminated,2,0,0,1,1568.0,1,3,2,1,1,3,1,7,2,1,1,4,2,1,1,2,1,3,6,2,1,1,3,2,1,3,2,1,2,1
4,594,-149.0,19,terminated,0,38,1,1,-149.0,0,0,0,0,1,1,1,3,0,1,1,2,0,1,1,2,1,1,2,0,1,1,1,0,1,1,0,1,0,1
4,595,1380.0,70,terminated,2,0,0,0,1380.0,1,2,2,0,1,2,1,5,2,0,1,3,2,0,1,1,0,2,4,2,0,6,2,2,0,2,2,0,2,0
4,596,1568.0,82,terminated,2,0,0,1,1568.0,1,2,1,1,1,3,1,7,2,1,1,4,2,1,1,2,1,3,6,2,1,7,3,2,1,3,2,1,2,1
4,597,1579.0,71,terminated,1,0,0,2,1579.0,1,1,1,0,1,3,1,7,1,2,1,4,1,2,1,3,2,3,6,1,2,6,3,1,2,3,1,2,1,2
4,598,305.0,95,terminated,1,5,1,1,305.0,0,1,0,1,1,2,1,5,1,1,1,3,1,1,1,2,1,2,4,1,1,6,2,1,1,2,1,1,1,1
4,599,1570.0,80,terminated,1,0,0,2,1570.0,1,2,0,2,1,3,1,7,1,2,1,4,1,2,1,3,2,3,6,1,2,10,3,1,2,3,1,2,1,2
4,600,1778.0,72,terminated,2,0,0,2,1778.0,1,0,0,0,1,4,1,9,2,2,1,5,2,2,1,3,2,4,8,2,2,0,4,2,2,4,2,2,2,2
4,601,1568.0,82,terminated,1,0,0,2,1568.0,1,1,0,1,1,3,1,7,1,2,1,4,1,2,1,3,2,3,6,1,2,6,3,1,2,3,1,2,1,2
4,602,1573.0,77,terminated,1,0,0,2,1573.0,1,2,1,1,1,3,1,7,1,2,1,4,1,2,1,3,2,3,6,1,2,1,3,1,2,3,1,2,1,2
4,603,1776.0,74,terminated,2,0,0,2,1776.0,1,1,0,1,1,4,1,9,2,2,1,5,2,2,1,3,2,4,8,2,2,3,4,2,2,4,2,2,2,2
4,604,550.0,70,terminated,1,3,1,2,550.0,0,0,0,0,1,3,1,7,1,2,1,4,1,2,1,3,2,3,6,1,2,0,3,1,2,3,1,2,1,2
4,605,1175.0,75,terminated,1,0,0,0,1175.0,1,0,0,0,1,1,1,3,1,0,1,2,1,0,1,1,0,1,2,1,0,7,1,1,0,1,1,0,1,0
4,606,1580.0,70,terminated,1,0,0,2,1580.0,1,0,0,0,0,3,0,6,1,2,0,3,1,2,0,2,2,3,6,1,2,0,3,1,2,3,1,2,1,2
4,607,1373.0,77,terminated,1,0,0,1,1373.0,1,0,0,0,1,2,1,5,1,1,1,3,1,1,1,2,1,2,4,1,1,6,2,1,1,2,1,1,1,1
4,608,1767.0,83,terminated,2,0,0,2,1767.0,1,4,2,2,1,3,1,8,2,2,1,5,2,2,1,3,2,3,7,2,2,1,4,2,2,4,2,2,2,2
4,609,1578.0,72,terminated,2,0,0,1,1578.0,1,1,1,0,1,3,1,7,2,1,1,4,2,1,1,2,1,3,6,2,1,6,3,2,1,3,2,1,2,1
4,610,278.0,112,terminated,1,6,1,1,278.0,0,2,1,1,1,2,1,5,1,1,1,3,1,1,1,2,1,2,4,1,1,15,2,1,1,2,1,1,1,1
4,611,1571.0,79,terminated,2,0,0,1,1571.0,1,1,1,0,1,2,1,6,2,1,1,4,2,1,1,2,1,2,5,2,1,0,3,2,1,3,2,1,2,1
4,612,1776.0,74,terminated,2,0,0,2,1776.0,1,2,2,0,1,4,1,9,2,2,1,5,2,2,1,3,2,4,8,2,2,6,4,2,2,4,2,2,2,2
4,613,279.0,71,terminated,0,10,1,2,279.0,0,1,0,1,1,2,1,5,0,2,1,3,0,2,1,3,2,2,4,0,2,6,2,0,2,2,0,2,0,2
4,614,1578.0,72,terminated,1,0,0,2,1578.0,1,1,0,1,1,3,1,7,1,2,1,4,1,2,1,3,2,3,6,1,2,0,3,1,2,3,1,2,1,2
4,615,1369.0,81,terminated,1,0,0,1,1369.0,1,0,0,0,1,2,1,5,1,1,1,3,1,1,1,2,1,2,4,1,1,6,2,1,1,2,1,1,1,1
4,616,1578.0,72,terminated,2,0,0,1,1578.0,1,2,1,1,1,2,1,6,2,1,1,4,2,1,1,2,1,2,5,2,1,0,3,2,1,3,2,1,2,1
4,617,688.0,72,terminated,2,9,1,2,688.0,0,3,1,2,1,3,1,8,2,2,1,5,2,2,1,3,2,3,7,2,2,4,4,2,2,4,2,2,2,2
4,618,297.0,93,terminated,0,6,1,2,297.0,0,1,0,1,1,2,1,5,0,2,1,3,0,2,1,3,2,2,4,0,2,6,2,0,2,2,0,2,0,2
4,619,1370.0,80,terminated,1,0,0,1,1370.0,1,1,0,1,1,2,1,5,1,1,1,3,1,1,1,2,1,2,4,1,1,31,2,1,1,2,1,1,1,1
4,620,1548.0,102,terminated,2,0,0,1,1548.0,1,2,1,1,1,3,1,7,2,1,1,4,2,1,1,2,1,3,6,2,1,6,3,2,1,3,2,1,2,1
4,621,1759.0,91,terminated,2,0,0,2,1759.0,1,2,0,2,1,4,1,9,2,2,1,5,2,2,1,3,2,4,8,2,2,4,4,2,2,4,2,2,2,2
4,622,1375.0,75,terminated,0,0,0,2,1375.0,1,1,0,1,1,2,1,5,0,2,1,3,0,2,1,3,2,2,4,0,2,6,2,0,2,2,0,2,0,2
4,623,1778.0,72,terminated,2,0,0,2,1778.0,1,2,1,1,1,4,1,9,2,2,1,5,2,2,1,3,2,4,8,2,2,5,4,2,2,4,2,2,2,2
4,624,1580.0,70,terminated,2,0,0,1,1580.0,1,1,1,0,1,3,1,7,2,1,1,4,2,1,1,2,1,3,6,2,1,6,3,2,1,3,2,1,2,1
4,625,-59.0,69,terminated,0,4,1,0,-59.0,0,0,0,0,1,0,1,1,0,0,1,1,0,0,1,1,0,0,0,0,0,34,0,0,0,0,0,0,0,0
4,626,60.0,20,terminated,1,37,1,1,60.0,0,0,0,0,1,2,1,5,1,1,1,3,1,1,1,2,1,2,4,1,1,0,2,1,1,2,1,1,1,1
4,627,1178.0,72,terminated,1,0,0,0,1178.0,1,0,0,0,1,1,1,3,1,0,1,2,1,0,1,1,0,1,2,1,0,6,1,1,0,1,1,0,1,0
4,628,1570.0,80,terminated,2,0,0,1,1570.0,1,1,1,0,1,3,1,7,2,1,1,4,2,1,1,2,1,3,6,2,1,5,3,2,1,3,2,1,2,1
4,629,1572.0,78,terminated,1,0,0,2,1572.0,1,2,0,2,1,3,1,7,1,2,1,4,1,2,1,3,2,3,6,1,2,10,3,1,2,3,1,2,1,2
4,630,1780.0,70,terminated,2,0,0,2,1780.0,1,2,1,1,1,4,1,9,2,2,1,5,2,2,1,3,2,4,8,2,2,0,4,2,2,4,2,2,2,2
4,631,1369.0,81,terminated,2,0,0,0,1369.0,1,1,1,0,1,2,1,5,2,0,1,3,2,0,1,1,0,2,4,2,0,12,2,2,0,2,2,0,2,0
4,632,1089.0,161,terminated,1,0,0,0,1089.0,1,1,1,0,1,1,1,3,1,0,1,2,1,0,1,1,0,1,2,1,0,6,1,1,0,1,1,0,1,0
4,633,438.0,102,terminated,2,11,1,1,438.0,0,2,1,1,1,3,1,7,2,1,1,4,2,1,1,2,1,3,6,2,1,1,3,2,1,3,2,1,2,1
4,634,1575.0,75,terminated,2,0,0,1,1575.0,1,1,1,0,1,3,1,7,2,1,1,4,2,1,1,2,1,3,6,2,1,1,3,2,1,3,2,1,2,1
4,635,1376.0,74,terminated,0,0,0,2,1376.0,1,0,0,0,1,2,1,5,0,2,1,3,0,2,1,3,2,2,4,0,2,6,2,0,2,2,0,2,0,2
4,636,1767.0,83,terminated,2,0,0,2,1767.0,1,1,0,1,1,4,1,9,2,2,1,5,2,2,1,3,2,4,8,2,2,0,4,2,2,4,2,2,2,2
4,637,1519.0,131,terminated,2,0,0,1,1519.0,1,3,2,1,1,3,1,7,2,1,1,4,2,1,1,2,1,3,6,2,1,6,3,2,1,3,2,1,2,1
4,638,143.0,77,terminated,1,3,1,0,143.0,0,0,0,0,1,1,1,3,1,0,1,2,1,0,1,1,0,1,2,1,0,8,1,1,0,1,1,0,1,0
4,639,1778.0,72,terminated,2,0,0,2,1778.0,1,2,1,1,1,4,1,9,2,2,1,5,2,2,1,3,2,4,8,2,2,0,4,2,2,4,2,2,2,2
4,640,48.0,32,terminated,1,37,1,1,48.0,0,0,0,0,0,2,0,4,1,1,0,2,1,1,0,1,1,2,4,1,1,0,2,1,1,2,1,1,1,1
4,641,459.0,91,terminated,1,10,1,2,459.0,0,2,1,1,1,3,1,7,1,2,1,4,1,2,1,3,2,3,6,1,2,6,3,1,2,3,1,2,1,2
4,642,1554.0,96,terminated,1,0,0,2,1554.0,1,1,0,1,1,3,1,7,1,2,1,4,1,2,1,3,2,3,6,1,2,0,3,1,2,3,1,2,1,2
4,643,1310.0,140,terminated,1,0,0,1,1310.0,1,1,1,0,1,2,1,5,1,1,1,3,1,1,1,2,1,2,4,1,1,6,2,1,1,2,1,1,1,1
4,644,1577.0,73,terminated,2,0,0,1,1577.0,1,1,1,0,1,3,1,7,2,1,1,4,2,1,1,2,1,3,6,2,1,0,3,2,1,3,2,1,2,1
4,645,1573.0,77,terminated,1,0,0,2,1573.0,1,2,1,1,1,3,1,7,1,2,1,4,1,2,1,3,2,3,6,1,2,6,3,1,2,3,1,2,1,2
4,646,1561.0,89,terminated,2,0,0,1,1561.0,1,2,1,1,1,2,1,6,2,1,1,4,2,1,1,2,1,2,5,2,1,17,3,2,1,3,2,1,2,1
4,647,1378.0,72,terminated,2,0,0,0,1378.0,1,0,0,0,1,2,1,5,2,0,1,3,2,0,1,1,0,2,4,2,0,6,2,2,0,2,2,0,2,0
4,648,1751.0,99,terminated,2,0,0,2,1751.0,1,4,2,2,1,4,1,9,2,2,1,5,2,2,1,3,2,4,8,2,2,8,4,2,2,4,2,2,2,2
4,649,1378.0,72,terminated,1,0,0,1,1378.0,1,2,1,1,1,2,1,5,1,1,1,3,1,1,1,2,1,2,4,1,1,6,2,1,1,2,1,1,1,1
4,650,-101.0,31,terminated,1,32,1,0,-101.0,0,0,0,0,0,1,0,2,1,0,0,1,1,0,0,0,0,1,2,1,0,7,1,1,0,1,1,0,1,0
4,651,1515.0,135,terminated,2,0,0,1,1515.0,1,2,1,1,1,3,1,7,2,1,1,4,2,1,1,2,1,3,6,2,1,8,3,2,1,3,2,1,2,1
4,652,1578.0,72,terminated,1,0,0,2,1578.0,1,2,0,2,1,3,1,7,1,2,1,4,1,2,1,3,2,3,6,1,2,0,3,1,2,3,1,2,1,2
4,653,367.0,73,terminated,1,1,1,1,367.0,0,1,0,1,1,2,1,5,1,1,1,3,1,1,1,2,1,2,4,1,1,1,2,1,1,2,1,1,1,1
4,654,1770.0,80,terminated,2,0,0,2,1770.0,1,1,0,1,1,4,1,9,2,2,1,5,2,2,1,3,2,4,8,2,2,0,4,2,2,4,2,2,2,2
4,655,1577.0,73,terminated,2,0,0,1,1577.0,1,2,1,1,1,3,1,7,2,1,1,4,2,1,1,2,1,3,6,2,1,6,3,2,1,3,2,1,2,1
4,656,1364.0,86,terminated,1,0,0,1,1364.0,1,1,0,1,1,2,1,5,1,1,1,3,1,1,1,2,1,2,4,1,1,6,2,1,1,2,1,1,1,1
4,657,543.0,77,terminated,1,3,1,2,543.0,0,1,0,1,0,3,0,6,1,2,0,3,1,2,0,2,2,3,6,1,2,9,3,1,2,3,1,2,1,2
4,658,1376.0,74,terminated,2,0,0,0,1376.0,1,0,0,0,1,2,1,5,2,0,1,3,2,0,1,1,0,2,4,2,0,6,2,2,0,2,2,0,2,0
4,659,1376.0,74,terminated,1,0,0,1,1376.0,1,1,0,1,1,2,1,5,1,1,1,3,1,1,1,2,1,2,4,1,1,6,2,1,1,2,1,1,1,1
4,660,1329.0,121,terminated,0,0,0,2,1329.0,1,1,0,1,1,2,1,5,0,2,1,3,0,2,1,3,2,2,4,0,2,6,2,0,2,2,0,2,0,2
4,661,57.0,83,terminated,1,11,1,0,57.0,0,1,1,0,1,1,1,3,1,0,1,2,1,0,1,1,0,1,2,1,0,28,1,1,0,1,1,0,1,0
4,662,1574.0,76,terminated,2,0,0,1,1574.0,1,2,1,1,1,3,1,7,2,1,1,4,2,1,1,2,1,3,6,2,1,6,3,2,1,3,2,1,2,1
4,663,433.0,147,terminated,2,7,1,1,433.0,0,2,1,1,0,3,0,6,2,1,0,3,2,1,0,1,1,3,6,2,1,7,3,2,1,3,2,1,2,1
4,664,1571.0,79,terminated,1,0,0,2,1571.0,1,3,1,2,1,3,1,7,1,2,1,4,1,2,1,3,2,3,6,1,2,10,3,1,2,3,1,2,1,2
4,665,1364.0,86,terminated,1,0,0,1,1364.0,1,2,1,1,1,2,1,5,1,1,1,3,1,1,1,2,1,2,4,1,1,5,2,1,1,2,1,1,1,1
4,666,1578.0,72,terminated,2,0,0,1,1578.0,1,1,1,0,0,3,0,6,2,1,0,3,2,1,0,1,1,3,6,2,1,6,3,2,1,3,2,1,2,1
4,667,-152.0,22,terminated,0,38,1,1,-152.0,0,0,0,0,1,1,1,3,0,1,1,2,0,1,1,2,1,1,2,0,1,1,1,0,1,1,0,1,0,1
4,668,1172.0,78,terminated,0,0,0,1,1172.0,1,1,0,1,1,1,1,3,0,1,1,2,0,1,1,2,1,1,2,0,1,28,1,0,1,1,0,1,0,1
4,669,1378.0,72,terminated,0,0,0,2,1378.0,1,1,0,1,1,2,1,5,0,2,1,3,0,2,1,3,2,2,4,0,2,6,2,0,2,2,0,2,0,2
4,670,1178.0,72,terminated,0,0,0,1,1178.0,1,1,0,1,1,1,1,3,0,1,1,2,0,1,1,2,1,1,2,0,1,6,1,0,1,1,0,1,0,1
4,671,1376.0,74,terminated,1,0,0,1,1376.0,1,1,1,0,1,2,1,5,1,1,1,3,1,1,1,2,1,2,4,1,1,6,2,1,1,2,1,1,1,1
4,672,1377.0,73,terminated,1,0,0,1,1377.0,1,2,1,1,1,2,1,5,1,1,1,3,1,1,1,2,1,2,4,1,1,8,2,1,1,2,1,1,1,1
4,673,1363.0,87,terminated,1,0,0,1,1363.0,1,2,1,1,1,2,1,5,1,1,1,3,1,1,1,2,1,2,4,1,1,6,2,1,1,2,1,1,1,1
4,674,17.0,23,terminated,1,41,1,1,17.0,0,0,0,0,1,1,1,4,1,1,1,3,1,1,1,2,1,1,3,1,1,0,2,1,1,2,1,1,1,1
4,675,532.0,98,terminated,2,2,1,1,532.0,0,2,1,1,1,3,1,7,2,1,1,4,2,1,1,2,1,3,6,2,1,6,3,2,1,3,2,1,2,1
4,676,1763.0,87,terminated,2,0,0,2,1763.0,1,1,1,0,1,3,1,8,2,2,1,5,2,2,1,3,2,3,7,2,2,0,4,2,2,4,2,2,2,2
4,677,1375.0,75,terminated,1,0,0,1,1375.0,1,0,0,0,1,2,1,5,1,1,1,3,1,1,1,2,1,2,4,1,1,0,2,1,1,2,1,1,1,1
4,678,1372.0,78,terminated,2,0,0,0,1372.0,1,1,1,0,1,2,1,5,2,0,1,3,2,0,1,1,0,2,4,2,0,6,2,2,0,2,2,0,2,0
4,679,1574.0,76,terminated,1,0,0,2,1574.0,1,1,0,1,0,3,0,6,1,2,0,3,1,2,0,2,2,3,6,1,2,0,3,1,2,3,1,2,1,2
4,680,1571.0,79,terminated,2,0,0,1,1571.0,1,1,1,0,0,3,0,6,2,1,0,3,2,1,0,1,1,3,6,2,1,5,3,2,1,3,2,1,2,1
4,681,1175.0,75,terminated,1,0,0,0,1175.0,1,1,1,0,1,1,1,3,1,0,1,2,1,0,1,1,0,1,2,1,0,6,1,1,0,1,1,0,1,0
4,682,-158.0,18,terminated,0,39,1,1,-158.0,0,0,0,0,1,1,1,3,0,1,1,2,0,1,1,2,1,1,2,0,1,0,1,0,1,1,0,1,0,1
4,683,341.0,79,terminated,1,3,1,1,341.0,0,0,0,0,0,2,0,4,1,1,0,2,1,1,0,1,1,2,4,1,1,0,2,1,1,2,1,1,1,1
4,684,1578.0,72,terminated,2,0,0,1,1578.0,1,1,1,0,1,3,1,7,2,1,1,4,2,1,1,2,1,3,6,2,1,2,3,2,1,3,2,1,2,1
4,685,1351.0,99,terminated,1,0,0,1,1351.0,1,1,0,1,1,2,1,5,1,1,1,3,1,1,1,2,1,2,4,1,1,6,2,1,1,2,1,1,1,1
4,686,1775.0,75,terminated,2,0,0,2,1775.0,1,2,1,1,1,4,1,9,2,2,1,5,2,2,1,3,2,4,8,2,2,0,4,2,2,4,2,2,2,2
4,687,1172.0,78,terminated,0,0,0,1,1172.0,1,1,0,1,1,1,1,3,0,1,1,2,0,1,1,2,1,1,2,0,1,12,1,0,1,1,0,1,0,1
4,688,1577.0,73,terminated,1,0,0,2,1577.0,1,1,0,1,1,3,1,7,1,2,1,4,1,2,1,3,2,3,6,1,2,1,3,1,2,3,1,2,1,2
4,689,1580.0,70,terminated,1,0,0,2,1580.0,1,0,0,0,1,3,1,7,1,2,1,4,1,2,1,3,2,3,6,1,2,6,3,1,2,3,1,2,1,2
4,690,726.0,114,terminated,2,1,1,2,726.0,0,3,1,2,1,3,1,8,2,2,1,5,2,2,1,3,2,3,7,2,2,3,4,2,2,4,2,2,2,2
4,691,1174.0,76,terminated,0,0,0,1,1174.0,1,0,0,0,1,1,1,3,0,1,1,2,0,1,1,2,1,1,2,0,1,6,1,0,1,1,0,1,0,1
4,692,1357.0,93,terminated,0,0,0,2,1357.0,1,2,0,2,1,2,1,5,0,2,1,3,0,2,1,3,2,2,4,0,2,10,2,0,2,2,0,2,0,2
4,693,1371.0,79,terminated,1,0,0,1,1371.0,1,0,0,0,1,2,1,5,1,1,1,3,1,1,1,2,1,2,4,1,1,0,2,1,1,2,1,1,1,1
4,694,333.0,77,terminated,1,4,1,1,333.0,0,2,1,1,1,2,1,5,1,1,1,3,1,1,1,2,1,2,4,1,1,6,2,1,1,2,1,1,1,1
4,695,1572.0,78,terminated,1,0,0,2,1572.0,1,3,1,2,1,2,1,6,1,2,1,4,1,2,1,3,2,2,5,1,2,4,3,1,2,3,1,2,1,2
4,696,1580.0,70,terminated,2,0,0,1,1580.0,1,2,1,1,1,3,1,7,2,1,1,4,2,1,1,2,1,3,6,2,1,6,3,2,1,3,2,1,2,1
4,697,1576.0,74,terminated,1,0,0,2,1576.0,1,2,1,1,1,3,1,7,1,2,1,4,1,2,1,3,2,3,6,1,2,6,3,1,2,3,1,2,1,2
4,698,1175.0,75,terminated,1,0,0,0,1175.0,1,0,0,0,1,1,1,3,1,0,1,2,1,0,1,1,0,1,2,1,0,7,1,1,0,1,1,0,1,0
4,699,1296.0,154,terminated,1,0,0,1,1296.0,1,2,1,1,1,2,1,5,1,1,1,3,1,1,1,2,1,2,4,1,1,5,2,1,1,2,1,1,1,1
4,700,39.0,31,terminated,1,38,1,1,39.0,0,0,0,0,1,1,1,4,1,1,1,3,1,1,1,2,1,1,3,1,1,2,2,1,1,2,1,1,1,1
4,701,1357.0,93,terminated,1,0,0,1,1357.0,1,2,1,1,1,2,1,5,1,1,1,3,1,1,1,2,1,2,4,1,1,8,2,1,1,2,1,1,1,1
4,702,1378.0,72,terminated,0,0,0,2,1378.0,1,0,0,0,1,2,1,5,0,2,1,3,0,2,1,3,2,2,4,0,2,6,2,0,2,2,0,2,0,2
4,703,-149.0,19,terminated,0,38,1,1,-149.0,0,0,0,0,1,1,1,3,0,1,1,2,0,1,1,2,1,1,2,0,1,1,1,0,1,1,0,1,0,1
4,704,-149.0,19,terminated,1,38,1,0,-149.0,0,0,0,0,1,1,1,3,1,0,1,2,1,0,1,1,0,1,2,1,0,1,1,1,0,1,1,0,1,0
4,705,1374.0,76,terminated,2,0,0,0,1374.0,1,1,1,0,1,2,1,5,2,0,1,3,2,0,1,1,0,2,4,2,0,6,2,2,0,2,2,0,2,0
4,706,1261.0,189,terminated,2,0,0,0,1261.0,1,1,1,0,0,2,0,4,2,0,0,2,2,0,0,0,0,2,4,2,0,13,2,2,0,2,2,0,2,0
4,707,1578.0,72,terminated,1,0,0,2,1578.0,1,1,0,1,1,3,1,7,1,2,1,4,1,2,1,3,2,3,6,1,2,6,3,1,2,3,1,2,1,2
4,708,1378.0,72,terminated,1,0,0,1,1378.0,1,2,1,1,1,2,1,5,1,1,1,3,1,1,1,2,1,2,4,1,1,6,2,1,1,2,1,1,1,1
4,709,1569.0,81,terminated,1,0,0,2,1569.0,1,1,1,0,1,3,1,7,1,2,1,4,1,2,1,3,2,3,6,1,2,6,3,1,2,3,1,2,1,2
4,710,1778.0,72,terminated,2,0,0,2,1778.0,1,2,1,1,1,4,1,9,2,2,1,5,2,2,1,3,2,4,8,2,2,0,4,2,2,4,2,2,2,2
4,711,1378.0,72,terminated,1,0,0,1,1378.0,1,2,1,1,1,2,1,5,1,1,1,3,1,1,1,2,1,2,4,1,1,5,2,1,1,2,1,1,1,1
4,712,1374.0,76,terminated,1,0,0,1,1374.0,1,1,0,1,1,2,1,5,1,1,1,3,1,1,1,2,1,2,4,1,1,6,2,1,1,2,1,1,1,1
4,713,1555.0,95,terminated,2,0,0,1,1555.0,1,3,2,1,1,3,1,7,2,1,1,4,2,1,1,2,1,3,6,2,1,6,3,2,1,3,2,1,2,1
4,714,1578.0,72,terminated,2,0,0,1,1578.0,1,3,2,1,1,3,1,7,2,1,1,4,2,1,1,2,1,3,6,2,1,6,3,2,1,3,2,1,2,1
4,715,1576.0,74,terminated,1,0,0,2,1576.0,1,3,1,2,1,3,1,7,1,2,1,4,1,2,1,3,2,3,6,1,2,6,3,1,2,3,1,2,1,2
4,716,1178.0,72,terminated,1,0,0,0,1178.0,1,1,1,0,1,1,1,3,1,0,1,2,1,0,1,1,0,1,2,1,0,6,1,1,0,1,1,0,1,0
4,717,403.0,147,terminated,2,10,1,1,403.0,0,2,1,1,1,3,1,7,2,1,1,4,2,1,1,2,1,3,6,2,1,7,3,2,1,3,2,1,2,1
4,718,1339.0,111,terminated,1,0,0,1,1339.0,1,1,1,0,1,2,1,5,1,1,1,3,1,1,1,2,1,2,4,1,1,6,2,1,1,2,1,1,1,1
4,719,1572.0,78,terminated,1,0,0,2,1572.0,1,2,1,1,1,3,1,7,1,2,1,4,1,2,1,3,2,3,6,1,2,6,3,1,2,3,1,2,1,2
4,720,1376.0,74,terminated,1,0,0,1,1376.0,1,1,0,1,1,2,1,5,1,1,1,3,1,1,1,2,1,2,4,1,1,6,2,1,1,2,1,1,1,1
4,721,1577.0,73,terminated,1,0,0,2,1577.0,1,2,0,2,1,3,1,7,1,2,1,4,1,2,1,3,2,3,6,1,2,0,3,1,2,3,1,2,1,2
4,722,-158.0,18,terminated,0,39,1,1,-158.0,0,0,0,0,0,1,0,2,0,1,0,1,0,1,0,1,1,1,2,0,1,0,1,0,1,1,0,1,0,1
4,723,1574.0,76,terminated,2,0,0,1,1574.0,1,1,0,1,1,3,1,7,2,1,1,4,2,1,1,2,1,3,6,2,1,6,3,2,1,3,2,1,2,1
4,724,1376.0,74,terminated,2,0,0,0,1376.0,1,0,0,0,1,2,1,5,2,0,1,3,2,0,1,1,0,2,4,2,0,6,2,2,0,2,2,0,2,0
4,725,-161.0,21,terminated,1,39,1,0,-161.0,0,0,0,0,0,1,0,2,1,0,0,1,1,0,0,0,0,1,2,1,0,0,1,1,0,1,1,0,1,0
4,726,344.0,66,terminated,1,4,1,1,344.0,0,1,0,1,1,2,1,5,1,1,1,3,1,1,1,2,1,2,4,1,1,6,2,1,1,2,1,1,1,1
4,727,1778.0,72,terminated,2,0,0,2,1778.0,1,2,2,0,1,4,1,9,2,2,1,5,2,2,1,3,2,4,8,2,2,2,4,2,2,4,2,2,2,2
4,728,1580.0,70,terminated,2,0,0,1,1580.0,1,2,1,1,1,3,1,7,2,1,1,4,2,1,1,2,1,3,6,2,1,4,3,2,1,3,2,1,2,1
4,729,1378.0,72,terminated,1,0,0,1,1378.0,1,0,0,0,0,2,0,4,1,1,0,2,1,1,0,1,1,2,4,1,1,0,2,1,1,2,1,1,1,1
4,730,1545.0,105,terminated,2,0,0,1,1545.0,1,1,1,0,1,3,1,7,2,1,1,4,2,1,1,2,1,3,6,2,1,6,3,2,1,3,2,1,2,1
4,731,1343.0,107,terminated,2,0,0,0,1343.0,1,0,0,0,1,2,1,5,2,0,1,3,2,0,1,1,0,2,4,2,0,6,2,2,0,2,2,0,2,0
4,732,-156.0,26,terminated,0,38,1,1,-156.0,0,0,0,0,1,1,1,3,0,1,1,2,0,1,1,2,1,1,2,0,1,1,1,0,1,1,0,1,0,1
4,733,260.0,70,terminated,1,12,1,1,260.0,0,1,0,1,1,2,1,5,1,1,1,3,1,1,1,2,1,2,4,1,1,6,2,1,1,2,1,1,1,1
4,734,1379.0,71,terminated,1,0,0,1,1379.0,1,0,0,0,1,2,1,5,1,1,1,3,1,1,1,2,1,2,4,1,1,6,2,1,1,2,1,1,1,1
4,735,687.0,93,terminated,2,7,1,2,687.0,0,2,1,1,0,4,0,8,2,2,0,4,2,2,0,2,2,4,8,2,2,0,4,2,2,4,2,2,2,2
4,736,59.0,21,terminated,1,37,1,1,59.0,0,0,0,0,0,2,0,4,1,1,0,2,1,1,0,1,1,2,4,1,1,0,2,1,1,2,1,1,1,1
4,737,1372.0,78,terminated,2,0,0,0,1372.0,1,1,1,0,1,2,1,5,2,0,1,3,2,0,1,1,0,2,4,2,0,12,2,2,0,2,2,0,2,0
4,738,1778.0,72,terminated,2,0,0,2,1778.0,1,1,0,1,1,4,1,9,2,2,1,5,2,2,1,3,2,4,8,2,2,0,4,2,2,4,2,2,2,2
4,739,1566.0,84,terminated,1,0,0,2,1566.0,1,1,0,1,1,3,1,7,1,2,1,4,1,2,1,3,2,3,6,1,2,18,3,1,2,3,1,2,1,2
4,740,1574.0,76,terminated,1,0,0,2,1574.0,1,3,1,2,1,3,1,7,1,2,1,4,1,2,1,3,2,3,6,1,2,6,3,1,2,3,1,2,1,2
4,741,552.0,68,terminated,2,3,1,1,552.0,0,2,1,1,1,2,1,6,2,1,1,4,2,1,1,2,1,2,5,2,1,0,3,2,1,3,2,1,2,1
4,742,1347.0,103,terminated,1,0,0,1,1347.0,1,1,0,1,1,2,1,5,1,1,1,3,1,1,1,2,1,2,4,1,1,6,2,1,1,2,1,1,1,1
4,743,1345.0,105,terminated,0,0,0,2,1345.0,1,1,0,1,1,2,1,5,0,2,1,3,0,2,1,3,2,2,4,0,2,6,2,0,2,2,0,2,0,2
4,744,1176.0,74,terminated,0,0,0,1,1176.0,1,0,0,0,1,1,1,3,0,1,1,2,0,1,1,2,1,1,2,0,1,6,1,0,1,1,0,1,0,1
4,745,1371.0,79,terminated,1,0,0,1,1371.0,1,1,1,0,1,2,1,5,1,1,1,3,1,1,1,2,1,2,4,1,1,6,2,1,1,2,1,1,1,1
4,746,471.0,69,terminated,2,11,1,1,471.0,0,2,1,1,1,3,1,7,2,1,1,4,2,1,1,2,1,3,6,2,1,6,3,2,1,3,2,1,2,1
4,747,1572.0,78,terminated,1,0,0,2,1572.0,1,1,0,1,1,1,1,5,1,2,1,4,1,2,1,3,2,1,4,1,2,0,3,1,2,3,1,2,1,2
4,748,1345.0,105,terminated,0,0,0,2,1345.0,1,1,0,1,1,2,1,5,0,2,1,3,0,2,1,3,2,2,4,0,2,6,2,0,2,2,0,2,0,2
4,749,1524.0,126,terminated,1,0,0,2,1524.0,1,2,1,1,1,3,1,7,1,2,1,4,1,2,1,3,2,3,6,1,2,17,3,1,2,3,1,2,1,2
4,750,1568.0,82,terminated,2,0,0,1,1568.0,1,2,1,1,1,3,1,7,2,1,1,4,2,1,1,2,1,3,6,2,1,6,3,2,1,3,2,1,2,1
4,751,260.0,80,terminated,0,11,1,2,260.0,0,2,0,2,1,2,1,5,0,2,1,3,0,2,1,3,2,2,4,0,2,8,2,0,2,2,0,2,0,2
4,752,1233.0,217,terminated,1,0,0,1,1233.0,1,2,1,1,1,2,1,5,1,1,1,3,1,1,1,2,1,2,4,1,1,6,2,1,1,2,1,1,1,1
4,753,-158.0,18,terminated,0,39,1,1,-158.0,0,0,0,0,0,1,0,2,0,1,0,1,0,1,0,1,1,1,2,0,1,0,1,0,1,1,0,1,0,1
4,754,362.0,78,terminated,1,1,1,1,362.0,0,1,1,0,1,2,1,5,1,1,1,3,1,1,1,2,1,2,4,1,1,6,2,1,1,2,1,1,1,1
4,755,1377.0,73,terminated,1,0,0,1,1377.0,1,2,1,1,1,2,1,5,1,1,1,3,1,1,1,2,1,2,4,1,1,6,2,1,1,2,1,1,1,1
4,756,1580.0,70,terminated,1,0,0,2,1580.0,1,1,0,1,1,3,1,7,1,2,1,4,1,2,1,3,2,3,6,1,2,6,3,1,2,3,1,2,1,2
4,757,-149.0,19,terminated,0,38,1,1,-149.0,0,0,0,0,1,1,1,3,0,1,1,2,0,1,1,2,1,1,2,0,1,1,1,0,1,1,0,1,0,1
4,758,1578.0,72,terminated,2,0,0,1,1578.0,1,2,1,1,1,3,1,7,2,1,1,4,2,1,1,2,1,3,6,2,1,8,3,2,1,3,2,1,2,1
4,759,1568.0,82,terminated,1,0,0,2,1568.0,1,2,1,1,1,3,1,7,1,2,1,4,1,2,1,3,2,3,6,1,2,2,3,1,2,3,1,2,1,2
4,760,1347.0,103,terminated,1,0,0,1,1347.0,1,2,1,1,1,2,1,5,1,1,1,3,1,1,1,2,1,2,4,1,1,9,2,1,1,2,1,1,1,1
4,761,1580.0,70,terminated,2,0,0,1,1580.0,1,2,1,1,1,3,1,7,2,1,1,4,2,1,1,2,1,3,6,2,1,6,3,2,1,3,2,1,2,1
4,762,1576.0,74,terminated,1,0,0,2,1576.0,1,0,0,0,1,3,1,7,1,2,1,4,1,2,1,3,2,3,6,1,2,6,3,1,2,3,1,2,1,2
4,763,1178.0,72,terminated,1,0,0,0,1178.0,1,0,0,0,1,1,1,3,1,0,1,2,1,0,1,1,0,1,2,1,0,6,1,1,0,1,1,0,1,0
4,764,-150.0,20,terminated,1,38,1,0,-150.0,0,0,0,0,1,1,1,3,1,0,1,2,1,0,1,1,0,1,2,1,0,1,1,1,0,1,1,0,1,0
4,765,1580.0,70,terminated,2,0,0,1,1580.0,1,2,1,1,1,3,1,7,2,1,1,4,2,1,1,2,1,3,6,2,1,4,3,2,1,3,2,1,2,1
4,766,285.0,85,terminated,1,8,1,1,285.0,0,2,1,1,1,2,1,5,1,1,1,3,1,1,1,2,1,2,4,1,1,8,2,1,1,2,1,1,1,1
4,767,1374.0,76,terminated,2,0,0,0,1374.0,1,0,0,0,1,2,1,5,2,0,1,3,2,0,1,1,0,2,4,2,0,6,2,2,0,2,2,0,2,0
4,768,1580.0,70,terminated,2,0,0,1,1580.0,1,3,2,1,1,3,1,7,2,1,1,4,2,1,1,2,1,3,6,2,1,6,3,2,1,3,2,1,2,1
4,769,1573.0,77,terminated,1,0,0,2,1573.0,1,1,1,0,1,3,1,7,1,2,1,4,1,2,1,3,2,3,6,1,2,6,3,1,2,3,1,2,1,2
4,770,1380.0,70,terminated,1,0,0,1,1380.0,1,1,1,0,1,2,1,5,1,1,1,3,1,1,1,2,1,2,4,1,1,0,2,1,1,2,1,1,1,1
4,771,464.0,66,terminated,2,12,1,1,464.0,0,2,1,1,1,3,1,7,2,1,1,4,2,1,1,2,1,3,6,2,1,6,3,2,1,3,2,1,2,1
4,772,1375.0,75,terminated,1,0,0,1,1375.0,1,2,1,1,1,2,1,5,1,1,1,3,1,1,1,2,1,2,4,1,1,7,2,1,1,2,1,1,1,1
4,773,1575.0,75,terminated,2,0,0,1,1575.0,1,2,1,1,1,3,1,7,2,1,1,4,2,1,1,2,1,3,6,2,1,1,3,2,1,3,2,1,2,1
4,774,1380.0,70,terminated,0,0,0,2,1380.0,1,1,0,1,1,2,1,5,0,2,1,3,0,2,1,3,2,2,4,0,2,6,2,0,2,2,0,2,0,2
4,775,1180.0,70,terminated,1,0,0,0,1180.0,1,0,0,0,1,1,1,3,1,0,1,2,1,0,1,1,0,1,2,1,0,6,1,1,0,1,1,0,1,0
4,776,1564.0,86,terminated,2,0,0,1,1564.0,1,1,1,0,1,2,1,6,2,1,1,4,2,1,1,2,1,2,5,2,1,3,3,2,1,3,2,1,2,1
4,777,1140.0,110,terminated,1,0,0,0,1140.0,1,1,1,0,1,1,1,3,1,0,1,2,1,0,1,1,0,1,2,1,0,18,1,1,0,1,1,0,1,0
4,778,1166.0,84,terminated,0,0,0,1,1166.0,1,0,0,0,1,1,1,3,0,1,1,2,0,1,1,2,1,1,2,0,1,8,1,0,1,1,0,1,0,1
4,779,1750.0,100,terminated,2,0,0,2,1750.0,1,2,1,1,1,4,1,9,2,2,1,5,2,2,1,3,2,4,8,2,2,0,4,2,2,4,2,2,2,2
4,780,1580.0,70,terminated,2,0,0,1,1580.0,1,0,0,0,1,3,1,7,2,1,1,4,2,1,1,2,1,3,6,2,1,0,3,2,1,3,2,1,2,1
4,781,1771.0,79,terminated,2,0,0,2,1771.0,1,2,1,1,1,4,1,9,2,2,1,5,2,2,1,3,2,4,8,2,2,6,4,2,2,4,2,2,2,2
4,782,1372.0,78,terminated,2,0,0,0,1372.0,1,1,1,0,1,2,1,5,2,0,1,3,2,0,1,1,0,2,4,2,0,6,2,2,0,2,2,0,2,0
4,783,1547.0,103,terminated,2,0,0,1,1547.0,1,2,1,1,1,3,1,7,2,1,1,4,2,1,1,2,1,3,6,2,1,6,3,2,1,3,2,1,2,1
4,784,-117.0,67,terminated,1,30,1,0,-117.0,0,0,0,0,1,1,1,3,1,0,1,2,1,0,1,1,0,1,2,1,0,5,1,1,0,1,1,0,1,0
4,785,1580.0,70,terminated,1,0,0,2,1580.0,1,2,1,1,1,2,1,6,1,2,1,4,1,2,1,3,2,2,5,1,2,0,3,1,2,3,1,2,1,2
4,786,36.0,24,terminated,1,39,1,1,36.0,0,0,0,0,0,2,0,4,1,1,0,2,1,1,0,1,1,2,4,1,1,0,2,1,1,2,1,1,1,1
4,787,-158.0,18,terminated,0,39,1,1,-158.0,0,0,0,0,0,1,0,2,0,1,0,1,0,1,0,1,1,1,2,0,1,0,1,0,1,1,0,1,0,1
4,788,1551.0,99,terminated,1,0,0,2,1551.0,1,1,0,1,1,2,1,6,1,2,1,4,1,2,1,3,2,2,5,1,2,0,3,1,2,3,1,2,1,2
4,789,1749.0,101,terminated,2,0,0,2,1749.0,1,3,1,2,1,4,1,9,2,2,1,5,2,2,1,3,2,4,8,2,2,3,4,2,2,4,2,2,2,2
4,790,1145.0,105,terminated,0,0,0,1,1145.0,1,1,0,1,1,1,1,3,0,1,1,2,0,1,1,2,1,1,2,0,1,10,1,0,1,1,0,1,0,1
4,791,459.0,81,terminated,1,11,1,2,459.0,0,2,1,1,1,3,1,7,1,2,1,4,1,2,1,3,2,3,6,1,2,6,3,1,2,3,1,2,1,2
4,792,-160.0,20,terminated,1,39,1,0,-160.0,0,0,0,0,1,1,1,3,1,0,1,2,1,0,1,1,0,1,2,1,0,0,1,1,0,1,1,0,1,0
4,793,1373.0,77,terminated,1,0,0,1,1373.0,1,2,1,1,1,2,1,5,1,1,1,3,1,1,1,2,1,2,4,1,1,8,2,1,1,2,1,1,1,1
4,794,1073.0,177,terminated,1,0,0,0,1073.0,1,0,0,0,0,1,0,2,1,0,0,1,1,0,0,0,0,1,2,1,0,21,1,1,0,1,1,0,1,0
4,795,1365.0,85,terminated,1,0,0,1,1365.0,1,2,1,1,1,2,1,5,1,1,1,3,1,1,1,2,1,2,4,1,1,8,2,1,1,2,1,1,1,1
4,796,1333.0,117,terminated,0,0,0,2,1333.0,1,1,0,1,1,2,1,5,0,2,1,3,0,2,1,3,2,2,4,0,2,6,2,0,2,2,0,2,0,2
4,797,1564.0,86,terminated,1,0,0,2,1564.0,1,1,0,1,1,3,1,7,1,2,1,4,1,2,1,3,2,3,6,1,2,0,3,1,2,3,1,2,1,2
4,798,1572.0,78,terminated,1,0,0,2,1572.0,1,1,0,1,1,3,1,7,1,2,1,4,1,2,1,3,2,3,6,1,2,6,3,1,2,3,1,2,1,2
4,799,335.0,105,terminated,2,1,1,0,335.0,0,1,1,0,1,2,1,5,2,0,1,3,2,0,1,1,0,2,4,2,0,6,2,2,0,2,2,0,2,0
4,800,1778.0,72,terminated,2,0,0,2,1778.0,1,1,1,0,1,3,1,8,2,2,1,5,2,2,1,3,2,3,7,2,2,0,4,2,2,4,2,2,2,2
4,801,1562.0,88,terminated,1,0,0,2,1562.0,1,1,0,1,0,3,0,6,1,2,0,3,1,2,0,2,2,3,6,1,2,0,3,1,2,3,1,2,1,2
4,802,1759.0,91,terminated,2,0,0,2,1759.0,1,2,1,1,1,4,1,9,2,2,1,5,2,2,1,3,2,4,8,2,2,5,4,2,2,4,2,2,2,2
4,803,1162.0,88,terminated,0,0,0,1,1162.0,1,1,0,1,1,1,1,3,0,1,1,2,0,1,1,2,1,1,2,0,1,8,1,0,1,1,0,1,0,1
4,804,1345.0,105,terminated,1,0,0,1,1345.0,1,1,0,1,1,2,1,5,1,1,1,3,1,1,1,2,1,2,4,1,1,6,2,1,1,2,1,1,1,1
4,805,1548.0,102,terminated,2,0,0,1,1548.0,1,2,1,1,1,3,1,7,2,1,1,4,2,1,1,2,1,3,6,2,1,6,3,2,1,3,2,1,2,1
4,806,1177.0,73,terminated,0,0,0,1,1177.0,1,1,0,1,1,1,1,3,0,1,1,2,0,1,1,2,1,1,2,0,1,6,1,0,1,1,0,1,0,1
4,807,-158.0,18,terminated,0,39,1,1,-158.0,0,0,0,0,1,1,1,3,0,1,1,2,0,1,1,2,1,1,2,0,1,0,1,0,1,1,0,1,0,1
4,808,1376.0,74,terminated,1,0,0,1,1376.0,1,2,1,1,1,2,1,5,1,1,1,3,1,1,1,2,1,2,4,1,1,4,2,1,1,2,1,1,1,1
4,809,1776.0,74,terminated,2,0,0,2,1776.0,1,1,0,1,1,4,1,9,2,2,1,5,2,2,1,3,2,4,8,2,2,1,4,2,2,4,2,2,2,2
4,810,1378.0,72,terminated,1,0,0,1,1378.0,1,1,1,0,1,2,1,5,1,1,1,3,1,1,1,2,1,2,4,1,1,6,2,1,1,2,1,1,1,1
4,811,1362.0,88,terminated,2,0,0,0,1362.0,1,1,1,0,1,2,1,5,2,0,1,3,2,0,1,1,0,2,4,2,0,6,2,2,0,2,2,0,2,0
4,812,1578.0,72,terminated,2,0,0,1,1578.0,1,1,0,1,1,3,1,7,2,1,1,4,2,1,1,2,1,3,6,2,1,6,3,2,1,3,2,1,2,1
4,813,1372.0,78,terminated,1,0,0,1,1372.0,1,0,0,0,0,2,0,4,1,1,0,2,1,1,0,1,1,2,4,1,1,0,2,1,1,2,1,1,1,1
4,814,-124.0,24,terminated,1,35,1,0,-124.0,0,0,0,0,0,1,0,2,1,0,0,1,1,0,0,0,0,1,2,1,0,4,1,1,0,1,1,0,1,0
4,815,1561.0,89,terminated,2,0,0,1,1561.0,1,0,0,0,1,3,1,7,2,1,1,4,2,1,1,2,1,3,6,2,1,0,3,2,1,3,2,1,2,1
4,816,1576.0,74,terminated,2,0,0,1,1576.0,1,1,1,0,1,3,1,7,2,1,1,4,2,1,1,2,1,3,6,2,1,6,3,2,1,3,2,1,2,1
4,817,333.0,87,terminated,1,3,1,1,333.0,0,2,1,1,1,2,1,5,1,1,1,3,1,1,1,2,1,2,4,1,1,6,2,1,1,2,1,1,1,1
4,818,553.0,67,terminated,1,3,1,2,553.0,0,2,1,1,1,3,1,7,1,2,1,4,1,2,1,3,2,3,6,1,2,6,3,1,2,3,1,2,1,2
4,819,-151.0,21,terminated,0,38,1,1,-151.0,0,0,0,0,0,1,0,2,0,1,0,1,0,1,0,1,1,1,2,0,1,1,1,0,1,1,0,1,0,1
4,820,1559.0,91,terminated,1,0,0,2,1559.0,1,1,0,1,1,3,1,7,1,2,1,4,1,2,1,3,2,3,6,1,2,13,3,1,2,3,1,2,1,2
4,821,1373.0,77,terminated,1,0,0,1,1373.0,1,0,0,0,1,2,1,5,1,1,1,3,1,1,1,2,1,2,4,1,1,0,2,1,1,2,1,1,1,1
4,822,1580.0,70,terminated,1,0,0,2,1580.0,1,1,0,1,1,3,1,7,1,2,1,4,1,2,1,3,2,3,6,1,2,6,3,1,2,3,1,2,1,2
4,823,1177.0,73,terminated,0,0,0,1,1177.0,1,0,0,0,0,1,0,2,0,1,0,1,0,1,0,1,1,1,2,0,1,6,1,0,1,1,0,1,0,1
4,824,-48.0,68,terminated,0,3,1,0,-48.0,0,0,0,0,1,0,1,1,0,0,1,1,0,0,1,1,0,0,0,0,0,34,0,0,0,0,0,0,0,0
4,825,1540.0,110,terminated,1,0,0,2,1540.0,1,2,1,1,1,2,1,6,1,2,1,4,1,2,1,3,2,2,5,1,2,6,3,1,2,3,1,2,1,2
4,826,1547.0,103,terminated,1,0,0,2,1547.0,1,3,1,2,1,3,1,7,1,2,1,4,1,2,1,3,2,3,6,1,2,6,3,1,2,3,1,2,1,2
4,827,1563.0,87,terminated,2,0,0,1,1563.0,1,2,1,1,1,3,1,7,2,1,1,4,2,1,1,2,1,3,6,2,1,4,3,2,1,3,2,1,2,1
4,828,1178.0,72,terminated,1,0,0,0,1178.0,1,0,0,0,1,1,1,3,1,0,1,2,1,0,1,1,0,1,2,1,0,33,1,1,0,1,1,0,1,0
4,829,1347.0,103,terminated,1,0,0,1,1347.0,1,2,1,1,1,2,1,5,1,1,1,3,1,1,1,2,1,2,4,1,1,6,2,1,1,2,1,1,1,1
4,830,1578.0,72,terminated,2,0,0,1,1578.0,1,2,1,1,1,2,1,6,2,1,1,4,2,1,1,2,1,2,5,2,1,6,3,2,1,3,2,1,2,1
4,831,1378.0,72,terminated,2,0,0,0,1378.0,1,0,0,0,1,2,1,5,2,0,1,3,2,0,1,1,0,2,4,2,0,6,2,2,0,2,2,0,2,0
4,832,465.0,125,terminated,2,6,1,1,465.0,0,2,2,0,1,3,1,7,2,1,1,4,2,1,1,2,1,3,6,2,1,6,3,2,1,3,2,1,2,1
4,833,1562.0,88,terminated,1,0,0,2,1562.0,1,1,0,1,1,3,1,7,1,2,1,4,1,2,1,3,2,3,6,1,2,0,3,1,2,3,1,2,1,2
4,834,1572.0,78,terminated,1,0,0,2,1572.0,1,2,0,2,1,3,1,7,1,2,1,4,1,2,1,3,2,3,6,1,2,7,3,1,2,3,1,2,1,2
4,835,320.0,80,terminated,0,5,1,2,320.0,0,2,0,2,1,2,1,5,0,2,1,3,0,2,1,3,2,2,4,0,2,6,2,0,2,2,0,2,0,2
4,836,1177.0,73,terminated,0,0,0,1,1177.0,1,0,0,0,1,1,1,3,0,1,1,2,0,1,1,2,1,1,2,0,1,6,1,0,1,1,0,1,0,1
4,837,1156.0,94,terminated,1,0,0,0,1156.0,1,1,1,0,1,1,1,3,1,0,1,2,1,0,1,1,0,1,2,1,0,14,1,1,0,1,1,0,1,0
4,838,-158.0,18,terminated,0,39,1,1,-158.0,0,0,0,0,1,1,1,3,0,1,1,2,0,1,1,2,1,1,2,0,1,0,1,0,1,1,0,1,0,1
4,839,-192.0,52,terminated,1,39,1,0,-192.0,0,0,0,0,0,1,0,2,1,0,0,1,1,0,0,0,0,1,2,1,0,0,1,1,0,1,1,0,1,0
4,840,1555.0,95,terminated,2,0,0,1,1555.0,1,1,1,0,1,2,1,6,2,1,1,4,2,1,1,2,1,2,5,2,1,2,3,2,1,3,2,1,2,1
4,841,1769.0,81,terminated,2,0,0,2,1769.0,1,4,2,2,1,3,1,8,2,2,1,5,2,2,1,3,2,3,7,2,2,6,4,2,2,4,2,2,2,2
4,842,1380.0,70,terminated,0,0,0,2,1380.0,1,1,0,1,1,2,1,5,0,2,1,3,0,2,1,3,2,2,4,0,2,6,2,0,2,2,0,2,0,2
4,843,1378.0,72,terminated,1,0,0,1,1378.0,1,1,1,0,1,2,1,5,1,1,1,3,1,1,1,2,1,2,4,1,1,6,2,1,1,2,1,1,1,1
4,844,214.0,66,terminated,1,17,1,1,214.0,0,2,1,1,1,2,1,5,1,1,1,3,1,1,1,2,1,2,4,1,1,8,2,1,1,2,1,1,1,1
4,845,1378.0,72,terminated,1,0,0,1,1378.0,1,1,0,1,1,2,1,5,1,1,1,3,1,1,1,2,1,2,4,1,1,8,2,1,1,2,1,1,1,1
4,846,1357.0,93,terminated,1,0,0,1,1357.0,1,1,1,0,1,2,1,5,1,1,1,3,1,1,1,2,1,2,4,1,1,12,2,1,1,2,1,1,1,1
4,847,1380.0,70,terminated,1,0,0,1,1380.0,1,1,0,1,1,2,1,5,1,1,1,3,1,1,1,2,1,2,4,1,1,10,2,1,1,2,1,1,1,1
4,848,1576.0,74,terminated,1,0,0,2,1576.0,1,1,1,0,1,3,1,7,1,2,1,4,1,2,1,3,2,3,6,1,2,6,3,1,2,3,1,2,1,2
4,849,1177.0,73,terminated,0,0,0,1,1177.0,1,0,0,0,1,1,1,3,0,1,1,2,0,1,1,2,1,1,2,0,1,6,1,0,1,1,0,1,0,1
4,850,1773.0,77,terminated,2,0,0,2,1773.0,1,1,1,0,1,4,1,9,2,2,1,5,2,2,1,3,2,4,8,2,2,1,4,2,2,4,2,2,2,2
4,851,171.0,69,terminated,1,1,1,0,171.0,0,0,0,0,1,1,1,3,1,0,1,2,1,0,1,1,0,1,2,1,0,6,1,1,0,1,1,0,1,0
4,852,-220.0,60,terminated,1,41,1,0,-220.0,0,0,0,0,0,1,0,2,1,0,0,1,1,0,0,0,0,1,2,1,0,0,1,1,0,1,1,0,1,0
4,853,1578.0,72,terminated,2,0,0,1,1578.0,1,1,0,1,1,3,1,7,2,1,1,4,2,1,1,2,1,3,6,2,1,0,3,2,1,3,2,1,2,1
4,854,488.0,72,terminated,1,9,1,2,488.0,0,1,1,0,1,3,1,7,1,2,1,4,1,2,1,3,2,3,6,1,2,6,3,1,2,3,1,2,1,2
4,855,1577.0,73,terminated,1,0,0,2,1577.0,1,0,0,0,1,3,1,7,1,2,1,4,1,2,1,3,2,3,6,1,2,0,3,1,2,3,1,2,1,2
4,856,1367.0,83,terminated,0,0,0,2,1367.0,1,1,0,1,1,0,1,3,0,2,1,3,0,2,1,3,2,0,2,0,2,6,2,0,2,2,0,2,0,2
4,857,290.0,70,terminated,1,9,1,1,290.0,0,1,1,0,1,2,1,5,1,1,1,3,1,1,1,2,1,2,4,1,1,6,2,1,1,2,1,1,1,1
4,858,1780.0,70,terminated,2,0,0,2,1780.0,1,3,1,2,1,4,1,9,2,2,1,5,2,2,1,3,2,4,8,2,2,3,4,2,2,4,2,2,2,2
4,859,974.0,76,terminated,0,0,0,0,974.0,1,0,0,0,1,0,1,1,0,0,1,1,0,0,1,1,0,0,0,0,0,33,0,0,0,0,0,0,0,0
4,860,1336.0,114,terminated,1,0,0,1,1336.0,1,1,0,1,1,2,1,5,1,1,1,3,1,1,1,2,1,2,4,1,1,9,2,1,1,2,1,1,1,1
4,861,1373.0,77,terminated,1,0,0,1,1373.0,1,2,1,1,1,2,1,5,1,1,1,3,1,1,1,2,1,2,4,1,1,6,2,1,1,2,1,1,1,1
4,862,1372.0,78,terminated,1,0,0,1,1372.0,1,1,1,0,1,2,1,5,1,1,1,3,1,1,1,2,1,2,4,1,1,6,2,1,1,2,1,1,1,1
4,863,1580.0,70,terminated,1,0,0,2,1580.0,1,0,0,0,1,3,1,7,1,2,1,4,1,2,1,3,2,3,6,1,2,6,3,1,2,3,1,2,1,2
4,864,676.0,84,terminated,2,9,1,2,676.0,0,3,1,2,1,4,1,9,2,2,1,5,2,2,1,3,2,4,8,2,2,1,4,2,2,4,2,2,2,2
4,865,1380.0,70,terminated,1,0,0,1,1380.0,1,1,1,0,1,2,1,5,1,1,1,3,1,1,1,2,1,2,4,1,1,2,2,1,1,2,1,1,1,1
4,866,1563.0,87,terminated,1,0,0,2,1563.0,1,2,1,1,1,2,1,6,1,2,1,4,1,2,1,3,2,2,5,1,2,3,3,1,2,3,1,2,1,2
4,867,1752.0,98,terminated,2,0,0,2,1752.0,1,2,1,1,0,4,0,8,2,2,0,4,2,2,0,2,2,4,8,2,2,0,4,2,2,4,2,2,2,2
4,868,1572.0,78,terminated,1,0,0,2,1572.0,1,1,1,0,1,3,1,7,1,2,1,4,1,2,1,3,2,3,6,1,2,6,3,1,2,3,1,2,1,2
4,869,1578.0,72,terminated,2,0,0,1,1578.0,1,1,0,1,1,3,1,7,2,1,1,4,2,1,1,2,1,3,6,2,1,6,3,2,1,3,2,1,2,1
4,870,1776.0,74,terminated,2,0,0,2,1776.0,1,1,0,1,1,4,1,9,2,2,1,5,2,2,1,3,2,4,8,2,2,6,4,2,2,4,2,2,2,2
4,871,485.0,125,terminated,1,4,1,2,485.0,0,2,0,2,1,3,1,7,1,2,1,4,1,2,1,3,2,3,6,1,2,0,3,1,2,3,1,2,1,2
4,872,461.0,79,terminated,2,11,1,1,461.0,0,1,1,0,1,3,1,7,2,1,1,4,2,1,1,2,1,3,6,2,1,0,3,2,1,3,2,1,2,1
4,873,1780.0,70,terminated,2,0,0,2,1780.0,1,1,0,1,1,4,1,9,2,2,1,5,2,2,1,3,2,4,8,2,2,0,4,2,2,4,2,2,2,2
4,874,1775.0,75,terminated,2,0,0,2,1775.0,1,2,1,1,0,4,0,8,2,2,0,4,2,2,0,2,2,4,8,2,2,1,4,2,2,4,2,2,2,2
4,875,1378.0,72,terminated,1,0,0,1,1378.0,1,1,0,1,1,2,1,5,1,1,1,3,1,1,1,2,1,2,4,1,1,6,2,1,1,2,1,1,1,1
4,876,1346.0,104,terminated,1,0,0,1,1346.0,1,0,0,0,1,2,1,5,1,1,1,3,1,1,1,2,1,2,4,1,1,0,2,1,1,2,1,1,1,1
4,877,1157.0,93,terminated,1,0,0,0,1157.0,1,1,1,0,1,1,1,3,1,0,1,2,1,0,1,1,0,1,2,1,0,11,1,1,0,1,1,0,1,0
4,878,1171.0,79,terminated,1,0,0,0,1171.0,1,1,1,0,1,1,1,3,1,0,1,2,1,0,1,1,0,1,2,1,0,6,1,1,0,1,1,0,1,0
4,879,1780.0,70,terminated,2,0,0,2,1780.0,1,1,1,0,1,4,1,9,2,2,1,5,2,2,1,3,2,4,8,2,2,0,4,2,2,4,2,2,2,2
4,880,1580.0,70,terminated,2,0,0,1,1580.0,1,3,2,1,1,3,1,7,2,1,1,4,2,1,1,2,1,3,6,2,1,3,3,2,1,3,2,1,2,1
4,881,-169.0,19,terminated,0,40,1,1,-169.0,0,0,0,0,0,1,0,2,0,1,0,1,0,1,0,1,1,1,2,0,1,0,1,0,1,1,0,1,0,1
4,882,1174.0,76,terminated,0,0,0,1,1174.0,1,0,0,0,0,1,0,2,0,1,0,1,0,1,0,1,1,1,2,0,1,6,1,0,1,1,0,1,0,1
4,883,1163.0,87,terminated,0,0,0,1,1163.0,1,1,0,1,1,1,1,3,0,1,1,2,0,1,1,2,1,1,2,0,1,8,1,0,1,1,0,1,0,1
4,884,489.0,111,terminated,1,5,1,2,489.0,0,3,1,2,1,3,1,7,1,2,1,4,1,2,1,3,2,3,6,1,2,6,3,1,2,3,1,2,1,2
4,885,1175.0,75,terminated,1,0,0,0,1175.0,1,0,0,0,1,1,1,3,1,0,1,2,1,0,1,1,0,1,2,1,0,6,1,1,0,1,1,0,1,0
4,886,1578.0,72,terminated,1,0,0,2,1578.0,1,2,0,2,1,3,1,7,1,2,1,4,1,2,1,3,2,3,6,1,2,6,3,1,2,3,1,2,1,2
4,887,1377.0,73,terminated,1,0,0,1,1377.0,1,0,0,0,1,2,1,5,1,1,1,3,1,1,1,2,1,2,4,1,1,6,2,1,1,2,1,1,1,1
4,888,1330.0,120,terminated,1,0,0,1,1330.0,1,2,1,1,1,2,1,5,1,1,1,3,1,1,1,2,1,2,4,1,1,6,2,1,1,2,1,1,1,1
4,889,-169.0,19,terminated,1,40,1,0,-169.0,0,0,0,0,0,1,0,2,1,0,0,1,1,0,0,0,0,1,2,1,0,0,1,1,0,1,1,0,1,0
4,890,1377.0,73,terminated,1,0,0,1,1377.0,1,0,0,0,1,1,1,4,1,1,1,3,1,1,1,2,1,1,3,1,1,0,2,1,1,2,1,1,1,1
4,891,467.0,63,terminated,2,12,1,1,467.0,0,2,1,1,1,3,1,7,2,1,1,4,2,1,1,2,1,3,6,2,1,6,3,2,1,3,2,1,2,1
4,892,1532.0,118,terminated,1,0,0,2,1532.0,1,2,1,1,1,2,1,6,1,2,1,4,1,2,1,3,2,2,5,1,2,6,3,1,2,3,1,2,1,2
4,893,1380.0,70,terminated,1,0,0,1,1380.0,1,0,0,0,1,2,1,5,1,1,1,3,1,1,1,2,1,2,4,1,1,6,2,1,1,2,1,1,1,1
4,894,1371.0,79,terminated,2,0,0,0,1371.0,1,2,2,0,1,2,1,5,2,0,1,3,2,0,1,1,0,2,4,2,0,6,2,2,0,2,2,0,2,0
4,895,1577.0,73,terminated,2,0,0,1,1577.0,1,3,2,1,1,3,1,7,2,1,1,4,2,1,1,2,1,3,6,2,1,6,3,2,1,3,2,1,2,1
4,896,1372.0,78,terminated,1,0,0,1,1372.0,1,0,0,0,1,2,1,5,1,1,1,3,1,1,1,2,1,2,4,1,1,0,2,1,1,2,1,1,1,1
4,897,341.0,79,terminated,1,3,1,1,341.0,0,1,0,1,1,2,1,5,1,1,1,3,1,1,1,2,1,2,4,1,1,9,2,1,1,2,1,1,1,1
4,898,1378.0,72,terminated,1,0,0,1,1378.0,1,1,1,0,1,2,1,5,1,1,1,3,1,1,1,2,1,2,4,1,1,1,2,1,1,2,1,1,1,1
4,899,1380.0,70,terminated,1,0,0,1,1380.0,1,1,0,1,1,2,1,5,1,1,1,3,1,1,1,2,1,2,4,1,1,6,2,1,1,2,1,1,1,1
4,900,705.0,135,terminated,2,1,1,2,705.0,0,2,0,2,1,4,1,9,2,2,1,5,2,2,1,3,2,4,8,2,2,1,4,2,2,4,2,2,2,2
4,901,1533.0,117,terminated,1,0,0,2,1533.0,1,3,1,2,1,3,1,7,1,2,1,4,1,2,1,3,2,3,6,1,2,4,3,1,2,3,1,2,1,2
4,902,1778.0,72,terminated,2,0,0,2,1778.0,1,3,1,2,1,4,1,9,2,2,1,5,2,2,1,3,2,4,8,2,2,3,4,2,2,4,2,2,2,2
4,903,1566.0,84,terminated,1,0,0,2,1566.0,1,2,1,1,1,3,1,7,1,2,1,4,1,2,1,3,2,3,6,1,2,16,3,1,2,3,1,2,1,2
4,904,1778.0,72,terminated,2,0,0,2,1778.0,1,2,1,1,1,4,1,9,2,2,1,5,2,2,1,3,2,4,8,2,2,5,4,2,2,4,2,2,2,2
4,905,1576.0,74,terminated,1,0,0,2,1576.0,1,3,1,2,1,3,1,7,1,2,1,4,1,2,1,3,2,3,6,1,2,8,3,1,2,3,1,2,1,2
4,906,1327.0,123,terminated,1,0,0,1,1327.0,1,2,1,1,1,2,1,5,1,1,1,3,1,1,1,2,1,2,4,1,1,22,2,1,1,2,1,1,1,1
4,907,1370.0,80,terminated,1,0,0,1,1370.0,1,2,1,1,1,2,1,5,1,1,1,3,1,1,1,2,1,2,4,1,1,1,2,1,1,2,1,1,1,1
4,908,1777.0,73,terminated,2,0,0,2,1777.0,1,2,1,1,1,4,1,9,2,2,1,5,2,2,1,3,2,4,8,2,2,3,4,2,2,4,2,2,2,2
4,909,1375.0,75,terminated,2,0,0,0,1375.0,1,0,0,0,1,2,1,5,2,0,1,3,2,0,1,1,0,2,4,2,0,8,2,2,0,2,2,0,2,0
4,910,141.0,89,terminated,0,2,1,1,141.0,0,1,0,1,1,1,1,3,0,1,1,2,0,1,1,2,1,1,2,0,1,10,1,0,1,1,0,1,0,1
4,911,1380.0,70,terminated,1,0,0,1,1380.0,1,0,0,0,1,2,1,5,1,1,1,3,1,1,1,2,1,2,4,1,1,6,2,1,1,2,1,1,1,1
4,912,1744.0,106,terminated,2,0,0,2,1744.0,1,1,1,0,1,4,1,9,2,2,1,5,2,2,1,3,2,4,8,2,2,0,4,2,2,4,2,2,2,2
4,913,1773.0,77,terminated,2,0,0,2,1773.0,1,3,2,1,1,4,1,9,2,2,1,5,2,2,1,3,2,4,8,2,2,2,4,2,2,4,2,2,2,2
4,914,1776.0,74,terminated,2,0,0,2,1776.0,1,2,1,1,1,4,1,9,2,2,1,5,2,2,1,3,2,4,8,2,2,6,4,2,2,4,2,2,2,2
4,915,1573.0,77,terminated,1,0,0,2,1573.0,1,0,0,0,1,3,1,7,1,2,1,4,1,2,1,3,2,3,6,1,2,0,3,1,2,3,1,2,1,2
4,916,1351.0,99,terminated,1,0,0,1,1351.0,1,2,1,1,1,2,1,5,1,1,1,3,1,1,1,2,1,2,4,1,1,10,2,1,1,2,1,1,1,1
4,917,1568.0,82,terminated,1,0,0,2,1568.0,1,2,1,1,1,3,1,7,1,2,1,4,1,2,1,3,2,3,6,1,2,6,3,1,2,3,1,2,1,2
4,918,1780.0,70,terminated,2,0,0,2,1780.0,1,1,1,0,1,4,1,9,2,2,1,5,2,2,1,3,2,4,8,2,2,0,4,2,2,4,2,2,2,2
4,919,1576.0,74,terminated,2,0,0,1,1576.0,1,2,1,1,1,3,1,7,2,1,1,4,2,1,1,2,1,3,6,2,1,7,3,2,1,3,2,1,2,1
4,920,1778.0,72,terminated,2,0,0,2,1778.0,1,2,0,2,1,4,1,9,2,2,1,5,2,2,1,3,2,4,8,2,2,1,4,2,2,4,2,2,2,2
4,921,1310.0,140,terminated,2,0,0,0,1310.0,1,1,1,0,1,2,1,5,2,0,1,3,2,0,1,1,0,2,4,2,0,6,2,2,0,2,2,0,2,0
4,922,1372.0,78,terminated,1,0,0,1,1372.0,1,1,1,0,1,2,1,5,1,1,1,3,1,1,1,2,1,2,4,1,1,9,2,1,1,2,1,1,1,1
4,923,1380.0,70,terminated,0,0,0,2,1380.0,1,0,0,0,1,2,1,5,0,2,1,3,0,2,1,3,2,2,4,0,2,6,2,0,2,2,0,2,0,2
4,924,549.0,71,terminated,2,3,1,1,549.0,0,1,1,0,1,3,1,7,2,1,1,4,2,1,1,2,1,3,6,2,1,6,3,2,1,3,2,1,2,1
4,925,1580.0,70,terminated,2,0,0,1,1580.0,1,2,2,0,1,3,1,7,2,1,1,4,2,1,1,2,1,3,6,2,1,6,3,2,1,3,2,1,2,1
4,926,1778.0,72,terminated,2,0,0,2,1778.0,1,2,2,0,1,4,1,9,2,2,1,5,2,2,1,3,2,4,8,2,2,0,4,2,2,4,2,2,2,2
4,927,1371.0,79,terminated,1,0,0,1,1371.0,1,1,1,0,1,2,1,5,1,1,1,3,1,1,1,2,1,2,4,1,1,6,2,1,1,2,1,1,1,1
4,928,-63.0,33,terminated,1,28,1,0,-63.0,0,0,0,0,1,1,1,3,1,0,1,2,1,0,1,1,0,1,2,1,0,6,1,1,0,1,1,0,1,0
4,929,1544.0,106,terminated,1,0,0,2,1544.0,1,2,1,1,1,3,1,7,1,2,1,4,1,2,1,3,2,3,6,1,2,0,3,1,2,3,1,2,1,2
4,930,1577.0,73,terminated,2,0,0,1,1577.0,1,2,1,1,1,3,1,7,2,1,1,4,2,1,1,2,1,3,6,2,1,5,3,2,1,3,2,1,2,1
4,931,1574.0,76,terminated,2,0,0,1,1574.0,1,1,1,0,1,2,1,6,2,1,1,4,2,1,1,2,1,2,5,2,1,0,3,2,1,3,2,1,2,1
4,932,1579.0,71,terminated,2,0,0,1,1579.0,1,1,1,0,1,3,1,7,2,1,1,4,2,1,1,2,1,3,6,2,1,6,3,2,1,3,2,1,2,1
4,933,1576.0,74,terminated,2,0,0,1,1576.0,1,1,1,0,1,3,1,7,2,1,1,4,2,1,1,2,1,3,6,2,1,6,3,2,1,3,2,1,2,1
4,934,1378.0,72,terminated,0,0,0,2,1378.0,1,0,0,0,1,2,1,5,0,2,1,3,0,2,1,3,2,2,4,0,2,6,2,0,2,2,0,2,0,2
4,935,286.0,64,terminated,2,10,1,0,286.0,0,1,1,0,1,2,1,5,2,0,1,3,2,0,1,1,0,2,4,2,0,6,2,2,0,2,2,0,2,0
4,936,1173.0,77,terminated,1,0,0,0,1173.0,1,0,0,0,1,1,1,3,1,0,1,2,1,0,1,1,0,1,2,1,0,6,1,1,0,1,1,0,1,0
4,937,1170.0,80,terminated,1,0,0,0,1170.0,1,1,1,0,1,1,1,3,1,0,1,2,1,0,1,1,0,1,2,1,0,6,1,1,0,1,1,0,1,0
4,938,1171.0,79,terminated,0,0,0,1,1171.0,1,0,0,0,1,1,1,3,0,1,1,2,0,1,1,2,1,1,2,0,1,6,1,0,1,1,0,1,0,1
4,939,1378.0,72,terminated,2,0,0,0,1378.0,1,0,0,0,1,2,1,5,2,0,1,3,2,0,1,1,0,2,4,2,0,6,2,2,0,2,2,0,2,0
4,940,1577.0,73,terminated,2,0,0,1,1577.0,1,0,0,0,1,3,1,7,2,1,1,4,2,1,1,2,1,3,6,2,1,6,3,2,1,3,2,1,2,1
4,941,1378.0,72,terminated,1,0,0,1,1378.0,1,1,1,0,1,2,1,5,1,1,1,3,1,1,1,2,1,2,4,1,1,6,2,1,1,2,1,1,1,1
4,942,1576.0,74,terminated,2,0,0,1,1576.0,1,1,1,0,1,2,1,6,2,1,1,4,2,1,1,2,1,2,5,2,1,0,3,2,1,3,2,1,2,1
4,943,1563.0,87,terminated,2,0,0,1,1563.0,1,1,1,0,1,3,1,7,2,1,1,4,2,1,1,2,1,3,6,2,1,4,3,2,1,3,2,1,2,1
4,944,1380.0,70,terminated,2,0,0,0,1380.0,1,0,0,0,1,2,1,5,2,0,1,3,2,0,1,1,0,2,4,2,0,6,2,2,0,2,2,0,2,0
4,945,1539.0,111,terminated,2,0,0,1,1539.0,1,2,1,1,1,3,1,7,2,1,1,4,2,1,1,2,1,3,6,2,1,6,3,2,1,3,2,1,2,1
4,946,-159.0,19,terminated,0,39,1,1,-159.0,0,0,0,0,0,1,0,2,0,1,0,1,0,1,0,1,1,1,2,0,1,0,1,0,1,1,0,1,0,1
4,947,1174.0,76,terminated,1,0,0,0,1174.0,1,1,1,0,1,1,1,3,1,0,1,2,1,0,1,1,0,1,2,1,0,7,1,1,0,1,1,0,1,0
4,948,465.0,75,terminated,2,11,1,1,465.0,0,2,1,1,0,3,0,6,2,1,0,3,2,1,0,1,1,3,6,2,1,6,3,2,1,3,2,1,2,1
4,949,240.0,70,terminated,1,14,1,1,240.0,0,1,0,1,0,2,0,4,1,1,0,2,1,1,0,1,1,2,4,1,1,7,2,1,1,2,1,1,1,1
4,950,1378.0,72,terminated,1,0,0,1,1378.0,1,0,0,0,1,2,1,5,1,1,1,3,1,1,1,2,1,2,4,1,1,6,2,1,1,2,1,1,1,1
4,951,1174.0,76,terminated,0,0,0,1,1174.0,1,0,0,0,1,1,1,3,0,1,1,2,0,1,1,2,1,1,2,0,1,39,1,0,1,1,0,1,0,1
4,952,1380.0,70,terminated,1,0,0,1,1380.0,1,0,0,0,1,2,1,5,1,1,1,3,1,1,1,2,1,2,4,1,1,6,2,1,1,2,1,1,1,1
4,953,1779.0,71,terminated,2,0,0,2,1779.0,1,4,2,2,1,3,1,8,2,2,1,5,2,2,1,3,2,3,7,2,2,0,4,2,2,4,2,2,2,2
4,954,542.0,68,terminated,2,4,1,1,542.0,0,0,0,0,1,3,1,7,2,1,1,4,2,1,1,2,1,3,6,2,1,0,3,2,1,3,2,1,2,1
4,955,215.0,135,terminated,2,10,1,0,215.0,0,1,1,0,1,2,1,5,2,0,1,3,2,0,1,1,0,2,4,2,0,6,2,2,0,2,2,0,2,0
4,956,1378.0,72,terminated,2,0,0,0,1378.0,1,0,0,0,0,2,0,4,2,0,0,2,2,0,0,0,0,2,4,2,0,6,2,2,0,2,2,0,2,0
4,957,522.0,98,terminated,1,3,1,2,522.0,0,1,0,1,1,2,1,6,1,2,1,4,1,2,1,3,2,2,5,1,2,6,3,1,2,3,1,2,1,2
4,958,1574.0,76,terminated,1,0,0,2,1574.0,1,2,1,1,1,3,1,7,1,2,1,4,1,2,1,3,2,3,6,1,2,1,3,1,2,3,1,2,1,2
4,959,1707.0,143,terminated,2,0,0,2,1707.0,1,3,1,2,1,4,1,9,2,2,1,5,2,2,1,3,2,4,8,2,2,4,4,2,2,4,2,2,2,2
4,960,1377.0,73,terminated,1,0,0,1,1377.0,1,1,0,1,1,2,1,5,1,1,1,3,1,1,1,2,1,2,4,1,1,6,2,1,1,2,1,1,1,1
4,961,1576.0,74,terminated,1,0,0,2,1576.0,1,1,1,0,1,3,1,7,1,2,1,4,1,2,1,3,2,3,6,1,2,6,3,1,2,3,1,2,1,2
4,962,1246.0,204,terminated,1,0,0,1,1246.0,1,1,1,0,1,2,1,5,1,1,1,3,1,1,1,2,1,2,4,1,1,7,2,1,1,2,1,1,1,1
4,963,1376.0,74,terminated,1,0,0,1,1376.0,1,2,1,1,1,2,1,5,1,1,1,3,1,1,1,2,1,2,4,1,1,4,2,1,1,2,1,1,1,1
4,964,-180.0,30,terminated,1,40,1,0,-180.0,0,0,0,0,0,1,0,2,1,0,0,1,1,0,0,0,0,1,2,1,0,0,1,1,0,1,1,0,1,0
4,965,1378.0,72,terminated,1,0,0,1,1378.0,1,1,0,1,1,2,1,5,1,1,1,3,1,1,1,2,1,2,4,1,1,6,2,1,1,2,1,1,1,1
4,966,1167.0,83,terminated,0,0,0,1,1167.0,1,1,0,1,1,1,1,3,0,1,1,2,0,1,1,2,1,1,2,0,1,14,1,0,1,1,0,1,0,1
4,967,1774.0,76,terminated,2,0,0,2,1774.0,1,2,2,0,1,4,1,9,2,2,1,5,2,2,1,3,2,4,8,2,2,0,4,2,2,4,2,2,2,2
4,968,1376.0,74,terminated,1,0,0,1,1376.0,1,1,0,1,1,2,1,5,1,1,1,3,1,1,1,2,1,2,4,1,1,9,2,1,1,2,1,1,1,1
4,969,157.0,83,terminated,1,1,1,0,157.0,0,1,1,0,1,1,1,3,1,0,1,2,1,0,1,1,0,1,2,1,0,33,1,1,0,1,1,0,1,0
4,970,1776.0,74,terminated,2,0,0,2,1776.0,1,1,0,1,0,4,0,8,2,2,0,4,2,2,0,2,2,4,8,2,2,6,4,2,2,4,2,2,2,2
4,971,1343.0,107,terminated,1,0,0,1,1343.0,1,1,0,1,1,2,1,5,1,1,1,3,1,1,1,2,1,2,4,1,1,6,2,1,1,2,1,1,1,1
4,972,349.0,71,terminated,1,3,1,1,349.0,0,2,1,1,1,2,1,5,1,1,1,3,1,1,1,2,1,2,4,1,1,6,2,1,1,2,1,1,1,1
4,973,1168.0,82,terminated,1,0,0,0,1168.0,1,0,0,0,1,1,1,3,1,0,1,2,1,0,1,1,0,1,2,1,0,6,1,1,0,1,1,0,1,0
4,974,1557.0,93,terminated,2,0,0,1,1557.0,1,1,0,1,1,3,1,7,2,1,1,4,2,1,1,2,1,3,6,2,1,6,3,2,1,3,2,1,2,1
4,975,1172.0,78,terminated,1,0,0,0,1172.0,1,0,0,0,1,1,1,3,1,0,1,2,1,0,1,1,0,1,2,1,0,37,1,1,0,1,1,0,1,0
4,976,1580.0,70,terminated,1,0,0,2,1580.0,1,0,0,0,1,3,1,7,1,2,1,4,1,2,1,3,2,3,6,1,2,6,3,1,2,3,1,2,1,2
4,977,263.0,77,terminated,1,11,1,1,263.0,0,2,1,1,1,2,1,5,1,1,1,3,1,1,1,2,1,2,4,1,1,17,2,1,1,2,1,1,1,1
4,978,1177.0,73,terminated,0,0,0,1,1177.0,1,0,0,0,1,1,1,3,0,1,1,2,0,1,1,2,1,1,2,0,1,6,1,0,1,1,0,1,0,1
4,979,1378.0,72,terminated,1,0,0,1,1378.0,1,1,1,0,1,2,1,5,1,1,1,3,1,1,1,2,1,2,4,1,1,6,2,1,1,2,1,1,1,1
4,980,1577.0,73,terminated,2,0,0,1,1577.0,1,2,2,0,1,3,1,7,2,1,1,4,2,1,1,2,1,3,6,2,1,1,3,2,1,3,2,1,2,1
4,981,1578.0,72,terminated,2,0,0,1,1578.0,1,2,1,1,1,3,1,7,2,1,1,4,2,1,1,2,1,3,6,2,1,5,3,2,1,3,2,1,2,1
4,982,1154.0,96,terminated,0,0,0,1,1154.0,1,1,0,1,1,1,1,3,0,1,1,2,0,1,1,2,1,1,2,0,1,25,1,0,1,1,0,1,0,1
4,983,1380.0,70,terminated,1,0,0,1,1380.0,1,0,0,0,0,2,0,4,1,1,0,2,1,1,0,1,1,2,4,1,1,6,2,1,1,2,1,1,1,1
4,984,1380.0,70,terminated,1,0,0,1,1380.0,1,0,0,0,1,2,1,5,1,1,1,3,1,1,1,2,1,2,4,1,1,0,2,1,1,2,1,1,1,1
4,985,655.0,85,terminated,2,11,1,2,655.0,0,3,2,1,1,4,1,9,2,2,1,5,2,2,1,3,2,4,8,2,2,0,4,2,2,4,2,2,2,2
4,986,1377.0,73,terminated,1,0,0,1,1377.0,1,0,0,0,1,1,1,4,1,1,1,3,1,1,1,2,1,1,3,1,1,0,2,1,1,2,1,1,1,1
4,987,1378.0,72,terminated,2,0,0,0,1378.0,1,0,0,0,1,2,1,5,2,0,1,3,2,0,1,1,0,2,4,2,0,6,2,2,0,2,2,0,2,0
4,988,1554.0,96,terminated,1,0,0,2,1554.0,1,2,1,1,1,3,1,7,1,2,1,4,1,2,1,3,2,3,6,1,2,7,3,1,2,3,1,2,1,2
4,989,550.0,70,terminated,2,3,1,1,550.0,0,1,1,0,1,2,1,6,2,1,1,4,2,1,1,2,1,2,5,2,1,0,3,2,1,3,2,1,2,1
4,990,1737.0,113,terminated,2,0,0,2,1737.0,1,2,1,1,1,4,1,9,2,2,1,5,2,2,1,3,2,4,8,2,2,0,4,2,2,4,2,2,2,2
4,991,1549.0,101,terminated,2,0,0,1,1549.0,1,1,1,0,1,3,1,7,2,1,1,4,2,1,1,2,1,3,6,2,1,8,3,2,1,3,2,1,2,1
4,992,1320.0,130,terminated,2,0,0,0,1320.0,1,2,2,0,1,2,1,5,2,0,1,3,2,0,1,1,0,2,4,2,0,6,2,2,0,2,2,0,2,0
4,993,1574.0,76,terminated,2,0,0,1,1574.0,1,3,2,1,1,3,1,7,2,1,1,4,2,1,1,2,1,3,6,2,1,4,3,2,1,3,2,1,2,1
4,994,1580.0,70,terminated,2,0,0,1,1580.0,1,3,2,1,1,2,1,6,2,1,1,4,2,1,1,2,1,2,5,2,1,6,3,2,1,3,2,1,2,1
4,995,1174.0,76,terminated,1,0,0,0,1174.0,1,1,1,0,1,1,1,3,1,0,1,2,1,0,1,1,0,1,2,1,0,9,1,1,0,1,1,0,1,0
4,996,1769.0,81,terminated,2,0,0,2,1769.0,1,3,1,2,1,4,1,9,2,2,1,5,2,2,1,3,2,4,8,2,2,0,4,2,2,4,2,2,2,2
4,997,1323.0,127,terminated,1,0,0,1,1323.0,1,1,1,0,1,2,1,5,1,1,1,3,1,1,1,2,1,2,4,1,1,6,2,1,1,2,1,1,1,1
4,998,1172.0,78,terminated,1,0,0,0,1172.0,1,1,1,0,1,1,1,3,1,0,1,2,1,0,1,1,0,1,2,1,0,9,1,1,0,1,1,0,1,0
4,999,333.0,87,terminated,0,3,1,2,333.0,0,1,0,1,1,2,1,5,0,2,1,3,0,2,1,3,2,2,4,0,2,11,2,0,2,2,0,2,0,2
