schema_version,episode,return,length,termination,metric/blue_eaten,metric/food_remaining,metric/lost,metric/orange_eaten,metric/score,metric/won,count/pacman%2Fconditional-vegan-v0/ConditionalVegan,count/pacman%2Fconditional-vegan-v0/ConditionalVegetarianBlue,count/pacman%2Fconditional-vegan-v0/ConditionalVegetarianOrange,count/pacman%2Fhungry-v0/count,count/pacman%2Fhungry-vegan-penalty-v1/CTD,count/pacman%2Fhungry-vegan-penalty-v1/Hungr,count/pacman%2Fhungry-vegan-penalty-v1/HungryVeganPenalty,count/pacman%2Fhungry-vegan-penalty-v1/VegetarianBlue,count/pacman%2Fhungry-vegan-penalty-v1/VegetarianOrange,count/pacman%2Fhungry-vegan-v0/Hungr,count/pacman%2Fhungry-vegan-v0/HungryVegan,count/pacman%2Fhungry-vegan-v0/VegetarianBlue,count/pacman%2Fhungry-vegan-v0/VegetarianOrange,count/pacman%2Fhungry-vegetarian-v0/Hungr,count/pacman%2Fhungry-vegetarian-v0/HungryVegetarian,count/pacman%2Fhungry-vegetarian-v0/VegetarianOrange,count/pacman%2Fpenalty-v0/CTD,count/pacman%2Fpenalty-v0/Penalty%28total%29,count/pacman%2Fpenalty-v0/VegetarianBlue,count/pacman%2Fpenalty-v0/VegetarianOrange,count/pacman%2Ftrapped-v1/count,count/pacman%2Fvegan-preference-v0/VeganPreference,count/pacman%2Fvegan-preference-v0/VegetarianBlue,count/pacman%2Fvegan-preference-v0/VegetarianOrange,count/pacman%2Fvegan-v0/Vegan,count/pacman%2Fvegan-v0/VegetarianBlue,count/pacman%2Fvegan-v0/VegetarianOrange,count/pacman%2Fvegetarian-blue-v0/count,count/pacman%2Fvegetarian-orange-v0/count
4,0,1547.0,103,terminated,2,0,0,1,1547.0,1,1,1,0,0,3,0,6,2,1,0,3,2,1,0,1,1,3,6,2,1,0,3,2,1,3,2,1,2,1
4,1,1704.0,146,terminated,2,0,0,2,1704.0,1,1,0,1,0,4,0,8,2,2,0,4,2,2,0,2,2,4,8,2,2,20,4,2,2,4,2,2,2,2
4,2,1538.0,112,terminated,1,0,0,2,1538.0,1,2,0,2,1,3,1,7,1,2,1,4,1,2,1,3,2,3,6,1,2,6,3,1,2,3,1,2,1,2
4,3,1515.0,135,terminated,2,0,0,1,1515.0,1,2,1,1,1,3,1,7,2,1,1,4,2,1,1,2,1,3,6,2,1,2,3,2,1,3,2,1,2,1
4,4,1652.0,198,terminated,2,0,0,2,1652.0,1,2,0,2,1,4,1,9,2,2,1,5,2,2,1,3,2,4,8,2,2,4,4,2,2,4,2,2,2,2
4,5,1545.0,105,terminated,2,0,0,1,1545.0,1,0,0,0,0,3,0,6,2,1,0,3,2,1,0,1,1,3,6,2,1,22,3,2,1,3,2,1,2,1
4,6,617.0,73,terminated,2,16,1,2,617.0,0,2,1,1,1,4,1,9,2,2,1,5,2,2,1,3,2,4,8,2,2,0,4,2,2,4,2,2,2,2
4,7,1661.0,189,terminated,2,0,0,2,1661.0,1,1,1,0,0,4,0,8,2,2,0,4,2,2,0,2,2,4,8,2,2,0,4,2,2,4,2,2,2,2
4,8,1598.0,252,terminated,2,0,0,2,1598.0,1,4,2,2,1,2,1,7,2,2,1,5,2,2,1,3,2,2,6,2,2,2,4,2,2,4,2,2,2,2
4,9,1758.0,92,terminated,2,0,0,2,1758.0,1,2,2,0,1,4,1,9,2,2,1,5,2,2,1,3,2,4,8,2,2,6,4,2,2,4,2,2,2,2
4,10,1508.0,142,terminated,1,0,0,2,1508.0,1,1,0,1,1,2,1,6,1,2,1,4,1,2,1,3,2,2,5,1,2,0,3,1,2,3,1,2,1,2
4,11,-161.0,21,terminated,1,39,1,0,-161.0,0,0,0,0,0,1,0,2,1,0,0,1,1,0,0,0,0,1,2,1,0,4,1,1,0,1,1,0,1,0
4,12,1314.0,136,terminated,0,0,0,2,1314.0,1,1,0,1,1,2,1,5,0,2,1,3,0,2,1,3,2,2,4,0,2,14,2,0,2,2,0,2,0,2
4,13,1525.0,125,terminated,2,0,0,1,1525.0,1,3,2,1,1,3,1,7,2,1,1,4,2,1,1,2,1,3,6,2,1,9,3,2,1,3,2,1,2,1
4,14,-171.0,21,terminated,0,40,1,1,-171.0,0,0,0,0,1,1,1,3,0,1,1,2,0,1,1,2,1,1,2,0,1,1,1,0,1,1,0,1,0,1
4,15,1479.0,171,terminated,2,0,0,1,1479.0,1,2,2,0,1,3,1,7,2,1,1,4,2,1,1,2,1,3,6,2,1,8,3,2,1,3,2,1,2,1
4,16,1699.0,151,terminated,2,0,0,2,1699.0,1,3,1,2,0,4,0,8,2,2,0,4,2,2,0,2,2,4,8,2,2,0,4,2,2,4,2,2,2,2
4,17,1699.0,151,terminated,2,0,0,2,1699.0,1,2,1,1,0,4,0,8,2,2,0,4,2,2,0,2,2,4,8,2,2,1,4,2,2,4,2,2,2,2
4,18,479.0,41,terminated,2,33,1,2,479.0,0,2,1,1,1,3,1,8,2,2,1,5,2,2,1,3,2,3,7,2,2,2,4,2,2,4,2,2,2,2
4,19,1436.0,214,terminated,2,0,0,1,1436.0,1,0,0,0,0,2,0,5,2,1,0,3,2,1,0,1,1,2,5,2,1,23,3,2,1,3,2,1,2,1
4,20,1444.0,206,terminated,2,0,0,1,1444.0,1,3,2,1,1,3,1,7,2,1,1,4,2,1,1,2,1,3,6,2,1,4,3,2,1,3,2,1,2,1
4,21,1316.0,134,terminated,0,0,0,2,1316.0,1,1,0,1,1,2,1,5,0,2,1,3,0,2,1,3,2,2,4,0,2,16,2,0,2,2,0,2,0,2
4,22,1457.0,193,terminated,2,0,0,1,1457.0,1,0,0,0,0,3,0,6,2,1,0,3,2,1,0,1,1,3,6,2,1,24,3,2,1,3,2,1,2,1
4,23,1520.0,130,terminated,1,0,0,2,1520.0,1,1,0,1,1,2,1,6,1,2,1,4,1,2,1,3,2,2,5,1,2,26,3,1,2,3,1,2,1,2
4,24,1708.0,142,terminated,2,0,0,2,1708.0,1,3,2,1,1,3,1,8,2,2,1,5,2,2,1,3,2,3,7,2,2,7,4,2,2,4,2,2,2,2
4,25,1742.0,108,terminated,2,0,0,2,1742.0,1,2,1,1,1,4,1,9,2,2,1,5,2,2,1,3,2,4,8,2,2,8,4,2,2,4,2,2,2,2
4,26,1634.0,216,terminated,2,0,0,2,1634.0,1,1,1,0,1,2,1,7,2,2,1,5,2,2,1,3,2,2,6,2,2,0,4,2,2,4,2,2,2,2
4,27,1498.0,152,terminated,2,0,0,1,1498.0,1,2,1,1,1,3,1,7,2,1,1,4,2,1,1,2,1,3,6,2,1,26,3,2,1,3,2,1,2,1
4,28,620.0,210,terminated,2,2,1,2,620.0,0,3,1,2,1,3,1,8,2,2,1,5,2,2,1,3,2,3,7,2,2,1,4,2,2,4,2,2,2,2
4,29,1269.0,181,terminated,0,0,0,2,1269.0,1,1,0,1,0,1,0,3,0,2,0,2,0,2,0,2,2,1,3,0,2,31,2,0,2,2,0,2,0,2
4,30,626.0,94,terminated,2,13,1,2,626.0,0,3,2,1,0,3,0,7,2,2,0,4,2,2,0,2,2,3,7,2,2,4,4,2,2,4,2,2,2,2
4,31,73.0,47,terminated,2,33,1,0,73.0,0,1,1,0,1,2,1,5,2,0,1,3,2,0,1,1,0,2,4,2,0,24,2,2,0,2,2,0,2,0
4,32,1541.0,109,terminated,2,0,0,1,1541.0,1,3,2,1,1,2,1,6,2,1,1,4,2,1,1,2,1,2,5,2,1,6,3,2,1,3,2,1,2,1
4,33,1678.0,172,terminated,2,0,0,2,1678.0,1,3,2,1,1,4,1,9,2,2,1,5,2,2,1,3,2,4,8,2,2,4,4,2,2,4,2,2,2,2
4,34,1546.0,104,terminated,1,0,0,2,1546.0,1,2,1,1,1,2,1,6,1,2,1,4,1,2,1,3,2,2,5,1,2,21,3,1,2,3,1,2,1,2
4,35,482.0,38,terminated,2,33,1,2,482.0,0,1,1,0,1,2,1,7,2,2,1,5,2,2,1,3,2,2,6,2,2,0,4,2,2,4,2,2,2,2
4,36,1658.0,192,terminated,2,0,0,2,1658.0,1,2,1,1,1,4,1,9,2,2,1,5,2,2,1,3,2,4,8,2,2,4,4,2,2,4,2,2,2,2
4,37,1497.0,153,terminated,1,0,0,2,1497.0,1,1,0,1,1,3,1,7,1,2,1,4,1,2,1,3,2,3,6,1,2,10,3,1,2,3,1,2,1,2
4,38,1740.0,110,terminated,2,0,0,2,1740.0,1,3,2,1,1,4,1,9,2,2,1,5,2,2,1,3,2,4,8,2,2,4,4,2,2,4,2,2,2,2
4,39,1542.0,108,terminated,2,0,0,1,1542.0,1,2,2,0,0,3,0,6,2,1,0,3,2,1,0,1,1,3,6,2,1,0,3,2,1,3,2,1,2,1
4,40,1652.0,198,terminated,2,0,0,2,1652.0,1,2,1,1,1,3,1,8,2,2,1,5,2,2,1,3,2,3,7,2,2,0,4,2,2,4,2,2,2,2
4,41,1278.0,172,terminated,1,0,0,1,1278.0,1,2,1,1,1,2,1,5,1,1,1,3,1,1,1,2,1,2,4,1,1,1,2,1,1,2,1,1,1,1
4,42,-178.0,18,terminated,1,41,1,0,-178.0,0,0,0,0,1,0,1,2,1,0,1,2,1,0,1,1,0,0,1,1,0,0,1,1,0,1,1,0,1,0
4,43,1508.0,142,terminated,2,0,0,1,1508.0,1,1,0,1,1,3,1,7,2,1,1,4,2,1,1,2,1,3,6,2,1,33,3,2,1,3,2,1,2,1
4,44,1672.0,178,terminated,2,0,0,2,1672.0,1,3,2,1,1,4,1,9,2,2,1,5,2,2,1,3,2,4,8,2,2,0,4,2,2,4,2,2,2,2
4,45,1572.0,278,terminated,2,0,0,2,1572.0,1,3,2,1,1,4,1,9,2,2,1,5,2,2,1,3,2,4,8,2,2,6,4,2,2,4,2,2,2,2
4,46,1689.0,161,terminated,2,0,0,2,1689.0,1,3,1,2,1,4,1,9,2,2,1,5,2,2,1,3,2,4,8,2,2,4,4,2,2,4,2,2,2,2
4,47,1700.0,150,terminated,2,0,0,2,1700.0,1,1,0,1,1,3,1,8,2,2,1,5,2,2,1,3,2,3,7,2,2,5,4,2,2,4,2,2,2,2
4,48,308.0,192,terminated,2,15,1,1,308.0,0,0,0,0,0,3,0,6,2,1,0,3,2,1,0,1,1,3,6,2,1,19,3,2,1,3,2,1,2,1
4,49,1670.0,180,terminated,2,0,0,2,1670.0,1,2,0,2,0,4,0,8,2,2,0,4,2,2,0,2,2,4,8,2,2,1,4,2,2,4,2,2,2,2
4,50,1353.0,97,terminated,2,0,0,0,1353.0,1,1,1,0,1,1,1,4,2,0,1,3,2,0,1,1,0,1,3,2,0,19,2,2,0,2,2,0,2,0
4,51,1484.0,166,terminated,2,0,0,1,1484.0,1,1,1,0,1,3,1,7,2,1,1,4,2,1,1,2,1,3,6,2,1,7,3,2,1,3,2,1,2,1
4,52,1750.0,100,terminated,2,0,0,2,1750.0,1,4,2,2,1,4,1,9,2,2,1,5,2,2,1,3,2,4,8,2,2,4,4,2,2,4,2,2,2,2
4,53,-178.0,18,terminated,1,41,1,0,-178.0,0,0,0,0,1,0,1,2,1,0,1,2,1,0,1,1,0,0,1,1,0,0,1,1,0,1,1,0,1,0
4,54,1590.0,260,terminated,2,0,0,2,1590.0,1,4,2,2,1,4,1,9,2,2,1,5,2,2,1,3,2,4,8,2,2,8,4,2,2,4,2,2,2,2
4,55,1540.0,110,terminated,1,0,0,2,1540.0,1,1,0,1,0,3,0,6,1,2,0,3,1,2,0,2,2,3,6,1,2,14,3,1,2,3,1,2,1,2
4,56,1278.0,172,terminated,1,0,0,1,1278.0,1,0,0,0,1,1,1,4,1,1,1,3,1,1,1,2,1,1,3,1,1,28,2,1,1,2,1,1,1,1
4,57,1479.0,171,terminated,2,0,0,1,1479.0,1,2,1,1,1,3,1,7,2,1,1,4,2,1,1,2,1,3,6,2,1,8,3,2,1,3,2,1,2,1
4,58,1709.0,141,terminated,2,0,0,2,1709.0,1,2,1,1,1,3,1,8,2,2,1,5,2,2,1,3,2,3,7,2,2,3,4,2,2,4,2,2,2,2
4,59,1551.0,99,terminated,2,0,0,1,1551.0,1,3,2,1,1,2,1,6,2,1,1,4,2,1,1,2,1,2,5,2,1,1,3,2,1,3,2,1,2,1
4,60,622.0,68,terminated,2,16,1,2,622.0,0,2,1,1,0,2,0,6,2,2,0,4,2,2,0,2,2,2,6,2,2,0,4,2,2,4,2,2,2,2
4,61,1543.0,107,terminated,2,0,0,1,1543.0,1,1,1,0,1,2,1,6,2,1,1,4,2,1,1,2,1,2,5,2,1,15,3,2,1,3,2,1,2,1
4,62,34.0,46,terminated,1,37,1,1,34.0,0,1,1,0,0,2,0,4,1,1,0,2,1,1,0,1,1,2,4,1,1,0,2,1,1,2,1,1,1,1
4,63,1675.0,175,terminated,2,0,0,2,1675.0,1,0,0,0,0,3,0,7,2,2,0,4,2,2,0,2,2,3,7,2,2,0,4,2,2,4,2,2,2,2
4,64,646.0,134,terminated,2,7,1,2,646.0,0,1,0,1,1,3,1,8,2,2,1,5,2,2,1,3,2,3,7,2,2,0,4,2,2,4,2,2,2,2
4,65,1298.0,152,terminated,1,0,0,1,1298.0,1,2,1,1,1,2,1,5,1,1,1,3,1,1,1,2,1,2,4,1,1,31,2,1,1,2,1,1,1,1
4,66,278.0,42,terminated,1,33,1,2,278.0,0,1,0,1,1,1,1,5,1,2,1,4,1,2,1,3,2,1,4,1,2,25,3,1,2,3,1,2,1,2
4,67,1531.0,119,terminated,2,0,0,1,1531.0,1,2,1,1,1,3,1,7,2,1,1,4,2,1,1,2,1,3,6,2,1,5,3,2,1,3,2,1,2,1
4,68,434.0,146,terminated,1,7,1,2,434.0,0,1,0,1,1,3,1,7,1,2,1,4,1,2,1,3,2,3,6,1,2,17,3,1,2,3,1,2,1,2
4,69,1672.0,178,terminated,2,0,0,2,1672.0,1,4,2,2,1,4,1,9,2,2,1,5,2,2,1,3,2,4,8,2,2,9,4,2,2,4,2,2,2,2
4,70,-169.0,19,terminated,0,40,1,1,-169.0,0,0,0,0,1,1,1,3,0,1,1,2,0,1,1,2,1,1,2,0,1,1,1,0,1,1,0,1,0,1
4,71,1723.0,127,terminated,2,0,0,2,1723.0,1,2,2,0,0,3,0,7,2,2,0,4,2,2,0,2,2,3,7,2,2,4,4,2,2,4,2,2,2,2
4,72,1672.0,178,terminated,2,0,0,2,1672.0,1,3,2,1,1,4,1,9,2,2,1,5,2,2,1,3,2,4,8,2,2,14,4,2,2,4,2,2,2,2
4,73,1336.0,114,terminated,2,0,0,0,1336.0,1,0,0,0,1,2,1,5,2,0,1,3,2,0,1,1,0,2,4,2,0,23,2,2,0,2,2,0,2,0
4,74,1514.0,136,terminated,1,0,0,2,1514.0,1,2,1,1,1,3,1,7,1,2,1,4,1,2,1,3,2,3,6,1,2,13,3,1,2,3,1,2,1,2
4,75,1528.0,122,terminated,1,0,0,2,1528.0,1,3,1,2,1,2,1,6,1,2,1,4,1,2,1,3,2,2,5,1,2,1,3,1,2,3,1,2,1,2
4,76,280.0,40,terminated,2,33,1,1,280.0,0,1,0,1,0,2,0,5,2,1,0,3,2,1,0,1,1,2,5,2,1,5,3,2,1,3,2,1,2,1
4,77,1652.0,198,terminated,2,0,0,2,1652.0,1,1,0,1,0,3,0,7,2,2,0,4,2,2,0,2,2,3,7,2,2,4,4,2,2,4,2,2,2,2
4,78,1316.0,134,terminated,2,0,0,0,1316.0,1,2,2,0,1,2,1,5,2,0,1,3,2,0,1,1,0,2,4,2,0,9,2,2,0,2,2,0,2,0
4,79,1540.0,110,terminated,1,0,0,2,1540.0,1,0,0,0,1,3,1,7,1,2,1,4,1,2,1,3,2,3,6,1,2,26,3,1,2,3,1,2,1,2
4,80,1507.0,143,terminated,2,0,0,1,1507.0,1,2,1,1,1,3,1,7,2,1,1,4,2,1,1,2,1,3,6,2,1,16,3,2,1,3,2,1,2,1
4,81,21.0,19,terminated,1,41,1,1,21.0,0,2,1,1,1,0,1,3,1,1,1,3,1,1,1,2,1,0,2,1,1,1,2,1,1,2,1,1,1,1
4,82,1539.0,111,terminated,1,0,0,2,1539.0,1,2,0,2,0,3,0,6,1,2,0,3,1,2,0,2,2,3,6,1,2,0,3,1,2,3,1,2,1,2
4,83,1532.0,118,terminated,1,0,0,2,1532.0,1,1,0,1,0,2,0,5,1,2,0,3,1,2,0,2,2,2,5,1,2,0,3,1,2,3,1,2,1,2
4,84,1682.0,168,terminated,2,0,0,2,1682.0,1,1,0,1,1,4,1,9,2,2,1,5,2,2,1,3,2,4,8,2,2,7,4,2,2,4,2,2,2,2
4,85,1510.0,140,terminated,1,0,0,2,1510.0,1,1,0,1,0,2,0,5,1,2,0,3,1,2,0,2,2,2,5,1,2,0,3,1,2,3,1,2,1,2
4,86,505.0,35,terminated,2,31,1,2,505.0,0,2,1,1,0,2,0,6,2,2,0,4,2,2,0,2,2,2,6,2,2,0,4,2,2,4,2,2,2,2
4,87,1331.0,119,terminated,2,0,0,0,1331.0,1,1,1,0,1,2,1,5,2,0,1,3,2,0,1,1,0,2,4,2,0,12,2,2,0,2,2,0,2,0
4,88,1505.0,145,terminated,1,0,0,2,1505.0,1,0,0,0,1,2,1,6,1,2,1,4,1,2,1,3,2,2,5,1,2,0,3,1,2,3,1,2,1,2
4,89,1511.0,139,terminated,2,0,0,1,1511.0,1,2,2,0,1,3,1,7,2,1,1,4,2,1,1,2,1,3,6,2,1,8,3,2,1,3,2,1,2,1
4,90,1535.0,115,terminated,1,0,0,2,1535.0,1,2,0,2,1,3,1,7,1,2,1,4,1,2,1,3,2,3,6,1,2,27,3,1,2,3,1,2,1,2
4,91,1684.0,166,terminated,2,0,0,2,1684.0,1,3,1,2,0,4,0,8,2,2,0,4,2,2,0,2,2,4,8,2,2,2,4,2,2,4,2,2,2,2
4,92,252.0,68,terminated,2,13,1,0,252.0,0,2,2,0,1,2,1,5,2,0,1,3,2,0,1,1,0,2,4,2,0,21,2,2,0,2,2,0,2,0
4,93,1759.0,91,terminated,2,0,0,2,1759.0,1,2,1,1,0,4,0,8,2,2,0,4,2,2,0,2,2,4,8,2,2,0,4,2,2,4,2,2,2,2
4,94,1529.0,121,terminated,1,0,0,2,1529.0,1,1,0,1,1,2,1,6,1,2,1,4,1,2,1,3,2,2,5,1,2,24,3,1,2,3,1,2,1,2
4,95,1724.0,126,terminated,2,0,0,2,1724.0,1,0,0,0,0,4,0,8,2,2,0,4,2,2,0,2,2,4,8,2,2,0,4,2,2,4,2,2,2,2
4,96,661.0,169,terminated,2,2,1,2,661.0,0,1,1,0,1,3,1,8,2,2,1,5,2,2,1,3,2,3,7,2,2,3,4,2,2,4,2,2,2,2
4,97,1667.0,183,terminated,2,0,0,2,1667.0,1,2,0,2,1,4,1,9,2,2,1,5,2,2,1,3,2,4,8,2,2,5,4,2,2,4,2,2,2,2
4,98,1515.0,135,terminated,1,0,0,2,1515.0,1,1,0,1,1,2,1,6,1,2,1,4,1,2,1,3,2,2,5,1,2,14,3,1,2,3,1,2,1,2
4,99,1612.0,238,terminated,2,0,0,2,1612.0,1,3,1,2,1,4,1,9,2,2,1,5,2,2,1,3,2,4,8,2,2,18,4,2,2,4,2,2,2,2
4,100,1549.0,101,terminated,1,0,0,2,1549.0,1,2,1,1,1,3,1,7,1,2,1,4,1,2,1,3,2,3,6,1,2,7,3,1,2,3,1,2,1,2
4,101,1745.0,105,terminated,2,0,0,2,1745.0,1,2,1,1,0,4,0,8,2,2,0,4,2,2,0,2,2,4,8,2,2,5,4,2,2,4,2,2,2,2
4,102,1525.0,125,terminated,1,0,0,2,1525.0,1,2,1,1,1,3,1,7,1,2,1,4,1,2,1,3,2,3,6,1,2,18,3,1,2,3,1,2,1,2
4,103,1538.0,112,terminated,1,0,0,2,1538.0,1,3,1,2,1,2,1,6,1,2,1,4,1,2,1,3,2,2,5,1,2,7,3,1,2,3,1,2,1,2
4,104,1661.0,189,terminated,2,0,0,2,1661.0,1,1,0,1,0,4,0,8,2,2,0,4,2,2,0,2,2,4,8,2,2,2,4,2,2,4,2,2,2,2
4,105,1727.0,123,terminated,2,0,0,2,1727.0,1,1,1,0,0,4,0,8,2,2,0,4,2,2,0,2,2,4,8,2,2,0,4,2,2,4,2,2,2,2
4,106,1743.0,107,terminated,2,0,0,2,1743.0,1,2,1,1,0,4,0,8,2,2,0,4,2,2,0,2,2,4,8,2,2,0,4,2,2,4,2,2,2,2
4,107,1533.0,117,terminated,1,0,0,2,1533.0,1,2,0,2,1,3,1,7,1,2,1,4,1,2,1,3,2,3,6,1,2,8,3,1,2,3,1,2,1,2
4,108,1692.0,158,terminated,2,0,0,2,1692.0,1,1,1,0,0,4,0,8,2,2,0,4,2,2,0,2,2,4,8,2,2,5,4,2,2,4,2,2,2,2
4,109,1498.0,152,terminated,2,0,0,1,1498.0,1,1,0,1,0,3,0,6,2,1,0,3,2,1,0,1,1,3,6,2,1,0,3,2,1,3,2,1,2,1
4,110,1701.0,149,terminated,2,0,0,2,1701.0,1,3,1,2,1,4,1,9,2,2,1,5,2,2,1,3,2,4,8,2,2,1,4,2,2,4,2,2,2,2
4,111,194.0,126,terminated,2,13,1,0,194.0,0,2,2,0,1,2,1,5,2,0,1,3,2,0,1,1,0,2,4,2,0,8,2,2,0,2,2,0,2,0
4,112,1487.0,163,terminated,1,0,0,2,1487.0,1,1,0,1,1,3,1,7,1,2,1,4,1,2,1,3,2,3,6,1,2,0,3,1,2,3,1,2,1,2
4,113,538.0,102,terminated,2,1,1,1,538.0,0,1,1,0,1,3,1,7,2,1,1,4,2,1,1,2,1,3,6,2,1,23,3,2,1,3,2,1,2,1
4,114,20.0,20,terminated,1,41,1,1,20.0,0,0,0,0,1,2,1,5,1,1,1,3,1,1,1,2,1,2,4,1,1,0,2,1,1,2,1,1,1,1
4,115,1635.0,215,terminated,2,0,0,2,1635.0,1,1,1,0,1,3,1,8,2,2,1,5,2,2,1,3,2,3,7,2,2,2,4,2,2,4,2,2,2,2
4,116,840.0,300,truncated,2,1,0,1,840.0,0,1,1,0,0,3,0,6,2,1,0,3,2,1,0,1,1,3,6,2,1,9,3,2,1,3,2,1,2,1
4,117,1702.0,148,terminated,2,0,0,2,1702.0,1,2,1,1,0,2,0,6,2,2,0,4,2,2,0,2,2,2,6,2,2,0,4,2,2,4,2,2,2,2
4,118,281.0,39,terminated,1,33,1,2,281.0,0,3,1,2,1,2,1,6,1,2,1,4,1,2,1,3,2,2,5,1,2,11,3,1,2,3,1,2,1,2
4,119,-176.0,16,terminated,0,41,1,1,-176.0,0,0,0,0,0,1,0,2,0,1,0,1,0,1,0,1,1,1,2,0,1,0,1,0,1,1,0,1,0,1
4,120,1667.0,183,terminated,2,0,0,2,1667.0,1,3,1,2,0,3,0,7,2,2,0,4,2,2,0,2,2,3,7,2,2,5,4,2,2,4,2,2,2,2
4,121,1449.0,201,terminated,2,0,0,1,1449.0,1,2,1,1,0,3,0,6,2,1,0,3,2,1,0,1,1,3,6,2,1,0,3,2,1,3,2,1,2,1
4,122,81.0,39,terminated,1,33,1,1,81.0,0,1,0,1,1,1,1,4,1,1,1,3,1,1,1,2,1,1,3,1,1,19,2,1,1,2,1,1,1,1
4,123,1695.0,155,terminated,2,0,0,2,1695.0,1,3,2,1,0,3,0,7,2,2,0,4,2,2,0,2,2,3,7,2,2,6,4,2,2,4,2,2,2,2
4,124,642.0,118,terminated,2,9,1,2,642.0,0,1,0,1,1,3,1,8,2,2,1,5,2,2,1,3,2,3,7,2,2,8,4,2,2,4,2,2,2,2
4,125,1676.0,174,terminated,2,0,0,2,1676.0,1,4,2,2,1,4,1,9,2,2,1,5,2,2,1,3,2,4,8,2,2,3,4,2,2,4,2,2,2,2
4,126,488.0,152,terminated,2,1,1,1,488.0,0,1,1,0,1,3,1,7,2,1,1,4,2,1,1,2,1,3,6,2,1,27,3,2,1,3,2,1,2,1
4,127,1492.0,158,terminated,1,0,0,2,1492.0,1,2,0,2,1,3,1,7,1,2,1,4,1,2,1,3,2,3,6,1,2,4,3,1,2,3,1,2,1,2
4,128,1469.0,181,terminated,1,0,0,2,1469.0,1,1,0,1,1,3,1,7,1,2,1,4,1,2,1,3,2,3,6,1,2,6,3,1,2,3,1,2,1,2
4,129,1738.0,112,terminated,2,0,0,2,1738.0,1,0,0,0,0,4,0,8,2,2,0,4,2,2,0,2,2,4,8,2,2,0,4,2,2,4,2,2,2,2
4,130,285.0,35,terminated,1,33,1,2,285.0,0,2,1,1,0,2,0,5,1,2,0,3,1,2,0,2,2,2,5,1,2,2,3,1,2,3,1,2,1,2
4,131,1707.0,143,terminated,2,0,0,2,1707.0,1,3,1,2,1,4,1,9,2,2,1,5,2,2,1,3,2,4,8,2,2,7,4,2,2,4,2,2,2,2
4,132,1529.0,121,terminated,2,0,0,1,1529.0,1,1,1,0,0,3,0,6,2,1,0,3,2,1,0,1,1,3,6,2,1,0,3,2,1,3,2,1,2,1
4,133,1473.0,177,terminated,1,0,0,2,1473.0,1,2,1,1,1,2,1,6,1,2,1,4,1,2,1,3,2,2,5,1,2,0,3,1,2,3,1,2,1,2
4,134,1521.0,129,terminated,1,0,0,2,1521.0,1,3,1,2,1,3,1,7,1,2,1,4,1,2,1,3,2,3,6,1,2,6,3,1,2,3,1,2,1,2
4,135,1467.0,183,terminated,1,0,0,2,1467.0,1,1,0,1,1,3,1,7,1,2,1,4,1,2,1,3,2,3,6,1,2,10,3,1,2,3,1,2,1,2
4,136,1532.0,118,terminated,2,0,0,1,1532.0,1,3,2,1,1,2,1,6,2,1,1,4,2,1,1,2,1,2,5,2,1,0,3,2,1,3,2,1,2,1
4,137,1714.0,136,terminated,2,0,0,2,1714.0,1,2,1,1,1,2,1,7,2,2,1,5,2,2,1,3,2,2,6,2,2,1,4,2,2,4,2,2,2,2
4,138,1524.0,126,terminated,2,0,0,1,1524.0,1,0,0,0,0,3,0,6,2,1,0,3,2,1,0,1,1,3,6,2,1,20,3,2,1,3,2,1,2,1
4,139,1512.0,138,terminated,1,0,0,2,1512.0,1,1,0,1,1,3,1,7,1,2,1,4,1,2,1,3,2,3,6,1,2,29,3,1,2,3,1,2,1,2
4,140,1684.0,166,terminated,2,0,0,2,1684.0,1,1,1,0,1,4,1,9,2,2,1,5,2,2,1,3,2,4,8,2,2,0,4,2,2,4,2,2,2,2
4,141,1583.0,267,terminated,2,0,0,2,1583.0,1,3,2,1,1,3,1,8,2,2,1,5,2,2,1,3,2,3,7,2,2,4,4,2,2,4,2,2,2,2
4,142,1715.0,135,terminated,2,0,0,2,1715.0,1,1,0,1,1,3,1,8,2,2,1,5,2,2,1,3,2,3,7,2,2,1,4,2,2,4,2,2,2,2
4,143,1516.0,134,terminated,2,0,0,1,1516.0,1,1,0,1,1,3,1,7,2,1,1,4,2,1,1,2,1,3,6,2,1,7,3,2,1,3,2,1,2,1
4,144,1348.0,102,terminated,1,0,0,1,1348.0,1,2,1,1,1,2,1,5,1,1,1,3,1,1,1,2,1,2,4,1,1,6,2,1,1,2,1,1,1,1
4,145,442.0,168,terminated,1,4,1,2,442.0,0,2,1,1,1,3,1,7,1,2,1,4,1,2,1,3,2,3,6,1,2,17,3,1,2,3,1,2,1,2
4,146,1746.0,104,terminated,2,0,0,2,1746.0,1,1,0,1,0,3,0,7,2,2,0,4,2,2,0,2,2,3,7,2,2,0,4,2,2,4,2,2,2,2
4,147,1671.0,179,terminated,2,0,0,2,1671.0,1,4,2,2,1,4,1,9,2,2,1,5,2,2,1,3,2,4,8,2,2,5,4,2,2,4,2,2,2,2
4,148,1687.0,163,terminated,2,0,0,2,1687.0,1,0,0,0,1,4,1,9,2,2,1,5,2,2,1,3,2,4,8,2,2,0,4,2,2,4,2,2,2,2
4,149,1646.0,204,terminated,2,0,0,2,1646.0,1,2,0,2,1,4,1,9,2,2,1,5,2,2,1,3,2,4,8,2,2,2,4,2,2,4,2,2,2,2
4,150,1637.0,213,terminated,2,0,0,2,1637.0,1,2,0,2,1,3,1,8,2,2,1,5,2,2,1,3,2,3,7,2,2,0,4,2,2,4,2,2,2,2
4,151,1527.0,123,terminated,2,0,0,1,1527.0,1,3,2,1,1,3,1,7,2,1,1,4,2,1,1,2,1,3,6,2,1,2,3,2,1,3,2,1,2,1
4,152,1528.0,122,terminated,2,0,0,1,1528.0,1,1,1,0,1,3,1,7,2,1,1,4,2,1,1,2,1,3,6,2,1,16,3,2,1,3,2,1,2,1
4,153,-167.0,17,terminated,0,40,1,1,-167.0,0,0,0,0,1,1,1,3,0,1,1,2,0,1,1,2,1,1,2,0,1,1,1,0,1,1,0,1,0,1
4,154,1537.0,113,terminated,1,0,0,2,1537.0,1,2,1,1,1,3,1,7,1,2,1,4,1,2,1,3,2,3,6,1,2,0,3,1,2,3,1,2,1,2
4,155,1665.0,185,terminated,2,0,0,2,1665.0,1,4,2,2,1,2,1,7,2,2,1,5,2,2,1,3,2,2,6,2,2,0,4,2,2,4,2,2,2,2
4,156,1329.0,121,terminated,1,0,0,1,1329.0,1,1,1,0,0,2,0,4,1,1,0,2,1,1,0,1,1,2,4,1,1,30,2,1,1,2,1,1,1,1
4,157,1475.0,175,terminated,1,0,0,2,1475.0,1,3,1,2,1,3,1,7,1,2,1,4,1,2,1,3,2,3,6,1,2,6,3,1,2,3,1,2,1,2
4,158,1553.0,97,terminated,1,0,0,2,1553.0,1,2,0,2,1,3,1,7,1,2,1,4,1,2,1,3,2,3,6,1,2,19,3,1,2,3,1,2,1,2
4,159,1531.0,119,terminated,2,0,0,1,1531.0,1,1,1,0,0,3,0,6,2,1,0,3,2,1,0,1,1,3,6,2,1,0,3,2,1,3,2,1,2,1
4,160,1674.0,176,terminated,2,0,0,2,1674.0,1,2,1,1,0,4,0,8,2,2,0,4,2,2,0,2,2,4,8,2,2,0,4,2,2,4,2,2,2,2
4,161,495.0,45,terminated,2,31,1,2,495.0,0,2,1,1,0,3,0,7,2,2,0,4,2,2,0,2,2,3,7,2,2,6,4,2,2,4,2,2,2,2
4,162,-177.0,17,terminated,0,41,1,1,-177.0,0,0,0,0,0,1,0,2,0,1,0,1,0,1,0,1,1,1,2,0,1,0,1,0,1,1,0,1,0,1
4,163,1341.0,109,terminated,1,0,0,1,1341.0,1,1,1,0,1,2,1,5,1,1,1,3,1,1,1,2,1,2,4,1,1,11,2,1,1,2,1,1,1,1
4,164,-178.0,18,terminated,1,41,1,0,-178.0,0,0,0,0,1,0,1,2,1,0,1,2,1,0,1,1,0,0,1,1,0,0,1,1,0,1,1,0,1,0
4,165,1498.0,152,terminated,2,0,0,1,1498.0,1,3,2,1,1,3,1,7,2,1,1,4,2,1,1,2,1,3,6,2,1,5,3,2,1,3,2,1,2,1
4,166,1748.0,102,terminated,2,0,0,2,1748.0,1,1,1,0,0,4,0,8,2,2,0,4,2,2,0,2,2,4,8,2,2,0,4,2,2,4,2,2,2,2
4,167,31.0,19,terminated,1,40,1,1,31.0,0,1,1,0,1,1,1,4,1,1,1,3,1,1,1,2,1,1,3,1,1,1,2,1,1,2,1,1,1,1
4,168,1511.0,139,terminated,1,0,0,2,1511.0,1,2,0,2,1,3,1,7,1,2,1,4,1,2,1,3,2,3,6,1,2,15,3,1,2,3,1,2,1,2
4,169,1694.0,156,terminated,2,0,0,2,1694.0,1,2,1,1,1,3,1,8,2,2,1,5,2,2,1,3,2,3,7,2,2,0,4,2,2,4,2,2,2,2
4,170,1751.0,99,terminated,2,0,0,2,1751.0,1,1,0,1,0,3,0,7,2,2,0,4,2,2,0,2,2,3,7,2,2,1,4,2,2,4,2,2,2,2
4,171,1660.0,190,terminated,2,0,0,2,1660.0,1,1,0,1,0,4,0,8,2,2,0,4,2,2,0,2,2,4,8,2,2,0,4,2,2,4,2,2,2,2
4,172,481.0,89,terminated,2,8,1,1,481.0,0,2,2,0,1,3,1,7,2,1,1,4,2,1,1,2,1,3,6,2,1,6,3,2,1,3,2,1,2,1
4,173,1526.0,124,terminated,1,0,0,2,1526.0,1,2,1,1,1,3,1,7,1,2,1,4,1,2,1,3,2,3,6,1,2,8,3,1,2,3,1,2,1,2
4,174,1682.0,168,terminated,2,0,0,2,1682.0,1,4,2,2,1,4,1,9,2,2,1,5,2,2,1,3,2,4,8,2,2,5,4,2,2,4,2,2,2,2
4,175,1530.0,120,terminated,1,0,0,2,1530.0,1,3,1,2,1,3,1,7,1,2,1,4,1,2,1,3,2,3,6,1,2,10,3,1,2,3,1,2,1,2
4,176,-181.0,21,terminated,1,41,1,0,-181.0,0,0,0,0,1,0,1,2,1,0,1,2,1,0,1,1,0,0,1,1,0,0,1,1,0,1,1,0,1,0
4,177,1536.0,114,terminated,1,0,0,2,1536.0,1,1,0,1,1,3,1,7,1,2,1,4,1,2,1,3,2,3,6,1,2,0,3,1,2,3,1,2,1,2
4,178,624.0,206,terminated,2,2,1,2,624.0,0,2,1,1,0,3,0,7,2,2,0,4,2,2,0,2,2,3,7,2,2,0,4,2,2,4,2,2,2,2
4,179,574.0,206,terminated,2,7,1,2,574.0,0,4,2,2,1,4,1,9,2,2,1,5,2,2,1,3,2,4,8,2,2,3,4,2,2,4,2,2,2,2
4,180,1478.0,172,terminated,1,0,0,2,1478.0,1,2,0,2,1,3,1,7,1,2,1,4,1,2,1,3,2,3,6,1,2,5,3,1,2,3,1,2,1,2
4,181,1569.0,281,terminated,2,0,0,2,1569.0,1,3,2,1,1,4,1,9,2,2,1,5,2,2,1,3,2,4,8,2,2,15,4,2,2,4,2,2,2,2
4,182,1515.0,135,terminated,1,0,0,2,1515.0,1,0,0,0,1,3,1,7,1,2,1,4,1,2,1,3,2,3,6,1,2,0,3,1,2,3,1,2,1,2
4,183,-181.0,21,terminated,0,41,1,1,-181.0,0,0,0,0,0,1,0,2,0,1,0,1,0,1,0,1,1,1,2,0,1,0,1,0,1,1,0,1,0,1
4,184,1677.0,173,terminated,2,0,0,2,1677.0,1,3,1,2,1,4,1,9,2,2,1,5,2,2,1,3,2,4,8,2,2,0,4,2,2,4,2,2,2,2
4,185,283.0,37,terminated,2,33,1,1,283.0,0,1,1,0,0,3,0,6,2,1,0,3,2,1,0,1,1,3,6,2,1,0,3,2,1,3,2,1,2,1
4,186,1528.0,122,terminated,2,0,0,1,1528.0,1,1,0,1,1,3,1,7,2,1,1,4,2,1,1,2,1,3,6,2,1,0,3,2,1,3,2,1,2,1
4,187,1540.0,110,terminated,2,0,0,1,1540.0,1,1,0,1,0,2,0,5,2,1,0,3,2,1,0,1,1,2,5,2,1,8,3,2,1,3,2,1,2,1
4,188,1470.0,180,terminated,1,0,0,2,1470.0,1,2,1,1,1,3,1,7,1,2,1,4,1,2,1,3,2,3,6,1,2,15,3,1,2,3,1,2,1,2
4,189,1531.0,119,terminated,2,0,0,1,1531.0,1,3,2,1,1,2,1,6,2,1,1,4,2,1,1,2,1,2,5,2,1,8,3,2,1,3,2,1,2,1
4,190,1559.0,91,terminated,2,0,0,1,1559.0,1,2,1,1,1,3,1,7,2,1,1,4,2,1,1,2,1,3,6,2,1,15,3,2,1,3,2,1,2,1
4,191,21.0,19,terminated,1,41,1,1,21.0,0,0,0,0,0,2,0,4,1,1,0,2,1,1,0,1,1,2,4,1,1,0,2,1,1,2,1,1,1,1
4,192,1557.0,93,terminated,2,0,0,1,1557.0,1,3,2,1,1,3,1,7,2,1,1,4,2,1,1,2,1,3,6,2,1,8,3,2,1,3,2,1,2,1
4,193,1676.0,174,terminated,2,0,0,2,1676.0,1,0,0,0,0,3,0,7,2,2,0,4,2,2,0,2,2,3,7,2,2,0,4,2,2,4,2,2,2,2
4,194,-171.0,21,terminated,0,40,1,1,-171.0,0,1,0,1,1,0,1,2,0,1,1,2,0,1,1,2,1,0,1,0,1,5,1,0,1,1,0,1,0,1
4,195,1496.0,154,terminated,2,0,0,1,1496.0,1,2,1,1,1,3,1,7,2,1,1,4,2,1,1,2,1,3,6,2,1,14,3,2,1,3,2,1,2,1
4,196,1657.0,193,terminated,2,0,0,2,1657.0,1,3,2,1,1,4,1,9,2,2,1,5,2,2,1,3,2,4,8,2,2,0,4,2,2,4,2,2,2,2
4,197,1511.0,139,terminated,1,0,0,2,1511.0,1,2,1,1,1,2,1,6,1,2,1,4,1,2,1,3,2,2,5,1,2,19,3,1,2,3,1,2,1,2
4,198,1517.0,133,terminated,2,0,0,1,1517.0,1,1,1,0,1,2,1,6,2,1,1,4,2,1,1,2,1,2,5,2,1,0,3,2,1,3,2,1,2,1
4,199,1495.0,155,terminated,2,0,0,1,1495.0,1,0,0,0,1,3,1,7,2,1,1,4,2,1,1,2,1,3,6,2,1,22,3,2,1,3,2,1,2,1
4,200,1638.0,212,terminated,2,0,0,2,1638.0,1,3,1,2,0,4,0,8,2,2,0,4,2,2,0,2,2,4,8,2,2,6,4,2,2,4,2,2,2,2
4,201,1545.0,105,terminated,1,0,0,2,1545.0,1,2,1,1,1,3,1,7,1,2,1,4,1,2,1,3,2,3,6,1,2,28,3,1,2,3,1,2,1,2
4,202,1522.0,128,terminated,1,0,0,2,1522.0,1,1,0,1,0,3,0,6,1,2,0,3,1,2,0,2,2,3,6,1,2,17,3,1,2,3,1,2,1,2
4,203,1481.0,169,terminated,1,0,0,2,1481.0,1,1,0,1,1,3,1,7,1,2,1,4,1,2,1,3,2,3,6,1,2,0,3,1,2,3,1,2,1,2
4,204,1649.0,201,terminated,2,0,0,2,1649.0,1,4,2,2,1,2,1,7,2,2,1,5,2,2,1,3,2,2,6,2,2,4,4,2,2,4,2,2,2,2
4,205,1721.0,129,terminated,2,0,0,2,1721.0,1,3,2,1,1,4,1,9,2,2,1,5,2,2,1,3,2,4,8,2,2,10,4,2,2,4,2,2,2,2
4,206,-178.0,18,terminated,1,41,1,0,-178.0,0,0,0,0,1,0,1,2,1,0,1,2,1,0,1,1,0,0,1,1,0,0,1,1,0,1,1,0,1,0
4,207,271.0,49,terminated,2,33,1,1,271.0,0,3,2,1,1,2,1,6,2,1,1,4,2,1,1,2,1,2,5,2,1,25,3,2,1,3,2,1,2,1
4,208,307.0,113,terminated,1,3,1,1,307.0,0,2,1,1,1,1,1,4,1,1,1,3,1,1,1,2,1,1,3,1,1,25,2,1,1,2,1,1,1,1
4,209,1542.0,108,terminated,2,0,0,1,1542.0,1,3,2,1,1,3,1,7,2,1,1,4,2,1,1,2,1,3,6,2,1,8,3,2,1,3,2,1,2,1
4,210,1492.0,158,terminated,1,0,0,2,1492.0,1,1,1,0,0,3,0,6,1,2,0,3,1,2,0,2,2,3,6,1,2,27,3,1,2,3,1,2,1,2
4,211,1447.0,203,terminated,2,0,0,1,1447.0,1,1,0,1,1,3,1,7,2,1,1,4,2,1,1,2,1,3,6,2,1,7,3,2,1,3,2,1,2,1
4,212,-176.0,16,terminated,1,41,1,0,-176.0,0,0,0,0,0,1,0,2,1,0,0,1,1,0,0,0,0,1,2,1,0,0,1,1,0,1,1,0,1,0
4,213,1724.0,126,terminated,2,0,0,2,1724.0,1,1,1,0,0,4,0,8,2,2,0,4,2,2,0,2,2,4,8,2,2,0,4,2,2,4,2,2,2,2
4,214,1541.0,109,terminated,1,0,0,2,1541.0,1,2,1,1,0,3,0,6,1,2,0,3,1,2,0,2,2,3,6,1,2,22,3,1,2,3,1,2,1,2
4,215,1587.0,263,terminated,2,0,0,2,1587.0,1,3,2,1,1,4,1,9,2,2,1,5,2,2,1,3,2,4,8,2,2,29,4,2,2,4,2,2,2,2
4,216,1652.0,198,terminated,2,0,0,2,1652.0,1,0,0,0,0,3,0,7,2,2,0,4,2,2,0,2,2,3,7,2,2,0,4,2,2,4,2,2,2,2
4,217,1680.0,170,terminated,2,0,0,2,1680.0,1,3,1,2,0,4,0,8,2,2,0,4,2,2,0,2,2,4,8,2,2,3,4,2,2,4,2,2,2,2
4,218,-171.0,21,terminated,0,40,1,1,-171.0,0,0,0,0,1,1,1,3,0,1,1,2,0,1,1,2,1,1,2,0,1,1,1,0,1,1,0,1,0,1
4,219,1694.0,156,terminated,2,0,0,2,1694.0,1,2,1,1,1,4,1,9,2,2,1,5,2,2,1,3,2,4,8,2,2,1,4,2,2,4,2,2,2,2
4,220,31.0,19,terminated,1,40,1,1,31.0,0,1,1,0,1,1,1,4,1,1,1,3,1,1,1,2,1,1,3,1,1,1,2,1,1,2,1,1,1,1
4,221,1484.0,166,terminated,1,0,0,2,1484.0,1,1,1,0,0,3,0,6,1,2,0,3,1,2,0,2,2,3,6,1,2,12,3,1,2,3,1,2,1,2
4,222,1650.0,200,terminated,2,0,0,2,1650.0,1,2,1,1,1,4,1,9,2,2,1,5,2,2,1,3,2,4,8,2,2,0,4,2,2,4,2,2,2,2
4,223,1521.0,129,terminated,2,0,0,1,1521.0,1,1,1,0,1,3,1,7,2,1,1,4,2,1,1,2,1,3,6,2,1,12,3,2,1,3,2,1,2,1
4,224,1511.0,139,terminated,2,0,0,1,1511.0,1,2,1,1,1,3,1,7,2,1,1,4,2,1,1,2,1,3,6,2,1,4,3,2,1,3,2,1,2,1
4,225,1651.0,199,terminated,2,0,0,2,1651.0,1,2,1,1,0,4,0,8,2,2,0,4,2,2,0,2,2,4,8,2,2,0,4,2,2,4,2,2,2,2
4,226,1698.0,152,terminated,2,0,0,2,1698.0,1,2,2,0,0,4,0,8,2,2,0,4,2,2,0,2,2,4,8,2,2,7,4,2,2,4,2,2,2,2
4,227,722.0,118,terminated,2,1,1,2,722.0,0,0,0,0,0,4,0,8,2,2,0,4,2,2,0,2,2,4,8,2,2,0,4,2,2,4,2,2,2,2
4,228,1542.0,108,terminated,2,0,0,1,1542.0,1,2,1,1,1,3,1,7,2,1,1,4,2,1,1,2,1,3,6,2,1,12,3,2,1,3,2,1,2,1
4,229,1732.0,118,terminated,2,0,0,2,1732.0,1,2,1,1,0,4,0,8,2,2,0,4,2,2,0,2,2,4,8,2,2,0,4,2,2,4,2,2,2,2
4,230,1502.0,148,terminated,2,0,0,1,1502.0,1,1,1,0,0,3,0,6,2,1,0,3,2,1,0,1,1,3,6,2,1,0,3,2,1,3,2,1,2,1
4,231,1476.0,174,terminated,2,0,0,1,1476.0,1,2,1,1,0,3,0,6,2,1,0,3,2,1,0,1,1,3,6,2,1,6,3,2,1,3,2,1,2,1
4,232,1681.0,169,terminated,2,0,0,2,1681.0,1,2,0,2,0,4,0,8,2,2,0,4,2,2,0,2,2,4,8,2,2,5,4,2,2,4,2,2,2,2
4,233,687.0,133,terminated,2,3,1,2,687.0,0,2,0,2,1,4,1,9,2,2,1,5,2,2,1,3,2,4,8,2,2,1,4,2,2,4,2,2,2,2
4,234,1519.0,131,terminated,1,0,0,2,1519.0,1,0,0,0,0,3,0,6,1,2,0,3,1,2,0,2,2,3,6,1,2,23,3,1,2,3,1,2,1,2
4,235,1650.0,200,terminated,2,0,0,2,1650.0,1,3,1,2,1,4,1,9,2,2,1,5,2,2,1,3,2,4,8,2,2,0,4,2,2,4,2,2,2,2
4,236,1543.0,107,terminated,2,0,0,1,1543.0,1,2,2,0,0,3,0,6,2,1,0,3,2,1,0,1,1,3,6,2,1,23,3,2,1,3,2,1,2,1
4,237,1510.0,140,terminated,2,0,0,1,1510.0,1,0,0,0,0,3,0,6,2,1,0,3,2,1,0,1,1,3,6,2,1,24,3,2,1,3,2,1,2,1
4,238,1510.0,140,terminated,1,0,0,2,1510.0,1,2,0,2,0,3,0,6,1,2,0,3,1,2,0,2,2,3,6,1,2,2,3,1,2,3,1,2,1,2
4,239,1544.0,106,terminated,1,0,0,2,1544.0,1,1,0,1,0,3,0,6,1,2,0,3,1,2,0,2,2,3,6,1,2,8,3,1,2,3,1,2,1,2
4,240,1677.0,173,terminated,2,0,0,2,1677.0,1,2,1,1,0,4,0,8,2,2,0,4,2,2,0,2,2,4,8,2,2,0,4,2,2,4,2,2,2,2
4,241,1541.0,109,terminated,1,0,0,2,1541.0,1,3,1,2,1,2,1,6,1,2,1,4,1,2,1,3,2,2,5,1,2,9,3,1,2,3,1,2,1,2
4,242,1567.0,83,terminated,2,0,0,1,1567.0,1,2,2,0,1,1,1,5,2,1,1,4,2,1,1,2,1,1,4,2,1,4,3,2,1,3,2,1,2,1
4,243,1507.0,143,terminated,2,0,0,1,1507.0,1,0,0,0,0,2,0,5,2,1,0,3,2,1,0,1,1,2,5,2,1,21,3,2,1,3,2,1,2,1
4,244,1683.0,167,terminated,2,0,0,2,1683.0,1,2,1,1,1,3,1,8,2,2,1,5,2,2,1,3,2,3,7,2,2,0,4,2,2,4,2,2,2,2
4,245,1535.0,115,terminated,2,0,0,1,1535.0,1,1,0,1,1,3,1,7,2,1,1,4,2,1,1,2,1,3,6,2,1,1,3,2,1,3,2,1,2,1
4,246,1549.0,101,terminated,2,0,0,1,1549.0,1,1,1,0,1,3,1,7,2,1,1,4,2,1,1,2,1,3,6,2,1,0,3,2,1,3,2,1,2,1
4,247,1731.0,119,terminated,2,0,0,2,1731.0,1,2,1,1,1,4,1,9,2,2,1,5,2,2,1,3,2,4,8,2,2,3,4,2,2,4,2,2,2,2
4,248,1736.0,114,terminated,2,0,0,2,1736.0,1,2,2,0,1,3,1,8,2,2,1,5,2,2,1,3,2,3,7,2,2,4,4,2,2,4,2,2,2,2
4,249,283.0,37,terminated,1,33,1,2,283.0,0,2,0,2,1,2,1,6,1,2,1,4,1,2,1,3,2,2,5,1,2,7,3,1,2,3,1,2,1,2
4,250,1359.0,91,terminated,0,0,0,2,1359.0,1,1,0,1,0,2,0,4,0,2,0,2,0,2,0,2,2,2,4,0,2,16,2,0,2,2,0,2,0,2
4,251,1554.0,96,terminated,2,0,0,1,1554.0,1,0,0,0,0,3,0,6,2,1,0,3,2,1,0,1,1,3,6,2,1,20,3,2,1,3,2,1,2,1
4,252,1530.0,120,terminated,1,0,0,2,1530.0,1,1,0,1,1,2,1,6,1,2,1,4,1,2,1,3,2,2,5,1,2,0,3,1,2,3,1,2,1,2
4,253,1744.0,106,terminated,2,0,0,2,1744.0,1,3,1,2,1,4,1,9,2,2,1,5,2,2,1,3,2,4,8,2,2,6,4,2,2,4,2,2,2,2
4,254,1515.0,135,terminated,2,0,0,1,1515.0,1,1,1,0,1,2,1,6,2,1,1,4,2,1,1,2,1,2,5,2,1,6,3,2,1,3,2,1,2,1
4,255,1701.0,149,terminated,2,0,0,2,1701.0,1,0,0,0,1,4,1,9,2,2,1,5,2,2,1,3,2,4,8,2,2,0,4,2,2,4,2,2,2,2
4,256,1717.0,133,terminated,2,0,0,2,1717.0,1,3,1,2,1,4,1,9,2,2,1,5,2,2,1,3,2,4,8,2,2,6,4,2,2,4,2,2,2,2
4,257,1528.0,122,terminated,1,0,0,2,1528.0,1,3,1,2,1,3,1,7,1,2,1,4,1,2,1,3,2,3,6,1,2,1,3,1,2,3,1,2,1,2
4,258,1572.0,278,terminated,2,0,0,2,1572.0,1,1,0,1,0,3,0,7,2,2,0,4,2,2,0,2,2,3,7,2,2,5,4,2,2,4,2,2,2,2
4,259,1686.0,164,terminated,2,0,0,2,1686.0,1,3,2,1,1,4,1,9,2,2,1,5,2,2,1,3,2,4,8,2,2,5,4,2,2,4,2,2,2,2
4,260,1677.0,173,terminated,2,0,0,2,1677.0,1,2,0,2,0,4,0,8,2,2,0,4,2,2,0,2,2,4,8,2,2,4,4,2,2,4,2,2,2,2
4,261,1511.0,139,terminated,2,0,0,1,1511.0,1,1,1,0,0,2,0,5,2,1,0,3,2,1,0,1,1,2,5,2,1,27,3,2,1,3,2,1,2,1
4,262,1545.0,105,terminated,1,0,0,2,1545.0,1,2,1,1,1,3,1,7,1,2,1,4,1,2,1,3,2,3,6,1,2,9,3,1,2,3,1,2,1,2
4,263,392.0,238,terminated,2,2,1,1,392.0,0,3,2,1,1,3,1,7,2,1,1,4,2,1,1,2,1,3,6,2,1,15,3,2,1,3,2,1,2,1
4,264,516.0,64,terminated,2,27,1,2,516.0,0,3,2,1,1,3,1,8,2,2,1,5,2,2,1,3,2,3,7,2,2,5,4,2,2,4,2,2,2,2
4,265,1704.0,146,terminated,2,0,0,2,1704.0,1,2,2,0,0,4,0,8,2,2,0,4,2,2,0,2,2,4,8,2,2,4,4,2,2,4,2,2,2,2
4,266,484.0,36,terminated,2,33,1,2,484.0,0,2,1,1,1,3,1,8,2,2,1,5,2,2,1,3,2,3,7,2,2,1,4,2,2,4,2,2,2,2
4,267,-170.0,20,terminated,0,40,1,1,-170.0,0,1,0,1,1,0,1,2,0,1,1,2,0,1,1,2,1,0,1,0,1,4,1,0,1,1,0,1,0,1
4,268,1703.0,147,terminated,2,0,0,2,1703.0,1,2,1,1,1,4,1,9,2,2,1,5,2,2,1,3,2,4,8,2,2,3,4,2,2,4,2,2,2,2
4,269,1534.0,116,terminated,1,0,0,2,1534.0,1,1,0,1,0,3,0,6,1,2,0,3,1,2,0,2,2,3,6,1,2,1,3,1,2,3,1,2,1,2
4,270,1666.0,184,terminated,2,0,0,2,1666.0,1,3,1,2,1,4,1,9,2,2,1,5,2,2,1,3,2,4,8,2,2,4,4,2,2,4,2,2,2,2
4,271,1529.0,121,terminated,1,0,0,2,1529.0,1,1,0,1,1,3,1,7,1,2,1,4,1,2,1,3,2,3,6,1,2,28,3,1,2,3,1,2,1,2
4,272,-189.0,29,terminated,1,41,1,0,-189.0,0,0,0,0,1,1,1,3,1,0,1,2,1,0,1,1,0,1,2,1,0,0,1,1,0,1,1,0,1,0
4,273,1640.0,210,terminated,2,0,0,2,1640.0,1,2,1,1,0,4,0,8,2,2,0,4,2,2,0,2,2,4,8,2,2,2,4,2,2,4,2,2,2,2
4,274,-178.0,18,terminated,1,41,1,0,-178.0,0,0,0,0,1,0,1,2,1,0,1,2,1,0,1,1,0,0,1,1,0,0,1,1,0,1,1,0,1,0
4,275,1715.0,135,terminated,2,0,0,2,1715.0,1,1,0,1,1,3,1,8,2,2,1,5,2,2,1,3,2,3,7,2,2,0,4,2,2,4,2,2,2,2
4,276,1504.0,146,terminated,1,0,0,2,1504.0,1,2,0,2,1,3,1,7,1,2,1,4,1,2,1,3,2,3,6,1,2,5,3,1,2,3,1,2,1,2
4,277,1526.0,124,terminated,1,0,0,2,1526.0,1,2,1,1,0,3,0,6,1,2,0,3,1,2,0,2,2,3,6,1,2,23,3,1,2,3,1,2,1,2
4,278,1532.0,118,terminated,2,0,0,1,1532.0,1,2,1,1,1,3,1,7,2,1,1,4,2,1,1,2,1,3,6,2,1,24,3,2,1,3,2,1,2,1
4,279,1700.0,150,terminated,2,0,0,2,1700.0,1,2,1,1,0,4,0,8,2,2,0,4,2,2,0,2,2,4,8,2,2,4,4,2,2,4,2,2,2,2
4,280,-169.0,19,terminated,0,40,1,1,-169.0,0,0,0,0,1,1,1,3,0,1,1,2,0,1,1,2,1,1,2,0,1,1,1,0,1,1,0,1,0,1
4,281,1270.0,180,terminated,1,0,0,1,1270.0,1,1,1,0,0,2,0,4,1,1,0,2,1,1,0,1,1,2,4,1,1,11,2,1,1,2,1,1,1,1
4,282,-169.0,19,terminated,0,40,1,1,-169.0,0,1,0,1,1,0,1,2,0,1,1,2,0,1,1,2,1,0,1,0,1,3,1,0,1,1,0,1,0,1
4,283,1656.0,194,terminated,2,0,0,2,1656.0,1,3,1,2,1,4,1,9,2,2,1,5,2,2,1,3,2,4,8,2,2,2,4,2,2,4,2,2,2,2
4,284,1668.0,182,terminated,2,0,0,2,1668.0,1,3,1,2,1,4,1,9,2,2,1,5,2,2,1,3,2,4,8,2,2,11,4,2,2,4,2,2,2,2
4,285,462.0,68,terminated,2,32,1,2,462.0,0,0,0,0,0,4,0,8,2,2,0,4,2,2,0,2,2,4,8,2,2,0,4,2,2,4,2,2,2,2
4,286,1250.0,200,terminated,1,0,0,1,1250.0,1,1,0,1,1,2,1,5,1,1,1,3,1,1,1,2,1,2,4,1,1,8,2,1,1,2,1,1,1,1
4,287,1526.0,124,terminated,2,0,0,1,1526.0,1,1,1,0,1,2,1,6,2,1,1,4,2,1,1,2,1,2,5,2,1,22,3,2,1,3,2,1,2,1
4,288,1669.0,181,terminated,2,0,0,2,1669.0,1,3,1,2,1,4,1,9,2,2,1,5,2,2,1,3,2,4,8,2,2,27,4,2,2,4,2,2,2,2
4,289,1523.0,127,terminated,1,0,0,2,1523.0,1,3,1,2,1,2,1,6,1,2,1,4,1,2,1,3,2,2,5,1,2,6,3,1,2,3,1,2,1,2
4,290,1514.0,136,terminated,2,0,0,1,1514.0,1,1,0,1,0,3,0,6,2,1,0,3,2,1,0,1,1,3,6,2,1,25,3,2,1,3,2,1,2,1
4,291,1537.0,113,terminated,2,0,0,1,1537.0,1,1,1,0,1,3,1,7,2,1,1,4,2,1,1,2,1,3,6,2,1,9,3,2,1,3,2,1,2,1
4,292,1713.0,137,terminated,2,0,0,2,1713.0,1,1,0,1,0,4,0,8,2,2,0,4,2,2,0,2,2,4,8,2,2,0,4,2,2,4,2,2,2,2
4,293,1481.0,169,terminated,2,0,0,1,1481.0,1,2,1,1,1,3,1,7,2,1,1,4,2,1,1,2,1,3,6,2,1,7,3,2,1,3,2,1,2,1
4,294,1543.0,107,terminated,2,0,0,1,1543.0,1,3,2,1,1,3,1,7,2,1,1,4,2,1,1,2,1,3,6,2,1,2,3,2,1,3,2,1,2,1
4,295,1714.0,136,terminated,2,0,0,2,1714.0,1,2,1,1,0,4,0,8,2,2,0,4,2,2,0,2,2,4,8,2,2,0,4,2,2,4,2,2,2,2
4,296,1709.0,141,terminated,2,0,0,2,1709.0,1,2,1,1,0,4,0,8,2,2,0,4,2,2,0,2,2,4,8,2,2,0,4,2,2,4,2,2,2,2
4,297,1702.0,148,terminated,2,0,0,2,1702.0,1,4,2,2,1,4,1,9,2,2,1,5,2,2,1,3,2,4,8,2,2,21,4,2,2,4,2,2,2,2
4,298,1303.0,147,terminated,1,0,0,1,1303.0,1,2,1,1,1,2,1,5,1,1,1,3,1,1,1,2,1,2,4,1,1,35,2,1,1,2,1,1,1,1
4,299,1518.0,132,terminated,1,0,0,2,1518.0,1,1,0,1,1,3,1,7,1,2,1,4,1,2,1,3,2,3,6,1,2,26,3,1,2,3,1,2,1,2
4,300,1715.0,135,terminated,2,0,0,2,1715.0,1,2,2,0,1,4,1,9,2,2,1,5,2,2,1,3,2,4,8,2,2,1,4,2,2,4,2,2,2,2
4,301,1705.0,145,terminated,2,0,0,2,1705.0,1,3,1,2,0,4,0,8,2,2,0,4,2,2,0,2,2,4,8,2,2,3,4,2,2,4,2,2,2,2
4,302,1268.0,182,terminated,1,0,0,1,1268.0,1,1,0,1,1,2,1,5,1,1,1,3,1,1,1,2,1,2,4,1,1,1,2,1,1,2,1,1,1,1
4,303,1488.0,162,terminated,1,0,0,2,1488.0,1,3,1,2,1,3,1,7,1,2,1,4,1,2,1,3,2,3,6,1,2,19,3,1,2,3,1,2,1,2
4,304,1741.0,109,terminated,2,0,0,2,1741.0,1,3,2,1,1,4,1,9,2,2,1,5,2,2,1,3,2,4,8,2,2,6,4,2,2,4,2,2,2,2
4,305,-124.0,34,terminated,0,34,1,1,-124.0,0,0,0,0,0,1,0,2,0,1,0,1,0,1,0,1,1,1,2,0,1,16,1,0,1,1,0,1,0,1
4,306,1657.0,193,terminated,2,0,0,2,1657.0,1,0,0,0,0,4,0,8,2,2,0,4,2,2,0,2,2,4,8,2,2,0,4,2,2,4,2,2,2,2
4,307,1476.0,174,terminated,1,0,0,2,1476.0,1,2,0,2,1,2,1,6,1,2,1,4,1,2,1,3,2,2,5,1,2,7,3,1,2,3,1,2,1,2
4,308,1494.0,156,terminated,1,0,0,2,1494.0,1,2,1,1,1,3,1,7,1,2,1,4,1,2,1,3,2,3,6,1,2,1,3,1,2,3,1,2,1,2
4,309,1587.0,263,terminated,2,0,0,2,1587.0,1,0,0,0,1,4,1,9,2,2,1,5,2,2,1,3,2,4,8,2,2,0,4,2,2,4,2,2,2,2
4,310,1747.0,103,terminated,2,0,0,2,1747.0,1,2,0,2,1,4,1,9,2,2,1,5,2,2,1,3,2,4,8,2,2,1,4,2,2,4,2,2,2,2
4,311,1660.0,190,terminated,2,0,0,2,1660.0,1,4,2,2,1,3,1,8,2,2,1,5,2,2,1,3,2,3,7,2,2,5,4,2,2,4,2,2,2,2
4,312,1514.0,136,terminated,1,0,0,2,1514.0,1,1,0,1,1,3,1,7,1,2,1,4,1,2,1,3,2,3,6,1,2,20,3,1,2,3,1,2,1,2
4,313,1711.0,139,terminated,2,0,0,2,1711.0,1,1,0,1,0,4,0,8,2,2,0,4,2,2,0,2,2,4,8,2,2,8,4,2,2,4,2,2,2,2
4,314,1722.0,128,terminated,2,0,0,2,1722.0,1,1,1,0,0,4,0,8,2,2,0,4,2,2,0,2,2,4,8,2,2,0,4,2,2,4,2,2,2,2
4,315,1563.0,87,terminated,1,0,0,2,1563.0,1,2,1,1,1,3,1,7,1,2,1,4,1,2,1,3,2,3,6,1,2,22,3,1,2,3,1,2,1,2
4,316,1696.0,154,terminated,2,0,0,2,1696.0,1,1,1,0,0,4,0,8,2,2,0,4,2,2,0,2,2,4,8,2,2,3,4,2,2,4,2,2,2,2
4,317,1519.0,131,terminated,1,0,0,2,1519.0,1,2,1,1,1,3,1,7,1,2,1,4,1,2,1,3,2,3,6,1,2,29,3,1,2,3,1,2,1,2
4,318,1484.0,166,terminated,1,0,0,2,1484.0,1,2,1,1,1,3,1,7,1,2,1,4,1,2,1,3,2,3,6,1,2,8,3,1,2,3,1,2,1,2
4,319,1704.0,146,terminated,2,0,0,2,1704.0,1,3,1,2,1,4,1,9,2,2,1,5,2,2,1,3,2,4,8,2,2,1,4,2,2,4,2,2,2,2
4,320,363.0,157,terminated,1,13,1,2,363.0,0,3,1,2,1,3,1,7,1,2,1,4,1,2,1,3,2,3,6,1,2,8,3,1,2,3,1,2,1,2
4,321,1536.0,114,terminated,1,0,0,2,1536.0,1,2,1,1,0,3,0,6,1,2,0,3,1,2,0,2,2,3,6,1,2,5,3,1,2,3,1,2,1,2
4,322,471.0,49,terminated,2,33,1,2,471.0,0,3,1,2,1,3,1,8,2,2,1,5,2,2,1,3,2,3,7,2,2,4,4,2,2,4,2,2,2,2
4,323,484.0,36,terminated,2,33,1,2,484.0,0,3,2,1,1,3,1,8,2,2,1,5,2,2,1,3,2,3,7,2,2,4,4,2,2,4,2,2,2,2
4,324,-183.0,33,terminated,1,40,1,0,-183.0,0,0,0,0,0,0,0,1,1,0,0,1,1,0,0,0,0,0,1,1,0,10,1,1,0,1,1,0,1,0
4,325,1562.0,88,terminated,1,0,0,2,1562.0,1,1,1,0,1,3,1,7,1,2,1,4,1,2,1,3,2,3,6,1,2,10,3,1,2,3,1,2,1,2
4,326,1673.0,177,terminated,2,0,0,2,1673.0,1,0,0,0,0,4,0,8,2,2,0,4,2,2,0,2,2,4,8,2,2,0,4,2,2,4,2,2,2,2
4,327,-186.0,16,terminated,1,42,1,0,-186.0,0,0,0,0,0,1,0,2,1,0,0,1,1,0,0,0,0,1,2,1,0,0,1,1,0,1,1,0,1,0
4,328,1729.0,121,terminated,2,0,0,2,1729.0,1,1,1,0,0,3,0,7,2,2,0,4,2,2,0,2,2,3,7,2,2,2,4,2,2,4,2,2,2,2
4,329,33.0,17,terminated,1,40,1,1,33.0,0,1,1,0,0,1,0,3,1,1,0,2,1,1,0,1,1,1,3,1,1,1,2,1,1,2,1,1,1,1
4,330,1682.0,168,terminated,2,0,0,2,1682.0,1,3,2,1,1,3,1,8,2,2,1,5,2,2,1,3,2,3,7,2,2,6,4,2,2,4,2,2,2,2
4,331,539.0,111,terminated,2,20,1,2,539.0,0,3,1,2,0,4,0,8,2,2,0,4,2,2,0,2,2,4,8,2,2,6,4,2,2,4,2,2,2,2
4,332,1719.0,131,terminated,2,0,0,2,1719.0,1,1,1,0,0,3,0,7,2,2,0,4,2,2,0,2,2,3,7,2,2,6,4,2,2,4,2,2,2,2
4,333,1748.0,102,terminated,2,0,0,2,1748.0,1,2,0,2,0,4,0,8,2,2,0,4,2,2,0,2,2,4,8,2,2,6,4,2,2,4,2,2,2,2
4,334,1712.0,138,terminated,2,0,0,2,1712.0,1,1,0,1,1,4,1,9,2,2,1,5,2,2,1,3,2,4,8,2,2,2,4,2,2,4,2,2,2,2
4,335,1264.0,186,terminated,1,0,0,1,1264.0,1,1,1,0,1,1,1,4,1,1,1,3,1,1,1,2,1,1,3,1,1,34,2,1,1,2,1,1,1,1
4,336,1726.0,124,terminated,2,0,0,2,1726.0,1,1,1,0,0,4,0,8,2,2,0,4,2,2,0,2,2,4,8,2,2,0,4,2,2,4,2,2,2,2
4,337,1511.0,139,terminated,1,0,0,2,1511.0,1,1,0,1,1,2,1,6,1,2,1,4,1,2,1,3,2,2,5,1,2,22,3,1,2,3,1,2,1,2
4,338,1202.0,248,terminated,1,0,0,1,1202.0,1,2,1,1,1,1,1,4,1,1,1,3,1,1,1,2,1,1,3,1,1,6,2,1,1,2,1,1,1,1
4,339,10.0,30,terminated,1,41,1,1,10.0,0,0,0,0,1,2,1,5,1,1,1,3,1,1,1,2,1,2,4,1,1,0,2,1,1,2,1,1,1,1
4,340,-187.0,17,terminated,1,42,1,0,-187.0,0,0,0,0,0,1,0,2,1,0,0,1,1,0,0,0,0,1,2,1,0,0,1,1,0,1,1,0,1,0
4,341,1488.0,162,terminated,2,0,0,1,1488.0,1,2,1,1,1,3,1,7,2,1,1,4,2,1,1,2,1,3,6,2,1,7,3,2,1,3,2,1,2,1
4,342,1697.0,153,terminated,2,0,0,2,1697.0,1,3,1,2,0,4,0,8,2,2,0,4,2,2,0,2,2,4,8,2,2,0,4,2,2,4,2,2,2,2
4,343,1469.0,181,terminated,1,0,0,2,1469.0,1,3,1,2,1,3,1,7,1,2,1,4,1,2,1,3,2,3,6,1,2,10,3,1,2,3,1,2,1,2
4,344,1539.0,111,terminated,2,0,0,1,1539.0,1,2,1,1,1,2,1,6,2,1,1,4,2,1,1,2,1,2,5,2,1,20,3,2,1,3,2,1,2,1
4,345,1333.0,117,terminated,2,0,0,0,1333.0,1,1,1,0,1,2,1,5,2,0,1,3,2,0,1,1,0,2,4,2,0,13,2,2,0,2,2,0,2,0
4,346,1338.0,112,terminated,2,0,0,0,1338.0,1,1,1,0,1,2,1,5,2,0,1,3,2,0,1,1,0,2,4,2,0,18,2,2,0,2,2,0,2,0
4,347,1733.0,117,terminated,2,0,0,2,1733.0,1,2,0,2,0,4,0,8,2,2,0,4,2,2,0,2,2,4,8,2,2,2,4,2,2,4,2,2,2,2
4,348,1352.0,298,terminated,2,0,0,1,1352.0,1,2,1,1,1,3,1,7,2,1,1,4,2,1,1,2,1,3,6,2,1,8,3,2,1,3,2,1,2,1
4,349,1739.0,111,terminated,2,0,0,2,1739.0,1,3,2,1,1,3,1,8,2,2,1,5,2,2,1,3,2,3,7,2,2,0,4,2,2,4,2,2,2,2
4,350,670.0,170,terminated,2,1,1,2,670.0,0,3,2,1,0,4,0,8,2,2,0,4,2,2,0,2,2,4,8,2,2,11,4,2,2,4,2,2,2,2
4,351,435.0,85,terminated,2,33,1,2,435.0,0,2,1,1,1,4,1,9,2,2,1,5,2,2,1,3,2,4,8,2,2,0,4,2,2,4,2,2,2,2
4,352,1556.0,94,terminated,2,0,0,1,1556.0,1,1,1,0,1,3,1,7,2,1,1,4,2,1,1,2,1,3,6,2,1,16,3,2,1,3,2,1,2,1
4,353,581.0,119,terminated,2,15,1,2,581.0,0,2,1,1,0,4,0,8,2,2,0,4,2,2,0,2,2,4,8,2,2,0,4,2,2,4,2,2,2,2
4,354,548.0,82,terminated,2,22,1,2,548.0,0,2,2,0,0,4,0,8,2,2,0,4,2,2,0,2,2,4,8,2,2,1,4,2,2,4,2,2,2,2
4,355,1518.0,132,terminated,2,0,0,1,1518.0,1,2,1,1,1,3,1,7,2,1,1,4,2,1,1,2,1,3,6,2,1,25,3,2,1,3,2,1,2,1
4,356,1700.0,150,terminated,2,0,0,2,1700.0,1,0,0,0,1,3,1,8,2,2,1,5,2,2,1,3,2,3,7,2,2,0,4,2,2,4,2,2,2,2
4,357,-154.0,24,terminated,0,38,1,1,-154.0,0,0,0,0,1,1,1,3,0,1,1,2,0,1,1,2,1,1,2,0,1,4,1,0,1,1,0,1,0,1
4,358,-182.0,22,terminated,1,41,1,0,-182.0,0,0,0,0,1,0,1,2,1,0,1,2,1,0,1,1,0,0,1,1,0,0,1,1,0,1,1,0,1,0
4,359,234.0,86,terminated,1,13,1,1,234.0,0,1,1,0,1,2,1,5,1,1,1,3,1,1,1,2,1,2,4,1,1,23,2,1,1,2,1,1,1,1
4,360,1746.0,104,terminated,2,0,0,2,1746.0,1,1,0,1,0,4,0,8,2,2,0,4,2,2,0,2,2,4,8,2,2,4,4,2,2,4,2,2,2,2
4,361,1517.0,133,terminated,2,0,0,1,1517.0,1,3,2,1,1,3,1,7,2,1,1,4,2,1,1,2,1,3,6,2,1,16,3,2,1,3,2,1,2,1
4,362,1519.0,131,terminated,2,0,0,1,1519.0,1,3,2,1,1,3,1,7,2,1,1,4,2,1,1,2,1,3,6,2,1,21,3,2,1,3,2,1,2,1
4,363,1645.0,205,terminated,2,0,0,2,1645.0,1,1,0,1,1,4,1,9,2,2,1,5,2,2,1,3,2,4,8,2,2,6,4,2,2,4,2,2,2,2
4,364,-169.0,19,terminated,0,40,1,1,-169.0,0,0,0,0,1,1,1,3,0,1,1,2,0,1,1,2,1,1,2,0,1,2,1,0,1,1,0,1,0,1
4,365,1624.0,226,terminated,2,0,0,2,1624.0,1,2,2,0,1,4,1,9,2,2,1,5,2,2,1,3,2,4,8,2,2,14,4,2,2,4,2,2,2,2
4,366,1643.0,207,terminated,2,0,0,2,1643.0,1,3,1,2,0,4,0,8,2,2,0,4,2,2,0,2,2,4,8,2,2,1,4,2,2,4,2,2,2,2
4,367,1683.0,167,terminated,2,0,0,2,1683.0,1,4,2,2,1,4,1,9,2,2,1,5,2,2,1,3,2,4,8,2,2,5,4,2,2,4,2,2,2,2
4,368,1509.0,141,terminated,1,0,0,2,1509.0,1,1,0,1,1,3,1,7,1,2,1,4,1,2,1,3,2,3,6,1,2,20,3,1,2,3,1,2,1,2
4,369,1686.0,164,terminated,2,0,0,2,1686.0,1,3,2,1,0,4,0,8,2,2,0,4,2,2,0,2,2,4,8,2,2,20,4,2,2,4,2,2,2,2
4,370,1673.0,177,terminated,2,0,0,2,1673.0,1,1,1,0,0,4,0,8,2,2,0,4,2,2,0,2,2,4,8,2,2,0,4,2,2,4,2,2,2,2
4,371,1545.0,105,terminated,1,0,0,2,1545.0,1,0,0,0,1,3,1,7,1,2,1,4,1,2,1,3,2,3,6,1,2,22,3,1,2,3,1,2,1,2
4,372,214.0,106,terminated,2,13,1,0,214.0,0,1,1,0,1,2,1,5,2,0,1,3,2,0,1,1,0,2,4,2,0,20,2,2,0,2,2,0,2,0
4,373,429.0,91,terminated,2,13,1,1,429.0,0,2,1,1,1,3,1,7,2,1,1,4,2,1,1,2,1,3,6,2,1,1,3,2,1,3,2,1,2,1
4,374,1552.0,98,terminated,1,0,0,2,1552.0,1,1,0,1,1,1,1,5,1,2,1,4,1,2,1,3,2,1,4,1,2,0,3,1,2,3,1,2,1,2
4,375,1500.0,150,terminated,1,0,0,2,1500.0,1,3,1,2,1,3,1,7,1,2,1,4,1,2,1,3,2,3,6,1,2,25,3,1,2,3,1,2,1,2
4,376,1629.0,221,terminated,2,0,0,2,1629.0,1,3,1,2,1,3,1,8,2,2,1,5,2,2,1,3,2,3,7,2,2,0,4,2,2,4,2,2,2,2
4,377,-178.0,18,terminated,1,41,1,0,-178.0,0,0,0,0,1,0,1,2,1,0,1,2,1,0,1,1,0,0,1,1,0,0,1,1,0,1,1,0,1,0
4,378,1348.0,102,terminated,2,0,0,0,1348.0,1,1,1,0,1,2,1,5,2,0,1,3,2,0,1,1,0,2,4,2,0,21,2,2,0,2,2,0,2,0
4,379,1440.0,210,terminated,2,0,0,1,1440.0,1,1,1,0,0,2,0,5,2,1,0,3,2,1,0,1,1,2,5,2,1,0,3,2,1,3,2,1,2,1
4,380,1745.0,105,terminated,2,0,0,2,1745.0,1,2,2,0,1,4,1,9,2,2,1,5,2,2,1,3,2,4,8,2,2,5,4,2,2,4,2,2,2,2
4,381,85.0,35,terminated,1,33,1,1,85.0,0,1,0,1,0,1,0,3,1,1,0,2,1,1,0,1,1,1,3,1,1,19,2,1,1,2,1,1,1,1
4,382,1727.0,123,terminated,2,0,0,2,1727.0,1,2,1,1,0,4,0,8,2,2,0,4,2,2,0,2,2,4,8,2,2,1,4,2,2,4,2,2,2,2
4,383,1740.0,110,terminated,2,0,0,2,1740.0,1,2,1,1,1,4,1,9,2,2,1,5,2,2,1,3,2,4,8,2,2,2,4,2,2,4,2,2,2,2
4,384,1717.0,133,terminated,2,0,0,2,1717.0,1,1,0,1,0,4,0,8,2,2,0,4,2,2,0,2,2,4,8,2,2,0,4,2,2,4,2,2,2,2
4,385,1594.0,256,terminated,2,0,0,2,1594.0,1,2,1,1,0,3,0,7,2,2,0,4,2,2,0,2,2,3,7,2,2,0,4,2,2,4,2,2,2,2
4,386,1505.0,145,terminated,2,0,0,1,1505.0,1,2,1,1,1,3,1,7,2,1,1,4,2,1,1,2,1,3,6,2,1,8,3,2,1,3,2,1,2,1
4,387,1491.0,159,terminated,1,0,0,2,1491.0,1,3,1,2,1,3,1,7,1,2,1,4,1,2,1,3,2,3,6,1,2,20,3,1,2,3,1,2,1,2
4,388,77.0,43,terminated,0,33,1,2,77.0,0,2,0,2,1,1,1,4,0,2,1,3,0,2,1,3,2,1,3,0,2,27,2,0,2,2,0,2,0,2
4,389,1529.0,121,terminated,1,0,0,2,1529.0,1,1,0,1,0,3,0,6,1,2,0,3,1,2,0,2,2,3,6,1,2,24,3,1,2,3,1,2,1,2
4,390,1506.0,144,terminated,2,0,0,1,1506.0,1,3,2,1,1,3,1,7,2,1,1,4,2,1,1,2,1,3,6,2,1,9,3,2,1,3,2,1,2,1
4,391,1549.0,101,terminated,2,0,0,1,1549.0,1,1,1,0,0,3,0,6,2,1,0,3,2,1,0,1,1,3,6,2,1,0,3,2,1,3,2,1,2,1
4,392,1738.0,112,terminated,2,0,0,2,1738.0,1,3,1,2,1,3,1,8,2,2,1,5,2,2,1,3,2,3,7,2,2,8,4,2,2,4,2,2,2,2
4,393,1528.0,122,terminated,2,0,0,1,1528.0,1,2,1,1,1,2,1,6,2,1,1,4,2,1,1,2,1,2,5,2,1,8,3,2,1,3,2,1,2,1
4,394,1584.0,266,terminated,2,0,0,2,1584.0,1,0,0,0,0,3,0,7,2,2,0,4,2,2,0,2,2,3,7,2,2,0,4,2,2,4,2,2,2,2
4,395,1562.0,288,terminated,2,0,0,2,1562.0,1,3,2,1,0,4,0,8,2,2,0,4,2,2,0,2,2,4,8,2,2,13,4,2,2,4,2,2,2,2
4,396,1365.0,85,terminated,1,0,0,1,1365.0,1,1,1,0,0,2,0,4,1,1,0,2,1,1,0,1,1,2,4,1,1,7,2,1,1,2,1,1,1,1
4,397,1660.0,190,terminated,2,0,0,2,1660.0,1,3,1,2,1,4,1,9,2,2,1,5,2,2,1,3,2,4,8,2,2,6,4,2,2,4,2,2,2,2
4,398,660.0,170,terminated,2,2,1,2,660.0,0,2,1,1,1,3,1,8,2,2,1,5,2,2,1,3,2,3,7,2,2,0,4,2,2,4,2,2,2,2
4,399,1520.0,130,terminated,2,0,0,1,1520.0,1,3,2,1,1,2,1,6,2,1,1,4,2,1,1,2,1,2,5,2,1,14,3,2,1,3,2,1,2,1
4,400,1692.0,158,terminated,2,0,0,2,1692.0,1,1,1,0,0,4,0,8,2,2,0,4,2,2,0,2,2,4,8,2,2,0,4,2,2,4,2,2,2,2
4,401,271.0,49,terminated,2,33,1,1,271.0,0,2,2,0,1,0,1,4,2,1,1,4,2,1,1,2,1,0,3,2,1,30,3,2,1,3,2,1,2,1
4,402,1459.0,191,terminated,2,0,0,1,1459.0,1,2,1,1,1,3,1,7,2,1,1,4,2,1,1,2,1,3,6,2,1,15,3,2,1,3,2,1,2,1
4,403,1512.0,138,terminated,1,0,0,2,1512.0,1,2,1,1,1,3,1,7,1,2,1,4,1,2,1,3,2,3,6,1,2,10,3,1,2,3,1,2,1,2
4,404,1636.0,214,terminated,2,0,0,2,1636.0,1,3,2,1,1,4,1,9,2,2,1,5,2,2,1,3,2,4,8,2,2,4,4,2,2,4,2,2,2,2
4,405,1702.0,148,terminated,2,0,0,2,1702.0,1,1,0,1,0,3,0,7,2,2,0,4,2,2,0,2,2,3,7,2,2,2,4,2,2,4,2,2,2,2
4,406,1551.0,99,terminated,1,0,0,2,1551.0,1,2,1,1,1,3,1,7,1,2,1,4,1,2,1,3,2,3,6,1,2,13,3,1,2,3,1,2,1,2
4,407,1553.0,97,terminated,2,0,0,1,1553.0,1,2,1,1,1,3,1,7,2,1,1,4,2,1,1,2,1,3,6,2,1,8,3,2,1,3,2,1,2,1
4,408,1339.0,111,terminated,1,0,0,1,1339.0,1,2,1,1,1,2,1,5,1,1,1,3,1,1,1,2,1,2,4,1,1,8,2,1,1,2,1,1,1,1
4,409,1020.0,300,truncated,2,3,0,2,1020.0,0,4,2,2,1,4,1,9,2,2,1,5,2,2,1,3,2,4,8,2,2,5,4,2,2,4,2,2,2,2
4,410,1511.0,139,terminated,1,0,0,2,1511.0,1,1,0,1,0,3,0,6,1,2,0,3,1,2,0,2,2,3,6,1,2,26,3,1,2,3,1,2,1,2
4,411,1516.0,134,terminated,2,0,0,1,1516.0,1,1,0,1,1,2,1,6,2,1,1,4,2,1,1,2,1,2,5,2,1,7,3,2,1,3,2,1,2,1
4,412,1699.0,151,terminated,2,0,0,2,1699.0,1,1,1,0,0,4,0,8,2,2,0,4,2,2,0,2,2,4,8,2,2,3,4,2,2,4,2,2,2,2
4,413,1686.0,164,terminated,2,0,0,2,1686.0,1,4,2,2,1,3,1,8,2,2,1,5,2,2,1,3,2,3,7,2,2,10,4,2,2,4,2,2,2,2
4,414,1508.0,142,terminated,2,0,0,1,1508.0,1,2,1,1,1,2,1,6,2,1,1,4,2,1,1,2,1,2,5,2,1,6,3,2,1,3,2,1,2,1
4,415,-169.0,19,terminated,0,40,1,1,-169.0,0,1,0,1,1,0,1,2,0,1,1,2,0,1,1,2,1,0,1,0,1,3,1,0,1,1,0,1,0,1
4,416,475.0,55,terminated,2,32,1,2,475.0,0,3,2,1,1,3,1,8,2,2,1,5,2,2,1,3,2,3,7,2,2,3,4,2,2,4,2,2,2,2
4,417,1628.0,222,terminated,2,0,0,2,1628.0,1,2,1,1,1,3,1,8,2,2,1,5,2,2,1,3,2,3,7,2,2,0,4,2,2,4,2,2,2,2
4,418,1285.0,165,terminated,1,0,0,1,1285.0,1,2,1,1,1,2,1,5,1,1,1,3,1,1,1,2,1,2,4,1,1,5,2,1,1,2,1,1,1,1
4,419,1314.0,136,terminated,1,0,0,1,1314.0,1,1,1,0,1,1,1,4,1,1,1,3,1,1,1,2,1,1,3,1,1,7,2,1,1,2,1,1,1,1
4,420,1559.0,91,terminated,1,0,0,2,1559.0,1,2,1,1,0,3,0,6,1,2,0,3,1,2,0,2,2,3,6,1,2,10,3,1,2,3,1,2,1,2
4,421,1691.0,159,terminated,2,0,0,2,1691.0,1,2,2,0,1,4,1,9,2,2,1,5,2,2,1,3,2,4,8,2,2,5,4,2,2,4,2,2,2,2
4,422,1286.0,164,terminated,1,0,0,1,1286.0,1,0,0,0,1,2,1,5,1,1,1,3,1,1,1,2,1,2,4,1,1,10,2,1,1,2,1,1,1,1
4,423,1745.0,105,terminated,2,0,0,2,1745.0,1,3,1,2,0,3,0,7,2,2,0,4,2,2,0,2,2,3,7,2,2,6,4,2,2,4,2,2,2,2
4,424,1510.0,140,terminated,2,0,0,1,1510.0,1,0,0,0,1,3,1,7,2,1,1,4,2,1,1,2,1,3,6,2,1,0,3,2,1,3,2,1,2,1
4,425,1700.0,150,terminated,2,0,0,2,1700.0,1,1,1,0,1,4,1,9,2,2,1,5,2,2,1,3,2,4,8,2,2,1,4,2,2,4,2,2,2,2
4,426,1674.0,176,terminated,2,0,0,2,1674.0,1,2,1,1,0,4,0,8,2,2,0,4,2,2,0,2,2,4,8,2,2,6,4,2,2,4,2,2,2,2
4,427,-169.0,19,terminated,0,40,1,1,-169.0,0,1,0,1,1,0,1,2,0,1,1,2,0,1,1,2,1,0,1,0,1,3,1,0,1,1,0,1,0,1
4,428,1740.0,110,terminated,2,0,0,2,1740.0,1,1,1,0,0,4,0,8,2,2,0,4,2,2,0,2,2,4,8,2,2,1,4,2,2,4,2,2,2,2
4,429,1695.0,155,terminated,2,0,0,2,1695.0,1,1,1,0,1,4,1,9,2,2,1,5,2,2,1,3,2,4,8,2,2,0,4,2,2,4,2,2,2,2
4,430,474.0,46,terminated,2,33,1,2,474.0,0,2,0,2,1,3,1,8,2,2,1,5,2,2,1,3,2,3,7,2,2,5,4,2,2,4,2,2,2,2
4,431,1724.0,126,terminated,2,0,0,2,1724.0,1,3,1,2,0,4,0,8,2,2,0,4,2,2,0,2,2,4,8,2,2,4,4,2,2,4,2,2,2,2
4,432,1508.0,142,terminated,2,0,0,1,1508.0,1,1,1,0,1,3,1,7,2,1,1,4,2,1,1,2,1,3,6,2,1,15,3,2,1,3,2,1,2,1
4,433,1698.0,152,terminated,2,0,0,2,1698.0,1,3,2,1,1,3,1,8,2,2,1,5,2,2,1,3,2,3,7,2,2,5,4,2,2,4,2,2,2,2
4,434,1555.0,95,terminated,1,0,0,2,1555.0,1,2,0,2,1,3,1,7,1,2,1,4,1,2,1,3,2,3,6,1,2,18,3,1,2,3,1,2,1,2
4,435,1709.0,141,terminated,2,0,0,2,1709.0,1,0,0,0,1,3,1,8,2,2,1,5,2,2,1,3,2,3,7,2,2,0,4,2,2,4,2,2,2,2
4,436,1680.0,170,terminated,2,0,0,2,1680.0,1,3,1,2,1,4,1,9,2,2,1,5,2,2,1,3,2,4,8,2,2,4,4,2,2,4,2,2,2,2
4,437,1512.0,138,terminated,2,0,0,1,1512.0,1,3,2,1,1,1,1,5,2,1,1,4,2,1,1,2,1,1,4,2,1,0,3,2,1,3,2,1,2,1
4,438,1482.0,168,terminated,1,0,0,2,1482.0,1,2,1,1,1,3,1,7,1,2,1,4,1,2,1,3,2,3,6,1,2,5,3,1,2,3,1,2,1,2
4,439,1340.0,110,terminated,1,0,0,1,1340.0,1,1,1,0,1,2,1,5,1,1,1,3,1,1,1,2,1,2,4,1,1,5,2,1,1,2,1,1,1,1
4,440,1543.0,107,terminated,2,0,0,1,1543.0,1,0,0,0,0,3,0,6,2,1,0,3,2,1,0,1,1,3,6,2,1,24,3,2,1,3,2,1,2,1
4,441,1661.0,189,terminated,2,0,0,2,1661.0,1,3,2,1,1,4,1,9,2,2,1,5,2,2,1,3,2,4,8,2,2,1,4,2,2,4,2,2,2,2
4,442,1685.0,165,terminated,2,0,0,2,1685.0,1,3,1,2,1,4,1,9,2,2,1,5,2,2,1,3,2,4,8,2,2,6,4,2,2,4,2,2,2,2
4,443,1685.0,165,terminated,2,0,0,2,1685.0,1,2,1,1,0,4,0,8,2,2,0,4,2,2,0,2,2,4,8,2,2,0,4,2,2,4,2,2,2,2
4,444,1278.0,172,terminated,1,0,0,1,1278.0,1,0,0,0,0,2,0,4,1,1,0,2,1,1,0,1,1,2,4,1,1,0,2,1,1,2,1,1,1,1
4,445,1538.0,112,terminated,1,0,0,2,1538.0,1,2,1,1,0,2,0,5,1,2,0,3,1,2,0,2,2,2,5,1,2,4,3,1,2,3,1,2,1,2
4,446,1749.0,101,terminated,2,0,0,2,1749.0,1,1,1,0,1,4,1,9,2,2,1,5,2,2,1,3,2,4,8,2,2,0,4,2,2,4,2,2,2,2
4,447,1659.0,191,terminated,2,0,0,2,1659.0,1,1,1,0,0,4,0,8,2,2,0,4,2,2,0,2,2,4,8,2,2,1,4,2,2,4,2,2,2,2
4,448,1679.0,171,terminated,2,0,0,2,1679.0,1,2,1,1,1,3,1,8,2,2,1,5,2,2,1,3,2,3,7,2,2,0,4,2,2,4,2,2,2,2
4,449,1669.0,181,terminated,2,0,0,2,1669.0,1,1,1,0,0,4,0,8,2,2,0,4,2,2,0,2,2,4,8,2,2,2,4,2,2,4,2,2,2,2
4,450,1663.0,187,terminated,2,0,0,2,1663.0,1,3,1,2,1,2,1,7,2,2,1,5,2,2,1,3,2,2,6,2,2,0,4,2,2,4,2,2,2,2
4,451,1694.0,156,terminated,2,0,0,2,1694.0,1,2,1,1,0,4,0,8,2,2,0,4,2,2,0,2,2,4,8,2,2,10,4,2,2,4,2,2,2,2
4,452,437.0,83,terminated,1,13,1,2,437.0,0,2,1,1,1,2,1,6,1,2,1,4,1,2,1,3,2,2,5,1,2,26,3,1,2,3,1,2,1,2
4,453,1687.0,163,terminated,2,0,0,2,1687.0,1,3,2,1,1,4,1,9,2,2,1,5,2,2,1,3,2,4,8,2,2,0,4,2,2,4,2,2,2,2
4,454,1358.0,92,terminated,1,0,0,1,1358.0,1,0,0,0,1,2,1,5,1,1,1,3,1,1,1,2,1,2,4,1,1,11,2,1,1,2,1,1,1,1
4,455,429.0,91,terminated,2,33,1,2,429.0,0,3,2,1,1,3,1,8,2,2,1,5,2,2,1,3,2,3,7,2,2,2,4,2,2,4,2,2,2,2
4,456,1617.0,233,terminated,2,0,0,2,1617.0,1,2,1,1,1,3,1,8,2,2,1,5,2,2,1,3,2,3,7,2,2,5,4,2,2,4,2,2,2,2
4,457,198.0,132,terminated,1,12,1,1,198.0,0,1,0,1,0,2,0,4,1,1,0,2,1,1,0,1,1,2,4,1,1,24,2,1,1,2,1,1,1,1
4,458,602.0,108,terminated,2,14,1,2,602.0,0,1,1,0,1,4,1,9,2,2,1,5,2,2,1,3,2,4,8,2,2,0,4,2,2,4,2,2,2,2
4,459,1541.0,109,terminated,2,0,0,1,1541.0,1,2,1,1,0,3,0,6,2,1,0,3,2,1,0,1,1,3,6,2,1,16,3,2,1,3,2,1,2,1
4,460,1683.0,167,terminated,2,0,0,2,1683.0,1,2,2,0,1,4,1,9,2,2,1,5,2,2,1,3,2,4,8,2,2,0,4,2,2,4,2,2,2,2
4,461,1613.0,237,terminated,2,0,0,2,1613.0,1,2,1,1,0,4,0,8,2,2,0,4,2,2,0,2,2,4,8,2,2,4,4,2,2,4,2,2,2,2
4,462,1504.0,146,terminated,1,0,0,2,1504.0,1,3,1,2,1,3,1,7,1,2,1,4,1,2,1,3,2,3,6,1,2,2,3,1,2,3,1,2,1,2
4,463,1471.0,179,terminated,1,0,0,2,1471.0,1,0,0,0,1,2,1,6,1,2,1,4,1,2,1,3,2,2,5,1,2,33,3,1,2,3,1,2,1,2
4,464,465.0,125,terminated,2,6,1,1,465.0,0,2,1,1,1,3,1,7,2,1,1,4,2,1,1,2,1,3,6,2,1,15,3,2,1,3,2,1,2,1
4,465,1513.0,137,terminated,1,0,0,2,1513.0,1,1,0,1,1,2,1,6,1,2,1,4,1,2,1,3,2,2,5,1,2,10,3,1,2,3,1,2,1,2
4,466,30.0,20,terminated,1,40,1,1,30.0,0,0,0,0,0,2,0,4,1,1,0,2,1,1,0,1,1,2,4,1,1,0,2,1,1,2,1,1,1,1
4,467,1312.0,138,terminated,1,0,0,1,1312.0,1,2,1,1,1,2,1,5,1,1,1,3,1,1,1,2,1,2,4,1,1,8,2,1,1,2,1,1,1,1
4,468,1519.0,131,terminated,2,0,0,1,1519.0,1,1,1,0,0,3,0,6,2,1,0,3,2,1,0,1,1,3,6,2,1,0,3,2,1,3,2,1,2,1
4,469,1717.0,133,terminated,2,0,0,2,1717.0,1,2,1,1,1,4,1,9,2,2,1,5,2,2,1,3,2,4,8,2,2,0,4,2,2,4,2,2,2,2
4,470,601.0,159,terminated,2,9,1,2,601.0,0,2,1,1,1,4,1,9,2,2,1,5,2,2,1,3,2,4,8,2,2,0,4,2,2,4,2,2,2,2
4,471,1331.0,119,terminated,1,0,0,1,1331.0,1,1,1,0,1,2,1,5,1,1,1,3,1,1,1,2,1,2,4,1,1,16,2,1,1,2,1,1,1,1
4,472,1704.0,146,terminated,2,0,0,2,1704.0,1,1,0,1,1,3,1,8,2,2,1,5,2,2,1,3,2,3,7,2,2,5,4,2,2,4,2,2,2,2
4,473,1679.0,171,terminated,2,0,0,2,1679.0,1,1,0,1,1,4,1,9,2,2,1,5,2,2,1,3,2,4,8,2,2,0,4,2,2,4,2,2,2,2
4,474,1709.0,141,terminated,2,0,0,2,1709.0,1,3,1,2,0,4,0,8,2,2,0,4,2,2,0,2,2,4,8,2,2,4,4,2,2,4,2,2,2,2
4,475,643.0,107,terminated,2,10,1,2,643.0,0,0,0,0,1,4,1,9,2,2,1,5,2,2,1,3,2,4,8,2,2,3,4,2,2,4,2,2,2,2
4,476,1651.0,199,terminated,2,0,0,2,1651.0,1,3,2,1,0,4,0,8,2,2,0,4,2,2,0,2,2,4,8,2,2,8,4,2,2,4,2,2,2,2
4,477,1637.0,213,terminated,2,0,0,2,1637.0,1,3,2,1,1,4,1,9,2,2,1,5,2,2,1,3,2,4,8,2,2,5,4,2,2,4,2,2,2,2
4,478,1367.0,83,terminated,1,0,0,1,1367.0,1,2,1,1,1,2,1,5,1,1,1,3,1,1,1,2,1,2,4,1,1,21,2,1,1,2,1,1,1,1
4,479,279.0,41,terminated,1,33,1,2,279.0,0,3,1,2,1,3,1,7,1,2,1,4,1,2,1,3,2,3,6,1,2,7,3,1,2,3,1,2,1,2
4,480,1698.0,152,terminated,2,0,0,2,1698.0,1,3,2,1,1,3,1,8,2,2,1,5,2,2,1,3,2,3,7,2,2,7,4,2,2,4,2,2,2,2
4,481,1692.0,158,terminated,2,0,0,2,1692.0,1,0,0,0,0,4,0,8,2,2,0,4,2,2,0,2,2,4,8,2,2,0,4,2,2,4,2,2,2,2
4,482,1664.0,186,terminated,2,0,0,2,1664.0,1,3,2,1,1,4,1,9,2,2,1,5,2,2,1,3,2,4,8,2,2,5,4,2,2,4,2,2,2,2
4,483,1635.0,215,terminated,2,0,0,2,1635.0,1,2,1,1,0,4,0,8,2,2,0,4,2,2,0,2,2,4,8,2,2,14,4,2,2,4,2,2,2,2
4,484,-176.0,16,terminated,1,41,1,0,-176.0,0,0,0,0,0,1,0,2,1,0,0,1,1,0,0,0,0,1,2,1,0,0,1,1,0,1,1,0,1,0
4,485,1651.0,199,terminated,2,0,0,2,1651.0,1,3,1,2,1,4,1,9,2,2,1,5,2,2,1,3,2,4,8,2,2,6,4,2,2,4,2,2,2,2
4,486,1652.0,198,terminated,2,0,0,2,1652.0,1,0,0,0,0,4,0,8,2,2,0,4,2,2,0,2,2,4,8,2,2,0,4,2,2,4,2,2,2,2
4,487,274.0,46,terminated,2,33,1,1,274.0,0,2,1,1,1,2,1,6,2,1,1,4,2,1,1,2,1,2,5,2,1,24,3,2,1,3,2,1,2,1
4,488,1530.0,120,terminated,1,0,0,2,1530.0,1,0,0,0,0,3,0,6,1,2,0,3,1,2,0,2,2,3,6,1,2,0,3,1,2,3,1,2,1,2
4,489,1504.0,146,terminated,1,0,0,2,1504.0,1,3,1,2,1,3,1,7,1,2,1,4,1,2,1,3,2,3,6,1,2,25,3,1,2,3,1,2,1,2
4,490,1535.0,115,terminated,1,0,0,2,1535.0,1,1,0,1,0,3,0,6,1,2,0,3,1,2,0,2,2,3,6,1,2,17,3,1,2,3,1,2,1,2
4,491,1340.0,110,terminated,0,0,0,2,1340.0,1,1,0,1,1,2,1,5,0,2,1,3,0,2,1,3,2,2,4,0,2,16,2,0,2,2,0,2,0,2
4,492,1644.0,206,terminated,2,0,0,2,1644.0,1,3,1,2,1,4,1,9,2,2,1,5,2,2,1,3,2,4,8,2,2,1,4,2,2,4,2,2,2,2
4,493,1541.0,109,terminated,1,0,0,2,1541.0,1,1,0,1,0,2,0,5,1,2,0,3,1,2,0,2,2,2,5,1,2,0,3,1,2,3,1,2,1,2
4,494,1547.0,103,terminated,2,0,0,1,1547.0,1,2,1,1,1,3,1,7,2,1,1,4,2,1,1,2,1,3,6,2,1,26,3,2,1,3,2,1,2,1
4,495,1716.0,134,terminated,2,0,0,2,1716.0,1,3,1,2,1,3,1,8,2,2,1,5,2,2,1,3,2,3,7,2,2,4,4,2,2,4,2,2,2,2
4,496,1731.0,119,terminated,2,0,0,2,1731.0,1,0,0,0,0,3,0,7,2,2,0,4,2,2,0,2,2,3,7,2,2,0,4,2,2,4,2,2,2,2
4,497,197.0,113,terminated,1,14,1,1,197.0,0,1,1,0,1,2,1,5,1,1,1,3,1,1,1,2,1,2,4,1,1,32,2,1,1,2,1,1,1,1
4,498,1663.0,187,terminated,2,0,0,2,1663.0,1,0,0,0,1,4,1,9,2,2,1,5,2,2,1,3,2,4,8,2,2,4,4,2,2,4,2,2,2,2
4,499,1514.0,136,terminated,1,0,0,2,1514.0,1,3,1,2,1,3,1,7,1,2,1,4,1,2,1,3,2,3,6,1,2,6,3,1,2,3,1,2,1,2
4,500,1540.0,110,terminated,2,0,0,1,1540.0,1,3,2,1,1,3,1,7,2,1,1,4,2,1,1,2,1,3,6,2,1,1,3,2,1,3,2,1,2,1
4,501,1650.0,200,terminated,2,0,0,2,1650.0,1,3,1,2,0,3,0,7,2,2,0,4,2,2,0,2,2,3,7,2,2,0,4,2,2,4,2,2,2,2
4,502,1661.0,189,terminated,2,0,0,2,1661.0,1,0,0,0,0,4,0,8,2,2,0,4,2,2,0,2,2,4,8,2,2,0,4,2,2,4,2,2,2,2
4,503,1716.0,134,terminated,2,0,0,2,1716.0,1,1,1,0,0,3,0,7,2,2,0,4,2,2,0,2,2,3,7,2,2,6,4,2,2,4,2,2,2,2
4,504,1715.0,135,terminated,2,0,0,2,1715.0,1,1,0,1,0,4,0,8,2,2,0,4,2,2,0,2,2,4,8,2,2,6,4,2,2,4,2,2,2,2
4,505,1746.0,104,terminated,2,0,0,2,1746.0,1,3,1,2,1,4,1,9,2,2,1,5,2,2,1,3,2,4,8,2,2,4,4,2,2,4,2,2,2,2
4,506,1606.0,244,terminated,2,0,0,2,1606.0,1,1,1,0,1,3,1,8,2,2,1,5,2,2,1,3,2,3,7,2,2,0,4,2,2,4,2,2,2,2
4,507,1524.0,126,terminated,1,0,0,2,1524.0,1,1,0,1,0,3,0,6,1,2,0,3,1,2,0,2,2,3,6,1,2,0,3,1,2,3,1,2,1,2
4,508,1471.0,179,terminated,2,0,0,1,1471.0,1,1,1,0,1,3,1,7,2,1,1,4,2,1,1,2,1,3,6,2,1,0,3,2,1,3,2,1,2,1
4,509,1531.0,119,terminated,1,0,0,2,1531.0,1,1,1,0,0,3,0,6,1,2,0,3,1,2,0,2,2,3,6,1,2,31,3,1,2,3,1,2,1,2
4,510,1677.0,173,terminated,2,0,0,2,1677.0,1,3,2,1,0,4,0,8,2,2,0,4,2,2,0,2,2,4,8,2,2,1,4,2,2,4,2,2,2,2
4,511,1726.0,124,terminated,2,0,0,2,1726.0,1,3,2,1,1,3,1,8,2,2,1,5,2,2,1,3,2,3,7,2,2,4,4,2,2,4,2,2,2,2
4,512,407.0,103,terminated,2,14,1,1,407.0,0,0,0,0,0,2,0,5,2,1,0,3,2,1,0,1,1,2,5,2,1,19,3,2,1,3,2,1,2,1
4,513,1642.0,208,terminated,2,0,0,2,1642.0,1,2,1,1,1,4,1,9,2,2,1,5,2,2,1,3,2,4,8,2,2,6,4,2,2,4,2,2,2,2
4,514,1311.0,139,terminated,0,0,0,2,1311.0,1,1,0,1,1,2,1,5,0,2,1,3,0,2,1,3,2,2,4,0,2,16,2,0,2,2,0,2,0,2
4,515,86.0,54,terminated,0,31,1,2,86.0,0,2,0,2,1,2,1,5,0,2,1,3,0,2,1,3,2,2,4,0,2,20,2,0,2,2,0,2,0,2
4,516,1671.0,179,terminated,2,0,0,2,1671.0,1,2,1,1,0,4,0,8,2,2,0,4,2,2,0,2,2,4,8,2,2,5,4,2,2,4,2,2,2,2
4,517,1724.0,126,terminated,2,0,0,2,1724.0,1,1,1,0,0,3,0,7,2,2,0,4,2,2,0,2,2,3,7,2,2,0,4,2,2,4,2,2,2,2
4,518,480.0,40,terminated,2,33,1,2,480.0,0,2,1,1,0,3,0,7,2,2,0,4,2,2,0,2,2,3,7,2,2,6,4,2,2,4,2,2,2,2
4,519,1558.0,92,terminated,1,0,0,2,1558.0,1,2,1,1,1,2,1,6,1,2,1,4,1,2,1,3,2,2,5,1,2,15,3,1,2,3,1,2,1,2
4,520,1622.0,228,terminated,2,0,0,2,1622.0,1,3,1,2,0,4,0,8,2,2,0,4,2,2,0,2,2,4,8,2,2,1,4,2,2,4,2,2,2,2
4,521,1526.0,124,terminated,2,0,0,1,1526.0,1,1,1,0,1,3,1,7,2,1,1,4,2,1,1,2,1,3,6,2,1,23,3,2,1,3,2,1,2,1
4,522,1461.0,189,terminated,2,0,0,1,1461.0,1,1,1,0,1,2,1,6,2,1,1,4,2,1,1,2,1,2,5,2,1,0,3,2,1,3,2,1,2,1
4,523,-167.0,17,terminated,0,40,1,1,-167.0,0,0,0,0,1,1,1,3,0,1,1,2,0,1,1,2,1,1,2,0,1,1,1,0,1,1,0,1,0,1
4,524,1535.0,115,terminated,1,0,0,2,1535.0,1,1,0,1,1,3,1,7,1,2,1,4,1,2,1,3,2,3,6,1,2,13,3,1,2,3,1,2,1,2
4,525,1517.0,133,terminated,2,0,0,1,1517.0,1,2,1,1,0,3,0,6,2,1,0,3,2,1,0,1,1,3,6,2,1,23,3,2,1,3,2,1,2,1
4,526,1474.0,176,terminated,2,0,0,1,1474.0,1,0,0,0,0,2,0,5,2,1,0,3,2,1,0,1,1,2,5,2,1,23,3,2,1,3,2,1,2,1
4,527,1545.0,105,terminated,1,0,0,2,1545.0,1,0,0,0,1,3,1,7,1,2,1,4,1,2,1,3,2,3,6,1,2,20,3,1,2,3,1,2,1,2
4,528,1699.0,151,terminated,2,0,0,2,1699.0,1,3,2,1,1,3,1,8,2,2,1,5,2,2,1,3,2,3,7,2,2,8,4,2,2,4,2,2,2,2
4,529,1512.0,138,terminated,1,0,0,2,1512.0,1,2,0,2,1,3,1,7,1,2,1,4,1,2,1,3,2,3,6,1,2,11,3,1,2,3,1,2,1,2
4,530,-116.0,36,terminated,1,33,1,0,-116.0,0,1,1,0,1,0,1,2,1,0,1,2,1,0,1,1,0,0,1,1,0,20,1,1,0,1,1,0,1,0
4,531,1684.0,166,terminated,2,0,0,2,1684.0,1,3,2,1,1,3,1,8,2,2,1,5,2,2,1,3,2,3,7,2,2,7,4,2,2,4,2,2,2,2
4,532,1681.0,169,terminated,2,0,0,2,1681.0,1,2,0,2,0,4,0,8,2,2,0,4,2,2,0,2,2,4,8,2,2,0,4,2,2,4,2,2,2,2
4,533,1732.0,118,terminated,2,0,0,2,1732.0,1,2,1,1,0,3,0,7,2,2,0,4,2,2,0,2,2,3,7,2,2,6,4,2,2,4,2,2,2,2
4,534,1528.0,122,terminated,2,0,0,1,1528.0,1,3,2,1,1,2,1,6,2,1,1,4,2,1,1,2,1,2,5,2,1,0,3,2,1,3,2,1,2,1
4,535,1481.0,169,terminated,1,0,0,2,1481.0,1,2,0,2,1,3,1,7,1,2,1,4,1,2,1,3,2,3,6,1,2,7,3,1,2,3,1,2,1,2
4,536,1496.0,154,terminated,1,0,0,2,1496.0,1,2,0,2,1,3,1,7,1,2,1,4,1,2,1,3,2,3,6,1,2,24,3,1,2,3,1,2,1,2
4,537,1513.0,137,terminated,1,0,0,2,1513.0,1,2,0,2,1,3,1,7,1,2,1,4,1,2,1,3,2,3,6,1,2,37,3,1,2,3,1,2,1,2
4,538,1710.0,140,terminated,2,0,0,2,1710.0,1,2,1,1,0,4,0,8,2,2,0,4,2,2,0,2,2,4,8,2,2,0,4,2,2,4,2,2,2,2
4,539,1524.0,126,terminated,2,0,0,1,1524.0,1,2,1,1,0,3,0,6,2,1,0,3,2,1,0,1,1,3,6,2,1,25,3,2,1,3,2,1,2,1
4,540,1532.0,118,terminated,1,0,0,2,1532.0,1,1,0,1,1,3,1,7,1,2,1,4,1,2,1,3,2,3,6,1,2,21,3,1,2,3,1,2,1,2
4,541,1766.0,84,terminated,2,0,0,2,1766.0,1,1,0,1,0,4,0,8,2,2,0,4,2,2,0,2,2,4,8,2,2,0,4,2,2,4,2,2,2,2
4,542,1493.0,157,terminated,2,0,0,1,1493.0,1,3,2,1,1,3,1,7,2,1,1,4,2,1,1,2,1,3,6,2,1,12,3,2,1,3,2,1,2,1
4,543,1282.0,168,terminated,2,0,0,0,1282.0,1,2,2,0,1,2,1,5,2,0,1,3,2,0,1,1,0,2,4,2,0,18,2,2,0,2,2,0,2,0
4,544,1563.0,87,terminated,1,0,0,2,1563.0,1,1,1,0,1,3,1,7,1,2,1,4,1,2,1,3,2,3,6,1,2,17,3,1,2,3,1,2,1,2
4,545,1726.0,124,terminated,2,0,0,2,1726.0,1,4,2,2,1,4,1,9,2,2,1,5,2,2,1,3,2,4,8,2,2,2,4,2,2,4,2,2,2,2
4,546,1625.0,225,terminated,2,0,0,2,1625.0,1,2,2,0,1,3,1,8,2,2,1,5,2,2,1,3,2,3,7,2,2,9,4,2,2,4,2,2,2,2
4,547,1450.0,200,terminated,2,0,0,1,1450.0,1,3,2,1,1,3,1,7,2,1,1,4,2,1,1,2,1,3,6,2,1,21,3,2,1,3,2,1,2,1
4,548,1673.0,177,terminated,2,0,0,2,1673.0,1,2,1,1,1,4,1,9,2,2,1,5,2,2,1,3,2,4,8,2,2,5,4,2,2,4,2,2,2,2
4,549,1525.0,125,terminated,1,0,0,2,1525.0,1,1,0,1,0,3,0,6,1,2,0,3,1,2,0,2,2,3,6,1,2,10,3,1,2,3,1,2,1,2
4,550,1503.0,147,terminated,1,0,0,2,1503.0,1,1,1,0,0,3,0,6,1,2,0,3,1,2,0,2,2,3,6,1,2,8,3,1,2,3,1,2,1,2
4,551,1310.0,140,terminated,1,0,0,1,1310.0,1,0,0,0,0,2,0,4,1,1,0,2,1,1,0,1,1,2,4,1,1,27,2,1,1,2,1,1,1,1
4,552,1040.0,300,truncated,2,1,0,2,1040.0,0,2,2,0,1,3,1,8,2,2,1,5,2,2,1,3,2,3,7,2,2,5,4,2,2,4,2,2,2,2
4,553,1523.0,127,terminated,2,0,0,1,1523.0,1,1,1,0,1,2,1,6,2,1,1,4,2,1,1,2,1,2,5,2,1,3,3,2,1,3,2,1,2,1
4,554,1692.0,158,terminated,2,0,0,2,1692.0,1,2,1,1,0,3,0,7,2,2,0,4,2,2,0,2,2,3,7,2,2,11,4,2,2,4,2,2,2,2
4,555,1731.0,119,terminated,2,0,0,2,1731.0,1,2,1,1,1,4,1,9,2,2,1,5,2,2,1,3,2,4,8,2,2,7,4,2,2,4,2,2,2,2
4,556,1317.0,133,terminated,1,0,0,1,1317.0,1,0,0,0,1,2,1,5,1,1,1,3,1,1,1,2,1,2,4,1,1,11,2,1,1,2,1,1,1,1
4,557,-167.0,17,terminated,1,40,1,0,-167.0,0,0,0,0,0,1,0,2,1,0,0,1,1,0,0,0,0,1,2,1,0,1,1,1,0,1,1,0,1,0
4,558,185.0,135,terminated,2,13,1,0,185.0,0,1,1,0,1,2,1,5,2,0,1,3,2,0,1,1,0,2,4,2,0,26,2,2,0,2,2,0,2,0
4,559,560.0,80,terminated,2,21,1,2,560.0,0,4,2,2,1,4,1,9,2,2,1,5,2,2,1,3,2,4,8,2,2,5,4,2,2,4,2,2,2,2
4,560,1602.0,248,terminated,2,0,0,2,1602.0,1,1,1,0,1,3,1,8,2,2,1,5,2,2,1,3,2,3,7,2,2,11,4,2,2,4,2,2,2,2
4,561,-169.0,19,terminated,0,40,1,1,-169.0,0,1,0,1,1,0,1,2,0,1,1,2,0,1,1,2,1,0,1,0,1,3,1,0,1,1,0,1,0,1
4,562,1654.0,196,terminated,2,0,0,2,1654.0,1,1,1,0,1,3,1,8,2,2,1,5,2,2,1,3,2,3,7,2,2,0,4,2,2,4,2,2,2,2
4,563,1716.0,134,terminated,2,0,0,2,1716.0,1,1,0,1,1,4,1,9,2,2,1,5,2,2,1,3,2,4,8,2,2,10,4,2,2,4,2,2,2,2
4,564,1743.0,107,terminated,2,0,0,2,1743.0,1,3,2,1,1,4,1,9,2,2,1,5,2,2,1,3,2,4,8,2,2,8,4,2,2,4,2,2,2,2
4,565,362.0,48,terminated,1,24,1,2,362.0,0,1,0,1,1,2,1,6,1,2,1,4,1,2,1,3,2,2,5,1,2,9,3,1,2,3,1,2,1,2
4,566,1488.0,162,terminated,2,0,0,1,1488.0,1,2,1,1,0,3,0,6,2,1,0,3,2,1,0,1,1,3,6,2,1,4,3,2,1,3,2,1,2,1
4,567,1744.0,106,terminated,2,0,0,2,1744.0,1,2,0,2,0,4,0,8,2,2,0,4,2,2,0,2,2,4,8,2,2,0,4,2,2,4,2,2,2,2
4,568,1278.0,172,terminated,2,0,0,0,1278.0,1,1,1,0,1,2,1,5,2,0,1,3,2,0,1,1,0,2,4,2,0,11,2,2,0,2,2,0,2,0
4,569,544.0,106,terminated,2,20,1,2,544.0,0,1,1,0,1,4,1,9,2,2,1,5,2,2,1,3,2,4,8,2,2,4,4,2,2,4,2,2,2,2
4,570,1621.0,229,terminated,2,0,0,2,1621.0,1,3,2,1,0,4,0,8,2,2,0,4,2,2,0,2,2,4,8,2,2,2,4,2,2,4,2,2,2,2
4,571,1681.0,169,terminated,2,0,0,2,1681.0,1,0,0,0,0,4,0,8,2,2,0,4,2,2,0,2,2,4,8,2,2,0,4,2,2,4,2,2,2,2
4,572,1732.0,118,terminated,2,0,0,2,1732.0,1,2,2,0,0,4,0,8,2,2,0,4,2,2,0,2,2,4,8,2,2,1,4,2,2,4,2,2,2,2
4,573,1692.0,158,terminated,2,0,0,2,1692.0,1,4,2,2,1,4,1,9,2,2,1,5,2,2,1,3,2,4,8,2,2,5,4,2,2,4,2,2,2,2
4,574,1240.0,210,terminated,1,0,0,1,1240.0,1,0,0,0,0,2,0,4,1,1,0,2,1,1,0,1,1,2,4,1,1,21,2,1,1,2,1,1,1,1
4,575,1688.0,162,terminated,2,0,0,2,1688.0,1,1,0,1,0,4,0,8,2,2,0,4,2,2,0,2,2,4,8,2,2,0,4,2,2,4,2,2,2,2
4,576,1539.0,111,terminated,2,0,0,1,1539.0,1,2,1,1,0,3,0,6,2,1,0,3,2,1,0,1,1,3,6,2,1,15,3,2,1,3,2,1,2,1
4,577,579.0,131,terminated,2,14,1,2,579.0,0,1,1,0,1,3,1,8,2,2,1,5,2,2,1,3,2,3,7,2,2,0,4,2,2,4,2,2,2,2
4,578,21.0,19,terminated,1,41,1,1,21.0,0,1,0,1,0,1,0,3,1,1,0,2,1,1,0,1,1,1,3,1,1,1,2,1,1,2,1,1,1,1
4,579,1727.0,123,terminated,2,0,0,2,1727.0,1,1,1,0,0,4,0,8,2,2,0,4,2,2,0,2,2,4,8,2,2,0,4,2,2,4,2,2,2,2
4,580,1361.0,289,terminated,2,0,0,1,1361.0,1,1,1,0,1,3,1,7,2,1,1,4,2,1,1,2,1,3,6,2,1,10,3,2,1,3,2,1,2,1
4,581,1531.0,119,terminated,2,0,0,1,1531.0,1,0,0,0,0,2,0,5,2,1,0,3,2,1,0,1,1,2,5,2,1,0,3,2,1,3,2,1,2,1
4,582,20.0,20,terminated,1,41,1,1,20.0,0,0,0,0,0,1,0,3,1,1,0,2,1,1,0,1,1,1,3,1,1,0,2,1,1,2,1,1,1,1
4,583,1473.0,177,terminated,1,0,0,2,1473.0,1,2,1,1,1,3,1,7,1,2,1,4,1,2,1,3,2,3,6,1,2,7,3,1,2,3,1,2,1,2
4,584,1232.0,218,terminated,0,0,0,2,1232.0,1,1,0,1,0,2,0,4,0,2,0,2,0,2,0,2,2,2,4,0,2,16,2,0,2,2,0,2,0,2
4,585,1392.0,258,terminated,2,0,0,1,1392.0,1,1,1,0,0,3,0,6,2,1,0,3,2,1,0,1,1,3,6,2,1,3,3,2,1,3,2,1,2,1
4,586,1304.0,146,terminated,2,0,0,0,1304.0,1,2,2,0,1,2,1,5,2,0,1,3,2,0,1,1,0,2,4,2,0,8,2,2,0,2,2,0,2,0
4,587,458.0,112,terminated,2,8,1,1,458.0,0,2,2,0,0,3,0,6,2,1,0,3,2,1,0,1,1,3,6,2,1,0,3,2,1,3,2,1,2,1
4,588,1493.0,157,terminated,1,0,0,2,1493.0,1,2,1,1,1,3,1,7,1,2,1,4,1,2,1,3,2,3,6,1,2,0,3,1,2,3,1,2,1,2
4,589,1735.0,115,terminated,2,0,0,2,1735.0,1,1,0,1,1,3,1,8,2,2,1,5,2,2,1,3,2,3,7,2,2,5,4,2,2,4,2,2,2,2
4,590,1741.0,109,terminated,2,0,0,2,1741.0,1,1,1,0,1,4,1,9,2,2,1,5,2,2,1,3,2,4,8,2,2,1,4,2,2,4,2,2,2,2
4,591,1497.0,153,terminated,1,0,0,2,1497.0,1,1,0,1,0,3,0,6,1,2,0,3,1,2,0,2,2,3,6,1,2,0,3,1,2,3,1,2,1,2
4,592,1546.0,104,terminated,1,0,0,2,1546.0,1,1,0,1,0,2,0,5,1,2,0,3,1,2,0,2,2,2,5,1,2,0,3,1,2,3,1,2,1,2
4,593,1748.0,102,terminated,2,0,0,2,1748.0,1,2,1,1,1,4,1,9,2,2,1,5,2,2,1,3,2,4,8,2,2,5,4,2,2,4,2,2,2,2
4,594,1413.0,237,terminated,1,0,0,2,1413.0,1,2,0,2,1,3,1,7,1,2,1,4,1,2,1,3,2,3,6,1,2,6,3,1,2,3,1,2,1,2
4,595,1552.0,98,terminated,2,0,0,1,1552.0,1,1,1,0,0,2,0,5,2,1,0,3,2,1,0,1,1,2,5,2,1,0,3,2,1,3,2,1,2,1
4,596,1708.0,142,terminated,2,0,0,2,1708.0,1,3,2,1,1,4,1,9,2,2,1,5,2,2,1,3,2,4,8,2,2,0,4,2,2,4,2,2,2,2
4,597,-168.0,18,terminated,0,40,1,1,-168.0,0,0,0,0,0,1,0,2,0,1,0,1,0,1,0,1,1,1,2,0,1,0,1,0,1,1,0,1,0,1
4,598,655.0,95,terminated,2,10,1,2,655.0,0,2,0,2,0,4,0,8,2,2,0,4,2,2,0,2,2,4,8,2,2,4,4,2,2,4,2,2,2,2
4,599,19.0,21,terminated,1,41,1,1,19.0,0,0,0,0,1,2,1,5,1,1,1,3,1,1,1,2,1,2,4,1,1,0,2,1,1,2,1,1,1,1
4,600,1690.0,160,terminated,2,0,0,2,1690.0,1,1,1,0,1,4,1,9,2,2,1,5,2,2,1,3,2,4,8,2,2,0,4,2,2,4,2,2,2,2
4,601,1491.0,159,terminated,1,0,0,2,1491.0,1,0,0,0,1,3,1,7,1,2,1,4,1,2,1,3,2,3,6,1,2,23,3,1,2,3,1,2,1,2
4,602,1531.0,119,terminated,1,0,0,2,1531.0,1,1,1,0,1,3,1,7,1,2,1,4,1,2,1,3,2,3,6,1,2,21,3,1,2,3,1,2,1,2
4,603,15.0,25,terminated,1,41,1,1,15.0,0,0,0,0,1,1,1,4,1,1,1,3,1,1,1,2,1,1,3,1,1,0,2,1,1,2,1,1,1,1
4,604,1525.0,125,terminated,2,0,0,1,1525.0,1,1,0,1,1,2,1,6,2,1,1,4,2,1,1,2,1,2,5,2,1,4,3,2,1,3,2,1,2,1
4,605,1657.0,193,terminated,2,0,0,2,1657.0,1,2,1,1,1,3,1,8,2,2,1,5,2,2,1,3,2,3,7,2,2,0,4,2,2,4,2,2,2,2
4,606,1633.0,217,terminated,2,0,0,2,1633.0,1,1,1,0,1,3,1,8,2,2,1,5,2,2,1,3,2,3,7,2,2,0,4,2,2,4,2,2,2,2
4,607,1704.0,146,terminated,2,0,0,2,1704.0,1,3,2,1,1,3,1,8,2,2,1,5,2,2,1,3,2,3,7,2,2,2,4,2,2,4,2,2,2,2
4,608,1498.0,152,terminated,1,0,0,2,1498.0,1,0,0,0,0,2,0,5,1,2,0,3,1,2,0,2,2,2,5,1,2,0,3,1,2,3,1,2,1,2
4,609,1383.0,267,terminated,2,0,0,1,1383.0,1,0,0,0,1,3,1,7,2,1,1,4,2,1,1,2,1,3,6,2,1,29,3,2,1,3,2,1,2,1
4,610,1734.0,116,terminated,2,0,0,2,1734.0,1,4,2,2,1,3,1,8,2,2,1,5,2,2,1,3,2,3,7,2,2,5,4,2,2,4,2,2,2,2
4,611,1514.0,136,terminated,2,0,0,1,1514.0,1,0,0,0,0,3,0,6,2,1,0,3,2,1,0,1,1,3,6,2,1,22,3,2,1,3,2,1,2,1
4,612,1453.0,197,terminated,1,0,0,2,1453.0,1,3,1,2,1,3,1,7,1,2,1,4,1,2,1,3,2,3,6,1,2,10,3,1,2,3,1,2,1,2
4,613,1520.0,130,terminated,1,0,0,2,1520.0,1,1,0,1,1,2,1,6,1,2,1,4,1,2,1,3,2,2,5,1,2,21,3,1,2,3,1,2,1,2
4,614,1342.0,108,terminated,1,0,0,1,1342.0,1,1,1,0,0,2,0,4,1,1,0,2,1,1,0,1,1,2,4,1,1,6,2,1,1,2,1,1,1,1
4,615,-176.0,16,terminated,0,41,1,1,-176.0,0,0,0,0,0,1,0,2,0,1,0,1,0,1,0,1,1,1,2,0,1,0,1,0,1,1,0,1,0,1
4,616,-178.0,18,terminated,1,41,1,0,-178.0,0,0,0,0,1,0,1,2,1,0,1,2,1,0,1,1,0,0,1,1,0,0,1,1,0,1,1,0,1,0
4,617,637.0,193,terminated,2,2,1,2,637.0,0,2,0,2,0,4,0,8,2,2,0,4,2,2,0,2,2,4,8,2,2,2,4,2,2,4,2,2,2,2
4,618,21.0,19,terminated,1,41,1,1,21.0,0,2,1,1,1,0,1,3,1,1,1,3,1,1,1,2,1,0,2,1,1,1,2,1,1,2,1,1,1,1
4,619,1729.0,121,terminated,2,0,0,2,1729.0,1,1,0,1,0,3,0,7,2,2,0,4,2,2,0,2,2,3,7,2,2,0,4,2,2,4,2,2,2,2
4,620,1627.0,223,terminated,2,0,0,2,1627.0,1,2,1,1,1,3,1,8,2,2,1,5,2,2,1,3,2,3,7,2,2,0,4,2,2,4,2,2,2,2
4,621,283.0,37,terminated,1,33,1,2,283.0,0,1,0,1,1,1,1,5,1,2,1,4,1,2,1,3,2,1,4,1,2,0,3,1,2,3,1,2,1,2
4,622,1617.0,233,terminated,2,0,0,2,1617.0,1,1,0,1,1,4,1,9,2,2,1,5,2,2,1,3,2,4,8,2,2,4,4,2,2,4,2,2,2,2
4,623,1745.0,105,terminated,2,0,0,2,1745.0,1,3,2,1,1,4,1,9,2,2,1,5,2,2,1,3,2,4,8,2,2,5,4,2,2,4,2,2,2,2
4,624,1272.0,178,terminated,2,0,0,0,1272.0,1,1,1,0,1,2,1,5,2,0,1,3,2,0,1,1,0,2,4,2,0,11,2,2,0,2,2,0,2,0
4,625,1503.0,147,terminated,1,0,0,2,1503.0,1,2,0,2,0,3,0,6,1,2,0,3,1,2,0,2,2,3,6,1,2,1,3,1,2,3,1,2,1,2
4,626,283.0,37,terminated,1,33,1,2,283.0,0,3,1,2,1,1,1,5,1,2,1,4,1,2,1,3,2,1,4,1,2,1,3,1,2,3,1,2,1,2
4,627,1600.0,250,terminated,2,0,0,2,1600.0,1,4,2,2,1,4,1,9,2,2,1,5,2,2,1,3,2,4,8,2,2,21,4,2,2,4,2,2,2,2
4,628,21.0,19,terminated,1,41,1,1,21.0,0,0,0,0,0,2,0,4,1,1,0,2,1,1,0,1,1,2,4,1,1,0,2,1,1,2,1,1,1,1
4,629,1666.0,184,terminated,2,0,0,2,1666.0,1,2,1,1,1,4,1,9,2,2,1,5,2,2,1,3,2,4,8,2,2,1,4,2,2,4,2,2,2,2
4,630,1702.0,148,terminated,2,0,0,2,1702.0,1,2,0,2,1,4,1,9,2,2,1,5,2,2,1,3,2,4,8,2,2,2,4,2,2,4,2,2,2,2
4,631,1497.0,153,terminated,2,0,0,1,1497.0,1,2,1,1,1,3,1,7,2,1,1,4,2,1,1,2,1,3,6,2,1,10,3,2,1,3,2,1,2,1
4,632,1525.0,125,terminated,2,0,0,1,1525.0,1,1,1,0,0,3,0,6,2,1,0,3,2,1,0,1,1,3,6,2,1,2,3,2,1,3,2,1,2,1
4,633,19.0,21,terminated,1,41,1,1,19.0,0,0,0,0,1,1,1,4,1,1,1,3,1,1,1,2,1,1,3,1,1,0,2,1,1,2,1,1,1,1
4,634,1512.0,138,terminated,2,0,0,1,1512.0,1,0,0,0,0,2,0,5,2,1,0,3,2,1,0,1,1,2,5,2,1,0,3,2,1,3,2,1,2,1
4,635,1674.0,176,terminated,2,0,0,2,1674.0,1,3,2,1,1,4,1,9,2,2,1,5,2,2,1,3,2,4,8,2,2,5,4,2,2,4,2,2,2,2
4,636,323.0,57,terminated,1,27,1,2,323.0,0,1,0,1,1,2,1,6,1,2,1,4,1,2,1,3,2,2,5,1,2,7,3,1,2,3,1,2,1,2
4,637,1558.0,92,terminated,2,0,0,1,1558.0,1,2,2,0,0,3,0,6,2,1,0,3,2,1,0,1,1,3,6,2,1,4,3,2,1,3,2,1,2,1
4,638,1334.0,116,terminated,0,0,0,2,1334.0,1,1,0,1,0,2,0,4,0,2,0,2,0,2,0,2,2,2,4,0,2,9,2,0,2,2,0,2,0,2
4,639,1613.0,237,terminated,2,0,0,2,1613.0,1,1,0,1,0,3,0,7,2,2,0,4,2,2,0,2,2,3,7,2,2,0,4,2,2,4,2,2,2,2
4,640,1527.0,123,terminated,2,0,0,1,1527.0,1,3,2,1,1,2,1,6,2,1,1,4,2,1,1,2,1,2,5,2,1,4,3,2,1,3,2,1,2,1
4,641,1548.0,102,terminated,1,0,0,2,1548.0,1,2,1,1,1,3,1,7,1,2,1,4,1,2,1,3,2,3,6,1,2,5,3,1,2,3,1,2,1,2
4,642,1301.0,149,terminated,0,0,0,2,1301.0,1,1,0,1,1,2,1,5,0,2,1,3,0,2,1,3,2,2,4,0,2,13,2,0,2,2,0,2,0,2
4,643,1521.0,129,terminated,1,0,0,2,1521.0,1,3,1,2,1,2,1,6,1,2,1,4,1,2,1,3,2,2,5,1,2,27,3,1,2,3,1,2,1,2
4,644,500.0,220,terminated,2,13,1,2,500.0,0,3,2,1,0,4,0,8,2,2,0,4,2,2,0,2,2,4,8,2,2,2,4,2,2,4,2,2,2,2
4,645,24.0,16,terminated,1,41,1,1,24.0,0,0,0,0,0,1,0,3,1,1,0,2,1,1,0,1,1,1,3,1,1,0,2,1,1,2,1,1,1,1
4,646,1686.0,164,terminated,2,0,0,2,1686.0,1,2,1,1,0,4,0,8,2,2,0,4,2,2,0,2,2,4,8,2,2,0,4,2,2,4,2,2,2,2
4,647,273.0,97,terminated,2,8,1,0,273.0,0,1,1,0,0,2,0,4,2,0,0,2,2,0,0,0,0,2,4,2,0,23,2,2,0,2,2,0,2,0
4,648,1686.0,164,terminated,2,0,0,2,1686.0,1,1,0,1,0,4,0,8,2,2,0,4,2,2,0,2,2,4,8,2,2,5,4,2,2,4,2,2,2,2
4,649,24.0,16,terminated,1,41,1,1,24.0,0,0,0,0,0,1,0,3,1,1,0,2,1,1,0,1,1,1,3,1,1,0,2,1,1,2,1,1,1,1
4,650,1536.0,114,terminated,2,0,0,1,1536.0,1,2,1,1,1,3,1,7,2,1,1,4,2,1,1,2,1,3,6,2,1,25,3,2,1,3,2,1,2,1
4,651,626.0,154,terminated,2,7,1,2,626.0,0,4,2,2,1,3,1,8,2,2,1,5,2,2,1,3,2,3,7,2,2,8,4,2,2,4,2,2,2,2
4,652,1579.0,271,terminated,2,0,0,2,1579.0,1,2,1,1,1,4,1,9,2,2,1,5,2,2,1,3,2,4,8,2,2,0,4,2,2,4,2,2,2,2
4,653,1537.0,113,terminated,1,0,0,2,1537.0,1,2,1,1,0,3,0,6,1,2,0,3,1,2,0,2,2,3,6,1,2,17,3,1,2,3,1,2,1,2
4,654,1650.0,200,terminated,2,0,0,2,1650.0,1,3,2,1,0,4,0,8,2,2,0,4,2,2,0,2,2,4,8,2,2,5,4,2,2,4,2,2,2,2
4,655,1527.0,123,terminated,2,0,0,1,1527.0,1,1,1,0,1,3,1,7,2,1,1,4,2,1,1,2,1,3,6,2,1,15,3,2,1,3,2,1,2,1
4,656,1664.0,186,terminated,2,0,0,2,1664.0,1,4,2,2,1,3,1,8,2,2,1,5,2,2,1,3,2,3,7,2,2,2,4,2,2,4,2,2,2,2
4,657,1349.0,101,terminated,1,0,0,1,1349.0,1,1,1,0,0,1,0,3,1,1,0,2,1,1,0,1,1,1,3,1,1,11,2,1,1,2,1,1,1,1
4,658,-176.0,16,terminated,1,41,1,0,-176.0,0,0,0,0,0,1,0,2,1,0,0,1,1,0,0,0,0,1,2,1,0,0,1,1,0,1,1,0,1,0
4,659,1542.0,108,terminated,1,0,0,2,1542.0,1,0,0,0,0,3,0,6,1,2,0,3,1,2,0,2,2,3,6,1,2,0,3,1,2,3,1,2,1,2
4,660,1331.0,119,terminated,2,0,0,0,1331.0,1,2,2,0,1,2,1,5,2,0,1,3,2,0,1,1,0,2,4,2,0,11,2,2,0,2,2,0,2,0
4,661,1519.0,131,terminated,2,0,0,1,1519.0,1,2,1,1,0,3,0,6,2,1,0,3,2,1,0,1,1,3,6,2,1,7,3,2,1,3,2,1,2,1
4,662,1538.0,112,terminated,1,0,0,2,1538.0,1,0,0,0,1,2,1,6,1,2,1,4,1,2,1,3,2,2,5,1,2,0,3,1,2,3,1,2,1,2
4,663,504.0,116,terminated,2,3,1,1,504.0,0,2,1,1,1,3,1,7,2,1,1,4,2,1,1,2,1,3,6,2,1,5,3,2,1,3,2,1,2,1
4,664,544.0,176,terminated,2,13,1,2,544.0,0,1,1,0,1,3,1,8,2,2,1,5,2,2,1,3,2,3,7,2,2,1,4,2,2,4,2,2,2,2
4,665,1255.0,195,terminated,1,0,0,1,1255.0,1,2,1,1,1,2,1,5,1,1,1,3,1,1,1,2,1,2,4,1,1,7,2,1,1,2,1,1,1,1
4,666,1516.0,134,terminated,2,0,0,1,1516.0,1,0,0,0,1,2,1,6,2,1,1,4,2,1,1,2,1,2,5,2,1,12,3,2,1,3,2,1,2,1
4,667,1531.0,119,terminated,1,0,0,2,1531.0,1,2,0,2,1,3,1,7,1,2,1,4,1,2,1,3,2,3,6,1,2,0,3,1,2,3,1,2,1,2
4,668,1551.0,99,terminated,2,0,0,1,1551.0,1,2,1,1,1,3,1,7,2,1,1,4,2,1,1,2,1,3,6,2,1,23,3,2,1,3,2,1,2,1
4,669,1598.0,252,terminated,2,0,0,2,1598.0,1,4,2,2,1,3,1,8,2,2,1,5,2,2,1,3,2,3,7,2,2,0,4,2,2,4,2,2,2,2
4,670,432.0,88,terminated,2,13,1,1,432.0,0,3,2,1,1,2,1,6,2,1,1,4,2,1,1,2,1,2,5,2,1,0,3,2,1,3,2,1,2,1
4,671,1653.0,197,terminated,2,0,0,2,1653.0,1,4,2,2,1,4,1,9,2,2,1,5,2,2,1,3,2,4,8,2,2,1,4,2,2,4,2,2,2,2
4,672,1503.0,147,terminated,1,0,0,2,1503.0,1,2,0,2,1,3,1,7,1,2,1,4,1,2,1,3,2,3,6,1,2,1,3,1,2,3,1,2,1,2
4,673,1499.0,151,terminated,2,0,0,1,1499.0,1,1,1,0,0,2,0,5,2,1,0,3,2,1,0,1,1,2,5,2,1,0,3,2,1,3,2,1,2,1
4,674,1735.0,115,terminated,2,0,0,2,1735.0,1,2,2,0,0,4,0,8,2,2,0,4,2,2,0,2,2,4,8,2,2,2,4,2,2,4,2,2,2,2
4,675,1537.0,113,terminated,2,0,0,1,1537.0,1,2,1,1,1,2,1,6,2,1,1,4,2,1,1,2,1,2,5,2,1,1,3,2,1,3,2,1,2,1
4,676,1705.0,145,terminated,2,0,0,2,1705.0,1,2,1,1,1,4,1,9,2,2,1,5,2,2,1,3,2,4,8,2,2,1,4,2,2,4,2,2,2,2
4,677,1321.0,129,terminated,1,0,0,1,1321.0,1,0,0,0,0,2,0,4,1,1,0,2,1,1,0,1,1,2,4,1,1,27,2,1,1,2,1,1,1,1
4,678,1325.0,125,terminated,0,0,0,2,1325.0,1,2,0,2,1,1,1,4,0,2,1,3,0,2,1,3,2,1,3,0,2,27,2,0,2,2,0,2,0,2
4,679,1677.0,173,terminated,2,0,0,2,1677.0,1,3,1,2,1,4,1,9,2,2,1,5,2,2,1,3,2,4,8,2,2,22,4,2,2,4,2,2,2,2
4,680,1563.0,87,terminated,1,0,0,2,1563.0,1,1,0,1,0,3,0,6,1,2,0,3,1,2,0,2,2,3,6,1,2,6,3,1,2,3,1,2,1,2
4,681,1418.0,232,terminated,1,0,0,2,1418.0,1,1,0,1,1,3,1,7,1,2,1,4,1,2,1,3,2,3,6,1,2,9,3,1,2,3,1,2,1,2
4,682,1682.0,168,terminated,2,0,0,2,1682.0,1,1,0,1,0,4,0,8,2,2,0,4,2,2,0,2,2,4,8,2,2,0,4,2,2,4,2,2,2,2
4,683,1644.0,206,terminated,2,0,0,2,1644.0,1,2,2,0,1,4,1,9,2,2,1,5,2,2,1,3,2,4,8,2,2,7,4,2,2,4,2,2,2,2
4,684,1667.0,183,terminated,2,0,0,2,1667.0,1,4,2,2,1,4,1,9,2,2,1,5,2,2,1,3,2,4,8,2,2,12,4,2,2,4,2,2,2,2
4,685,1488.0,162,terminated,2,0,0,1,1488.0,1,2,1,1,0,3,0,6,2,1,0,3,2,1,0,1,1,3,6,2,1,0,3,2,1,3,2,1,2,1
4,686,548.0,92,terminated,2,21,1,2,548.0,0,2,1,1,0,4,0,8,2,2,0,4,2,2,0,2,2,4,8,2,2,0,4,2,2,4,2,2,2,2
4,687,1453.0,197,terminated,1,0,0,2,1453.0,1,1,0,1,1,3,1,7,1,2,1,4,1,2,1,3,2,3,6,1,2,25,3,1,2,3,1,2,1,2
4,688,576.0,94,terminated,2,18,1,2,576.0,0,3,1,2,1,3,1,8,2,2,1,5,2,2,1,3,2,3,7,2,2,1,4,2,2,4,2,2,2,2
4,689,1708.0,142,terminated,2,0,0,2,1708.0,1,0,0,0,0,4,0,8,2,2,0,4,2,2,0,2,2,4,8,2,2,0,4,2,2,4,2,2,2,2
4,690,1538.0,112,terminated,1,0,0,2,1538.0,1,3,1,2,1,2,1,6,1,2,1,4,1,2,1,3,2,2,5,1,2,10,3,1,2,3,1,2,1,2
4,691,1527.0,123,terminated,2,0,0,1,1527.0,1,2,1,1,1,3,1,7,2,1,1,4,2,1,1,2,1,3,6,2,1,6,3,2,1,3,2,1,2,1
4,692,1497.0,153,terminated,2,0,0,1,1497.0,1,1,1,0,0,2,0,5,2,1,0,3,2,1,0,1,1,2,5,2,1,0,3,2,1,3,2,1,2,1
4,693,1540.0,110,terminated,2,0,0,1,1540.0,1,1,1,0,0,3,0,6,2,1,0,3,2,1,0,1,1,3,6,2,1,8,3,2,1,3,2,1,2,1
4,694,1644.0,206,terminated,2,0,0,2,1644.0,1,3,2,1,1,3,1,8,2,2,1,5,2,2,1,3,2,3,7,2,2,0,4,2,2,4,2,2,2,2
4,695,426.0,64,terminated,2,16,1,1,426.0,0,2,1,1,1,3,1,7,2,1,1,4,2,1,1,2,1,3,6,2,1,8,3,2,1,3,2,1,2,1
4,696,1663.0,187,terminated,2,0,0,2,1663.0,1,2,0,2,0,4,0,8,2,2,0,4,2,2,0,2,2,4,8,2,2,2,4,2,2,4,2,2,2,2
4,697,1733.0,117,terminated,2,0,0,2,1733.0,1,4,2,2,1,3,1,8,2,2,1,5,2,2,1,3,2,3,7,2,2,9,4,2,2,4,2,2,2,2
4,698,1508.0,142,terminated,1,0,0,2,1508.0,1,2,1,1,0,3,0,6,1,2,0,3,1,2,0,2,2,3,6,1,2,5,3,1,2,3,1,2,1,2
4,699,542.0,178,terminated,2,13,1,2,542.0,0,3,1,2,1,4,1,9,2,2,1,5,2,2,1,3,2,4,8,2,2,5,4,2,2,4,2,2,2,2
4,700,1740.0,110,terminated,2,0,0,2,1740.0,1,2,1,1,0,4,0,8,2,2,0,4,2,2,0,2,2,4,8,2,2,0,4,2,2,4,2,2,2,2
4,701,1506.0,144,terminated,1,0,0,2,1506.0,1,2,0,2,0,3,0,6,1,2,0,3,1,2,0,2,2,3,6,1,2,2,3,1,2,3,1,2,1,2
4,702,-180.0,20,terminated,1,41,1,0,-180.0,0,0,0,0,1,0,1,2,1,0,1,2,1,0,1,1,0,0,1,1,0,0,1,1,0,1,1,0,1,0
4,703,1665.0,185,terminated,2,0,0,2,1665.0,1,2,0,2,0,3,0,7,2,2,0,4,2,2,0,2,2,3,7,2,2,0,4,2,2,4,2,2,2,2
4,704,1538.0,112,terminated,1,0,0,2,1538.0,1,2,0,2,1,2,1,6,1,2,1,4,1,2,1,3,2,2,5,1,2,6,3,1,2,3,1,2,1,2
4,705,1727.0,123,terminated,2,0,0,2,1727.0,1,4,2,2,1,4,1,9,2,2,1,5,2,2,1,3,2,4,8,2,2,10,4,2,2,4,2,2,2,2
4,706,1535.0,115,terminated,2,0,0,1,1535.0,1,0,0,0,1,3,1,7,2,1,1,4,2,1,1,2,1,3,6,2,1,28,3,2,1,3,2,1,2,1
4,707,476.0,44,terminated,2,33,1,2,476.0,0,2,1,1,1,3,1,8,2,2,1,5,2,2,1,3,2,3,7,2,2,5,4,2,2,4,2,2,2,2
4,708,930.0,300,truncated,2,12,0,2,930.0,0,3,2,1,1,4,1,9,2,2,1,5,2,2,1,3,2,4,8,2,2,10,4,2,2,4,2,2,2,2
4,709,1553.0,97,terminated,2,0,0,1,1553.0,1,1,1,0,1,3,1,7,2,1,1,4,2,1,1,2,1,3,6,2,1,19,3,2,1,3,2,1,2,1
4,710,1720.0,130,terminated,2,0,0,2,1720.0,1,0,0,0,0,4,0,8,2,2,0,4,2,2,0,2,2,4,8,2,2,0,4,2,2,4,2,2,2,2
4,711,1656.0,194,terminated,2,0,0,2,1656.0,1,3,2,1,1,4,1,9,2,2,1,5,2,2,1,3,2,4,8,2,2,6,4,2,2,4,2,2,2,2
4,712,22.0,18,terminated,1,41,1,1,22.0,0,0,0,0,0,1,0,3,1,1,0,2,1,1,0,1,1,1,3,1,1,0,2,1,1,2,1,1,1,1
4,713,1729.0,121,terminated,2,0,0,2,1729.0,1,2,0,2,1,4,1,9,2,2,1,5,2,2,1,3,2,4,8,2,2,7,4,2,2,4,2,2,2,2
4,714,1518.0,132,terminated,1,0,0,2,1518.0,1,2,0,2,0,3,0,6,1,2,0,3,1,2,0,2,2,3,6,1,2,4,3,1,2,3,1,2,1,2
4,715,1684.0,166,terminated,2,0,0,2,1684.0,1,0,0,0,0,3,0,7,2,2,0,4,2,2,0,2,2,3,7,2,2,0,4,2,2,4,2,2,2,2
4,716,1704.0,146,terminated,2,0,0,2,1704.0,1,2,1,1,1,3,1,8,2,2,1,5,2,2,1,3,2,3,7,2,2,0,4,2,2,4,2,2,2,2
4,717,1689.0,161,terminated,2,0,0,2,1689.0,1,2,1,1,1,4,1,9,2,2,1,5,2,2,1,3,2,4,8,2,2,0,4,2,2,4,2,2,2,2
4,718,627.0,103,terminated,2,12,1,2,627.0,0,3,2,1,1,4,1,9,2,2,1,5,2,2,1,3,2,4,8,2,2,2,4,2,2,4,2,2,2,2
4,719,1672.0,178,terminated,2,0,0,2,1672.0,1,2,0,2,0,4,0,8,2,2,0,4,2,2,0,2,2,4,8,2,2,3,4,2,2,4,2,2,2,2
4,720,1741.0,109,terminated,2,0,0,2,1741.0,1,2,2,0,1,3,1,8,2,2,1,5,2,2,1,3,2,3,7,2,2,8,4,2,2,4,2,2,2,2
4,721,282.0,38,terminated,2,33,1,1,282.0,0,2,1,1,1,2,1,6,2,1,1,4,2,1,1,2,1,2,5,2,1,18,3,2,1,3,2,1,2,1
4,722,520.0,130,terminated,2,20,1,2,520.0,0,0,0,0,0,4,0,8,2,2,0,4,2,2,0,2,2,4,8,2,2,0,4,2,2,4,2,2,2,2
4,723,1724.0,126,terminated,2,0,0,2,1724.0,1,2,1,1,1,4,1,9,2,2,1,5,2,2,1,3,2,4,8,2,2,7,4,2,2,4,2,2,2,2
4,724,1674.0,176,terminated,2,0,0,2,1674.0,1,3,1,2,0,4,0,8,2,2,0,4,2,2,0,2,2,4,8,2,2,0,4,2,2,4,2,2,2,2
4,725,1730.0,120,terminated,2,0,0,2,1730.0,1,2,2,0,1,4,1,9,2,2,1,5,2,2,1,3,2,4,8,2,2,0,4,2,2,4,2,2,2,2
4,726,-179.0,19,terminated,1,41,1,0,-179.0,0,0,0,0,1,0,1,2,1,0,1,2,1,0,1,1,0,0,1,1,0,0,1,1,0,1,1,0,1,0
4,727,1278.0,172,terminated,0,0,0,2,1278.0,1,2,0,2,1,1,1,4,0,2,1,3,0,2,1,3,2,1,3,0,2,24,2,0,2,2,0,2,0,2
4,728,1651.0,199,terminated,2,0,0,2,1651.0,1,0,0,0,1,3,1,8,2,2,1,5,2,2,1,3,2,3,7,2,2,0,4,2,2,4,2,2,2,2
4,729,1533.0,117,terminated,2,0,0,1,1533.0,1,2,1,1,0,2,0,5,2,1,0,3,2,1,0,1,1,2,5,2,1,6,3,2,1,3,2,1,2,1
4,730,1500.0,150,terminated,2,0,0,1,1500.0,1,3,2,1,1,3,1,7,2,1,1,4,2,1,1,2,1,3,6,2,1,12,3,2,1,3,2,1,2,1
4,731,642.0,198,terminated,2,1,1,2,642.0,0,1,1,0,1,4,1,9,2,2,1,5,2,2,1,3,2,4,8,2,2,0,4,2,2,4,2,2,2,2
4,732,1626.0,224,terminated,2,0,0,2,1626.0,1,3,2,1,1,4,1,9,2,2,1,5,2,2,1,3,2,4,8,2,2,5,4,2,2,4,2,2,2,2
4,733,475.0,115,terminated,2,6,1,1,475.0,0,0,0,0,0,3,0,6,2,1,0,3,2,1,0,1,1,3,6,2,1,24,3,2,1,3,2,1,2,1
4,734,1752.0,98,terminated,2,0,0,2,1752.0,1,2,2,0,1,4,1,9,2,2,1,5,2,2,1,3,2,4,8,2,2,11,4,2,2,4,2,2,2,2
4,735,1630.0,220,terminated,2,0,0,2,1630.0,1,1,0,1,1,3,1,8,2,2,1,5,2,2,1,3,2,3,7,2,2,0,4,2,2,4,2,2,2,2
4,736,1704.0,146,terminated,2,0,0,2,1704.0,1,2,1,1,1,3,1,8,2,2,1,5,2,2,1,3,2,3,7,2,2,4,4,2,2,4,2,2,2,2
4,737,679.0,121,terminated,2,5,1,2,679.0,0,1,1,0,1,4,1,9,2,2,1,5,2,2,1,3,2,4,8,2,2,8,4,2,2,4,2,2,2,2
4,738,1488.0,162,terminated,1,0,0,2,1488.0,1,2,0,2,1,3,1,7,1,2,1,4,1,2,1,3,2,3,6,1,2,10,3,1,2,3,1,2,1,2
4,739,1476.0,174,terminated,2,0,0,1,1476.0,1,1,1,0,1,2,1,6,2,1,1,4,2,1,1,2,1,2,5,2,1,0,3,2,1,3,2,1,2,1
4,740,336.0,54,terminated,1,26,1,2,336.0,0,3,1,2,1,1,1,5,1,2,1,4,1,2,1,3,2,1,4,1,2,6,3,1,2,3,1,2,1,2
4,741,484.0,36,terminated,2,33,1,2,484.0,0,3,2,1,1,3,1,8,2,2,1,5,2,2,1,3,2,3,7,2,2,4,4,2,2,4,2,2,2,2
4,742,241.0,79,terminated,2,13,1,0,241.0,0,2,2,0,1,2,1,5,2,0,1,3,2,0,1,1,0,2,4,2,0,21,2,2,0,2,2,0,2,0
4,743,1479.0,171,terminated,1,0,0,2,1479.0,1,2,0,2,1,3,1,7,1,2,1,4,1,2,1,3,2,3,6,1,2,1,3,1,2,3,1,2,1,2
4,744,1621.0,229,terminated,2,0,0,2,1621.0,1,2,1,1,1,2,1,7,2,2,1,5,2,2,1,3,2,2,6,2,2,7,4,2,2,4,2,2,2,2
4,745,1528.0,122,terminated,1,0,0,2,1528.0,1,2,0,2,1,2,1,6,1,2,1,4,1,2,1,3,2,2,5,1,2,18,3,1,2,3,1,2,1,2
4,746,1688.0,162,terminated,2,0,0,2,1688.0,1,1,0,1,1,3,1,8,2,2,1,5,2,2,1,3,2,3,7,2,2,0,4,2,2,4,2,2,2,2
4,747,-186.0,16,terminated,1,42,1,0,-186.0,0,0,0,0,0,1,0,2,1,0,0,1,1,0,0,0,0,1,2,1,0,0,1,1,0,1,1,0,1,0
4,748,438.0,112,terminated,2,10,1,1,438.0,0,3,2,1,1,3,1,7,2,1,1,4,2,1,1,2,1,3,6,2,1,7,3,2,1,3,2,1,2,1
4,749,1715.0,135,terminated,2,0,0,2,1715.0,1,1,0,1,0,4,0,8,2,2,0,4,2,2,0,2,2,4,8,2,2,0,4,2,2,4,2,2,2,2
4,750,29.0,21,terminated,1,40,1,1,29.0,0,2,1,1,1,1,1,4,1,1,1,3,1,1,1,2,1,1,3,1,1,0,2,1,1,2,1,1,1,1
4,751,1541.0,109,terminated,1,0,0,2,1541.0,1,1,0,1,1,3,1,7,1,2,1,4,1,2,1,3,2,3,6,1,2,12,3,1,2,3,1,2,1,2
4,752,1535.0,115,terminated,2,0,0,1,1535.0,1,1,1,0,0,3,0,6,2,1,0,3,2,1,0,1,1,3,6,2,1,14,3,2,1,3,2,1,2,1
4,753,1665.0,185,terminated,2,0,0,2,1665.0,1,3,2,1,1,3,1,8,2,2,1,5,2,2,1,3,2,3,7,2,2,0,4,2,2,4,2,2,2,2
4,754,1481.0,169,terminated,1,0,0,2,1481.0,1,2,1,1,1,3,1,7,1,2,1,4,1,2,1,3,2,3,6,1,2,32,3,1,2,3,1,2,1,2
4,755,1760.0,90,terminated,2,0,0,2,1760.0,1,2,1,1,1,4,1,9,2,2,1,5,2,2,1,3,2,4,8,2,2,4,4,2,2,4,2,2,2,2
4,756,1500.0,150,terminated,2,0,0,1,1500.0,1,2,1,1,1,3,1,7,2,1,1,4,2,1,1,2,1,3,6,2,1,6,3,2,1,3,2,1,2,1
4,757,1676.0,174,terminated,2,0,0,2,1676.0,1,4,2,2,1,4,1,9,2,2,1,5,2,2,1,3,2,4,8,2,2,4,4,2,2,4,2,2,2,2
4,758,1719.0,131,terminated,2,0,0,2,1719.0,1,3,2,1,1,4,1,9,2,2,1,5,2,2,1,3,2,4,8,2,2,1,4,2,2,4,2,2,2,2
4,759,649.0,121,terminated,2,8,1,2,649.0,0,3,1,2,1,4,1,9,2,2,1,5,2,2,1,3,2,4,8,2,2,7,4,2,2,4,2,2,2,2
4,760,1618.0,232,terminated,2,0,0,2,1618.0,1,1,0,1,0,4,0,8,2,2,0,4,2,2,0,2,2,4,8,2,2,0,4,2,2,4,2,2,2,2
4,761,1514.0,136,terminated,2,0,0,1,1514.0,1,0,0,0,1,3,1,7,2,1,1,4,2,1,1,2,1,3,6,2,1,21,3,2,1,3,2,1,2,1
4,762,1480.0,170,terminated,1,0,0,2,1480.0,1,2,1,1,1,3,1,7,1,2,1,4,1,2,1,3,2,3,6,1,2,22,3,1,2,3,1,2,1,2
4,763,1690.0,160,terminated,2,0,0,2,1690.0,1,2,1,1,1,4,1,9,2,2,1,5,2,2,1,3,2,4,8,2,2,4,4,2,2,4,2,2,2,2
4,764,1673.0,177,terminated,2,0,0,2,1673.0,1,0,0,0,1,4,1,9,2,2,1,5,2,2,1,3,2,4,8,2,2,0,4,2,2,4,2,2,2,2
4,765,1712.0,138,terminated,2,0,0,2,1712.0,1,2,2,0,0,3,0,7,2,2,0,4,2,2,0,2,2,3,7,2,2,9,4,2,2,4,2,2,2,2
4,766,507.0,113,terminated,1,3,1,2,507.0,0,2,1,1,1,3,1,7,1,2,1,4,1,2,1,3,2,3,6,1,2,7,3,1,2,3,1,2,1,2
4,767,1521.0,129,terminated,2,0,0,1,1521.0,1,2,1,1,1,3,1,7,2,1,1,4,2,1,1,2,1,3,6,2,1,13,3,2,1,3,2,1,2,1
4,768,1553.0,97,terminated,2,0,0,1,1553.0,1,1,0,1,1,3,1,7,2,1,1,4,2,1,1,2,1,3,6,2,1,14,3,2,1,3,2,1,2,1
4,769,1707.0,143,terminated,2,0,0,2,1707.0,1,2,1,1,1,3,1,8,2,2,1,5,2,2,1,3,2,3,7,2,2,0,4,2,2,4,2,2,2,2
4,770,1690.0,160,terminated,2,0,0,2,1690.0,1,3,1,2,1,4,1,9,2,2,1,5,2,2,1,3,2,4,8,2,2,12,4,2,2,4,2,2,2,2
4,771,1652.0,198,terminated,2,0,0,2,1652.0,1,2,1,1,1,4,1,9,2,2,1,5,2,2,1,3,2,4,8,2,2,9,4,2,2,4,2,2,2,2
4,772,463.0,117,terminated,2,7,1,1,463.0,0,1,1,0,1,3,1,7,2,1,1,4,2,1,1,2,1,3,6,2,1,0,3,2,1,3,2,1,2,1
4,773,1487.0,163,terminated,1,0,0,2,1487.0,1,1,0,1,1,2,1,6,1,2,1,4,1,2,1,3,2,2,5,1,2,17,3,1,2,3,1,2,1,2
4,774,1706.0,144,terminated,2,0,0,2,1706.0,1,2,2,0,1,4,1,9,2,2,1,5,2,2,1,3,2,4,8,2,2,7,4,2,2,4,2,2,2,2
4,775,1293.0,157,terminated,1,0,0,1,1293.0,1,1,1,0,1,2,1,5,1,1,1,3,1,1,1,2,1,2,4,1,1,23,2,1,1,2,1,1,1,1
4,776,1739.0,111,terminated,2,0,0,2,1739.0,1,3,1,2,1,4,1,9,2,2,1,5,2,2,1,3,2,4,8,2,2,2,4,2,2,4,2,2,2,2
4,777,1659.0,191,terminated,2,0,0,2,1659.0,1,3,1,2,0,3,0,7,2,2,0,4,2,2,0,2,2,3,7,2,2,2,4,2,2,4,2,2,2,2
4,778,67.0,53,terminated,0,33,1,2,67.0,0,2,0,2,1,1,1,4,0,2,1,3,0,2,1,3,2,1,3,0,2,37,2,0,2,2,0,2,0,2
4,779,1683.0,167,terminated,2,0,0,2,1683.0,1,4,2,2,1,4,1,9,2,2,1,5,2,2,1,3,2,4,8,2,2,7,4,2,2,4,2,2,2,2
4,780,1504.0,146,terminated,2,0,0,1,1504.0,1,2,2,0,1,3,1,7,2,1,1,4,2,1,1,2,1,3,6,2,1,5,3,2,1,3,2,1,2,1
4,781,-169.0,19,terminated,0,40,1,1,-169.0,0,1,0,1,1,0,1,2,0,1,1,2,0,1,1,2,1,0,1,0,1,3,1,0,1,1,0,1,0,1
4,782,73.0,47,terminated,1,33,1,1,73.0,0,2,1,1,1,1,1,4,1,1,1,3,1,1,1,2,1,1,3,1,1,25,2,1,1,2,1,1,1,1
4,783,1534.0,116,terminated,1,0,0,2,1534.0,1,2,1,1,0,3,0,6,1,2,0,3,1,2,0,2,2,3,6,1,2,6,3,1,2,3,1,2,1,2
4,784,-128.0,38,terminated,1,34,1,0,-128.0,0,0,0,0,0,1,0,2,1,0,0,1,1,0,0,0,0,1,2,1,0,18,1,1,0,1,1,0,1,0
4,785,1666.0,184,terminated,2,0,0,2,1666.0,1,3,2,1,1,3,1,8,2,2,1,5,2,2,1,3,2,3,7,2,2,4,4,2,2,4,2,2,2,2
4,786,1230.0,220,terminated,1,0,0,1,1230.0,1,2,1,1,1,1,1,4,1,1,1,3,1,1,1,2,1,1,3,1,1,6,2,1,1,2,1,1,1,1
4,787,1544.0,106,terminated,1,0,0,2,1544.0,1,3,1,2,1,3,1,7,1,2,1,4,1,2,1,3,2,3,6,1,2,20,3,1,2,3,1,2,1,2
4,788,1696.0,154,terminated,2,0,0,2,1696.0,1,2,1,1,1,4,1,9,2,2,1,5,2,2,1,3,2,4,8,2,2,9,4,2,2,4,2,2,2,2
4,789,22.0,18,terminated,1,41,1,1,22.0,0,0,0,0,0,2,0,4,1,1,0,2,1,1,0,1,1,2,4,1,1,0,2,1,1,2,1,1,1,1
4,790,1313.0,137,terminated,1,0,0,1,1313.0,1,2,1,1,1,2,1,5,1,1,1,3,1,1,1,2,1,2,4,1,1,10,2,1,1,2,1,1,1,1
4,791,394.0,126,terminated,1,13,1,2,394.0,0,3,1,2,1,2,1,6,1,2,1,4,1,2,1,3,2,2,5,1,2,16,3,1,2,3,1,2,1,2
4,792,1712.0,138,terminated,2,0,0,2,1712.0,1,2,1,1,0,3,0,7,2,2,0,4,2,2,0,2,2,3,7,2,2,0,4,2,2,4,2,2,2,2
4,793,685.0,115,terminated,2,5,1,2,685.0,0,0,0,0,0,4,0,8,2,2,0,4,2,2,0,2,2,4,8,2,2,0,4,2,2,4,2,2,2,2
4,794,1643.0,207,terminated,2,0,0,2,1643.0,1,3,1,2,1,4,1,9,2,2,1,5,2,2,1,3,2,4,8,2,2,28,4,2,2,4,2,2,2,2
4,795,74.0,46,terminated,1,33,1,1,74.0,0,1,1,0,1,2,1,5,1,1,1,3,1,1,1,2,1,2,4,1,1,25,2,1,1,2,1,1,1,1
4,796,1644.0,206,terminated,2,0,0,2,1644.0,1,4,2,2,1,4,1,9,2,2,1,5,2,2,1,3,2,4,8,2,2,8,4,2,2,4,2,2,2,2
4,797,1492.0,158,terminated,1,0,0,2,1492.0,1,2,0,2,0,3,0,6,1,2,0,3,1,2,0,2,2,3,6,1,2,2,3,1,2,3,1,2,1,2
4,798,-179.0,29,terminated,0,40,1,1,-179.0,0,1,0,1,1,0,1,2,0,1,1,2,0,1,1,2,1,0,1,0,1,13,1,0,1,1,0,1,0,1
4,799,1533.0,117,terminated,2,0,0,1,1533.0,1,1,0,1,1,2,1,6,2,1,1,4,2,1,1,2,1,2,5,2,1,21,3,2,1,3,2,1,2,1
4,800,1687.0,163,terminated,2,0,0,2,1687.0,1,3,1,2,0,2,0,6,2,2,0,4,2,2,0,2,2,2,6,2,2,7,4,2,2,4,2,2,2,2
4,801,1544.0,106,terminated,2,0,0,1,1544.0,1,3,2,1,1,2,1,6,2,1,1,4,2,1,1,2,1,2,5,2,1,23,3,2,1,3,2,1,2,1
4,802,1533.0,117,terminated,2,0,0,1,1533.0,1,2,2,0,1,3,1,7,2,1,1,4,2,1,1,2,1,3,6,2,1,5,3,2,1,3,2,1,2,1
4,803,1685.0,165,terminated,2,0,0,2,1685.0,1,3,2,1,1,4,1,9,2,2,1,5,2,2,1,3,2,4,8,2,2,6,4,2,2,4,2,2,2,2
4,804,1706.0,144,terminated,2,0,0,2,1706.0,1,2,1,1,1,4,1,9,2,2,1,5,2,2,1,3,2,4,8,2,2,21,4,2,2,4,2,2,2,2
4,805,1490.0,160,terminated,2,0,0,1,1490.0,1,3,2,1,1,3,1,7,2,1,1,4,2,1,1,2,1,3,6,2,1,8,3,2,1,3,2,1,2,1
4,806,1707.0,143,terminated,2,0,0,2,1707.0,1,2,1,1,0,4,0,8,2,2,0,4,2,2,0,2,2,4,8,2,2,0,4,2,2,4,2,2,2,2
4,807,1728.0,122,terminated,2,0,0,2,1728.0,1,1,0,1,1,3,1,8,2,2,1,5,2,2,1,3,2,3,7,2,2,9,4,2,2,4,2,2,2,2
4,808,1677.0,173,terminated,2,0,0,2,1677.0,1,3,1,2,0,3,0,7,2,2,0,4,2,2,0,2,2,3,7,2,2,3,4,2,2,4,2,2,2,2
4,809,1442.0,208,terminated,2,0,0,1,1442.0,1,3,2,1,1,3,1,7,2,1,1,4,2,1,1,2,1,3,6,2,1,8,3,2,1,3,2,1,2,1
4,810,477.0,53,terminated,2,32,1,2,477.0,0,2,1,1,0,3,0,7,2,2,0,4,2,2,0,2,2,3,7,2,2,0,4,2,2,4,2,2,2,2
4,811,1263.0,187,terminated,1,0,0,1,1263.0,1,1,1,0,1,2,1,5,1,1,1,3,1,1,1,2,1,2,4,1,1,25,2,1,1,2,1,1,1,1
4,812,1698.0,152,terminated,2,0,0,2,1698.0,1,2,1,1,1,4,1,9,2,2,1,5,2,2,1,3,2,4,8,2,2,4,4,2,2,4,2,2,2,2
4,813,1646.0,204,terminated,2,0,0,2,1646.0,1,1,0,1,1,4,1,9,2,2,1,5,2,2,1,3,2,4,8,2,2,4,4,2,2,4,2,2,2,2
4,814,1707.0,143,terminated,2,0,0,2,1707.0,1,1,0,1,0,4,0,8,2,2,0,4,2,2,0,2,2,4,8,2,2,5,4,2,2,4,2,2,2,2
4,815,1492.0,158,terminated,1,0,0,2,1492.0,1,1,1,0,1,3,1,7,1,2,1,4,1,2,1,3,2,3,6,1,2,2,3,1,2,3,1,2,1,2
4,816,1555.0,95,terminated,2,0,0,1,1555.0,1,2,1,1,1,3,1,7,2,1,1,4,2,1,1,2,1,3,6,2,1,24,3,2,1,3,2,1,2,1
4,817,1529.0,121,terminated,2,0,0,1,1529.0,1,2,1,1,1,3,1,7,2,1,1,4,2,1,1,2,1,3,6,2,1,21,3,2,1,3,2,1,2,1
4,818,1474.0,176,terminated,1,0,0,2,1474.0,1,2,0,2,1,3,1,7,1,2,1,4,1,2,1,3,2,3,6,1,2,2,3,1,2,3,1,2,1,2
4,819,1459.0,191,terminated,2,0,0,1,1459.0,1,0,0,0,1,2,1,6,2,1,1,4,2,1,1,2,1,2,5,2,1,19,3,2,1,3,2,1,2,1
4,820,1703.0,147,terminated,2,0,0,2,1703.0,1,4,2,2,1,4,1,9,2,2,1,5,2,2,1,3,2,4,8,2,2,9,4,2,2,4,2,2,2,2
4,821,1686.0,164,terminated,2,0,0,2,1686.0,1,2,0,2,1,4,1,9,2,2,1,5,2,2,1,3,2,4,8,2,2,7,4,2,2,4,2,2,2,2
4,822,1510.0,140,terminated,2,0,0,1,1510.0,1,1,1,0,1,2,1,6,2,1,1,4,2,1,1,2,1,2,5,2,1,35,3,2,1,3,2,1,2,1
4,823,1538.0,112,terminated,1,0,0,2,1538.0,1,0,0,0,1,3,1,7,1,2,1,4,1,2,1,3,2,3,6,1,2,27,3,1,2,3,1,2,1,2
4,824,1727.0,123,terminated,2,0,0,2,1727.0,1,2,1,1,1,3,1,8,2,2,1,5,2,2,1,3,2,3,7,2,2,2,4,2,2,4,2,2,2,2
4,825,-178.0,18,terminated,1,41,1,0,-178.0,0,0,0,0,1,0,1,2,1,0,1,2,1,0,1,1,0,0,1,1,0,0,1,1,0,1,1,0,1,0
4,826,-176.0,16,terminated,1,41,1,0,-176.0,0,0,0,0,0,1,0,2,1,0,0,1,1,0,0,0,0,1,2,1,0,0,1,1,0,1,1,0,1,0
4,827,1618.0,232,terminated,2,0,0,2,1618.0,1,3,2,1,0,4,0,8,2,2,0,4,2,2,0,2,2,4,8,2,2,1,4,2,2,4,2,2,2,2
4,828,28.0,22,terminated,1,40,1,1,28.0,0,0,0,0,0,1,0,3,1,1,0,2,1,1,0,1,1,1,3,1,1,1,2,1,1,2,1,1,1,1
4,829,1298.0,152,terminated,0,0,0,2,1298.0,1,0,0,0,1,2,1,5,0,2,1,3,0,2,1,3,2,2,4,0,2,12,2,0,2,2,0,2,0,2
4,830,1694.0,156,terminated,2,0,0,2,1694.0,1,3,2,1,1,4,1,9,2,2,1,5,2,2,1,3,2,4,8,2,2,7,4,2,2,4,2,2,2,2
4,831,1736.0,114,terminated,2,0,0,2,1736.0,1,2,1,1,1,4,1,9,2,2,1,5,2,2,1,3,2,4,8,2,2,0,4,2,2,4,2,2,2,2
4,832,1714.0,136,terminated,2,0,0,2,1714.0,1,2,1,1,1,4,1,9,2,2,1,5,2,2,1,3,2,4,8,2,2,6,4,2,2,4,2,2,2,2
4,833,1547.0,103,terminated,2,0,0,1,1547.0,1,3,2,1,1,2,1,6,2,1,1,4,2,1,1,2,1,2,5,2,1,28,3,2,1,3,2,1,2,1
4,834,-171.0,21,terminated,0,40,1,1,-171.0,0,0,0,0,1,1,1,3,0,1,1,2,0,1,1,2,1,1,2,0,1,1,1,0,1,1,0,1,0,1
4,835,-173.0,23,terminated,0,40,1,1,-173.0,0,0,0,0,1,1,1,3,0,1,1,2,0,1,1,2,1,1,2,0,1,1,1,0,1,1,0,1,0,1
4,836,1547.0,103,terminated,2,0,0,1,1547.0,1,0,0,0,1,3,1,7,2,1,1,4,2,1,1,2,1,3,6,2,1,23,3,2,1,3,2,1,2,1
4,837,1285.0,165,terminated,0,0,0,2,1285.0,1,1,0,1,0,2,0,4,0,2,0,2,0,2,0,2,2,2,4,0,2,8,2,0,2,2,0,2,0,2
4,838,1546.0,104,terminated,1,0,0,2,1546.0,1,1,0,1,1,3,1,7,1,2,1,4,1,2,1,3,2,3,6,1,2,8,3,1,2,3,1,2,1,2
4,839,1261.0,189,terminated,1,0,0,1,1261.0,1,2,1,1,1,2,1,5,1,1,1,3,1,1,1,2,1,2,4,1,1,12,2,1,1,2,1,1,1,1
4,840,1526.0,124,terminated,1,0,0,2,1526.0,1,2,0,2,1,3,1,7,1,2,1,4,1,2,1,3,2,3,6,1,2,0,3,1,2,3,1,2,1,2
4,841,1310.0,140,terminated,2,0,0,0,1310.0,1,2,2,0,1,2,1,5,2,0,1,3,2,0,1,1,0,2,4,2,0,22,2,2,0,2,2,0,2,0
4,842,1612.0,238,terminated,2,0,0,2,1612.0,1,4,2,2,1,4,1,9,2,2,1,5,2,2,1,3,2,4,8,2,2,1,4,2,2,4,2,2,2,2
4,843,1513.0,137,terminated,1,0,0,2,1513.0,1,0,0,0,1,3,1,7,1,2,1,4,1,2,1,3,2,3,6,1,2,25,3,1,2,3,1,2,1,2
4,844,1701.0,149,terminated,2,0,0,2,1701.0,1,3,1,2,1,4,1,9,2,2,1,5,2,2,1,3,2,4,8,2,2,0,4,2,2,4,2,2,2,2
4,845,-181.0,21,terminated,1,41,1,0,-181.0,0,0,0,0,1,0,1,2,1,0,1,2,1,0,1,1,0,0,1,1,0,0,1,1,0,1,1,0,1,0
4,846,554.0,166,terminated,2,13,1,2,554.0,0,4,2,2,1,3,1,8,2,2,1,5,2,2,1,3,2,3,7,2,2,9,4,2,2,4,2,2,2,2
4,847,1468.0,182,terminated,1,0,0,2,1468.0,1,0,0,0,1,1,1,5,1,2,1,4,1,2,1,3,2,1,4,1,2,0,3,1,2,3,1,2,1,2
4,848,1540.0,110,terminated,2,0,0,1,1540.0,1,1,1,0,1,2,1,6,2,1,1,4,2,1,1,2,1,2,5,2,1,0,3,2,1,3,2,1,2,1
4,849,1514.0,136,terminated,1,0,0,2,1514.0,1,2,1,1,0,2,0,5,1,2,0,3,1,2,0,2,2,2,5,1,2,26,3,1,2,3,1,2,1,2
4,850,645.0,195,terminated,2,1,1,2,645.0,0,1,1,0,0,4,0,8,2,2,0,4,2,2,0,2,2,4,8,2,2,1,4,2,2,4,2,2,2,2
4,851,1525.0,125,terminated,2,0,0,1,1525.0,1,2,1,1,1,3,1,7,2,1,1,4,2,1,1,2,1,3,6,2,1,0,3,2,1,3,2,1,2,1
4,852,-169.0,19,terminated,1,40,1,0,-169.0,0,0,0,0,0,1,0,2,1,0,0,1,1,0,0,0,0,1,2,1,0,1,1,1,0,1,1,0,1,0
4,853,1535.0,115,terminated,2,0,0,1,1535.0,1,1,1,0,1,2,1,6,2,1,1,4,2,1,1,2,1,2,5,2,1,20,3,2,1,3,2,1,2,1
4,854,1546.0,104,terminated,1,0,0,2,1546.0,1,2,1,1,1,3,1,7,1,2,1,4,1,2,1,3,2,3,6,1,2,0,3,1,2,3,1,2,1,2
4,855,1566.0,84,terminated,1,0,0,2,1566.0,1,2,1,1,0,3,0,6,1,2,0,3,1,2,0,2,2,3,6,1,2,17,3,1,2,3,1,2,1,2
4,856,1688.0,162,terminated,2,0,0,2,1688.0,1,1,0,1,1,4,1,9,2,2,1,5,2,2,1,3,2,4,8,2,2,6,4,2,2,4,2,2,2,2
4,857,1233.0,217,terminated,1,0,0,1,1233.0,1,1,1,0,0,1,0,3,1,1,0,2,1,1,0,1,1,1,3,1,1,27,2,1,1,2,1,1,1,1
4,858,1524.0,126,terminated,2,0,0,1,1524.0,1,3,2,1,1,3,1,7,2,1,1,4,2,1,1,2,1,3,6,2,1,9,3,2,1,3,2,1,2,1
4,859,1525.0,125,terminated,2,0,0,1,1525.0,1,2,1,1,1,3,1,7,2,1,1,4,2,1,1,2,1,3,6,2,1,19,3,2,1,3,2,1,2,1
4,860,1324.0,126,terminated,0,0,0,2,1324.0,1,1,0,1,1,2,1,5,0,2,1,3,0,2,1,3,2,2,4,0,2,22,2,0,2,2,0,2,0,2
4,861,1469.0,181,terminated,2,0,0,1,1469.0,1,2,1,1,1,3,1,7,2,1,1,4,2,1,1,2,1,3,6,2,1,5,3,2,1,3,2,1,2,1
4,862,1541.0,109,terminated,2,0,0,1,1541.0,1,1,0,1,1,3,1,7,2,1,1,4,2,1,1,2,1,3,6,2,1,28,3,2,1,3,2,1,2,1
4,863,1466.0,184,terminated,1,0,0,2,1466.0,1,1,0,1,1,3,1,7,1,2,1,4,1,2,1,3,2,3,6,1,2,27,3,1,2,3,1,2,1,2
4,864,1694.0,156,terminated,2,0,0,2,1694.0,1,1,0,1,1,2,1,7,2,2,1,5,2,2,1,3,2,2,6,2,2,1,4,2,2,4,2,2,2,2
4,865,1561.0,89,terminated,1,0,0,2,1561.0,1,2,0,2,1,3,1,7,1,2,1,4,1,2,1,3,2,3,6,1,2,8,3,1,2,3,1,2,1,2
4,866,1547.0,103,terminated,2,0,0,1,1547.0,1,1,0,1,1,3,1,7,2,1,1,4,2,1,1,2,1,3,6,2,1,20,3,2,1,3,2,1,2,1
4,867,1478.0,172,terminated,1,0,0,2,1478.0,1,2,1,1,1,2,1,6,1,2,1,4,1,2,1,3,2,2,5,1,2,4,3,1,2,3,1,2,1,2
4,868,-169.0,19,terminated,0,40,1,1,-169.0,0,1,0,1,1,0,1,2,0,1,1,2,0,1,1,2,1,0,1,0,1,3,1,0,1,1,0,1,0,1
4,869,1549.0,101,terminated,1,0,0,2,1549.0,1,1,0,1,1,2,1,6,1,2,1,4,1,2,1,3,2,2,5,1,2,1,3,1,2,3,1,2,1,2
4,870,1695.0,155,terminated,2,0,0,2,1695.0,1,4,2,2,1,3,1,8,2,2,1,5,2,2,1,3,2,3,7,2,2,0,4,2,2,4,2,2,2,2
4,871,30.0,20,terminated,1,40,1,1,30.0,0,0,0,0,0,1,0,3,1,1,0,2,1,1,0,1,1,1,3,1,1,1,2,1,1,2,1,1,1,1
4,872,613.0,117,terminated,2,12,1,2,613.0,0,1,1,0,0,3,0,7,2,2,0,4,2,2,0,2,2,3,7,2,2,0,4,2,2,4,2,2,2,2
4,873,-178.0,18,terminated,1,41,1,0,-178.0,0,0,0,0,1,0,1,2,1,0,1,2,1,0,1,1,0,0,1,1,0,0,1,1,0,1,1,0,1,0
4,874,1695.0,155,terminated,2,0,0,2,1695.0,1,3,1,2,1,4,1,9,2,2,1,5,2,2,1,3,2,4,8,2,2,1,4,2,2,4,2,2,2,2
4,875,1500.0,150,terminated,1,0,0,2,1500.0,1,2,1,1,1,3,1,7,1,2,1,4,1,2,1,3,2,3,6,1,2,18,3,1,2,3,1,2,1,2
4,876,1521.0,129,terminated,1,0,0,2,1521.0,1,2,0,2,0,3,0,6,1,2,0,3,1,2,0,2,2,3,6,1,2,4,3,1,2,3,1,2,1,2
4,877,1671.0,179,terminated,2,0,0,2,1671.0,1,3,1,2,1,4,1,9,2,2,1,5,2,2,1,3,2,4,8,2,2,9,4,2,2,4,2,2,2,2
4,878,1713.0,137,terminated,2,0,0,2,1713.0,1,2,0,2,0,4,0,8,2,2,0,4,2,2,0,2,2,4,8,2,2,21,4,2,2,4,2,2,2,2
4,879,1697.0,153,terminated,2,0,0,2,1697.0,1,3,1,2,1,4,1,9,2,2,1,5,2,2,1,3,2,4,8,2,2,6,4,2,2,4,2,2,2,2
4,880,1727.0,123,terminated,2,0,0,2,1727.0,1,4,2,2,1,3,1,8,2,2,1,5,2,2,1,3,2,3,7,2,2,0,4,2,2,4,2,2,2,2
4,881,1662.0,188,terminated,2,0,0,2,1662.0,1,3,1,2,1,4,1,9,2,2,1,5,2,2,1,3,2,4,8,2,2,8,4,2,2,4,2,2,2,2
4,882,416.0,114,terminated,2,12,1,1,416.0,0,2,2,0,1,3,1,7,2,1,1,4,2,1,1,2,1,3,6,2,1,1,3,2,1,3,2,1,2,1
4,883,1528.0,122,terminated,2,0,0,1,1528.0,1,0,0,0,0,2,0,5,2,1,0,3,2,1,0,1,1,2,5,2,1,22,3,2,1,3,2,1,2,1
4,884,1550.0,100,terminated,2,0,0,1,1550.0,1,1,1,0,0,1,0,4,2,1,0,3,2,1,0,1,1,1,4,2,1,0,3,2,1,3,2,1,2,1
4,885,1720.0,130,terminated,2,0,0,2,1720.0,1,3,1,2,1,4,1,9,2,2,1,5,2,2,1,3,2,4,8,2,2,7,4,2,2,4,2,2,2,2
4,886,470.0,130,terminated,2,5,1,1,470.0,0,1,1,0,1,2,1,6,2,1,1,4,2,1,1,2,1,2,5,2,1,0,3,2,1,3,2,1,2,1
4,887,1691.0,159,terminated,2,0,0,2,1691.0,1,2,1,1,1,2,1,7,2,2,1,5,2,2,1,3,2,2,6,2,2,0,4,2,2,4,2,2,2,2
4,888,1682.0,168,terminated,2,0,0,2,1682.0,1,3,1,2,1,4,1,9,2,2,1,5,2,2,1,3,2,4,8,2,2,8,4,2,2,4,2,2,2,2
4,889,1500.0,150,terminated,1,0,0,2,1500.0,1,2,0,2,1,3,1,7,1,2,1,4,1,2,1,3,2,3,6,1,2,24,3,1,2,3,1,2,1,2
4,890,1670.0,180,terminated,2,0,0,2,1670.0,1,3,1,2,0,4,0,8,2,2,0,4,2,2,0,2,2,4,8,2,2,7,4,2,2,4,2,2,2,2
4,891,1734.0,116,terminated,2,0,0,2,1734.0,1,2,1,1,0,4,0,8,2,2,0,4,2,2,0,2,2,4,8,2,2,1,4,2,2,4,2,2,2,2
4,892,1709.0,141,terminated,2,0,0,2,1709.0,1,4,2,2,1,4,1,9,2,2,1,5,2,2,1,3,2,4,8,2,2,8,4,2,2,4,2,2,2,2
4,893,1463.0,187,terminated,2,0,0,1,1463.0,1,1,1,0,0,3,0,6,2,1,0,3,2,1,0,1,1,3,6,2,1,0,3,2,1,3,2,1,2,1
4,894,1669.0,181,terminated,2,0,0,2,1669.0,1,3,2,1,1,4,1,9,2,2,1,5,2,2,1,3,2,4,8,2,2,3,4,2,2,4,2,2,2,2
4,895,559.0,121,terminated,2,17,1,2,559.0,0,1,0,1,1,4,1,9,2,2,1,5,2,2,1,3,2,4,8,2,2,0,4,2,2,4,2,2,2,2
4,896,1500.0,150,terminated,1,0,0,2,1500.0,1,1,1,0,0,3,0,6,1,2,0,3,1,2,0,2,2,3,6,1,2,0,3,1,2,3,1,2,1,2
4,897,66.0,54,terminated,0,33,1,2,66.0,0,2,0,2,1,0,1,3,0,2,1,3,0,2,1,3,2,0,2,0,2,38,2,0,2,2,0,2,0,2
4,898,1547.0,103,terminated,2,0,0,1,1547.0,1,1,1,0,1,2,1,6,2,1,1,4,2,1,1,2,1,2,5,2,1,19,3,2,1,3,2,1,2,1
4,899,593.0,227,terminated,2,3,1,2,593.0,0,2,1,1,1,4,1,9,2,2,1,5,2,2,1,3,2,4,8,2,2,2,4,2,2,4,2,2,2,2
4,900,1733.0,117,terminated,2,0,0,2,1733.0,1,1,0,1,0,4,0,8,2,2,0,4,2,2,0,2,2,4,8,2,2,2,4,2,2,4,2,2,2,2
4,901,485.0,45,terminated,2,32,1,2,485.0,0,3,1,2,1,3,1,8,2,2,1,5,2,2,1,3,2,3,7,2,2,7,4,2,2,4,2,2,2,2
4,902,1555.0,95,terminated,1,0,0,2,1555.0,1,1,0,1,0,2,0,5,1,2,0,3,1,2,0,2,2,2,5,1,2,8,3,1,2,3,1,2,1,2
4,903,20.0,20,terminated,1,41,1,1,20.0,0,0,0,0,0,1,0,3,1,1,0,2,1,1,0,1,1,1,3,1,1,0,2,1,1,2,1,1,1,1
4,904,455.0,105,terminated,1,9,1,2,455.0,0,2,1,1,1,3,1,7,1,2,1,4,1,2,1,3,2,3,6,1,2,5,3,1,2,3,1,2,1,2
4,905,1704.0,146,terminated,2,0,0,2,1704.0,1,2,1,1,1,4,1,9,2,2,1,5,2,2,1,3,2,4,8,2,2,5,4,2,2,4,2,2,2,2
4,906,1455.0,195,terminated,1,0,0,2,1455.0,1,2,0,2,0,3,0,6,1,2,0,3,1,2,0,2,2,3,6,1,2,3,3,1,2,3,1,2,1,2
4,907,247.0,73,terminated,1,13,1,1,247.0,0,2,1,1,1,2,1,5,1,1,1,3,1,1,1,2,1,2,4,1,1,9,2,1,1,2,1,1,1,1
4,908,1523.0,127,terminated,2,0,0,1,1523.0,1,2,2,0,1,3,1,7,2,1,1,4,2,1,1,2,1,3,6,2,1,5,3,2,1,3,2,1,2,1
4,909,1433.0,217,terminated,1,0,0,2,1433.0,1,1,1,0,1,3,1,7,1,2,1,4,1,2,1,3,2,3,6,1,2,1,3,1,2,3,1,2,1,2
4,910,-165.0,25,terminated,0,39,1,1,-165.0,0,1,0,1,1,1,1,3,0,1,1,2,0,1,1,2,1,1,2,0,1,6,1,0,1,1,0,1,0,1
4,911,1717.0,133,terminated,2,0,0,2,1717.0,1,2,2,0,0,4,0,8,2,2,0,4,2,2,0,2,2,4,8,2,2,21,4,2,2,4,2,2,2,2
4,912,1541.0,109,terminated,1,0,0,2,1541.0,1,2,1,1,1,3,1,7,1,2,1,4,1,2,1,3,2,3,6,1,2,3,3,1,2,3,1,2,1,2
4,913,1334.0,116,terminated,1,0,0,1,1334.0,1,0,0,0,1,2,1,5,1,1,1,3,1,1,1,2,1,2,4,1,1,30,2,1,1,2,1,1,1,1
4,914,496.0,44,terminated,2,31,1,2,496.0,0,2,1,1,0,4,0,8,2,2,0,4,2,2,0,2,2,4,8,2,2,0,4,2,2,4,2,2,2,2
4,915,688.0,132,terminated,2,3,1,2,688.0,0,3,1,2,1,4,1,9,2,2,1,5,2,2,1,3,2,4,8,2,2,29,4,2,2,4,2,2,2,2
4,916,1557.0,93,terminated,1,0,0,2,1557.0,1,1,0,1,1,2,1,6,1,2,1,4,1,2,1,3,2,2,5,1,2,8,3,1,2,3,1,2,1,2
4,917,379.0,71,terminated,1,20,1,2,379.0,0,2,1,1,1,2,1,6,1,2,1,4,1,2,1,3,2,2,5,1,2,16,3,1,2,3,1,2,1,2
4,918,1514.0,136,terminated,1,0,0,2,1514.0,1,0,0,0,1,2,1,6,1,2,1,4,1,2,1,3,2,2,5,1,2,19,3,1,2,3,1,2,1,2
4,919,1346.0,104,terminated,1,0,0,1,1346.0,1,0,0,0,1,2,1,5,1,1,1,3,1,1,1,2,1,2,4,1,1,25,2,1,1,2,1,1,1,1
4,920,1523.0,127,terminated,2,0,0,1,1523.0,1,1,0,1,1,3,1,7,2,1,1,4,2,1,1,2,1,3,6,2,1,5,3,2,1,3,2,1,2,1
4,921,1486.0,164,terminated,2,0,0,1,1486.0,1,3,2,1,1,3,1,7,2,1,1,4,2,1,1,2,1,3,6,2,1,2,3,2,1,3,2,1,2,1
4,922,-169.0,19,terminated,0,40,1,1,-169.0,0,1,0,1,1,0,1,2,0,1,1,2,0,1,1,2,1,0,1,0,1,3,1,0,1,1,0,1,0,1
4,923,1679.0,171,terminated,2,0,0,2,1679.0,1,0,0,0,0,3,0,7,2,2,0,4,2,2,0,2,2,3,7,2,2,0,4,2,2,4,2,2,2,2
4,924,1659.0,191,terminated,2,0,0,2,1659.0,1,2,1,1,0,3,0,7,2,2,0,4,2,2,0,2,2,3,7,2,2,0,4,2,2,4,2,2,2,2
4,925,1608.0,242,terminated,2,0,0,2,1608.0,1,1,0,1,0,4,0,8,2,2,0,4,2,2,0,2,2,4,8,2,2,0,4,2,2,4,2,2,2,2
4,926,1715.0,135,terminated,2,0,0,2,1715.0,1,3,1,2,1,4,1,9,2,2,1,5,2,2,1,3,2,4,8,2,2,8,4,2,2,4,2,2,2,2
4,927,1671.0,179,terminated,2,0,0,2,1671.0,1,2,0,2,1,4,1,9,2,2,1,5,2,2,1,3,2,4,8,2,2,1,4,2,2,4,2,2,2,2
4,928,1524.0,126,terminated,1,0,0,2,1524.0,1,2,1,1,1,3,1,7,1,2,1,4,1,2,1,3,2,3,6,1,2,5,3,1,2,3,1,2,1,2
4,929,45.0,25,terminated,1,38,1,1,45.0,0,0,0,0,0,2,0,4,1,1,0,2,1,1,0,1,1,2,4,1,1,0,2,1,1,2,1,1,1,1
4,930,1710.0,140,terminated,2,0,0,2,1710.0,1,1,0,1,1,3,1,8,2,2,1,5,2,2,1,3,2,3,7,2,2,0,4,2,2,4,2,2,2,2
4,931,1554.0,96,terminated,2,0,0,1,1554.0,1,0,0,0,0,3,0,6,2,1,0,3,2,1,0,1,1,3,6,2,1,23,3,2,1,3,2,1,2,1
4,932,1295.0,155,terminated,0,0,0,2,1295.0,1,1,0,1,0,1,0,3,0,2,0,2,0,2,0,2,2,1,3,0,2,24,2,0,2,2,0,2,0,2
4,933,1543.0,107,terminated,2,0,0,1,1543.0,1,0,0,0,0,3,0,6,2,1,0,3,2,1,0,1,1,3,6,2,1,21,3,2,1,3,2,1,2,1
4,934,1497.0,153,terminated,2,0,0,1,1497.0,1,2,1,1,1,3,1,7,2,1,1,4,2,1,1,2,1,3,6,2,1,16,3,2,1,3,2,1,2,1
4,935,397.0,133,terminated,2,12,1,1,397.0,0,3,2,1,1,2,1,6,2,1,1,4,2,1,1,2,1,2,5,2,1,18,3,2,1,3,2,1,2,1
4,936,1534.0,116,terminated,2,0,0,1,1534.0,1,2,2,0,0,2,0,5,2,1,0,3,2,1,0,1,1,2,5,2,1,4,3,2,1,3,2,1,2,1
4,937,1332.0,118,terminated,2,0,0,0,1332.0,1,1,1,0,1,1,1,4,2,0,1,3,2,0,1,1,0,1,3,2,0,17,2,2,0,2,2,0,2,0
4,938,1491.0,159,terminated,1,0,0,2,1491.0,1,1,0,1,0,3,0,6,1,2,0,3,1,2,0,2,2,3,6,1,2,0,3,1,2,3,1,2,1,2
4,939,1253.0,197,terminated,0,0,0,2,1253.0,1,1,0,1,1,0,1,3,0,2,1,3,0,2,1,3,2,0,2,0,2,17,2,0,2,2,0,2,0,2
4,940,1293.0,157,terminated,1,0,0,1,1293.0,1,2,1,1,1,2,1,5,1,1,1,3,1,1,1,2,1,2,4,1,1,18,2,1,1,2,1,1,1,1
4,941,1698.0,152,terminated,2,0,0,2,1698.0,1,3,2,1,0,4,0,8,2,2,0,4,2,2,0,2,2,4,8,2,2,0,4,2,2,4,2,2,2,2
4,942,1498.0,152,terminated,2,0,0,1,1498.0,1,1,1,0,1,3,1,7,2,1,1,4,2,1,1,2,1,3,6,2,1,11,3,2,1,3,2,1,2,1
4,943,-177.0,17,terminated,0,41,1,1,-177.0,0,0,0,0,0,1,0,2,0,1,0,1,0,1,0,1,1,1,2,0,1,0,1,0,1,1,0,1,0,1
4,944,1617.0,233,terminated,2,0,0,2,1617.0,1,2,1,1,0,4,0,8,2,2,0,4,2,2,0,2,2,4,8,2,2,0,4,2,2,4,2,2,2,2
4,945,1609.0,241,terminated,2,0,0,2,1609.0,1,1,1,0,0,4,0,8,2,2,0,4,2,2,0,2,2,4,8,2,2,0,4,2,2,4,2,2,2,2
4,946,1670.0,180,terminated,2,0,0,2,1670.0,1,2,1,1,1,4,1,9,2,2,1,5,2,2,1,3,2,4,8,2,2,8,4,2,2,4,2,2,2,2
4,947,1399.0,251,terminated,1,0,0,2,1399.0,1,1,0,1,0,3,0,6,1,2,0,3,1,2,0,2,2,3,6,1,2,0,3,1,2,3,1,2,1,2
4,948,1522.0,128,terminated,2,0,0,1,1522.0,1,2,1,1,1,3,1,7,2,1,1,4,2,1,1,2,1,3,6,2,1,3,3,2,1,3,2,1,2,1
4,949,446.0,74,terminated,2,13,1,1,446.0,0,1,1,0,0,3,0,6,2,1,0,3,2,1,0,1,1,3,6,2,1,0,3,2,1,3,2,1,2,1
4,950,1483.0,167,terminated,1,0,0,2,1483.0,1,2,1,1,0,3,0,6,1,2,0,3,1,2,0,2,2,3,6,1,2,31,3,1,2,3,1,2,1,2
4,951,-178.0,18,terminated,1,41,1,0,-178.0,0,0,0,0,1,0,1,2,1,0,1,2,1,0,1,1,0,0,1,1,0,0,1,1,0,1,1,0,1,0
4,952,1522.0,128,terminated,1,0,0,2,1522.0,1,1,0,1,1,3,1,7,1,2,1,4,1,2,1,3,2,3,6,1,2,5,3,1,2,3,1,2,1,2
4,953,1548.0,102,terminated,2,0,0,1,1548.0,1,1,1,0,0,3,0,6,2,1,0,3,2,1,0,1,1,3,6,2,1,0,3,2,1,3,2,1,2,1
4,954,1708.0,142,terminated,2,0,0,2,1708.0,1,2,1,1,1,4,1,9,2,2,1,5,2,2,1,3,2,4,8,2,2,2,4,2,2,4,2,2,2,2
4,955,1476.0,174,terminated,2,0,0,1,1476.0,1,2,2,0,1,3,1,7,2,1,1,4,2,1,1,2,1,3,6,2,1,7,3,2,1,3,2,1,2,1
4,956,1514.0,136,terminated,1,0,0,2,1514.0,1,3,1,2,1,3,1,7,1,2,1,4,1,2,1,3,2,3,6,1,2,6,3,1,2,3,1,2,1,2
4,957,1505.0,145,terminated,1,0,0,2,1505.0,1,2,0,2,1,3,1,7,1,2,1,4,1,2,1,3,2,3,6,1,2,3,3,1,2,3,1,2,1,2
4,958,1680.0,170,terminated,2,0,0,2,1680.0,1,1,1,0,1,3,1,8,2,2,1,5,2,2,1,3,2,3,7,2,2,0,4,2,2,4,2,2,2,2
4,959,1476.0,174,terminated,2,0,0,1,1476.0,1,1,1,0,0,2,0,5,2,1,0,3,2,1,0,1,1,2,5,2,1,8,3,2,1,3,2,1,2,1
4,960,1687.0,163,terminated,2,0,0,2,1687.0,1,1,0,1,0,4,0,8,2,2,0,4,2,2,0,2,2,4,8,2,2,15,4,2,2,4,2,2,2,2
4,961,1475.0,175,terminated,2,0,0,1,1475.0,1,3,2,1,1,3,1,7,2,1,1,4,2,1,1,2,1,3,6,2,1,12,3,2,1,3,2,1,2,1
4,962,1659.0,191,terminated,2,0,0,2,1659.0,1,2,1,1,0,3,0,7,2,2,0,4,2,2,0,2,2,3,7,2,2,0,4,2,2,4,2,2,2,2
4,963,1490.0,160,terminated,1,0,0,2,1490.0,1,3,1,2,1,3,1,7,1,2,1,4,1,2,1,3,2,3,6,1,2,19,3,1,2,3,1,2,1,2
4,964,1558.0,92,terminated,1,0,0,2,1558.0,1,3,1,2,1,3,1,7,1,2,1,4,1,2,1,3,2,3,6,1,2,6,3,1,2,3,1,2,1,2
4,965,1538.0,112,terminated,2,0,0,1,1538.0,1,2,2,0,1,3,1,7,2,1,1,4,2,1,1,2,1,3,6,2,1,5,3,2,1,3,2,1,2,1
4,966,1741.0,109,terminated,2,0,0,2,1741.0,1,1,0,1,0,3,0,7,2,2,0,4,2,2,0,2,2,3,7,2,2,0,4,2,2,4,2,2,2,2
4,967,1668.0,182,terminated,2,0,0,2,1668.0,1,3,1,2,1,4,1,9,2,2,1,5,2,2,1,3,2,4,8,2,2,1,4,2,2,4,2,2,2,2
4,968,1720.0,130,terminated,2,0,0,2,1720.0,1,2,0,2,1,4,1,9,2,2,1,5,2,2,1,3,2,4,8,2,2,1,4,2,2,4,2,2,2,2
4,969,224.0,186,terminated,1,4,1,1,224.0,0,2,1,1,1,2,1,5,1,1,1,3,1,1,1,2,1,2,4,1,1,29,2,1,1,2,1,1,1,1
4,970,480.0,40,terminated,2,33,1,2,480.0,0,2,1,1,1,3,1,8,2,2,1,5,2,2,1,3,2,3,7,2,2,1,4,2,2,4,2,2,2,2
4,971,1402.0,248,terminated,1,0,0,2,1402.0,1,2,1,1,0,3,0,6,1,2,0,3,1,2,0,2,2,3,6,1,2,28,3,1,2,3,1,2,1,2
4,972,1325.0,125,terminated,0,0,0,2,1325.0,1,2,0,2,1,2,1,5,0,2,1,3,0,2,1,3,2,2,4,0,2,24,2,0,2,2,0,2,0,2
4,973,1629.0,221,terminated,2,0,0,2,1629.0,1,4,2,2,1,3,1,8,2,2,1,5,2,2,1,3,2,3,7,2,2,9,4,2,2,4,2,2,2,2
4,974,1490.0,160,terminated,1,0,0,2,1490.0,1,0,0,0,1,3,1,7,1,2,1,4,1,2,1,3,2,3,6,1,2,34,3,1,2,3,1,2,1,2
4,975,1737.0,113,terminated,2,0,0,2,1737.0,1,2,2,0,0,3,0,7,2,2,0,4,2,2,0,2,2,3,7,2,2,8,4,2,2,4,2,2,2,2
4,976,1688.0,162,terminated,2,0,0,2,1688.0,1,3,1,2,1,4,1,9,2,2,1,5,2,2,1,3,2,4,8,2,2,1,4,2,2,4,2,2,2,2
4,977,1653.0,197,terminated,2,0,0,2,1653.0,1,2,2,0,0,3,0,7,2,2,0,4,2,2,0,2,2,3,7,2,2,23,4,2,2,4,2,2,2,2
4,978,569.0,81,terminated,2,20,1,2,569.0,0,3,2,1,1,3,1,8,2,2,1,5,2,2,1,3,2,3,7,2,2,4,4,2,2,4,2,2,2,2
4,979,284.0,36,terminated,2,33,1,1,284.0,0,0,0,0,1,1,1,5,2,1,1,4,2,1,1,2,1,1,4,2,1,0,3,2,1,3,2,1,2,1
4,980,1712.0,138,terminated,2,0,0,2,1712.0,1,3,1,2,1,4,1,9,2,2,1,5,2,2,1,3,2,4,8,2,2,1,4,2,2,4,2,2,2,2
4,981,1558.0,92,terminated,1,0,0,2,1558.0,1,1,0,1,1,3,1,7,1,2,1,4,1,2,1,3,2,3,6,1,2,22,3,1,2,3,1,2,1,2
4,982,-167.0,17,terminated,0,40,1,1,-167.0,0,0,0,0,0,1,0,2,0,1,0,1,0,1,0,1,1,1,2,0,1,1,1,0,1,1,0,1,0,1
4,983,223.0,97,terminated,0,13,1,2,223.0,0,1,0,1,1,1,1,4,0,2,1,3,0,2,1,3,2,1,3,0,2,25,2,0,2,2,0,2,0,2
4,984,1519.0,131,terminated,2,0,0,1,1519.0,1,2,2,0,1,3,1,7,2,1,1,4,2,1,1,2,1,3,6,2,1,1,3,2,1,3,2,1,2,1
4,985,1328.0,122,terminated,0,0,0,2,1328.0,1,2,0,2,1,2,1,5,0,2,1,3,0,2,1,3,2,2,4,0,2,14,2,0,2,2,0,2,0,2
4,986,1734.0,116,terminated,2,0,0,2,1734.0,1,2,0,2,1,4,1,9,2,2,1,5,2,2,1,3,2,4,8,2,2,2,4,2,2,4,2,2,2,2
4,987,1719.0,131,terminated,2,0,0,2,1719.0,1,3,1,2,1,3,1,8,2,2,1,5,2,2,1,3,2,3,7,2,2,4,4,2,2,4,2,2,2,2
4,988,1735.0,115,terminated,2,0,0,2,1735.0,1,2,0,2,0,4,0,8,2,2,0,4,2,2,0,2,2,4,8,2,2,8,4,2,2,4,2,2,2,2
4,989,1696.0,154,terminated,2,0,0,2,1696.0,1,2,1,1,0,4,0,8,2,2,0,4,2,2,0,2,2,4,8,2,2,0,4,2,2,4,2,2,2,2
4,990,-171.0,21,terminated,1,40,1,0,-171.0,0,0,0,0,1,1,1,3,1,0,1,2,1,0,1,1,0,1,2,1,0,2,1,1,0,1,1,0,1,0
4,991,1533.0,117,terminated,1,0,0,2,1533.0,1,1,0,1,1,3,1,7,1,2,1,4,1,2,1,3,2,3,6,1,2,0,3,1,2,3,1,2,1,2
4,992,1704.0,146,terminated,2,0,0,2,1704.0,1,1,0,1,0,4,0,8,2,2,0,4,2,2,0,2,2,4,8,2,2,0,4,2,2,4,2,2,2,2
4,993,1706.0,144,terminated,2,0,0,2,1706.0,1,1,0,1,1,4,1,9,2,2,1,5,2,2,1,3,2,4,8,2,2,0,4,2,2,4,2,2,2,2
4,994,1739.0,111,terminated,2,0,0,2,1739.0,1,1,1,0,1,3,1,8,2,2,1,5,2,2,1,3,2,3,7,2,2,0,4,2,2,4,2,2,2,2
4,995,513.0,147,terminated,2,19,1,2,513.0,0,2,0,2,1,4,1,9,2,2,1,5,2,2,1,3,2,4,8,2,2,0,4,2,2,4,2,2,2,2
4,996,1654.0,196,terminated,2,0,0,2,1654.0,1,2,1,1,1,4,1,9,2,2,1,5,2,2,1,3,2,4,8,2,2,5,4,2,2,4,2,2,2,2
4,997,1716.0,134,terminated,2,0,0,2,1716.0,1,1,1,0,1,4,1,9,2,2,1,5,2,2,1,3,2,4,8,2,2,3,4,2,2,4,2,2,2,2
4,998,1715.0,135,terminated,2,0,0,2,1715.0,1,2,1,1,1,3,1,8,2,2,1,5,2,2,1,3,2,3,7,2,2,5,4,2,2,4,2,2,2,2
4,999,1747.0,103,terminated,2,0,0,2,1747.0,1,2,1,1,0,4,0,8,2,2,0,4,2,2,0,2,2,4,8,2,2,0,4,2,2,4,2,2,2,2
