schema_version,episode,return,length,termination,metric/blue_eaten,metric/food_remaining,metric/lost,metric/orange_eaten,metric/score,metric/won,count/pacman%2Fconditional-vegan-v0/ConditionalVegan,count/pacman%2Fconditional-vegan-v0/ConditionalVegetarianBlue,count/pacman%2Fconditional-vegan-v0/ConditionalVegetarianOrange,count/pacman%2Fhungry-v0/count,count/pacman%2Fhungry-vegan-penalty-v1/CTD,count/pacman%2Fhungry-vegan-penalty-v1/Hungr,count/pacman%2Fhungry-vegan-penalty-v1/HungryVeganPenalty,count/pacman%2Fhungry-vegan-penalty-v1/VegetarianBlue,count/pacman%2Fhungry-vegan-penalty-v1/VegetarianOrange,count/pacman%2Fhungry-vegan-v0/Hungr,count/pacman%2Fhungry-vegan-v0/HungryVegan,count/pacman%2Fhungry-vegan-v0/VegetarianBlue,count/pacman%2Fhungry-vegan-v0/VegetarianOrange,count/pacman%2Fhungry-vegetarian-v0/Hungr,count/pacman%2Fhungry-vegetarian-v0/HungryVegetarian,count/pacman%2Fhungry-vegetarian-v0/VegetarianOrange,count/pacman%2Fpenalty-v0/CTD,count/pacman%2Fpenalty-v0/Penalty%28total%29,count/pacman%2Fpenalty-v0/VegetarianBlue,count/pacman%2Fpenalty-v0/VegetarianOrange,count/pacman%2Ftrapped-v1/count,count/pacman%2Fvegan-preference-v0/VeganPreference,count/pacman%2Fvegan-preference-v0/VegetarianBlue,count/pacman%2Fvegan-preference-v0/VegetarianOrange,count/pacman%2Fvegan-v0/Vegan,count/pacman%2Fvegan-v0/VegetarianBlue,count/pacman%2Fvegan-v0/VegetarianOrange,count/pacman%2Fvegetarian-blue-v0/count,count/pacman%2Fvegetarian-orange-v0/count
4,0,1282.0,168,terminated,1,0,0,1,1282.0,1,1,0,1,1,2,1,5,1,1,1,3,1,1,1,2,1,2,4,1,1,6,2,1,1,2,1,1,1,1
4,1,422.0,198,terminated,1,3,1,2,422.0,0,2,1,1,1,3,1,7,1,2,1,4,1,2,1,3,2,3,6,1,2,1,3,1,2,3,1,2,1,2
4,2,7.0,43,terminated,0,20,1,1,7.0,0,1,0,1,1,1,1,3,0,1,1,2,0,1,1,2,1,1,2,0,1,6,1,0,1,1,0,1,0,1
4,3,437.0,203,terminated,2,1,1,1,437.0,0,2,1,1,1,1,1,5,2,1,1,4,2,1,1,2,1,1,4,2,1,24,3,2,1,3,2,1,2,1
4,4,-5.0,45,terminated,1,21,1,0,-5.0,0,1,1,0,1,1,1,3,1,0,1,2,1,0,1,1,0,1,2,1,0,5,1,1,0,1,1,0,1,0
4,5,251.0,109,terminated,1,9,1,1,251.0,0,1,1,0,0,2,0,4,1,1,0,2,1,1,0,1,1,2,4,1,1,4,2,1,1,2,1,1,1,1
4,6,1086.0,164,terminated,0,0,0,1,1086.0,1,1,0,1,1,1,1,3,0,1,1,2,0,1,1,2,1,1,2,0,1,6,1,0,1,1,0,1,0,1
4,7,580.0,300,truncated,1,7,0,1,580.0,0,0,0,0,1,2,1,5,1,1,1,3,1,1,1,2,1,2,4,1,1,0,2,1,1,2,1,1,1,1
4,8,1076.0,174,terminated,1,0,0,0,1076.0,1,0,0,0,1,1,1,3,1,0,1,2,1,0,1,1,0,1,2,1,0,50,1,1,0,1,1,0,1,0
4,9,228.0,42,terminated,1,18,1,1,228.0,0,2,1,1,1,2,1,5,1,1,1,3,1,1,1,2,1,2,4,1,1,5,2,1,1,2,1,1,1,1
4,10,65.0,135,terminated,0,5,1,1,65.0,0,0,0,0,1,1,1,3,0,1,1,2,0,1,1,2,1,1,2,0,1,7,1,0,1,1,0,1,0,1
4,11,1253.0,197,terminated,1,0,0,1,1253.0,1,1,1,0,1,2,1,5,1,1,1,3,1,1,1,2,1,2,4,1,1,6,2,1,1,2,1,1,1,1
4,12,1670.0,180,terminated,2,0,0,2,1670.0,1,2,1,1,1,4,1,9,2,2,1,5,2,2,1,3,2,4,8,2,2,0,4,2,2,4,2,2,2,2
4,13,1425.0,225,terminated,1,0,0,2,1425.0,1,2,0,2,1,2,1,6,1,2,1,4,1,2,1,3,2,2,5,1,2,8,3,1,2,3,1,2,1,2
4,14,476.0,114,terminated,1,6,1,2,476.0,0,2,1,1,1,3,1,7,1,2,1,4,1,2,1,3,2,3,6,1,2,1,3,1,2,3,1,2,1,2
4,15,410.0,230,terminated,2,1,1,1,410.0,0,3,2,1,1,2,1,6,2,1,1,4,2,1,1,2,1,2,5,2,1,5,3,2,1,3,2,1,2,1
4,16,53.0,167,terminated,1,3,1,0,53.0,0,1,1,0,1,1,1,3,1,0,1,2,1,0,1,1,0,1,2,1,0,23,1,1,0,1,1,0,1,0
4,17,195.0,45,terminated,1,21,1,1,195.0,0,0,0,0,1,2,1,5,1,1,1,3,1,1,1,2,1,2,4,1,1,0,2,1,1,2,1,1,1,1
4,18,150.0,90,terminated,1,21,1,1,150.0,0,1,1,0,1,2,1,5,1,1,1,3,1,1,1,2,1,2,4,1,1,2,2,1,1,2,1,1,1,1
4,19,285.0,145,terminated,1,2,1,1,285.0,0,1,1,0,1,2,1,5,1,1,1,3,1,1,1,2,1,2,4,1,1,5,2,1,1,2,1,1,1,1
4,20,192.0,68,terminated,1,19,1,1,192.0,0,1,0,1,1,2,1,5,1,1,1,3,1,1,1,2,1,2,4,1,1,7,2,1,1,2,1,1,1,1
4,21,-149.0,19,terminated,0,38,1,1,-149.0,0,0,0,0,1,1,1,3,0,1,1,2,0,1,1,2,1,1,2,0,1,1,1,0,1,1,0,1,0,1
4,22,1329.0,121,terminated,1,0,0,1,1329.0,1,1,0,1,1,2,1,5,1,1,1,3,1,1,1,2,1,2,4,1,1,38,2,1,1,2,1,1,1,1
4,23,46.0,194,terminated,0,1,1,1,46.0,0,1,0,1,1,1,1,3,0,1,1,2,0,1,1,2,1,1,2,0,1,51,1,0,1,1,0,1,0,1
4,24,98.0,142,terminated,1,1,1,0,98.0,0,0,0,0,1,1,1,3,1,0,1,2,1,0,1,1,0,1,2,1,0,39,1,1,0,1,1,0,1,0
4,25,194.0,136,terminated,2,12,1,0,194.0,0,1,1,0,0,2,0,4,2,0,0,2,2,0,0,0,0,2,4,2,0,7,2,2,0,2,2,0,2,0
4,26,1076.0,174,terminated,1,0,0,0,1076.0,1,0,0,0,1,1,1,3,1,0,1,2,1,0,1,1,0,1,2,1,0,5,1,1,0,1,1,0,1,0
4,27,1389.0,261,terminated,2,0,0,1,1389.0,1,2,2,0,0,3,0,6,2,1,0,3,2,1,0,1,1,3,6,2,1,0,3,2,1,3,2,1,2,1
4,28,95.0,115,terminated,0,4,1,1,95.0,0,1,0,1,1,1,1,3,0,1,1,2,0,1,1,2,1,1,2,0,1,42,1,0,1,1,0,1,0,1
4,29,285.0,135,terminated,1,3,1,1,285.0,0,1,1,0,1,2,1,5,1,1,1,3,1,1,1,2,1,2,4,1,1,11,2,1,1,2,1,1,1,1
4,30,1138.0,112,terminated,0,0,0,1,1138.0,1,0,0,0,1,1,1,3,0,1,1,2,0,1,1,2,1,1,2,0,1,6,1,0,1,1,0,1,0,1
4,31,1544.0,106,terminated,2,0,0,1,1544.0,1,1,0,1,1,2,1,6,2,1,1,4,2,1,1,2,1,2,5,2,1,6,3,2,1,3,2,1,2,1
4,32,1403.0,247,terminated,2,0,0,1,1403.0,1,2,2,0,1,3,1,7,2,1,1,4,2,1,1,2,1,3,6,2,1,8,3,2,1,3,2,1,2,1
4,33,443.0,77,terminated,2,13,1,1,443.0,0,1,1,0,1,2,1,6,2,1,1,4,2,1,1,2,1,2,5,2,1,0,3,2,1,3,2,1,2,1
4,34,1288.0,162,terminated,0,0,0,2,1288.0,1,1,0,1,1,2,1,5,0,2,1,3,0,2,1,3,2,2,4,0,2,6,2,0,2,2,0,2,0,2
4,35,1242.0,208,terminated,2,0,0,0,1242.0,1,1,1,0,1,2,1,5,2,0,1,3,2,0,1,1,0,2,4,2,0,5,2,2,0,2,2,0,2,0
4,36,233.0,47,terminated,1,17,1,1,233.0,0,0,0,0,0,2,0,4,1,1,0,2,1,1,0,1,1,2,4,1,1,0,2,1,1,2,1,1,1,1
4,37,470.0,290,terminated,2,9,1,2,470.0,0,2,1,1,1,2,1,7,2,2,1,5,2,2,1,3,2,2,6,2,2,5,4,2,2,4,2,2,2,2
4,38,10.0,140,terminated,1,10,1,0,10.0,0,0,0,0,1,1,1,3,1,0,1,2,1,0,1,1,0,1,2,1,0,5,1,1,0,1,1,0,1,0
4,39,1319.0,131,terminated,1,0,0,1,1319.0,1,1,1,0,1,2,1,5,1,1,1,3,1,1,1,2,1,2,4,1,1,7,2,1,1,2,1,1,1,1
4,40,-35.0,185,terminated,1,10,1,0,-35.0,0,0,0,0,1,1,1,3,1,0,1,2,1,0,1,1,0,1,2,1,0,29,1,1,0,1,1,0,1,0
4,41,220.0,300,truncated,0,3,0,0,220.0,0,0,0,0,1,0,1,1,0,0,1,1,0,0,1,1,0,0,0,0,0,39,0,0,0,0,0,0,0,0
4,42,1282.0,168,terminated,1,0,0,1,1282.0,1,0,0,0,1,2,1,5,1,1,1,3,1,1,1,2,1,2,4,1,1,35,2,1,1,2,1,1,1,1
4,43,1043.0,207,terminated,1,0,0,0,1043.0,1,1,1,0,1,1,1,3,1,0,1,2,1,0,1,1,0,1,2,1,0,6,1,1,0,1,1,0,1,0
4,44,262.0,128,terminated,1,6,1,1,262.0,0,0,0,0,1,2,1,5,1,1,1,3,1,1,1,2,1,2,4,1,1,6,2,1,1,2,1,1,1,1
4,45,217.0,103,terminated,1,13,1,1,217.0,0,2,1,1,1,2,1,5,1,1,1,3,1,1,1,2,1,2,4,1,1,1,2,1,1,2,1,1,1,1
4,46,488.0,102,terminated,1,6,1,2,488.0,0,2,1,1,1,3,1,7,1,2,1,4,1,2,1,3,2,3,6,1,2,4,3,1,2,3,1,2,1,2
4,47,458.0,182,terminated,1,1,1,2,458.0,0,2,1,1,0,2,0,5,1,2,0,3,1,2,0,2,2,2,5,1,2,2,3,1,2,3,1,2,1,2
4,48,1094.0,156,terminated,0,0,0,1,1094.0,1,0,0,0,1,1,1,3,0,1,1,2,0,1,1,2,1,1,2,0,1,5,1,0,1,1,0,1,0,1
4,49,974.0,76,terminated,0,0,0,0,974.0,1,0,0,0,1,0,1,1,0,0,1,1,0,0,1,1,0,0,0,0,0,33,0,0,0,0,0,0,0,0
4,50,-139.0,119,terminated,0,7,1,0,-139.0,0,0,0,0,1,0,1,1,0,0,1,1,0,0,1,1,0,0,0,0,0,72,0,0,0,0,0,0,0,0
4,51,1244.0,206,terminated,1,0,0,1,1244.0,1,1,0,1,1,2,1,5,1,1,1,3,1,1,1,2,1,2,4,1,1,4,2,1,1,2,1,1,1,1
4,52,488.0,152,terminated,1,1,1,2,488.0,0,1,0,1,1,3,1,7,1,2,1,4,1,2,1,3,2,3,6,1,2,6,3,1,2,3,1,2,1,2
4,53,247.0,113,terminated,2,9,1,0,247.0,0,0,0,0,1,2,1,5,2,0,1,3,2,0,1,1,0,2,4,2,0,7,2,2,0,2,2,0,2,0
4,54,265.0,135,terminated,1,5,1,1,265.0,0,0,0,0,1,1,1,4,1,1,1,3,1,1,1,2,1,1,3,1,1,0,2,1,1,2,1,1,1,1
4,55,238.0,122,terminated,1,9,1,1,238.0,0,2,1,1,1,1,1,4,1,1,1,3,1,1,1,2,1,1,3,1,1,0,2,1,1,2,1,1,1,1
4,56,-11.0,61,terminated,1,20,1,0,-11.0,0,0,0,0,1,1,1,3,1,0,1,2,1,0,1,1,0,1,2,1,0,6,1,1,0,1,1,0,1,0
4,57,418.0,122,terminated,1,11,1,2,418.0,0,1,0,1,1,3,1,7,1,2,1,4,1,2,1,3,2,3,6,1,2,0,3,1,2,3,1,2,1,2
4,58,282.0,118,terminated,1,5,1,1,282.0,0,0,0,0,1,2,1,5,1,1,1,3,1,1,1,2,1,2,4,1,1,7,2,1,1,2,1,1,1,1
4,59,1508.0,142,terminated,1,0,0,2,1508.0,1,2,0,2,1,3,1,7,1,2,1,4,1,2,1,3,2,3,6,1,2,0,3,1,2,3,1,2,1,2
4,60,-172.0,172,terminated,0,5,1,0,-172.0,0,0,0,0,1,0,1,1,0,0,1,1,0,0,1,1,0,0,0,0,0,57,0,0,0,0,0,0,0,0
4,61,1288.0,162,terminated,1,0,0,1,1288.0,1,0,0,0,1,1,1,4,1,1,1,3,1,1,1,2,1,1,3,1,1,0,2,1,1,2,1,1,1,1
4,62,98.0,142,terminated,1,1,1,0,98.0,0,0,0,0,1,1,1,3,1,0,1,2,1,0,1,1,0,1,2,1,0,7,1,1,0,1,1,0,1,0
4,63,16.0,44,terminated,0,19,1,1,16.0,0,1,0,1,1,1,1,3,0,1,1,2,0,1,1,2,1,1,2,0,1,5,1,0,1,1,0,1,0,1
4,64,1150.0,300,terminated_and_truncated,1,0,0,1,1150.0,1,1,1,0,1,2,1,5,1,1,1,3,1,1,1,2,1,2,4,1,1,5,2,1,1,2,1,1,1,1
4,65,-159.0,19,terminated,0,39,1,1,-159.0,0,0,0,0,0,1,0,2,0,1,0,1,0,1,0,1,1,1,2,0,1,1,1,0,1,1,0,1,0,1
4,66,430.0,300,truncated,1,2,0,0,430.0,0,0,0,0,1,1,1,3,1,0,1,2,1,0,1,1,0,1,2,1,0,46,1,1,0,1,1,0,1,0
4,67,1225.0,225,terminated,0,0,0,2,1225.0,1,0,0,0,1,2,1,5,0,2,1,3,0,2,1,3,2,2,4,0,2,6,2,0,2,2,0,2,0,2
4,68,1434.0,216,terminated,2,0,0,1,1434.0,1,2,1,1,1,2,1,6,2,1,1,4,2,1,1,2,1,2,5,2,1,7,3,2,1,3,2,1,2,1
4,69,304.0,116,terminated,1,3,1,1,304.0,0,1,0,1,1,2,1,5,1,1,1,3,1,1,1,2,1,2,4,1,1,0,2,1,1,2,1,1,1,1
4,70,249.0,111,terminated,1,9,1,1,249.0,0,1,0,1,1,2,1,5,1,1,1,3,1,1,1,2,1,2,4,1,1,4,2,1,1,2,1,1,1,1
4,71,929.0,121,terminated,0,0,0,0,929.0,1,0,0,0,1,0,1,1,0,0,1,1,0,0,1,1,0,0,0,0,0,44,0,0,0,0,0,0,0,0
4,72,1017.0,233,terminated,0,0,0,1,1017.0,1,0,0,0,1,1,1,3,0,1,1,2,0,1,1,2,1,1,2,0,1,9,1,0,1,1,0,1,0,1
4,73,425.0,205,terminated,2,2,1,1,425.0,0,0,0,0,1,2,1,6,2,1,1,4,2,1,1,2,1,2,5,2,1,6,3,2,1,3,2,1,2,1
4,74,-165.0,25,terminated,1,39,1,0,-165.0,0,0,0,0,1,1,1,3,1,0,1,2,1,0,1,1,0,1,2,1,0,0,1,1,0,1,1,0,1,0
4,75,1538.0,112,terminated,1,0,0,2,1538.0,1,1,1,0,1,3,1,7,1,2,1,4,1,2,1,3,2,3,6,1,2,7,3,1,2,3,1,2,1,2
4,76,1296.0,154,terminated,1,0,0,1,1296.0,1,1,1,0,1,2,1,5,1,1,1,3,1,1,1,2,1,2,4,1,1,3,2,1,1,2,1,1,1,1
4,77,76.0,144,terminated,0,3,1,1,76.0,0,0,0,0,0,1,0,2,0,1,0,1,0,1,0,1,1,1,2,0,1,7,1,0,1,1,0,1,0,1
4,78,1452.0,198,terminated,1,0,0,2,1452.0,1,1,1,0,0,3,0,6,1,2,0,3,1,2,0,2,2,3,6,1,2,2,3,1,2,3,1,2,1,2
4,79,340.0,300,truncated,0,11,0,1,340.0,0,0,0,0,0,1,0,2,0,1,0,1,0,1,0,1,1,1,2,0,1,7,1,0,1,1,0,1,0,1
4,80,180.0,180,terminated,1,9,1,1,180.0,0,0,0,0,1,2,1,5,1,1,1,3,1,1,1,2,1,2,4,1,1,5,2,1,1,2,1,1,1,1
4,81,1592.0,258,terminated,2,0,0,2,1592.0,1,3,1,2,1,3,1,8,2,2,1,5,2,2,1,3,2,3,7,2,2,3,4,2,2,4,2,2,2,2
4,82,4.0,96,terminated,0,15,1,1,4.0,0,0,0,0,1,1,1,3,0,1,1,2,0,1,1,2,1,1,2,0,1,5,1,0,1,1,0,1,0,1
4,83,1403.0,247,terminated,1,0,0,2,1403.0,1,3,1,2,1,3,1,7,1,2,1,4,1,2,1,3,2,3,6,1,2,5,3,1,2,3,1,2,1,2
4,84,1200.0,250,terminated,1,0,0,1,1200.0,1,2,1,1,1,2,1,5,1,1,1,3,1,1,1,2,1,2,4,1,1,5,2,1,1,2,1,1,1,1
4,85,-217.0,117,terminated,0,15,1,0,-217.0,0,0,0,0,1,0,1,1,0,0,1,1,0,0,1,1,0,0,0,0,0,19,0,0,0,0,0,0,0,0
4,86,277.0,243,terminated,1,13,1,2,277.0,0,1,1,0,1,3,1,7,1,2,1,4,1,2,1,3,2,3,6,1,2,0,3,1,2,3,1,2,1,2
4,87,109.0,121,terminated,1,2,1,0,109.0,0,1,1,0,1,1,1,3,1,0,1,2,1,0,1,1,0,1,2,1,0,5,1,1,0,1,1,0,1,0
4,88,1293.0,157,terminated,1,0,0,1,1293.0,1,1,0,1,1,2,1,5,1,1,1,3,1,1,1,2,1,2,4,1,1,12,2,1,1,2,1,1,1,1
4,89,-168.0,18,terminated,0,40,1,1,-168.0,0,0,0,0,0,1,0,2,0,1,0,1,0,1,0,1,1,1,2,0,1,0,1,0,1,1,0,1,0,1
4,90,444.0,116,terminated,2,9,1,1,444.0,0,2,1,1,1,3,1,7,2,1,1,4,2,1,1,2,1,3,6,2,1,1,3,2,1,3,2,1,2,1
4,91,1017.0,233,terminated,1,0,0,0,1017.0,1,1,1,0,1,1,1,3,1,0,1,2,1,0,1,1,0,1,2,1,0,7,1,1,0,1,1,0,1,0
4,92,42.0,48,terminated,1,16,1,0,42.0,0,1,1,0,1,1,1,3,1,0,1,2,1,0,1,1,0,1,2,1,0,7,1,1,0,1,1,0,1,0
4,93,-5.0,55,terminated,0,20,1,1,-5.0,0,1,0,1,1,1,1,3,0,1,1,2,0,1,1,2,1,1,2,0,1,8,1,0,1,1,0,1,0,1
4,94,180.0,210,terminated,1,6,1,1,180.0,0,1,1,0,1,2,1,5,1,1,1,3,1,1,1,2,1,2,4,1,1,6,2,1,1,2,1,1,1,1
4,95,405.0,215,terminated,1,3,1,2,405.0,0,1,0,1,1,3,1,7,1,2,1,4,1,2,1,3,2,3,6,1,2,25,3,1,2,3,1,2,1,2
4,96,-77.0,97,terminated,1,23,1,0,-77.0,0,1,1,0,1,1,1,3,1,0,1,2,1,0,1,1,0,1,2,1,0,6,1,1,0,1,1,0,1,0
4,97,306.0,134,terminated,2,21,1,1,306.0,0,0,0,0,0,2,0,5,2,1,0,3,2,1,0,1,1,2,5,2,1,0,3,2,1,3,2,1,2,1
4,98,1183.0,267,terminated,1,0,0,1,1183.0,1,1,0,1,1,2,1,5,1,1,1,3,1,1,1,2,1,2,4,1,1,6,2,1,1,2,1,1,1,1
4,99,1294.0,156,terminated,1,0,0,1,1294.0,1,1,1,0,1,2,1,5,1,1,1,3,1,1,1,2,1,2,4,1,1,18,2,1,1,2,1,1,1,1
4,100,-91.0,111,terminated,0,3,1,0,-91.0,0,0,0,0,1,0,1,1,0,0,1,1,0,0,1,1,0,0,0,0,0,37,0,0,0,0,0,0,0,0
4,101,68.0,112,terminated,1,7,1,0,68.0,0,0,0,0,1,1,1,3,1,0,1,2,1,0,1,1,0,1,2,1,0,49,1,1,0,1,1,0,1,0
4,102,156.0,174,terminated,1,12,1,1,156.0,0,1,0,1,0,2,0,4,1,1,0,2,1,1,0,1,1,2,4,1,1,4,2,1,1,2,1,1,1,1
4,103,1275.0,175,terminated,2,0,0,0,1275.0,1,2,2,0,1,2,1,5,2,0,1,3,2,0,1,1,0,2,4,2,0,5,2,2,0,2,2,0,2,0
4,104,1109.0,141,terminated,1,0,0,0,1109.0,1,1,1,0,1,1,1,3,1,0,1,2,1,0,1,1,0,1,2,1,0,7,1,1,0,1,1,0,1,0
4,105,108.0,42,terminated,1,30,1,1,108.0,0,0,0,0,0,2,0,4,1,1,0,2,1,1,0,1,1,2,4,1,1,0,2,1,1,2,1,1,1,1
4,106,12.0,218,terminated,0,2,1,1,12.0,0,0,0,0,0,1,0,2,0,1,0,1,0,1,0,1,1,1,2,0,1,5,1,0,1,1,0,1,0,1
4,107,1512.0,138,terminated,2,0,0,1,1512.0,1,2,1,1,1,3,1,7,2,1,1,4,2,1,1,2,1,3,6,2,1,4,3,2,1,3,2,1,2,1
4,108,420.0,80,terminated,2,15,1,1,420.0,0,2,1,1,1,3,1,7,2,1,1,4,2,1,1,2,1,3,6,2,1,6,3,2,1,3,2,1,2,1
4,109,-152.0,282,terminated,1,12,1,0,-152.0,0,0,0,0,1,1,1,3,1,0,1,2,1,0,1,1,0,1,2,1,0,6,1,1,0,1,1,0,1,0
4,110,39.0,191,terminated,1,2,1,0,39.0,0,1,1,0,1,1,1,3,1,0,1,2,1,0,1,1,0,1,2,1,0,6,1,1,0,1,1,0,1,0
4,111,257.0,253,terminated,1,14,1,2,257.0,0,2,1,1,1,3,1,7,1,2,1,4,1,2,1,3,2,3,6,1,2,3,3,1,2,3,1,2,1,2
4,112,1033.0,217,terminated,0,0,0,1,1033.0,1,1,0,1,1,1,1,3,0,1,1,2,0,1,1,2,1,1,2,0,1,28,1,0,1,1,0,1,0,1
4,113,-195.0,125,terminated,0,12,1,0,-195.0,0,0,0,0,1,0,1,1,0,0,1,1,0,0,1,1,0,0,0,0,0,34,0,0,0,0,0,0,0,0
4,114,440.0,300,truncated,0,1,0,1,440.0,0,0,0,0,1,1,1,3,0,1,1,2,0,1,1,2,1,1,2,0,1,5,1,0,1,1,0,1,0,1
4,115,1331.0,119,terminated,1,0,0,1,1331.0,1,1,0,1,1,2,1,5,1,1,1,3,1,1,1,2,1,2,4,1,1,4,2,1,1,2,1,1,1,1
4,116,240.0,80,terminated,1,13,1,1,240.0,0,0,0,0,1,2,1,5,1,1,1,3,1,1,1,2,1,2,4,1,1,7,2,1,1,2,1,1,1,1
4,117,421.0,219,terminated,2,1,1,1,421.0,0,3,2,1,1,3,1,7,2,1,1,4,2,1,1,2,1,3,6,2,1,6,3,2,1,3,2,1,2,1
4,118,630.0,300,truncated,0,2,0,2,630.0,0,1,0,1,1,1,1,4,0,2,1,3,0,2,1,3,2,1,3,0,2,21,2,0,2,2,0,2,0,2
4,119,386.0,234,terminated,1,3,1,2,386.0,0,2,0,2,1,3,1,7,1,2,1,4,1,2,1,3,2,3,6,1,2,6,3,1,2,3,1,2,1,2
4,120,1075.0,175,terminated,0,0,0,1,1075.0,1,0,0,0,1,1,1,3,0,1,1,2,0,1,1,2,1,1,2,0,1,77,1,0,1,1,0,1,0,1
4,121,55.0,95,terminated,1,10,1,0,55.0,0,0,0,0,1,1,1,3,1,0,1,2,1,0,1,1,0,1,2,1,0,46,1,1,0,1,1,0,1,0
4,122,1252.0,198,terminated,1,0,0,1,1252.0,1,0,0,0,1,1,1,4,1,1,1,3,1,1,1,2,1,1,3,1,1,6,2,1,1,2,1,1,1,1
4,123,1465.0,185,terminated,2,0,0,1,1465.0,1,2,1,1,0,2,0,5,2,1,0,3,2,1,0,1,1,2,5,2,1,6,3,2,1,3,2,1,2,1
4,124,1303.0,147,terminated,1,0,0,1,1303.0,1,1,1,0,1,1,1,4,1,1,1,3,1,1,1,2,1,1,3,1,1,40,2,1,1,2,1,1,1,1
4,125,1077.0,173,terminated,1,0,0,0,1077.0,1,1,1,0,1,1,1,3,1,0,1,2,1,0,1,1,0,1,2,1,0,6,1,1,0,1,1,0,1,0
4,126,1269.0,181,terminated,1,0,0,1,1269.0,1,0,0,0,1,2,1,5,1,1,1,3,1,1,1,2,1,2,4,1,1,0,2,1,1,2,1,1,1,1
4,127,1297.0,153,terminated,0,0,0,2,1297.0,1,0,0,0,1,2,1,5,0,2,1,3,0,2,1,3,2,2,4,0,2,7,2,0,2,2,0,2,0,2
4,128,802.0,248,terminated,0,0,0,0,802.0,1,0,0,0,1,0,1,1,0,0,1,1,0,0,1,1,0,0,0,0,0,50,0,0,0,0,0,0,0,0
4,129,1296.0,154,terminated,1,0,0,1,1296.0,1,2,1,1,1,2,1,5,1,1,1,3,1,1,1,2,1,2,4,1,1,6,2,1,1,2,1,1,1,1
4,130,162.0,178,terminated,1,11,1,1,162.0,0,1,1,0,1,2,1,5,1,1,1,3,1,1,1,2,1,2,4,1,1,1,2,1,1,2,1,1,1,1
4,131,420.0,300,truncated,1,3,0,0,420.0,0,0,0,0,1,1,1,3,1,0,1,2,1,0,1,1,0,1,2,1,0,5,1,1,0,1,1,0,1,0
4,132,19.0,51,terminated,1,18,1,0,19.0,0,0,0,0,1,1,1,3,1,0,1,2,1,0,1,1,0,1,2,1,0,5,1,1,0,1,1,0,1,0
4,133,1534.0,116,terminated,1,0,0,2,1534.0,1,3,1,2,1,3,1,7,1,2,1,4,1,2,1,3,2,3,6,1,2,2,3,1,2,3,1,2,1,2
4,134,86.0,104,terminated,0,6,1,1,86.0,0,1,0,1,1,1,1,3,0,1,1,2,0,1,1,2,1,1,2,0,1,50,1,0,1,1,0,1,0,1
4,135,1330.0,120,terminated,1,0,0,1,1330.0,1,2,1,1,1,1,1,4,1,1,1,3,1,1,1,2,1,1,3,1,1,33,2,1,1,2,1,1,1,1
4,136,1493.0,157,terminated,1,0,0,2,1493.0,1,2,1,1,1,3,1,7,1,2,1,4,1,2,1,3,2,3,6,1,2,0,3,1,2,3,1,2,1,2
4,137,-150.0,20,terminated,0,38,1,1,-150.0,0,0,0,0,1,1,1,3,0,1,1,2,0,1,1,2,1,1,2,0,1,0,1,0,1,1,0,1,0,1
4,138,1154.0,296,terminated,0,0,0,2,1154.0,1,0,0,0,1,2,1,5,0,2,1,3,0,2,1,3,2,2,4,0,2,5,2,0,2,2,0,2,0,2
4,139,103.0,127,terminated,1,2,1,0,103.0,0,1,1,0,1,1,1,3,1,0,1,2,1,0,1,1,0,1,2,1,0,5,1,1,0,1,1,0,1,0
4,140,429.0,101,terminated,2,12,1,1,429.0,0,1,1,0,0,3,0,6,2,1,0,3,2,1,0,1,1,3,6,2,1,0,3,2,1,3,2,1,2,1
4,141,1232.0,218,terminated,1,0,0,1,1232.0,1,1,0,1,1,2,1,5,1,1,1,3,1,1,1,2,1,2,4,1,1,6,2,1,1,2,1,1,1,1
4,142,1694.0,156,terminated,2,0,0,2,1694.0,1,2,1,1,1,4,1,9,2,2,1,5,2,2,1,3,2,4,8,2,2,8,4,2,2,4,2,2,2,2
4,143,228.0,42,terminated,1,18,1,1,228.0,0,2,1,1,1,1,1,4,1,1,1,3,1,1,1,2,1,1,3,1,1,10,2,1,1,2,1,1,1,1
4,144,1245.0,205,terminated,1,0,0,1,1245.0,1,1,0,1,1,1,1,4,1,1,1,3,1,1,1,2,1,1,3,1,1,6,2,1,1,2,1,1,1,1
4,145,1406.0,244,terminated,2,0,0,1,1406.0,1,0,0,0,0,2,0,5,2,1,0,3,2,1,0,1,1,2,5,2,1,0,3,2,1,3,2,1,2,1
4,146,610.0,300,truncated,0,4,0,2,610.0,0,2,0,2,1,2,1,5,0,2,1,3,0,2,1,3,2,2,4,0,2,7,2,0,2,2,0,2,0,2
4,147,50.0,20,terminated,1,38,1,1,50.0,0,0,0,0,1,1,1,4,1,1,1,3,1,1,1,2,1,1,3,1,1,0,2,1,1,2,1,1,1,1
4,148,52.0,138,terminated,1,6,1,0,52.0,0,0,0,0,1,1,1,3,1,0,1,2,1,0,1,1,0,1,2,1,0,6,1,1,0,1,1,0,1,0
4,149,1474.0,176,terminated,1,0,0,2,1474.0,1,1,0,1,0,3,0,6,1,2,0,3,1,2,0,2,2,3,6,1,2,0,3,1,2,3,1,2,1,2
4,150,229.0,41,terminated,1,18,1,1,229.0,0,1,1,0,0,2,0,4,1,1,0,2,1,1,0,1,1,2,4,1,1,3,2,1,1,2,1,1,1,1
4,151,875.0,175,terminated,0,0,0,0,875.0,1,0,0,0,1,0,1,1,0,0,1,1,0,0,1,1,0,0,0,0,0,51,0,0,0,0,0,0,0,0
4,152,1309.0,141,terminated,1,0,0,1,1309.0,1,0,0,0,1,1,1,4,1,1,1,3,1,1,1,2,1,1,3,1,1,0,2,1,1,2,1,1,1,1
4,153,517.0,113,terminated,1,2,1,2,517.0,0,1,0,1,1,3,1,7,1,2,1,4,1,2,1,3,2,3,6,1,2,5,3,1,2,3,1,2,1,2
4,154,1453.0,197,terminated,1,0,0,2,1453.0,1,2,1,1,1,3,1,7,1,2,1,4,1,2,1,3,2,3,6,1,2,0,3,1,2,3,1,2,1,2
4,155,617.0,93,terminated,2,14,1,2,617.0,0,0,0,0,1,3,1,8,2,2,1,5,2,2,1,3,2,3,7,2,2,0,4,2,2,4,2,2,2,2
4,156,-30.0,140,terminated,1,14,1,0,-30.0,0,0,0,0,0,1,0,2,1,0,0,1,1,0,0,0,0,1,2,1,0,7,1,1,0,1,1,0,1,0
4,157,1519.0,131,terminated,1,0,0,2,1519.0,1,2,1,1,0,2,0,5,1,2,0,3,1,2,0,2,2,2,5,1,2,4,3,1,2,3,1,2,1,2
4,158,219.0,191,terminated,2,4,1,0,219.0,0,1,1,0,1,2,1,5,2,0,1,3,2,0,1,1,0,2,4,2,0,6,2,2,0,2,2,0,2,0
4,159,199.0,211,terminated,1,4,1,1,199.0,0,1,1,0,1,2,1,5,1,1,1,3,1,1,1,2,1,2,4,1,1,5,2,1,1,2,1,1,1,1
4,160,230.0,50,terminated,1,17,1,1,230.0,0,1,0,1,1,2,1,5,1,1,1,3,1,1,1,2,1,2,4,1,1,6,2,1,1,2,1,1,1,1
4,161,1474.0,176,terminated,2,0,0,1,1474.0,1,1,1,0,1,3,1,7,2,1,1,4,2,1,1,2,1,3,6,2,1,6,3,2,1,3,2,1,2,1
4,162,-105.0,105,terminated,0,5,1,0,-105.0,0,0,0,0,1,0,1,1,0,0,1,1,0,0,1,1,0,0,0,0,0,34,0,0,0,0,0,0,0,0
4,163,1296.0,154,terminated,0,0,0,2,1296.0,1,1,0,1,1,2,1,5,0,2,1,3,0,2,1,3,2,2,4,0,2,5,2,0,2,2,0,2,0,2
4,164,1124.0,126,terminated,0,0,0,1,1124.0,1,0,0,0,1,1,1,3,0,1,1,2,0,1,1,2,1,1,2,0,1,25,1,0,1,1,0,1,0,1
4,165,273.0,147,terminated,1,3,1,1,273.0,0,2,1,1,1,2,1,5,1,1,1,3,1,1,1,2,1,2,4,1,1,6,2,1,1,2,1,1,1,1
4,166,8.0,222,terminated,1,2,1,0,8.0,0,1,1,0,1,1,1,3,1,0,1,2,1,0,1,1,0,1,2,1,0,7,1,1,0,1,1,0,1,0
4,167,219.0,151,terminated,0,8,1,2,219.0,0,2,0,2,1,2,1,5,0,2,1,3,0,2,1,3,2,2,4,0,2,24,2,0,2,2,0,2,0,2
4,168,1466.0,184,terminated,1,0,0,2,1466.0,1,2,0,2,1,3,1,7,1,2,1,4,1,2,1,3,2,3,6,1,2,5,3,1,2,3,1,2,1,2
4,169,1245.0,205,terminated,1,0,0,1,1245.0,1,2,1,1,1,2,1,5,1,1,1,3,1,1,1,2,1,2,4,1,1,6,2,1,1,2,1,1,1,1
4,170,33.0,107,terminated,0,11,1,1,33.0,0,0,0,0,1,1,1,3,0,1,1,2,0,1,1,2,1,1,2,0,1,5,1,0,1,1,0,1,0,1
4,171,-158.0,18,terminated,0,39,1,1,-158.0,0,0,0,0,1,1,1,3,0,1,1,2,0,1,1,2,1,1,2,0,1,0,1,0,1,1,0,1,0,1
4,172,110.0,100,terminated,0,4,1,1,110.0,0,1,0,1,1,1,1,3,0,1,1,2,0,1,1,2,1,1,2,0,1,6,1,0,1,1,0,1,0,1
4,173,401.0,89,terminated,2,16,1,1,401.0,0,2,2,0,1,2,1,6,2,1,1,4,2,1,1,2,1,2,5,2,1,1,3,2,1,3,2,1,2,1
4,174,1230.0,220,terminated,1,0,0,1,1230.0,1,1,1,0,1,2,1,5,1,1,1,3,1,1,1,2,1,2,4,1,1,6,2,1,1,2,1,1,1,1
4,175,1665.0,185,terminated,2,0,0,2,1665.0,1,1,1,0,1,3,1,8,2,2,1,5,2,2,1,3,2,3,7,2,2,1,4,2,2,4,2,2,2,2
4,176,1296.0,154,terminated,1,0,0,1,1296.0,1,0,0,0,1,2,1,5,1,1,1,3,1,1,1,2,1,2,4,1,1,9,2,1,1,2,1,1,1,1
4,177,1095.0,155,terminated,1,0,0,0,1095.0,1,0,0,0,0,1,0,2,1,0,0,1,1,0,0,0,0,1,2,1,0,5,1,1,0,1,1,0,1,0
4,178,-168.0,28,terminated,0,39,1,1,-168.0,0,0,0,0,0,1,0,2,0,1,0,1,0,1,0,1,1,1,2,0,1,0,1,0,1,1,0,1,0,1
4,179,1143.0,107,terminated,0,0,0,1,1143.0,1,0,0,0,1,1,1,3,0,1,1,2,0,1,1,2,1,1,2,0,1,35,1,0,1,1,0,1,0,1
4,180,1252.0,198,terminated,1,0,0,1,1252.0,1,1,0,1,1,2,1,5,1,1,1,3,1,1,1,2,1,2,4,1,1,3,2,1,1,2,1,1,1,1
4,181,1081.0,169,terminated,0,0,0,1,1081.0,1,1,0,1,1,1,1,3,0,1,1,2,0,1,1,2,1,1,2,0,1,5,1,0,1,1,0,1,0,1
4,182,70.0,120,terminated,0,6,1,1,70.0,0,0,0,0,1,1,1,3,0,1,1,2,0,1,1,2,1,1,2,0,1,6,1,0,1,1,0,1,0,1
4,183,1140.0,110,terminated,1,0,0,0,1140.0,1,0,0,0,1,1,1,3,1,0,1,2,1,0,1,1,0,1,2,1,0,6,1,1,0,1,1,0,1,0
4,184,113.0,47,terminated,1,29,1,1,113.0,0,0,0,0,1,2,1,5,1,1,1,3,1,1,1,2,1,2,4,1,1,0,2,1,1,2,1,1,1,1
4,185,1261.0,189,terminated,1,0,0,1,1261.0,1,2,1,1,1,2,1,5,1,1,1,3,1,1,1,2,1,2,4,1,1,8,2,1,1,2,1,1,1,1
4,186,1304.0,146,terminated,1,0,0,1,1304.0,1,2,1,1,1,2,1,5,1,1,1,3,1,1,1,2,1,2,4,1,1,8,2,1,1,2,1,1,1,1
4,187,366.0,144,terminated,2,14,1,1,366.0,0,1,0,1,1,2,1,6,2,1,1,4,2,1,1,2,1,2,5,2,1,6,3,2,1,3,2,1,2,1
4,188,1270.0,180,terminated,0,0,0,2,1270.0,1,1,0,1,1,2,1,5,0,2,1,3,0,2,1,3,2,2,4,0,2,5,2,0,2,2,0,2,0,2
4,189,-151.0,21,terminated,0,38,1,1,-151.0,0,0,0,0,1,1,1,3,0,1,1,2,0,1,1,2,1,1,2,0,1,1,1,0,1,1,0,1,0,1
4,190,1498.0,152,terminated,2,0,0,1,1498.0,1,3,2,1,1,3,1,7,2,1,1,4,2,1,1,2,1,3,6,2,1,6,3,2,1,3,2,1,2,1
4,191,190.0,250,terminated,1,1,1,1,190.0,0,1,1,0,1,2,1,5,1,1,1,3,1,1,1,2,1,2,4,1,1,0,2,1,1,2,1,1,1,1
4,192,322.0,228,terminated,1,10,1,2,322.0,0,2,0,2,1,3,1,7,1,2,1,4,1,2,1,3,2,3,6,1,2,6,3,1,2,3,1,2,1,2
4,193,275.0,155,terminated,1,2,1,1,275.0,0,0,0,0,1,2,1,5,1,1,1,3,1,1,1,2,1,2,4,1,1,0,2,1,1,2,1,1,1,1
4,194,1407.0,243,terminated,1,0,0,2,1407.0,1,2,0,2,1,3,1,7,1,2,1,4,1,2,1,3,2,3,6,1,2,7,3,1,2,3,1,2,1,2
4,195,-108.0,148,terminated,0,1,1,0,-108.0,0,0,0,0,1,0,1,1,0,0,1,1,0,0,1,1,0,0,0,0,0,37,0,0,0,0,0,0,0,0
4,196,447.0,193,terminated,2,1,1,1,447.0,0,2,2,0,1,3,1,7,2,1,1,4,2,1,1,2,1,3,6,2,1,9,3,2,1,3,2,1,2,1
4,197,71.0,139,terminated,1,4,1,0,71.0,0,0,0,0,1,1,1,3,1,0,1,2,1,0,1,1,0,1,2,1,0,45,1,1,0,1,1,0,1,0
4,198,41.0,109,terminated,1,10,1,0,41.0,0,1,1,0,1,1,1,3,1,0,1,2,1,0,1,1,0,1,2,1,0,6,1,1,0,1,1,0,1,0
4,199,1293.0,157,terminated,1,0,0,1,1293.0,1,1,1,0,1,2,1,5,1,1,1,3,1,1,1,2,1,2,4,1,1,6,2,1,1,2,1,1,1,1
4,200,1563.0,287,terminated,2,0,0,2,1563.0,1,2,0,2,0,4,0,8,2,2,0,4,2,2,0,2,2,4,8,2,2,5,4,2,2,4,2,2,2,2
4,201,485.0,155,terminated,2,1,1,1,485.0,0,1,1,0,0,3,0,6,2,1,0,3,2,1,0,1,1,3,6,2,1,0,3,2,1,3,2,1,2,1
4,202,1425.0,225,terminated,1,0,0,2,1425.0,1,1,0,1,1,2,1,6,1,2,1,4,1,2,1,3,2,2,5,1,2,0,3,1,2,3,1,2,1,2
4,203,266.0,174,terminated,1,1,1,1,266.0,0,0,0,0,1,2,1,5,1,1,1,3,1,1,1,2,1,2,4,1,1,45,2,1,1,2,1,1,1,1
4,204,-19.0,49,terminated,1,22,1,0,-19.0,0,0,0,0,1,1,1,3,1,0,1,2,1,0,1,1,0,1,2,1,0,7,1,1,0,1,1,0,1,0
4,205,310.0,100,terminated,1,4,1,1,310.0,0,2,1,1,1,2,1,5,1,1,1,3,1,1,1,2,1,2,4,1,1,21,2,1,1,2,1,1,1,1
4,206,492.0,118,terminated,2,4,1,1,492.0,0,1,1,0,1,3,1,7,2,1,1,4,2,1,1,2,1,3,6,2,1,0,3,2,1,3,2,1,2,1
4,207,878.0,172,terminated,0,0,0,0,878.0,1,0,0,0,1,0,1,1,0,0,1,1,0,0,1,1,0,0,0,0,0,59,0,0,0,0,0,0,0,0
4,208,1190.0,260,terminated,0,0,0,2,1190.0,1,0,0,0,1,2,1,5,0,2,1,3,0,2,1,3,2,2,4,0,2,5,2,0,2,2,0,2,0,2
4,209,265.0,105,terminated,1,8,1,1,265.0,0,1,0,1,1,2,1,5,1,1,1,3,1,1,1,2,1,2,4,1,1,0,2,1,1,2,1,1,1,1
4,210,1274.0,176,terminated,1,0,0,1,1274.0,1,1,0,1,1,2,1,5,1,1,1,3,1,1,1,2,1,2,4,1,1,6,2,1,1,2,1,1,1,1
4,211,492.0,148,terminated,1,1,1,2,492.0,0,1,0,1,1,3,1,7,1,2,1,4,1,2,1,3,2,3,6,1,2,0,3,1,2,3,1,2,1,2
4,212,165.0,265,terminated,1,2,1,1,165.0,0,1,0,1,1,1,1,4,1,1,1,3,1,1,1,2,1,1,3,1,1,5,2,1,1,2,1,1,1,1
4,213,445.0,105,terminated,2,10,1,1,445.0,0,2,1,1,0,3,0,6,2,1,0,3,2,1,0,1,1,3,6,2,1,7,3,2,1,3,2,1,2,1
4,214,229.0,161,terminated,1,6,1,1,229.0,0,1,0,1,1,2,1,5,1,1,1,3,1,1,1,2,1,2,4,1,1,5,2,1,1,2,1,1,1,1
4,215,184.0,66,terminated,1,20,1,1,184.0,0,0,0,0,0,2,0,4,1,1,0,2,1,1,0,1,1,2,4,1,1,0,2,1,1,2,1,1,1,1
4,216,-143.0,23,terminated,1,37,1,0,-143.0,0,0,0,0,0,1,0,2,1,0,0,1,1,0,0,0,0,1,2,1,0,1,1,1,0,1,1,0,1,0
4,217,440.0,300,truncated,0,1,0,1,440.0,0,0,0,0,1,1,1,3,0,1,1,2,0,1,1,2,1,1,2,0,1,43,1,0,1,1,0,1,0,1
4,218,1299.0,151,terminated,0,0,0,2,1299.0,1,1,0,1,1,2,1,5,0,2,1,3,0,2,1,3,2,2,4,0,2,8,2,0,2,2,0,2,0,2
4,219,121.0,289,terminated,1,4,1,1,121.0,0,0,0,0,1,2,1,5,1,1,1,3,1,1,1,2,1,2,4,1,1,6,2,1,1,2,1,1,1,1
4,220,241.0,69,terminated,1,14,1,1,241.0,0,2,1,1,1,2,1,5,1,1,1,3,1,1,1,2,1,2,4,1,1,4,2,1,1,2,1,1,1,1
4,221,70.0,140,terminated,1,4,1,0,70.0,0,1,1,0,1,1,1,3,1,0,1,2,1,0,1,1,0,1,2,1,0,8,1,1,0,1,1,0,1,0
4,222,195.0,145,terminated,0,11,1,2,195.0,0,1,0,1,1,2,1,5,0,2,1,3,0,2,1,3,2,2,4,0,2,7,2,0,2,2,0,2,0,2
4,223,661.0,69,terminated,2,12,1,2,661.0,0,2,1,1,1,1,1,6,2,2,1,5,2,2,1,3,2,1,5,2,2,4,4,2,2,4,2,2,2,2
4,224,497.0,133,terminated,2,2,1,1,497.0,0,3,2,1,1,3,1,7,2,1,1,4,2,1,1,2,1,3,6,2,1,6,3,2,1,3,2,1,2,1
4,225,1106.0,144,terminated,0,0,0,1,1106.0,1,0,0,0,1,1,1,3,0,1,1,2,0,1,1,2,1,1,2,0,1,5,1,0,1,1,0,1,0,1
4,226,1293.0,157,terminated,1,0,0,1,1293.0,1,1,0,1,1,2,1,5,1,1,1,3,1,1,1,2,1,2,4,1,1,5,2,1,1,2,1,1,1,1
4,227,1084.0,166,terminated,0,0,0,1,1084.0,1,0,0,0,1,1,1,3,0,1,1,2,0,1,1,2,1,1,2,0,1,6,1,0,1,1,0,1,0,1
4,228,420.0,90,terminated,1,14,1,2,420.0,0,2,1,1,0,2,0,5,1,2,0,3,1,2,0,2,2,2,5,1,2,1,3,1,2,3,1,2,1,2
4,229,104.0,46,terminated,1,30,1,1,104.0,0,0,0,0,1,2,1,5,1,1,1,3,1,1,1,2,1,2,4,1,1,0,2,1,1,2,1,1,1,1
4,230,-150.0,20,terminated,1,38,1,0,-150.0,0,0,0,0,0,1,0,2,1,0,0,1,1,0,0,0,0,1,2,1,0,0,1,1,0,1,1,0,1,0
4,231,153.0,97,terminated,1,20,1,1,153.0,0,2,1,1,1,2,1,5,1,1,1,3,1,1,1,2,1,2,4,1,1,6,2,1,1,2,1,1,1,1
4,232,1102.0,148,terminated,1,0,0,0,1102.0,1,0,0,0,1,1,1,3,1,0,1,2,1,0,1,1,0,1,2,1,0,6,1,1,0,1,1,0,1,0
4,233,640.0,200,terminated,2,1,1,2,640.0,0,3,1,2,1,3,1,8,2,2,1,5,2,2,1,3,2,3,7,2,2,22,4,2,2,4,2,2,2,2
4,234,1350.0,100,terminated,2,0,0,0,1350.0,1,2,2,0,1,2,1,5,2,0,1,3,2,0,1,1,0,2,4,2,0,5,2,2,0,2,2,0,2,0
4,235,293.0,127,terminated,1,3,1,1,293.0,0,0,0,0,1,2,1,5,1,1,1,3,1,1,1,2,1,2,4,1,1,0,2,1,1,2,1,1,1,1
4,236,1008.0,242,terminated,1,0,0,0,1008.0,1,0,0,0,0,1,0,2,1,0,0,1,1,0,0,0,0,1,2,1,0,6,1,1,0,1,1,0,1,0
4,237,26.0,214,terminated,0,1,1,1,26.0,0,0,0,0,0,1,0,2,0,1,0,1,0,1,0,1,1,1,2,0,1,7,1,0,1,1,0,1,0,1
4,238,-3.0,53,terminated,0,20,1,1,-3.0,0,0,0,0,1,1,1,3,0,1,1,2,0,1,1,2,1,1,2,0,1,5,1,0,1,1,0,1,0,1
4,239,1209.0,241,terminated,1,0,0,1,1209.0,1,1,0,1,0,2,0,4,1,1,0,2,1,1,0,1,1,2,4,1,1,1,2,1,1,2,1,1,1,1
4,240,1429.0,221,terminated,1,0,0,2,1429.0,1,0,0,0,1,2,1,6,1,2,1,4,1,2,1,3,2,2,5,1,2,7,3,1,2,3,1,2,1,2
4,241,163.0,197,terminated,2,9,1,0,163.0,0,1,1,0,1,2,1,5,2,0,1,3,2,0,1,1,0,2,4,2,0,5,2,2,0,2,2,0,2,0
4,242,1490.0,160,terminated,2,0,0,1,1490.0,1,3,2,1,1,2,1,6,2,1,1,4,2,1,1,2,1,2,5,2,1,25,3,2,1,3,2,1,2,1
4,243,-112.0,142,terminated,0,2,1,0,-112.0,0,0,0,0,1,0,1,1,0,0,1,1,0,0,1,1,0,0,0,0,0,49,0,0,0,0,0,0,0,0
4,244,-184.0,54,terminated,0,18,1,0,-184.0,0,0,0,0,1,0,1,1,0,0,1,1,0,0,1,1,0,0,0,0,0,36,0,0,0,0,0,0,0,0
4,245,206.0,104,terminated,1,14,1,1,206.0,0,1,0,1,1,2,1,5,1,1,1,3,1,1,1,2,1,2,4,1,1,6,2,1,1,2,1,1,1,1
4,246,440.0,80,terminated,1,13,1,2,440.0,0,1,1,0,1,3,1,7,1,2,1,4,1,2,1,3,2,3,6,1,2,6,3,1,2,3,1,2,1,2
4,247,1444.0,206,terminated,2,0,0,1,1444.0,1,1,0,1,1,3,1,7,2,1,1,4,2,1,1,2,1,3,6,2,1,6,3,2,1,3,2,1,2,1
4,248,1327.0,123,terminated,1,0,0,1,1327.0,1,0,0,0,1,2,1,5,1,1,1,3,1,1,1,2,1,2,4,1,1,0,2,1,1,2,1,1,1,1
4,249,1456.0,194,terminated,1,0,0,2,1456.0,1,1,1,0,1,2,1,6,1,2,1,4,1,2,1,3,2,2,5,1,2,4,3,1,2,3,1,2,1,2
4,250,279.0,161,terminated,2,1,1,0,279.0,0,2,2,0,1,2,1,5,2,0,1,3,2,0,1,1,0,2,4,2,0,9,2,2,0,2,2,0,2,0
4,251,1234.0,216,terminated,1,0,0,1,1234.0,1,0,0,0,1,2,1,5,1,1,1,3,1,1,1,2,1,2,4,1,1,61,2,1,1,2,1,1,1,1
4,252,220.0,300,truncated,0,3,0,0,220.0,0,0,0,0,1,0,1,1,0,0,1,1,0,0,1,1,0,0,0,0,0,50,0,0,0,0,0,0,0,0
4,253,1036.0,214,terminated,1,0,0,0,1036.0,1,0,0,0,1,1,1,3,1,0,1,2,1,0,1,1,0,1,2,1,0,6,1,1,0,1,1,0,1,0
4,254,162.0,268,terminated,1,2,1,1,162.0,0,2,1,1,1,2,1,5,1,1,1,3,1,1,1,2,1,2,4,1,1,7,2,1,1,2,1,1,1,1
4,255,176.0,244,terminated,0,3,1,2,176.0,0,1,0,1,1,1,1,4,0,2,1,3,0,2,1,3,2,1,3,0,2,6,2,0,2,2,0,2,0,2
4,256,37.0,163,terminated,0,5,1,1,37.0,0,1,0,1,1,1,1,3,0,1,1,2,0,1,1,2,1,1,2,0,1,5,1,0,1,1,0,1,0,1
4,257,1298.0,152,terminated,1,0,0,1,1298.0,1,1,0,1,1,2,1,5,1,1,1,3,1,1,1,2,1,2,4,1,1,7,2,1,1,2,1,1,1,1
4,258,-18.0,128,terminated,0,14,1,1,-18.0,0,1,0,1,1,1,1,3,0,1,1,2,0,1,1,2,1,1,2,0,1,24,1,0,1,1,0,1,0,1
4,259,1514.0,136,terminated,2,0,0,1,1514.0,1,0,0,0,1,2,1,6,2,1,1,4,2,1,1,2,1,2,5,2,1,6,3,2,1,3,2,1,2,1
4,260,1291.0,159,terminated,1,0,0,1,1291.0,1,1,1,0,1,2,1,5,1,1,1,3,1,1,1,2,1,2,4,1,1,5,2,1,1,2,1,1,1,1
4,261,-5.0,45,terminated,1,21,1,0,-5.0,0,0,0,0,1,1,1,3,1,0,1,2,1,0,1,1,0,1,2,1,0,5,1,1,0,1,1,0,1,0
4,262,1222.0,228,terminated,1,0,0,1,1222.0,1,2,1,1,1,2,1,5,1,1,1,3,1,1,1,2,1,2,4,1,1,5,2,1,1,2,1,1,1,1
4,263,245.0,135,terminated,1,7,1,1,245.0,0,2,1,1,1,2,1,5,1,1,1,3,1,1,1,2,1,2,4,1,1,2,2,1,1,2,1,1,1,1
4,264,1309.0,141,terminated,1,0,0,1,1309.0,1,2,1,1,1,2,1,5,1,1,1,3,1,1,1,2,1,2,4,1,1,25,2,1,1,2,1,1,1,1
4,265,411.0,209,terminated,2,3,1,1,411.0,0,0,0,0,1,3,1,7,2,1,1,4,2,1,1,2,1,3,6,2,1,0,3,2,1,3,2,1,2,1
4,266,760.0,300,truncated,2,9,0,1,760.0,0,1,1,0,1,3,1,7,2,1,1,4,2,1,1,2,1,3,6,2,1,6,3,2,1,3,2,1,2,1
4,267,1318.0,132,terminated,0,0,0,2,1318.0,1,1,0,1,1,2,1,5,0,2,1,3,0,2,1,3,2,2,4,0,2,5,2,0,2,2,0,2,0,2
4,268,200.0,100,terminated,1,15,1,1,200.0,0,0,0,0,1,2,1,5,1,1,1,3,1,1,1,2,1,2,4,1,1,0,2,1,1,2,1,1,1,1
4,269,1244.0,206,terminated,1,0,0,1,1244.0,1,0,0,0,1,2,1,5,1,1,1,3,1,1,1,2,1,2,4,1,1,7,2,1,1,2,1,1,1,1
4,270,1317.0,133,terminated,1,0,0,1,1317.0,1,1,0,1,1,2,1,5,1,1,1,3,1,1,1,2,1,2,4,1,1,1,2,1,1,2,1,1,1,1
4,271,236.0,104,terminated,1,11,1,1,236.0,0,2,1,1,1,1,1,4,1,1,1,3,1,1,1,2,1,1,3,1,1,0,2,1,1,2,1,1,1,1
4,272,114.0,46,terminated,1,29,1,1,114.0,0,0,0,0,1,2,1,5,1,1,1,3,1,1,1,2,1,2,4,1,1,0,2,1,1,2,1,1,1,1
4,273,17.0,63,terminated,1,17,1,0,17.0,0,0,0,0,1,1,1,3,1,0,1,2,1,0,1,1,0,1,2,1,0,5,1,1,0,1,1,0,1,0
4,274,-66.0,296,terminated,0,2,1,1,-66.0,0,1,0,1,1,1,1,3,0,1,1,2,0,1,1,2,1,1,2,0,1,6,1,0,1,1,0,1,0,1
4,275,1078.0,172,terminated,0,0,0,1,1078.0,1,0,0,0,1,0,1,2,0,1,1,2,0,1,1,2,1,0,1,0,1,75,1,0,1,1,0,1,0,1
4,276,13.0,47,terminated,0,19,1,1,13.0,0,0,0,0,1,1,1,3,0,1,1,2,0,1,1,2,1,1,2,0,1,5,1,0,1,1,0,1,0,1
4,277,77.0,23,terminated,1,35,1,1,77.0,0,0,0,0,1,2,1,5,1,1,1,3,1,1,1,2,1,2,4,1,1,0,2,1,1,2,1,1,1,1
4,278,1295.0,155,terminated,1,0,0,1,1295.0,1,0,0,0,0,2,0,4,1,1,0,2,1,1,0,1,1,2,4,1,1,0,2,1,1,2,1,1,1,1
4,279,1502.0,148,terminated,2,0,0,1,1502.0,1,2,1,1,1,2,1,6,2,1,1,4,2,1,1,2,1,2,5,2,1,3,3,2,1,3,2,1,2,1
4,280,1294.0,156,terminated,1,0,0,1,1294.0,1,1,1,0,1,2,1,5,1,1,1,3,1,1,1,2,1,2,4,1,1,7,2,1,1,2,1,1,1,1
4,281,646.0,104,terminated,2,10,1,2,646.0,0,4,2,2,1,2,1,7,2,2,1,5,2,2,1,3,2,2,6,2,2,4,4,2,2,4,2,2,2,2
4,282,235.0,205,terminated,2,1,1,0,235.0,0,2,2,0,1,2,1,5,2,0,1,3,2,0,1,1,0,2,4,2,0,6,2,2,0,2,2,0,2,0
4,283,855.0,195,terminated,0,0,0,0,855.0,1,0,0,0,1,0,1,1,0,0,1,1,0,0,1,1,0,0,0,0,0,111,0,0,0,0,0,0,0,0
4,284,1297.0,153,terminated,1,0,0,1,1297.0,1,1,1,0,1,2,1,5,1,1,1,3,1,1,1,2,1,2,4,1,1,5,2,1,1,2,1,1,1,1
4,285,1048.0,202,terminated,0,0,0,1,1048.0,1,0,0,0,1,1,1,3,0,1,1,2,0,1,1,2,1,1,2,0,1,69,1,0,1,1,0,1,0,1
4,286,1122.0,128,terminated,0,0,0,1,1122.0,1,0,0,0,0,1,0,2,0,1,0,1,0,1,0,1,1,1,2,0,1,5,1,0,1,1,0,1,0,1
4,287,1467.0,183,terminated,2,0,0,1,1467.0,1,1,1,0,1,3,1,7,2,1,1,4,2,1,1,2,1,3,6,2,1,0,3,2,1,3,2,1,2,1
4,288,99.0,131,terminated,1,2,1,0,99.0,0,0,0,0,1,1,1,3,1,0,1,2,1,0,1,1,0,1,2,1,0,6,1,1,0,1,1,0,1,0
4,289,501.0,119,terminated,2,3,1,1,501.0,0,2,1,1,1,3,1,7,2,1,1,4,2,1,1,2,1,3,6,2,1,5,3,2,1,3,2,1,2,1
4,290,1478.0,172,terminated,1,0,0,2,1478.0,1,1,0,1,1,3,1,7,1,2,1,4,1,2,1,3,2,3,6,1,2,0,3,1,2,3,1,2,1,2
4,291,1003.0,247,terminated,1,0,0,0,1003.0,1,1,1,0,1,1,1,3,1,0,1,2,1,0,1,1,0,1,2,1,0,19,1,1,0,1,1,0,1,0
4,292,-26.0,76,terminated,0,20,1,1,-26.0,0,1,0,1,1,1,1,3,0,1,1,2,0,1,1,2,1,1,2,0,1,46,1,0,1,1,0,1,0,1
4,293,84.0,106,terminated,1,6,1,0,84.0,0,0,0,0,1,1,1,3,1,0,1,2,1,0,1,1,0,1,2,1,0,55,1,1,0,1,1,0,1,0
4,294,-188.0,128,terminated,0,11,1,0,-188.0,0,0,0,0,1,0,1,1,0,0,1,1,0,0,1,1,0,0,0,0,0,108,0,0,0,0,0,0,0,0
4,295,93.0,77,terminated,1,28,1,1,93.0,0,0,0,0,0,2,0,4,1,1,0,2,1,1,0,1,1,2,4,1,1,0,2,1,1,2,1,1,1,1
4,296,200.0,300,truncated,0,5,0,0,200.0,0,0,0,0,1,0,1,1,0,0,1,1,0,0,1,1,0,0,0,0,0,84,0,0,0,0,0,0,0,0
4,297,1293.0,157,terminated,1,0,0,1,1293.0,1,1,0,1,0,2,0,4,1,1,0,2,1,1,0,1,1,2,4,1,1,5,2,1,1,2,1,1,1,1
4,298,619.0,121,terminated,2,11,1,2,619.0,0,3,2,1,1,3,1,8,2,2,1,5,2,2,1,3,2,3,7,2,2,1,4,2,2,4,2,2,2,2
4,299,1244.0,206,terminated,2,0,0,0,1244.0,1,2,2,0,1,2,1,5,2,0,1,3,2,0,1,1,0,2,4,2,0,9,2,2,0,2,2,0,2,0
4,300,684.0,126,terminated,2,4,1,2,684.0,0,1,0,1,1,3,1,8,2,2,1,5,2,2,1,3,2,3,7,2,2,7,4,2,2,4,2,2,2,2
4,301,87.0,133,terminated,1,3,1,0,87.0,0,1,1,0,1,1,1,3,1,0,1,2,1,0,1,1,0,1,2,1,0,70,1,1,0,1,1,0,1,0
4,302,240.0,60,terminated,1,15,1,1,240.0,0,1,1,0,1,2,1,5,1,1,1,3,1,1,1,2,1,2,4,1,1,6,2,1,1,2,1,1,1,1
4,303,1087.0,163,terminated,1,0,0,0,1087.0,1,0,0,0,1,1,1,3,1,0,1,2,1,0,1,1,0,1,2,1,0,45,1,1,0,1,1,0,1,0
4,304,1125.0,125,terminated,0,0,0,1,1125.0,1,0,0,0,0,1,0,2,0,1,0,1,0,1,0,1,1,1,2,0,1,8,1,0,1,1,0,1,0,1
4,305,272.0,108,terminated,1,7,1,1,272.0,0,1,1,0,1,2,1,5,1,1,1,3,1,1,1,2,1,2,4,1,1,5,2,1,1,2,1,1,1,1
4,306,1092.0,158,terminated,1,0,0,0,1092.0,1,0,0,0,1,1,1,3,1,0,1,2,1,0,1,1,0,1,2,1,0,5,1,1,0,1,1,0,1,0
4,307,179.0,51,terminated,1,22,1,1,179.0,0,0,0,0,0,2,0,4,1,1,0,2,1,1,0,1,1,2,4,1,1,0,2,1,1,2,1,1,1,1
4,308,111.0,49,terminated,1,29,1,1,111.0,0,0,0,0,0,2,0,4,1,1,0,2,1,1,0,1,1,2,4,1,1,0,2,1,1,2,1,1,1,1
4,309,440.0,300,truncated,0,1,0,1,440.0,0,0,0,0,1,1,1,3,0,1,1,2,0,1,1,2,1,1,2,0,1,6,1,0,1,1,0,1,0,1
4,310,29.0,71,terminated,0,15,1,1,29.0,0,1,0,1,1,1,1,3,0,1,1,2,0,1,1,2,1,1,2,0,1,4,1,0,1,1,0,1,0,1
4,311,-300.0,200,terminated,0,15,1,0,-300.0,0,0,0,0,1,0,1,1,0,0,1,1,0,0,1,1,0,0,0,0,0,19,0,0,0,0,0,0,0,0
4,312,1320.0,130,terminated,2,0,0,0,1320.0,1,1,1,0,1,1,1,4,2,0,1,3,2,0,1,1,0,1,3,2,0,5,2,2,0,2,2,0,2,0
4,313,-143.0,23,terminated,1,37,1,0,-143.0,0,0,0,0,1,1,1,3,1,0,1,2,1,0,1,1,0,1,2,1,0,1,1,1,0,1,1,0,1,0
4,314,1334.0,116,terminated,1,0,0,1,1334.0,1,2,1,1,1,2,1,5,1,1,1,3,1,1,1,2,1,2,4,1,1,6,2,1,1,2,1,1,1,1
4,315,1709.0,141,terminated,2,0,0,2,1709.0,1,2,0,2,1,2,1,7,2,2,1,5,2,2,1,3,2,2,6,2,2,5,4,2,2,4,2,2,2,2
4,316,48.0,192,terminated,0,1,1,1,48.0,0,1,0,1,1,1,1,3,0,1,1,2,0,1,1,2,1,1,2,0,1,6,1,0,1,1,0,1,0,1
4,317,968.0,282,terminated,1,0,0,0,968.0,1,0,0,0,1,1,1,3,1,0,1,2,1,0,1,1,0,1,2,1,0,55,1,1,0,1,1,0,1,0
4,318,1518.0,132,terminated,2,0,0,1,1518.0,1,0,0,0,1,3,1,7,2,1,1,4,2,1,1,2,1,3,6,2,1,7,3,2,1,3,2,1,2,1
4,319,1284.0,166,terminated,1,0,0,1,1284.0,1,0,0,0,1,2,1,5,1,1,1,3,1,1,1,2,1,2,4,1,1,0,2,1,1,2,1,1,1,1
4,320,-94.0,214,terminated,1,13,1,0,-94.0,0,0,0,0,1,1,1,3,1,0,1,2,1,0,1,1,0,1,2,1,0,5,1,1,0,1,1,0,1,0
4,321,1331.0,119,terminated,1,0,0,1,1331.0,1,1,1,0,1,2,1,5,1,1,1,3,1,1,1,2,1,2,4,1,1,5,2,1,1,2,1,1,1,1
4,322,1419.0,231,terminated,1,0,0,2,1419.0,1,3,1,2,1,3,1,7,1,2,1,4,1,2,1,3,2,3,6,1,2,21,3,1,2,3,1,2,1,2
4,323,1342.0,108,terminated,0,0,0,2,1342.0,1,0,0,0,1,2,1,5,0,2,1,3,0,2,1,3,2,2,4,0,2,5,2,0,2,2,0,2,0,2
4,324,20.0,210,terminated,0,2,1,1,20.0,0,0,0,0,1,1,1,3,0,1,1,2,0,1,1,2,1,1,2,0,1,55,1,0,1,1,0,1,0,1
4,325,1098.0,152,terminated,1,0,0,0,1098.0,1,1,1,0,1,1,1,3,1,0,1,2,1,0,1,1,0,1,2,1,0,5,1,1,0,1,1,0,1,0
4,326,1485.0,165,terminated,1,0,0,2,1485.0,1,1,1,0,0,3,0,6,1,2,0,3,1,2,0,2,2,3,6,1,2,8,3,1,2,3,1,2,1,2
4,327,32.0,178,terminated,0,4,1,1,32.0,0,0,0,0,1,1,1,3,0,1,1,2,0,1,1,2,1,1,2,0,1,5,1,0,1,1,0,1,0,1
4,328,1212.0,238,terminated,1,0,0,1,1212.0,1,1,0,1,1,1,1,4,1,1,1,3,1,1,1,2,1,1,3,1,1,40,2,1,1,2,1,1,1,1
4,329,4.0,46,terminated,1,20,1,0,4.0,0,0,0,0,1,1,1,3,1,0,1,2,1,0,1,1,0,1,2,1,0,6,1,1,0,1,1,0,1,0
4,330,163.0,277,terminated,1,1,1,1,163.0,0,1,0,1,1,2,1,5,1,1,1,3,1,1,1,2,1,2,4,1,1,0,2,1,1,2,1,1,1,1
4,331,239.0,111,terminated,1,10,1,1,239.0,0,0,0,0,1,1,1,4,1,1,1,3,1,1,1,2,1,1,3,1,1,51,2,1,1,2,1,1,1,1
4,332,1228.0,222,terminated,2,0,0,0,1228.0,1,2,2,0,1,1,1,4,2,0,1,3,2,0,1,1,0,1,3,2,0,5,2,2,0,2,2,0,2,0
4,333,1132.0,118,terminated,1,0,0,0,1132.0,1,1,1,0,1,1,1,3,1,0,1,2,1,0,1,1,0,1,2,1,0,25,1,1,0,1,1,0,1,0
4,334,433.0,127,terminated,1,9,1,2,433.0,0,2,1,1,1,2,1,6,1,2,1,4,1,2,1,3,2,2,5,1,2,15,3,1,2,3,1,2,1,2
4,335,1501.0,149,terminated,1,0,0,2,1501.0,1,1,0,1,1,2,1,6,1,2,1,4,1,2,1,3,2,2,5,1,2,5,3,1,2,3,1,2,1,2
4,336,85.0,85,terminated,0,8,1,1,85.0,0,1,0,1,1,0,1,2,0,1,1,2,0,1,1,2,1,0,1,0,1,29,1,0,1,1,0,1,0,1
4,337,1006.0,244,terminated,0,0,0,1,1006.0,1,1,0,1,1,1,1,3,0,1,1,2,0,1,1,2,1,1,2,0,1,23,1,0,1,1,0,1,0,1
4,338,271.0,149,terminated,1,3,1,1,271.0,0,0,0,0,1,2,1,5,1,1,1,3,1,1,1,2,1,2,4,1,1,0,2,1,1,2,1,1,1,1
4,339,6.0,234,terminated,0,1,1,1,6.0,0,1,0,1,1,1,1,3,0,1,1,2,0,1,1,2,1,1,2,0,1,26,1,0,1,1,0,1,0,1
4,340,62.0,158,terminated,1,3,1,0,62.0,0,0,0,0,1,1,1,3,1,0,1,2,1,0,1,1,0,1,2,1,0,6,1,1,0,1,1,0,1,0
4,341,483.0,137,terminated,1,3,1,2,483.0,0,2,1,1,1,3,1,7,1,2,1,4,1,2,1,3,2,3,6,1,2,6,3,1,2,3,1,2,1,2
4,342,12.0,48,terminated,1,19,1,0,12.0,0,0,0,0,1,1,1,3,1,0,1,2,1,0,1,1,0,1,2,1,0,5,1,1,0,1,1,0,1,0
4,343,473.0,117,terminated,2,6,1,1,473.0,0,3,2,1,1,3,1,7,2,1,1,4,2,1,1,2,1,3,6,2,1,16,3,2,1,3,2,1,2,1
4,344,330.0,300,truncated,1,12,0,0,330.0,0,1,1,0,1,1,1,3,1,0,1,2,1,0,1,1,0,1,2,1,0,6,1,1,0,1,1,0,1,0
4,345,1514.0,136,terminated,1,0,0,2,1514.0,1,1,1,0,1,3,1,7,1,2,1,4,1,2,1,3,2,3,6,1,2,0,3,1,2,3,1,2,1,2
4,346,115.0,95,terminated,1,4,1,0,115.0,0,1,1,0,1,1,1,3,1,0,1,2,1,0,1,1,0,1,2,1,0,6,1,1,0,1,1,0,1,0
4,347,1491.0,159,terminated,1,0,0,2,1491.0,1,2,1,1,1,3,1,7,1,2,1,4,1,2,1,3,2,3,6,1,2,4,3,1,2,3,1,2,1,2
4,348,288.0,122,terminated,1,4,1,1,288.0,0,1,1,0,1,2,1,5,1,1,1,3,1,1,1,2,1,2,4,1,1,53,2,1,1,2,1,1,1,1
4,349,206.0,84,terminated,1,16,1,1,206.0,0,2,1,1,1,2,1,5,1,1,1,3,1,1,1,2,1,2,4,1,1,5,2,1,1,2,1,1,1,1
4,350,1331.0,119,terminated,1,0,0,1,1331.0,1,1,0,1,1,2,1,5,1,1,1,3,1,1,1,2,1,2,4,1,1,4,2,1,1,2,1,1,1,1
4,351,1053.0,197,terminated,0,0,0,1,1053.0,1,0,0,0,1,1,1,3,0,1,1,2,0,1,1,2,1,1,2,0,1,30,1,0,1,1,0,1,0,1
4,352,1282.0,168,terminated,1,0,0,1,1282.0,1,1,1,0,0,1,0,3,1,1,0,2,1,1,0,1,1,1,3,1,1,0,2,1,1,2,1,1,1,1
4,353,90.0,120,terminated,1,4,1,0,90.0,0,1,1,0,1,1,1,3,1,0,1,2,1,0,1,1,0,1,2,1,0,7,1,1,0,1,1,0,1,0
4,354,-28.0,68,terminated,1,21,1,0,-28.0,0,1,1,0,1,1,1,3,1,0,1,2,1,0,1,1,0,1,2,1,0,7,1,1,0,1,1,0,1,0
4,355,1245.0,205,terminated,2,0,0,0,1245.0,1,2,2,0,1,2,1,5,2,0,1,3,2,0,1,1,0,2,4,2,0,5,2,2,0,2,2,0,2,0
4,356,1089.0,161,terminated,1,0,0,0,1089.0,1,1,1,0,1,1,1,3,1,0,1,2,1,0,1,1,0,1,2,1,0,6,1,1,0,1,1,0,1,0
4,357,1168.0,282,terminated,1,0,0,1,1168.0,1,2,1,1,1,1,1,4,1,1,1,3,1,1,1,2,1,1,3,1,1,0,2,1,1,2,1,1,1,1
4,358,256.0,104,terminated,0,9,1,2,256.0,0,2,0,2,1,2,1,5,0,2,1,3,0,2,1,3,2,2,4,0,2,5,2,0,2,2,0,2,0,2
4,359,82.0,128,terminated,0,4,1,1,82.0,0,1,0,1,1,1,1,3,0,1,1,2,0,1,1,2,1,1,2,0,1,6,1,0,1,1,0,1,0,1
4,360,1497.0,153,terminated,2,0,0,1,1497.0,1,2,1,1,1,2,1,6,2,1,1,4,2,1,1,2,1,2,5,2,1,5,3,2,1,3,2,1,2,1
4,361,239.0,91,terminated,1,12,1,1,239.0,0,2,1,1,1,2,1,5,1,1,1,3,1,1,1,2,1,2,4,1,1,7,2,1,1,2,1,1,1,1
4,362,1518.0,132,terminated,1,0,0,2,1518.0,1,3,1,2,1,3,1,7,1,2,1,4,1,2,1,3,2,3,6,1,2,6,3,1,2,3,1,2,1,2
4,363,56.0,124,terminated,0,7,1,1,56.0,0,1,0,1,1,1,1,3,0,1,1,2,0,1,1,2,1,1,2,0,1,6,1,0,1,1,0,1,0,1
4,364,218.0,72,terminated,1,16,1,1,218.0,0,1,0,1,1,2,1,5,1,1,1,3,1,1,1,2,1,2,4,1,1,6,2,1,1,2,1,1,1,1
4,365,1416.0,234,terminated,2,0,0,1,1416.0,1,3,2,1,1,3,1,7,2,1,1,4,2,1,1,2,1,3,6,2,1,5,3,2,1,3,2,1,2,1
4,366,1040.0,300,truncated,2,1,0,2,1040.0,0,2,1,1,1,2,1,7,2,2,1,5,2,2,1,3,2,2,6,2,2,0,4,2,2,4,2,2,2,2
4,367,43.0,267,terminated,1,14,1,1,43.0,0,0,0,0,0,2,0,4,1,1,0,2,1,1,0,1,1,2,4,1,1,0,2,1,1,2,1,1,1,1
4,368,330.0,300,truncated,0,12,0,1,330.0,0,0,0,0,1,1,1,3,0,1,1,2,0,1,1,2,1,1,2,0,1,4,1,0,1,1,0,1,0,1
4,369,620.0,300,truncated,0,3,0,2,620.0,0,1,0,1,1,1,1,4,0,2,1,3,0,2,1,3,2,1,3,0,2,5,2,0,2,2,0,2,0,2
4,370,44.0,186,terminated,0,2,1,1,44.0,0,1,0,1,1,1,1,3,0,1,1,2,0,1,1,2,1,1,2,0,1,6,1,0,1,1,0,1,0,1
4,371,53.0,137,terminated,1,6,1,0,53.0,0,0,0,0,1,1,1,3,1,0,1,2,1,0,1,1,0,1,2,1,0,57,1,1,0,1,1,0,1,0
4,372,1309.0,141,terminated,0,0,0,2,1309.0,1,1,0,1,1,2,1,5,0,2,1,3,0,2,1,3,2,2,4,0,2,0,2,0,2,2,0,2,0,2
4,373,121.0,109,terminated,0,2,1,1,121.0,0,1,0,1,1,1,1,3,0,1,1,2,0,1,1,2,1,1,2,0,1,5,1,0,1,1,0,1,0,1
4,374,1335.0,115,terminated,1,0,0,1,1335.0,1,0,0,0,1,2,1,5,1,1,1,3,1,1,1,2,1,2,4,1,1,0,2,1,1,2,1,1,1,1
4,375,1427.0,223,terminated,1,0,0,2,1427.0,1,1,1,0,1,3,1,7,1,2,1,4,1,2,1,3,2,3,6,1,2,5,3,1,2,3,1,2,1,2
4,376,-99.0,99,terminated,0,5,1,0,-99.0,0,0,0,0,1,0,1,1,0,0,1,1,0,0,1,1,0,0,0,0,0,37,0,0,0,0,0,0,0,0
4,377,-152.0,22,terminated,1,38,1,0,-152.0,0,0,0,0,1,1,1,3,1,0,1,2,1,0,1,1,0,1,2,1,0,0,1,1,0,1,1,0,1,0
4,378,64.0,166,terminated,0,2,1,1,64.0,0,1,0,1,1,1,1,3,0,1,1,2,0,1,1,2,1,1,2,0,1,6,1,0,1,1,0,1,0,1
4,379,274.0,106,terminated,1,7,1,1,274.0,0,0,0,0,1,2,1,5,1,1,1,3,1,1,1,2,1,2,4,1,1,5,2,1,1,2,1,1,1,1
4,380,276.0,144,terminated,0,3,1,2,276.0,0,2,0,2,1,2,1,5,0,2,1,3,0,2,1,3,2,2,4,0,2,8,2,0,2,2,0,2,0,2
4,381,299.0,91,terminated,0,6,1,2,299.0,0,2,0,2,1,2,1,5,0,2,1,3,0,2,1,3,2,2,4,0,2,5,2,0,2,2,0,2,0,2
4,382,-149.0,19,terminated,0,38,1,1,-149.0,0,0,0,0,1,1,1,3,0,1,1,2,0,1,1,2,1,1,2,0,1,1,1,0,1,1,0,1,0,1
4,383,-14.0,34,terminated,0,23,1,1,-14.0,0,0,0,0,1,1,1,3,0,1,1,2,0,1,1,2,1,1,2,0,1,6,1,0,1,1,0,1,0,1
4,384,429.0,161,terminated,1,6,1,2,429.0,0,2,1,1,1,3,1,7,1,2,1,4,1,2,1,3,2,3,6,1,2,6,3,1,2,3,1,2,1,2
4,385,40.0,150,terminated,0,6,1,1,40.0,0,1,0,1,1,1,1,3,0,1,1,2,0,1,1,2,1,1,2,0,1,9,1,0,1,1,0,1,0,1
4,386,512.0,118,terminated,1,2,1,2,512.0,0,1,0,1,1,2,1,6,1,2,1,4,1,2,1,3,2,2,5,1,2,0,3,1,2,3,1,2,1,2
4,387,1123.0,127,terminated,1,0,0,0,1123.0,1,1,1,0,1,1,1,3,1,0,1,2,1,0,1,1,0,1,2,1,0,6,1,1,0,1,1,0,1,0
4,388,207.0,113,terminated,1,13,1,1,207.0,0,0,0,0,1,2,1,5,1,1,1,3,1,1,1,2,1,2,4,1,1,0,2,1,1,2,1,1,1,1
4,389,-158.0,18,terminated,0,39,1,1,-158.0,0,0,0,0,1,1,1,3,0,1,1,2,0,1,1,2,1,1,2,0,1,0,1,0,1,1,0,1,0,1
4,390,1286.0,164,terminated,2,0,0,0,1286.0,1,1,1,0,1,2,1,5,2,0,1,3,2,0,1,1,0,2,4,2,0,26,2,2,0,2,2,0,2,0
4,391,1247.0,203,terminated,1,0,0,1,1247.0,1,0,0,0,1,2,1,5,1,1,1,3,1,1,1,2,1,2,4,1,1,7,2,1,1,2,1,1,1,1
4,392,987.0,263,terminated,1,0,0,0,987.0,1,0,0,0,0,1,0,2,1,0,0,1,1,0,0,0,0,1,2,1,0,7,1,1,0,1,1,0,1,0
4,393,1262.0,188,terminated,2,0,0,0,1262.0,1,2,2,0,1,2,1,5,2,0,1,3,2,0,1,1,0,2,4,2,0,8,2,2,0,2,2,0,2,0
4,394,1638.0,212,terminated,2,0,0,2,1638.0,1,4,2,2,1,2,1,7,2,2,1,5,2,2,1,3,2,2,6,2,2,4,4,2,2,4,2,2,2,2
4,395,1232.0,218,terminated,2,0,0,0,1232.0,1,1,1,0,1,1,1,4,2,0,1,3,2,0,1,1,0,1,3,2,0,5,2,2,0,2,2,0,2,0
4,396,764.0,286,terminated,0,0,0,0,764.0,1,0,0,0,1,0,1,1,0,0,1,1,0,0,1,1,0,0,0,0,0,71,0,0,0,0,0,0,0,0
4,397,0.0,120,terminated,0,13,1,1,0.0,0,1,0,1,2,1,2,4,0,1,2,3,0,1,2,3,1,1,2,0,1,6,1,0,1,1,0,1,0,1
4,398,86.0,134,terminated,1,3,1,0,86.0,0,0,0,0,1,1,1,3,1,0,1,2,1,0,1,1,0,1,2,1,0,32,1,1,0,1,1,0,1,0
4,399,1284.0,166,terminated,0,0,0,2,1284.0,1,2,0,2,1,2,1,5,0,2,1,3,0,2,1,3,2,2,4,0,2,5,2,0,2,2,0,2,0,2
4,400,296.0,114,terminated,1,4,1,1,296.0,0,0,0,0,1,2,1,5,1,1,1,3,1,1,1,2,1,2,4,1,1,0,2,1,1,2,1,1,1,1
4,401,1202.0,248,terminated,1,0,0,1,1202.0,1,1,0,1,1,2,1,5,1,1,1,3,1,1,1,2,1,2,4,1,1,39,2,1,1,2,1,1,1,1
4,402,1334.0,116,terminated,2,0,0,0,1334.0,1,1,1,0,1,1,1,4,2,0,1,3,2,0,1,1,0,1,3,2,0,5,2,2,0,2,2,0,2,0
4,403,1478.0,172,terminated,1,0,0,2,1478.0,1,3,1,2,1,3,1,7,1,2,1,4,1,2,1,3,2,3,6,1,2,4,3,1,2,3,1,2,1,2
4,404,1534.0,116,terminated,1,0,0,2,1534.0,1,1,0,1,0,3,0,6,1,2,0,3,1,2,0,2,2,3,6,1,2,0,3,1,2,3,1,2,1,2
4,405,27.0,23,terminated,1,40,1,1,27.0,0,0,0,0,0,2,0,4,1,1,0,2,1,1,0,1,1,2,4,1,1,0,2,1,1,2,1,1,1,1
4,406,-151.0,21,terminated,1,38,1,0,-151.0,0,0,0,0,1,1,1,3,1,0,1,2,1,0,1,1,0,1,2,1,0,1,1,1,0,1,1,0,1,0
4,407,227.0,133,terminated,2,9,1,0,227.0,0,0,0,0,0,2,0,4,2,0,0,2,2,0,0,0,0,2,4,2,0,11,2,2,0,2,2,0,2,0
4,408,1290.0,160,terminated,2,0,0,0,1290.0,1,0,0,0,1,2,1,5,2,0,1,3,2,0,1,1,0,2,4,2,0,0,2,2,0,2,2,0,2,0
4,409,303.0,137,terminated,1,1,1,1,303.0,0,2,1,1,1,1,1,4,1,1,1,3,1,1,1,2,1,1,3,1,1,26,2,1,1,2,1,1,1,1
4,410,930.0,120,terminated,0,0,0,0,930.0,1,0,0,0,1,0,1,1,0,0,1,1,0,0,1,1,0,0,0,0,0,63,0,0,0,0,0,0,0,0
4,411,1182.0,268,terminated,0,0,0,2,1182.0,1,1,0,1,1,1,1,4,0,2,1,3,0,2,1,3,2,1,3,0,2,6,2,0,2,2,0,2,0,2
4,412,1076.0,174,terminated,1,0,0,0,1076.0,1,0,0,0,1,0,1,2,1,0,1,2,1,0,1,1,0,0,1,1,0,46,1,1,0,1,1,0,1,0
4,413,52.0,178,terminated,0,2,1,1,52.0,0,1,0,1,1,1,1,3,0,1,1,2,0,1,1,2,1,1,2,0,1,6,1,0,1,1,0,1,0,1
4,414,1275.0,175,terminated,1,0,0,1,1275.0,1,0,0,0,1,1,1,4,1,1,1,3,1,1,1,2,1,1,3,1,1,6,2,1,1,2,1,1,1,1
4,415,1252.0,198,terminated,0,0,0,2,1252.0,1,1,0,1,1,2,1,5,0,2,1,3,0,2,1,3,2,2,4,0,2,5,2,0,2,2,0,2,0,2
4,416,1344.0,106,terminated,1,0,0,1,1344.0,1,1,0,1,1,2,1,5,1,1,1,3,1,1,1,2,1,2,4,1,1,33,2,1,1,2,1,1,1,1
4,417,1652.0,198,terminated,2,0,0,2,1652.0,1,3,2,1,1,4,1,9,2,2,1,5,2,2,1,3,2,4,8,2,2,5,4,2,2,4,2,2,2,2
4,418,322.0,118,terminated,1,1,1,1,322.0,0,1,0,1,1,2,1,5,1,1,1,3,1,1,1,2,1,2,4,1,1,5,2,1,1,2,1,1,1,1
4,419,420.0,300,truncated,0,3,0,1,420.0,0,0,0,0,1,1,1,3,0,1,1,2,0,1,1,2,1,1,2,0,1,6,1,0,1,1,0,1,0,1
4,420,179.0,41,terminated,1,23,1,1,179.0,0,0,0,0,1,2,1,5,1,1,1,3,1,1,1,2,1,2,4,1,1,0,2,1,1,2,1,1,1,1
4,421,1102.0,148,terminated,1,0,0,0,1102.0,1,0,0,0,1,1,1,3,1,0,1,2,1,0,1,1,0,1,2,1,0,5,1,1,0,1,1,0,1,0
4,422,-150.0,20,terminated,0,38,1,1,-150.0,0,0,0,0,1,1,1,3,0,1,1,2,0,1,1,2,1,1,2,0,1,0,1,0,1,1,0,1,0,1
4,423,298.0,132,terminated,1,2,1,1,298.0,0,1,1,0,1,2,1,5,1,1,1,3,1,1,1,2,1,2,4,1,1,6,2,1,1,2,1,1,1,1
4,424,470.0,140,terminated,1,4,1,2,470.0,0,1,0,1,1,2,1,6,1,2,1,4,1,2,1,3,2,2,5,1,2,0,3,1,2,3,1,2,1,2
4,425,220.0,300,truncated,0,3,0,0,220.0,0,0,0,0,1,0,1,1,0,0,1,1,0,0,1,1,0,0,0,0,0,45,0,0,0,0,0,0,0,0
4,426,-11.0,201,terminated,0,6,1,1,-11.0,0,1,0,1,1,1,1,3,0,1,1,2,0,1,1,2,1,1,2,0,1,6,1,0,1,1,0,1,0,1
4,427,27.0,33,terminated,1,39,1,1,27.0,0,0,0,0,1,2,1,5,1,1,1,3,1,1,1,2,1,2,4,1,1,0,2,1,1,2,1,1,1,1
4,428,1123.0,127,terminated,1,0,0,0,1123.0,1,1,1,0,1,1,1,3,1,0,1,2,1,0,1,1,0,1,2,1,0,5,1,1,0,1,1,0,1,0
4,429,315.0,105,terminated,1,3,1,1,315.0,0,1,0,1,1,2,1,5,1,1,1,3,1,1,1,2,1,2,4,1,1,0,2,1,1,2,1,1,1,1
4,430,1308.0,142,terminated,1,0,0,1,1308.0,1,1,1,0,1,2,1,5,1,1,1,3,1,1,1,2,1,2,4,1,1,24,2,1,1,2,1,1,1,1
4,431,1477.0,173,terminated,2,0,0,1,1477.0,1,1,1,0,1,3,1,7,2,1,1,4,2,1,1,2,1,3,6,2,1,6,3,2,1,3,2,1,2,1
4,432,1316.0,134,terminated,1,0,0,1,1316.0,1,1,1,0,1,2,1,5,1,1,1,3,1,1,1,2,1,2,4,1,1,6,2,1,1,2,1,1,1,1
4,433,3.0,67,terminated,0,18,1,1,3.0,0,0,0,0,1,1,1,3,0,1,1,2,0,1,1,2,1,1,2,0,1,5,1,0,1,1,0,1,0,1
4,434,78.0,62,terminated,1,31,1,1,78.0,0,0,0,0,1,1,1,4,1,1,1,3,1,1,1,2,1,1,3,1,1,0,2,1,1,2,1,1,1,1
4,435,-134.0,164,terminated,0,2,1,0,-134.0,0,0,0,0,1,0,1,1,0,0,1,1,0,0,1,1,0,0,0,0,0,39,0,0,0,0,0,0,0,0
4,436,257.0,133,terminated,1,6,1,1,257.0,0,0,0,0,1,2,1,5,1,1,1,3,1,1,1,2,1,2,4,1,1,6,2,1,1,2,1,1,1,1
4,437,387.0,213,terminated,1,5,1,2,387.0,0,1,0,1,0,3,0,6,1,2,0,3,1,2,0,2,2,3,6,1,2,0,3,1,2,3,1,2,1,2
4,438,394.0,86,terminated,2,17,1,1,394.0,0,2,1,1,1,2,1,6,2,1,1,4,2,1,1,2,1,2,5,2,1,4,3,2,1,3,2,1,2,1
4,439,1538.0,112,terminated,1,0,0,2,1538.0,1,1,1,0,1,3,1,7,1,2,1,4,1,2,1,3,2,3,6,1,2,5,3,1,2,3,1,2,1,2
4,440,567.0,73,terminated,2,21,1,2,567.0,0,3,2,1,1,2,1,7,2,2,1,5,2,2,1,3,2,2,6,2,2,0,4,2,2,4,2,2,2,2
4,441,220.0,80,terminated,1,15,1,1,220.0,0,2,1,1,1,2,1,5,1,1,1,3,1,1,1,2,1,2,4,1,1,1,2,1,1,2,1,1,1,1
4,442,1317.0,133,terminated,2,0,0,0,1317.0,1,1,1,0,0,2,0,4,2,0,0,2,2,0,0,0,0,2,4,2,0,0,2,2,0,2,2,0,2,0
4,443,-141.0,21,terminated,1,37,1,0,-141.0,0,0,0,0,1,1,1,3,1,0,1,2,1,0,1,1,0,1,2,1,0,1,1,1,0,1,1,0,1,0
4,444,-105.0,185,terminated,1,17,1,0,-105.0,0,1,1,0,1,1,1,3,1,0,1,2,1,0,1,1,0,1,2,1,0,7,1,1,0,1,1,0,1,0
4,445,80.0,150,terminated,0,2,1,1,80.0,0,0,0,0,1,1,1,3,0,1,1,2,0,1,1,2,1,1,2,0,1,52,1,0,1,1,0,1,0,1
4,446,282.0,138,terminated,1,3,1,1,282.0,0,0,0,0,0,2,0,4,1,1,0,2,1,1,0,1,1,2,4,1,1,6,2,1,1,2,1,1,1,1
4,447,618.0,192,terminated,2,4,1,2,618.0,0,2,0,2,1,3,1,8,2,2,1,5,2,2,1,3,2,3,7,2,2,6,4,2,2,4,2,2,2,2
4,448,1288.0,162,terminated,1,0,0,1,1288.0,1,0,0,0,0,2,0,4,1,1,0,2,1,1,0,1,1,2,4,1,1,0,2,1,1,2,1,1,1,1
4,449,1358.0,292,terminated,1,0,0,2,1358.0,1,3,1,2,1,3,1,7,1,2,1,4,1,2,1,3,2,3,6,1,2,6,3,1,2,3,1,2,1,2
4,450,1135.0,115,terminated,0,0,0,1,1135.0,1,1,0,1,1,1,1,3,0,1,1,2,0,1,1,2,1,1,2,0,1,12,1,0,1,1,0,1,0,1
4,451,29.0,111,terminated,1,11,1,0,29.0,0,0,0,0,1,1,1,3,1,0,1,2,1,0,1,1,0,1,2,1,0,6,1,1,0,1,1,0,1,0
4,452,1085.0,165,terminated,1,0,0,0,1085.0,1,0,0,0,1,1,1,3,1,0,1,2,1,0,1,1,0,1,2,1,0,6,1,1,0,1,1,0,1,0
4,453,628.0,102,terminated,2,12,1,2,628.0,0,2,1,1,1,3,1,8,2,2,1,5,2,2,1,3,2,3,7,2,2,6,4,2,2,4,2,2,2,2
4,454,1490.0,160,terminated,2,0,0,1,1490.0,1,3,2,1,1,3,1,7,2,1,1,4,2,1,1,2,1,3,6,2,1,9,3,2,1,3,2,1,2,1
4,455,38.0,172,terminated,0,4,1,1,38.0,0,1,0,1,1,1,1,3,0,1,1,2,0,1,1,2,1,1,2,0,1,6,1,0,1,1,0,1,0,1
4,456,57.0,183,terminated,0,1,1,1,57.0,0,0,0,0,1,1,1,3,0,1,1,2,0,1,1,2,1,1,2,0,1,5,1,0,1,1,0,1,0,1
4,457,1079.0,171,terminated,1,0,0,0,1079.0,1,0,0,0,1,1,1,3,1,0,1,2,1,0,1,1,0,1,2,1,0,6,1,1,0,1,1,0,1,0
4,458,240.0,300,truncated,0,1,0,0,240.0,0,0,0,0,1,0,1,1,0,0,1,1,0,0,1,1,0,0,0,0,0,41,0,0,0,0,0,0,0,0
4,459,112.0,98,terminated,1,4,1,0,112.0,0,0,0,0,1,1,1,3,1,0,1,2,1,0,1,1,0,1,2,1,0,5,1,1,0,1,1,0,1,0
4,460,1099.0,151,terminated,1,0,0,0,1099.0,1,0,0,0,1,1,1,3,1,0,1,2,1,0,1,1,0,1,2,1,0,47,1,1,0,1,1,0,1,0
4,461,504.0,106,terminated,1,4,1,2,504.0,0,2,1,1,1,3,1,7,1,2,1,4,1,2,1,3,2,3,6,1,2,5,3,1,2,3,1,2,1,2
4,462,108.0,102,terminated,1,4,1,0,108.0,0,1,1,0,1,1,1,3,1,0,1,2,1,0,1,1,0,1,2,1,0,5,1,1,0,1,1,0,1,0
4,463,969.0,281,terminated,0,0,0,1,969.0,1,0,0,0,1,1,1,3,0,1,1,2,0,1,1,2,1,1,2,0,1,5,1,0,1,1,0,1,0,1
4,464,251.0,179,terminated,1,2,1,1,251.0,0,1,0,1,1,2,1,5,1,1,1,3,1,1,1,2,1,2,4,1,1,6,2,1,1,2,1,1,1,1
4,465,86.0,24,terminated,1,34,1,1,86.0,0,1,1,0,1,2,1,5,1,1,1,3,1,1,1,2,1,2,4,1,1,0,2,1,1,2,1,1,1,1
4,466,-28.0,138,terminated,1,14,1,0,-28.0,0,1,1,0,1,1,1,3,1,0,1,2,1,0,1,1,0,1,2,1,0,5,1,1,0,1,1,0,1,0
4,467,1317.0,133,terminated,1,0,0,1,1317.0,1,1,1,0,1,2,1,5,1,1,1,3,1,1,1,2,1,2,4,1,1,6,2,1,1,2,1,1,1,1
4,468,-150.0,20,terminated,0,38,1,1,-150.0,0,0,0,0,1,1,1,3,0,1,1,2,0,1,1,2,1,1,2,0,1,0,1,0,1,1,0,1,0,1
4,469,1542.0,108,terminated,1,0,0,2,1542.0,1,3,1,2,1,3,1,7,1,2,1,4,1,2,1,3,2,3,6,1,2,6,3,1,2,3,1,2,1,2
4,470,1480.0,170,terminated,2,0,0,1,1480.0,1,2,1,1,1,3,1,7,2,1,1,4,2,1,1,2,1,3,6,2,1,6,3,2,1,3,2,1,2,1
4,471,211.0,219,terminated,0,2,1,2,211.0,0,1,0,1,1,2,1,5,0,2,1,3,0,2,1,3,2,2,4,0,2,6,2,0,2,2,0,2,0,2
4,472,39.0,81,terminated,1,13,1,0,39.0,0,0,0,0,1,1,1,3,1,0,1,2,1,0,1,1,0,1,2,1,0,44,1,1,0,1,1,0,1,0
4,473,1030.0,300,truncated,2,2,0,2,1030.0,0,3,2,1,1,4,1,9,2,2,1,5,2,2,1,3,2,4,8,2,2,18,4,2,2,4,2,2,2,2
4,474,1114.0,136,terminated,0,0,0,1,1114.0,1,1,0,1,1,1,1,3,0,1,1,2,0,1,1,2,1,1,2,0,1,8,1,0,1,1,0,1,0,1
4,475,305.0,85,terminated,0,6,1,2,305.0,0,1,0,1,1,2,1,5,0,2,1,3,0,2,1,3,2,2,4,0,2,5,2,0,2,2,0,2,0,2
4,476,462.0,178,terminated,1,1,1,2,462.0,0,1,1,0,0,3,0,6,1,2,0,3,1,2,0,2,2,3,6,1,2,2,3,1,2,3,1,2,1,2
4,477,143.0,57,terminated,1,25,1,1,143.0,0,2,1,1,1,2,1,5,1,1,1,3,1,1,1,2,1,2,4,1,1,6,2,1,1,2,1,1,1,1
4,478,320.0,300,truncated,0,13,0,1,320.0,0,1,0,1,1,1,1,3,0,1,1,2,0,1,1,2,1,1,2,0,1,7,1,0,1,1,0,1,0,1
4,479,1324.0,126,terminated,2,0,0,0,1324.0,1,1,1,0,1,2,1,5,2,0,1,3,2,0,1,1,0,2,4,2,0,6,2,2,0,2,2,0,2,0
4,480,256.0,94,terminated,2,10,1,0,256.0,0,1,1,0,1,1,1,4,2,0,1,3,2,0,1,1,0,1,3,2,0,6,2,2,0,2,2,0,2,0
4,481,1285.0,165,terminated,0,0,0,2,1285.0,1,0,0,0,1,2,1,5,0,2,1,3,0,2,1,3,2,2,4,0,2,6,2,0,2,2,0,2,0,2
4,482,1128.0,122,terminated,1,0,0,0,1128.0,1,0,0,0,1,1,1,3,1,0,1,2,1,0,1,1,0,1,2,1,0,49,1,1,0,1,1,0,1,0
4,483,575.0,255,terminated,2,2,1,2,575.0,0,1,1,0,1,4,1,9,2,2,1,5,2,2,1,3,2,4,8,2,2,2,4,2,2,4,2,2,2,2
4,484,1328.0,122,terminated,1,0,0,1,1328.0,1,0,0,0,0,2,0,4,1,1,0,2,1,1,0,1,1,2,4,1,1,0,2,1,1,2,1,1,1,1
4,485,1307.0,143,terminated,0,0,0,2,1307.0,1,0,0,0,0,1,0,3,0,2,0,2,0,2,0,2,2,1,3,0,2,7,2,0,2,2,0,2,0,2
4,486,139.0,101,terminated,1,21,1,1,139.0,0,0,0,0,0,2,0,4,1,1,0,2,1,1,0,1,1,2,4,1,1,0,2,1,1,2,1,1,1,1
4,487,272.0,88,terminated,0,9,1,2,272.0,0,2,0,2,1,2,1,5,0,2,1,3,0,2,1,3,2,2,4,0,2,11,2,0,2,2,0,2,0,2
4,488,1062.0,188,terminated,0,0,0,1,1062.0,1,1,0,1,1,1,1,3,0,1,1,2,0,1,1,2,1,1,2,0,1,12,1,0,1,1,0,1,0,1
4,489,83.0,137,terminated,1,3,1,0,83.0,0,1,1,0,1,1,1,3,1,0,1,2,1,0,1,1,0,1,2,1,0,6,1,1,0,1,1,0,1,0
4,490,517.0,103,terminated,1,3,1,2,517.0,0,2,1,1,1,3,1,7,1,2,1,4,1,2,1,3,2,3,6,1,2,5,3,1,2,3,1,2,1,2
4,491,630.0,300,truncated,2,2,0,0,630.0,0,0,0,0,1,2,1,5,2,0,1,3,2,0,1,1,0,2,4,2,0,5,2,2,0,2,2,0,2,0
4,492,139.0,81,terminated,1,23,1,1,139.0,0,2,1,1,1,2,1,5,1,1,1,3,1,1,1,2,1,2,4,1,1,5,2,1,1,2,1,1,1,1
4,493,1042.0,208,terminated,0,0,0,1,1042.0,1,0,0,0,1,0,1,2,0,1,1,2,0,1,1,2,1,0,1,0,1,63,1,0,1,1,0,1,0,1
4,494,241.0,49,terminated,1,16,1,1,241.0,0,1,1,0,0,2,0,4,1,1,0,2,1,1,0,1,1,2,4,1,1,4,2,1,1,2,1,1,1,1
4,495,1045.0,205,terminated,1,0,0,0,1045.0,1,1,1,0,1,1,1,3,1,0,1,2,1,0,1,1,0,1,2,1,0,20,1,1,0,1,1,0,1,0
4,496,24.0,96,terminated,1,13,1,0,24.0,0,0,0,0,1,1,1,3,1,0,1,2,1,0,1,1,0,1,2,1,0,5,1,1,0,1,1,0,1,0
4,497,1271.0,179,terminated,0,0,0,2,1271.0,1,1,0,1,1,2,1,5,0,2,1,3,0,2,1,3,2,2,4,0,2,6,2,0,2,2,0,2,0,2
4,498,265.0,175,terminated,2,1,1,0,265.0,0,1,1,0,1,2,1,5,2,0,1,3,2,0,1,1,0,2,4,2,0,21,2,2,0,2,2,0,2,0
4,499,638.0,192,terminated,2,2,1,2,638.0,0,3,2,1,1,2,1,7,2,2,1,5,2,2,1,3,2,2,6,2,2,6,4,2,2,4,2,2,2,2
4,500,1284.0,166,terminated,1,0,0,1,1284.0,1,1,1,0,1,2,1,5,1,1,1,3,1,1,1,2,1,2,4,1,1,2,2,1,1,2,1,1,1,1
4,501,285.0,115,terminated,0,5,1,2,285.0,0,1,0,1,1,1,1,4,0,2,1,3,0,2,1,3,2,1,3,0,2,18,2,0,2,2,0,2,0,2
4,502,230.0,210,terminated,2,1,1,0,230.0,0,0,0,0,1,2,1,5,2,0,1,3,2,0,1,1,0,2,4,2,0,6,2,2,0,2,2,0,2,0
4,503,1452.0,198,terminated,2,0,0,1,1452.0,1,1,1,0,0,3,0,6,2,1,0,3,2,1,0,1,1,3,6,2,1,0,3,2,1,3,2,1,2,1
4,504,1403.0,247,terminated,1,0,0,2,1403.0,1,2,1,1,1,2,1,6,1,2,1,4,1,2,1,3,2,2,5,1,2,2,3,1,2,3,1,2,1,2
4,505,1332.0,118,terminated,1,0,0,1,1332.0,1,1,1,0,1,2,1,5,1,1,1,3,1,1,1,2,1,2,4,1,1,5,2,1,1,2,1,1,1,1
4,506,216.0,134,terminated,1,10,1,1,216.0,0,1,1,0,1,2,1,5,1,1,1,3,1,1,1,2,1,2,4,1,1,6,2,1,1,2,1,1,1,1
4,507,209.0,111,terminated,1,13,1,1,209.0,0,2,1,1,1,2,1,5,1,1,1,3,1,1,1,2,1,2,4,1,1,13,2,1,1,2,1,1,1,1
4,508,117.0,113,terminated,1,2,1,0,117.0,0,1,1,0,1,1,1,3,1,0,1,2,1,0,1,1,0,1,2,1,0,6,1,1,0,1,1,0,1,0
4,509,458.0,152,terminated,1,4,1,2,458.0,0,1,0,1,1,2,1,6,1,2,1,4,1,2,1,3,2,2,5,1,2,0,3,1,2,3,1,2,1,2
4,510,640.0,300,truncated,2,1,0,0,640.0,0,2,2,0,1,1,1,4,2,0,1,3,2,0,1,1,0,1,3,2,0,24,2,2,0,2,2,0,2,0
4,511,34.0,206,terminated,1,1,1,0,34.0,0,1,1,0,1,1,1,3,1,0,1,2,1,0,1,1,0,1,2,1,0,6,1,1,0,1,1,0,1,0
4,512,1329.0,121,terminated,2,0,0,0,1329.0,1,1,1,0,1,1,1,4,2,0,1,3,2,0,1,1,0,1,3,2,0,6,2,2,0,2,2,0,2,0
4,513,1123.0,127,terminated,1,0,0,0,1123.0,1,0,0,0,1,1,1,3,1,0,1,2,1,0,1,1,0,1,2,1,0,7,1,1,0,1,1,0,1,0
4,514,1703.0,147,terminated,2,0,0,2,1703.0,1,2,1,1,1,3,1,8,2,2,1,5,2,2,1,3,2,3,7,2,2,0,4,2,2,4,2,2,2,2
4,515,56.0,84,terminated,1,11,1,0,56.0,0,0,0,0,1,1,1,3,1,0,1,2,1,0,1,1,0,1,2,1,0,47,1,1,0,1,1,0,1,0
4,516,820.0,300,truncated,1,3,0,2,820.0,0,1,0,1,0,3,0,6,1,2,0,3,1,2,0,2,2,3,6,1,2,0,3,1,2,3,1,2,1,2
4,517,1282.0,168,terminated,2,0,0,0,1282.0,1,1,1,0,1,2,1,5,2,0,1,3,2,0,1,1,0,2,4,2,0,6,2,2,0,2,2,0,2,0
4,518,-151.0,21,terminated,0,38,1,1,-151.0,0,0,0,0,1,1,1,3,0,1,1,2,0,1,1,2,1,1,2,0,1,1,1,0,1,1,0,1,0,1
4,519,-111.0,111,terminated,0,5,1,0,-111.0,0,0,0,0,1,0,1,1,0,0,1,1,0,0,1,1,0,0,0,0,0,55,0,0,0,0,0,0,0,0
4,520,1360.0,290,terminated,1,0,0,2,1360.0,1,2,1,1,1,3,1,7,1,2,1,4,1,2,1,3,2,3,6,1,2,6,3,1,2,3,1,2,1,2
4,521,-136.0,116,terminated,0,7,1,0,-136.0,0,0,0,0,1,0,1,1,0,0,1,1,0,0,1,1,0,0,0,0,0,51,0,0,0,0,0,0,0,0
4,522,97.0,93,terminated,0,6,1,1,97.0,0,0,0,0,1,1,1,3,0,1,1,2,0,1,1,2,1,1,2,0,1,5,1,0,1,1,0,1,0,1
4,523,-162.0,202,terminated,0,1,1,0,-162.0,0,0,0,0,1,0,1,1,0,0,1,1,0,0,1,1,0,0,0,0,0,35,0,0,0,0,0,0,0,0
4,524,241.0,139,terminated,1,7,1,1,241.0,0,1,1,0,1,2,1,5,1,1,1,3,1,1,1,2,1,2,4,1,1,6,2,1,1,2,1,1,1,1
4,525,16.0,94,terminated,1,14,1,0,16.0,0,1,1,0,1,1,1,3,1,0,1,2,1,0,1,1,0,1,2,1,0,6,1,1,0,1,1,0,1,0
4,526,1265.0,185,terminated,1,0,0,1,1265.0,1,1,1,0,1,2,1,5,1,1,1,3,1,1,1,2,1,2,4,1,1,24,2,1,1,2,1,1,1,1
4,527,410.0,230,terminated,2,1,1,1,410.0,0,1,1,0,1,3,1,7,2,1,1,4,2,1,1,2,1,3,6,2,1,7,3,2,1,3,2,1,2,1
4,528,1285.0,165,terminated,1,0,0,1,1285.0,1,0,0,0,1,2,1,5,1,1,1,3,1,1,1,2,1,2,4,1,1,5,2,1,1,2,1,1,1,1
4,529,1331.0,119,terminated,1,0,0,1,1331.0,1,0,0,0,1,2,1,5,1,1,1,3,1,1,1,2,1,2,4,1,1,0,2,1,1,2,1,1,1,1
4,530,1314.0,136,terminated,0,0,0,2,1314.0,1,1,0,1,1,2,1,5,0,2,1,3,0,2,1,3,2,2,4,0,2,5,2,0,2,2,0,2,0,2
4,531,1243.0,207,terminated,1,0,0,1,1243.0,1,1,1,0,1,2,1,5,1,1,1,3,1,1,1,2,1,2,4,1,1,6,2,1,1,2,1,1,1,1
4,532,1215.0,235,terminated,2,0,0,0,1215.0,1,1,1,0,1,2,1,5,2,0,1,3,2,0,1,1,0,2,4,2,0,5,2,2,0,2,2,0,2,0
4,533,1269.0,181,terminated,1,0,0,1,1269.0,1,2,1,1,1,2,1,5,1,1,1,3,1,1,1,2,1,2,4,1,1,22,2,1,1,2,1,1,1,1
4,534,1283.0,167,terminated,1,0,0,1,1283.0,1,0,0,0,0,2,0,4,1,1,0,2,1,1,0,1,1,2,4,1,1,0,2,1,1,2,1,1,1,1
4,535,40.0,150,terminated,1,6,1,0,40.0,0,1,1,0,1,1,1,3,1,0,1,2,1,0,1,1,0,1,2,1,0,58,1,1,0,1,1,0,1,0
4,536,1283.0,167,terminated,1,0,0,1,1283.0,1,2,1,1,1,2,1,5,1,1,1,3,1,1,1,2,1,2,4,1,1,5,2,1,1,2,1,1,1,1
4,537,1507.0,143,terminated,2,0,0,1,1507.0,1,1,1,0,1,3,1,7,2,1,1,4,2,1,1,2,1,3,6,2,1,5,3,2,1,3,2,1,2,1
4,538,450.0,170,terminated,2,3,1,1,450.0,0,2,2,0,1,2,1,6,2,1,1,4,2,1,1,2,1,2,5,2,1,0,3,2,1,3,2,1,2,1
4,539,1273.0,177,terminated,1,0,0,1,1273.0,1,1,0,1,1,2,1,5,1,1,1,3,1,1,1,2,1,2,4,1,1,1,2,1,1,2,1,1,1,1
4,540,-7.0,207,terminated,0,5,1,1,-7.0,0,0,0,0,1,1,1,3,0,1,1,2,0,1,1,2,1,1,2,0,1,5,1,0,1,1,0,1,0,1
4,541,260.0,110,terminated,1,8,1,1,260.0,0,1,0,1,1,2,1,5,1,1,1,3,1,1,1,2,1,2,4,1,1,7,2,1,1,2,1,1,1,1
4,542,1226.0,224,terminated,1,0,0,1,1226.0,1,1,1,0,1,2,1,5,1,1,1,3,1,1,1,2,1,2,4,1,1,1,2,1,1,2,1,1,1,1
4,543,1301.0,149,terminated,0,0,0,2,1301.0,1,1,0,1,0,1,0,3,0,2,0,2,0,2,0,2,2,1,3,0,2,6,2,0,2,2,0,2,0,2
4,544,1055.0,195,terminated,1,0,0,0,1055.0,1,0,0,0,1,1,1,3,1,0,1,2,1,0,1,1,0,1,2,1,0,5,1,1,0,1,1,0,1,0
4,545,1270.0,180,terminated,1,0,0,1,1270.0,1,0,0,0,1,2,1,5,1,1,1,3,1,1,1,2,1,2,4,1,1,0,2,1,1,2,1,1,1,1
4,546,1486.0,164,terminated,2,0,0,1,1486.0,1,2,2,0,1,3,1,7,2,1,1,4,2,1,1,2,1,3,6,2,1,6,3,2,1,3,2,1,2,1
4,547,263.0,167,terminated,2,2,1,0,263.0,0,1,1,0,1,2,1,5,2,0,1,3,2,0,1,1,0,2,4,2,0,5,2,2,0,2,2,0,2,0
4,548,223.0,77,terminated,2,15,1,0,223.0,0,0,0,0,1,1,1,4,2,0,1,3,2,0,1,1,0,1,3,2,0,7,2,2,0,2,2,0,2,0
4,549,1292.0,158,terminated,2,0,0,0,1292.0,1,1,1,0,1,2,1,5,2,0,1,3,2,0,1,1,0,2,4,2,0,5,2,2,0,2,2,0,2,0
4,550,1342.0,108,terminated,1,0,0,1,1342.0,1,1,0,1,1,2,1,5,1,1,1,3,1,1,1,2,1,2,4,1,1,35,2,1,1,2,1,1,1,1
4,551,56.0,184,terminated,0,1,1,1,56.0,0,1,0,1,1,1,1,3,0,1,1,2,0,1,1,2,1,1,2,0,1,8,1,0,1,1,0,1,0,1
4,552,984.0,266,terminated,1,0,0,0,984.0,1,0,0,0,1,1,1,3,1,0,1,2,1,0,1,1,0,1,2,1,0,5,1,1,0,1,1,0,1,0
4,553,1267.0,183,terminated,1,0,0,1,1267.0,1,0,0,0,0,2,0,4,1,1,0,2,1,1,0,1,1,2,4,1,1,0,2,1,1,2,1,1,1,1
4,554,49.0,131,terminated,1,7,1,0,49.0,0,0,0,0,1,1,1,3,1,0,1,2,1,0,1,1,0,1,2,1,0,5,1,1,0,1,1,0,1,0
4,555,918.0,132,terminated,0,0,0,0,918.0,1,0,0,0,1,0,1,1,0,0,1,1,0,0,1,1,0,0,0,0,0,37,0,0,0,0,0,0,0,0
4,556,56.0,84,terminated,1,31,1,1,56.0,0,0,0,0,1,2,1,5,1,1,1,3,1,1,1,2,1,2,4,1,1,0,2,1,1,2,1,1,1,1
4,557,1215.0,235,terminated,0,0,0,2,1215.0,1,0,0,0,1,2,1,5,0,2,1,3,0,2,1,3,2,2,4,0,2,5,2,0,2,2,0,2,0,2
4,558,192.0,158,terminated,0,10,1,2,192.0,0,1,0,1,1,2,1,5,0,2,1,3,0,2,1,3,2,2,4,0,2,5,2,0,2,2,0,2,0,2
4,559,925.0,125,terminated,0,0,0,0,925.0,1,0,0,0,1,0,1,1,0,0,1,1,0,0,1,1,0,0,0,0,0,81,0,0,0,0,0,0,0,0
4,560,440.0,300,truncated,0,1,0,1,440.0,0,0,0,0,0,1,0,2,0,1,0,1,0,1,0,1,1,1,2,0,1,0,1,0,1,1,0,1,0,1
4,561,1470.0,180,terminated,1,0,0,2,1470.0,1,2,0,2,1,3,1,7,1,2,1,4,1,2,1,3,2,3,6,1,2,2,3,1,2,3,1,2,1,2
4,562,1131.0,119,terminated,1,0,0,0,1131.0,1,0,0,0,1,1,1,3,1,0,1,2,1,0,1,1,0,1,2,1,0,57,1,1,0,1,1,0,1,0
4,563,220.0,40,terminated,1,19,1,1,220.0,0,1,1,0,1,2,1,5,1,1,1,3,1,1,1,2,1,2,4,1,1,0,2,1,1,2,1,1,1,1
4,564,19.0,81,terminated,0,15,1,1,19.0,0,1,0,1,1,1,1,3,0,1,1,2,0,1,1,2,1,1,2,0,1,6,1,0,1,1,0,1,0,1
4,565,193.0,247,terminated,1,1,1,1,193.0,0,0,0,0,1,2,1,5,1,1,1,3,1,1,1,2,1,2,4,1,1,4,2,1,1,2,1,1,1,1
4,566,1279.0,171,terminated,1,0,0,1,1279.0,1,1,0,1,1,2,1,5,1,1,1,3,1,1,1,2,1,2,4,1,1,6,2,1,1,2,1,1,1,1
4,567,180.0,70,terminated,1,20,1,1,180.0,0,1,0,1,1,2,1,5,1,1,1,3,1,1,1,2,1,2,4,1,1,7,2,1,1,2,1,1,1,1
4,568,998.0,252,terminated,0,0,0,1,998.0,1,1,0,1,1,1,1,3,0,1,1,2,0,1,1,2,1,1,2,0,1,6,1,0,1,1,0,1,0,1
4,569,1116.0,134,terminated,0,0,0,1,1116.0,1,0,0,0,1,1,1,3,0,1,1,2,0,1,1,2,1,1,2,0,1,5,1,0,1,1,0,1,0,1
4,570,1493.0,157,terminated,2,0,0,1,1493.0,1,0,0,0,1,2,1,6,2,1,1,4,2,1,1,2,1,2,5,2,1,0,3,2,1,3,2,1,2,1
4,571,1674.0,176,terminated,2,0,0,2,1674.0,1,1,1,0,1,2,1,7,2,2,1,5,2,2,1,3,2,2,6,2,2,6,4,2,2,4,2,2,2,2
4,572,409.0,211,terminated,2,3,1,1,409.0,0,2,1,1,1,2,1,6,2,1,1,4,2,1,1,2,1,2,5,2,1,5,3,2,1,3,2,1,2,1
4,573,1034.0,216,terminated,0,0,0,1,1034.0,1,0,0,0,1,1,1,3,0,1,1,2,0,1,1,2,1,1,2,0,1,6,1,0,1,1,0,1,0,1
4,574,426.0,124,terminated,2,10,1,1,426.0,0,2,2,0,1,3,1,7,2,1,1,4,2,1,1,2,1,3,6,2,1,4,3,2,1,3,2,1,2,1
4,575,-92.0,262,terminated,1,8,1,0,-92.0,0,1,1,0,1,1,1,3,1,0,1,2,1,0,1,1,0,1,2,1,0,6,1,1,0,1,1,0,1,0
4,576,840.0,300,truncated,1,1,0,2,840.0,0,1,1,0,1,2,1,6,1,2,1,4,1,2,1,3,2,2,5,1,2,6,3,1,2,3,1,2,1,2
4,577,288.0,192,terminated,1,17,1,2,288.0,0,1,0,1,0,1,0,4,1,2,0,3,1,2,0,2,2,1,4,1,2,0,3,1,2,3,1,2,1,2
4,578,1121.0,129,terminated,0,0,0,1,1121.0,1,1,0,1,1,0,1,2,0,1,1,2,0,1,1,2,1,0,1,0,1,44,1,0,1,1,0,1,0,1
4,579,1086.0,164,terminated,1,0,0,0,1086.0,1,1,1,0,1,1,1,3,1,0,1,2,1,0,1,1,0,1,2,1,0,51,1,1,0,1,1,0,1,0
4,580,183.0,257,terminated,1,1,1,1,183.0,0,0,0,0,1,1,1,4,1,1,1,3,1,1,1,2,1,1,3,1,1,6,2,1,1,2,1,1,1,1
4,581,-19.0,39,terminated,1,23,1,0,-19.0,0,1,1,0,1,1,1,3,1,0,1,2,1,0,1,1,0,1,2,1,0,6,1,1,0,1,1,0,1,0
4,582,985.0,265,terminated,1,0,0,0,985.0,1,0,0,0,1,1,1,3,1,0,1,2,1,0,1,1,0,1,2,1,0,23,1,1,0,1,1,0,1,0
4,583,46.0,94,terminated,1,11,1,0,46.0,0,0,0,0,1,1,1,3,1,0,1,2,1,0,1,1,0,1,2,1,0,6,1,1,0,1,1,0,1,0
4,584,1338.0,112,terminated,1,0,0,1,1338.0,1,1,1,0,0,2,0,4,1,1,0,2,1,1,0,1,1,2,4,1,1,3,2,1,1,2,1,1,1,1
4,585,440.0,300,truncated,1,1,0,0,440.0,0,0,0,0,1,1,1,3,1,0,1,2,1,0,1,1,0,1,2,1,0,97,1,1,0,1,1,0,1,0
4,586,464.0,126,terminated,2,6,1,1,464.0,0,1,0,1,1,3,1,7,2,1,1,4,2,1,1,2,1,3,6,2,1,5,3,2,1,3,2,1,2,1
4,587,-109.0,29,terminated,1,33,1,0,-109.0,0,0,0,0,1,1,1,3,1,0,1,2,1,0,1,1,0,1,2,1,0,5,1,1,0,1,1,0,1,0
4,588,232.0,198,terminated,1,2,1,1,232.0,0,1,1,0,0,2,0,4,1,1,0,2,1,1,0,1,1,2,4,1,1,5,2,1,1,2,1,1,1,1
4,589,-29.0,69,terminated,1,21,1,0,-29.0,0,0,0,0,0,1,0,2,1,0,0,1,1,0,0,0,0,1,2,1,0,7,1,1,0,1,1,0,1,0
4,590,114.0,116,terminated,0,2,1,1,114.0,0,0,0,0,1,1,1,3,0,1,1,2,0,1,1,2,1,1,2,0,1,54,1,0,1,1,0,1,0,1
4,591,610.0,300,truncated,1,4,0,1,610.0,0,2,1,1,1,2,1,5,1,1,1,3,1,1,1,2,1,2,4,1,1,24,2,1,1,2,1,1,1,1
4,592,1522.0,128,terminated,2,0,0,1,1522.0,1,1,0,1,1,3,1,7,2,1,1,4,2,1,1,2,1,3,6,2,1,5,3,2,1,3,2,1,2,1
4,593,1092.0,158,terminated,1,0,0,0,1092.0,1,1,1,0,1,1,1,3,1,0,1,2,1,0,1,1,0,1,2,1,0,44,1,1,0,1,1,0,1,0
4,594,1483.0,167,terminated,2,0,0,1,1483.0,1,3,2,1,1,3,1,7,2,1,1,4,2,1,1,2,1,3,6,2,1,10,3,2,1,3,2,1,2,1
4,595,445.0,135,terminated,2,7,1,1,445.0,0,1,1,0,1,2,1,6,2,1,1,4,2,1,1,2,1,2,5,2,1,0,3,2,1,3,2,1,2,1
4,596,1495.0,155,terminated,1,0,0,2,1495.0,1,2,0,2,0,3,0,6,1,2,0,3,1,2,0,2,2,3,6,1,2,0,3,1,2,3,1,2,1,2
4,597,410.0,300,truncated,1,4,0,0,410.0,0,1,1,0,1,1,1,3,1,0,1,2,1,0,1,1,0,1,2,1,0,28,1,1,0,1,1,0,1,0
4,598,1465.0,185,terminated,1,0,0,2,1465.0,1,0,0,0,1,2,1,6,1,2,1,4,1,2,1,3,2,2,5,1,2,5,3,1,2,3,1,2,1,2
4,599,1113.0,137,terminated,0,0,0,1,1113.0,1,1,0,1,1,1,1,3,0,1,1,2,0,1,1,2,1,1,2,0,1,67,1,0,1,1,0,1,0,1
4,600,35.0,215,terminated,1,20,1,1,35.0,0,0,0,0,0,2,0,4,1,1,0,2,1,1,0,1,1,2,4,1,1,0,2,1,1,2,1,1,1,1
4,601,45.0,45,terminated,1,16,1,0,45.0,0,0,0,0,1,1,1,3,1,0,1,2,1,0,1,1,0,1,2,1,0,5,1,1,0,1,1,0,1,0
4,602,1301.0,149,terminated,1,0,0,1,1301.0,1,2,1,1,1,2,1,5,1,1,1,3,1,1,1,2,1,2,4,1,1,6,2,1,1,2,1,1,1,1
4,603,241.0,119,terminated,1,9,1,1,241.0,0,1,0,1,1,2,1,5,1,1,1,3,1,1,1,2,1,2,4,1,1,2,2,1,1,2,1,1,1,1
4,604,238.0,82,terminated,1,13,1,1,238.0,0,2,1,1,1,2,1,5,1,1,1,3,1,1,1,2,1,2,4,1,1,6,2,1,1,2,1,1,1,1
4,605,1040.0,210,terminated,1,0,0,0,1040.0,1,1,1,0,1,1,1,3,1,0,1,2,1,0,1,1,0,1,2,1,0,7,1,1,0,1,1,0,1,0
4,606,457.0,143,terminated,2,5,1,1,457.0,0,2,1,1,1,2,1,6,2,1,1,4,2,1,1,2,1,2,5,2,1,6,3,2,1,3,2,1,2,1
4,607,19.0,121,terminated,1,11,1,0,19.0,0,0,0,0,0,1,0,2,1,0,0,1,1,0,0,0,0,1,2,1,0,7,1,1,0,1,1,0,1,0
4,608,630.0,300,truncated,1,2,0,1,630.0,0,1,1,0,1,2,1,5,1,1,1,3,1,1,1,2,1,2,4,1,1,9,2,1,1,2,1,1,1,1
4,609,28.0,52,terminated,0,17,1,1,28.0,0,0,0,0,1,1,1,3,0,1,1,2,0,1,1,2,1,1,2,0,1,6,1,0,1,1,0,1,0,1
4,610,1129.0,121,terminated,0,0,0,1,1129.0,1,0,0,0,1,1,1,3,0,1,1,2,0,1,1,2,1,1,2,0,1,34,1,0,1,1,0,1,0,1
4,611,231.0,109,terminated,1,11,1,1,231.0,0,1,1,0,1,2,1,5,1,1,1,3,1,1,1,2,1,2,4,1,1,5,2,1,1,2,1,1,1,1
4,612,-28.0,268,terminated,0,1,1,1,-28.0,0,1,0,1,1,1,1,3,0,1,1,2,0,1,1,2,1,1,2,0,1,41,1,0,1,1,0,1,0,1
4,613,523.0,257,terminated,2,7,1,2,523.0,0,3,2,1,1,3,1,8,2,2,1,5,2,2,1,3,2,3,7,2,2,3,4,2,2,4,2,2,2,2
4,614,1284.0,166,terminated,1,0,0,1,1284.0,1,1,0,1,1,2,1,5,1,1,1,3,1,1,1,2,1,2,4,1,1,7,2,1,1,2,1,1,1,1
4,615,456.0,184,terminated,1,1,1,2,456.0,0,0,0,0,1,2,1,6,1,2,1,4,1,2,1,3,2,2,5,1,2,0,3,1,2,3,1,2,1,2
4,616,74.0,146,terminated,0,3,1,1,74.0,0,0,0,0,1,1,1,3,0,1,1,2,0,1,1,2,1,1,2,0,1,6,1,0,1,1,0,1,0,1
4,617,223.0,67,terminated,1,16,1,1,223.0,0,0,0,0,0,2,0,4,1,1,0,2,1,1,0,1,1,2,4,1,1,0,2,1,1,2,1,1,1,1
4,618,1294.0,156,terminated,0,0,0,2,1294.0,1,0,0,0,1,2,1,5,0,2,1,3,0,2,1,3,2,2,4,0,2,5,2,0,2,2,0,2,0,2
4,619,1314.0,136,terminated,1,0,0,1,1314.0,1,0,0,0,0,2,0,4,1,1,0,2,1,1,0,1,1,2,4,1,1,0,2,1,1,2,1,1,1,1
4,620,1123.0,127,terminated,1,0,0,0,1123.0,1,0,0,0,1,0,1,2,1,0,1,2,1,0,1,1,0,0,1,1,0,30,1,1,0,1,1,0,1,0
4,621,-183.0,223,terminated,0,1,1,0,-183.0,0,0,0,0,1,0,1,1,0,0,1,1,0,0,1,1,0,0,0,0,0,45,0,0,0,0,0,0,0,0
4,622,9.0,221,terminated,1,2,1,0,9.0,0,0,0,0,1,1,1,3,1,0,1,2,1,0,1,1,0,1,2,1,0,5,1,1,0,1,1,0,1,0
4,623,1193.0,257,terminated,2,0,0,0,1193.0,1,1,1,0,1,2,1,5,2,0,1,3,2,0,1,1,0,2,4,2,0,5,2,2,0,2,2,0,2,0
4,624,102.0,28,terminated,1,32,1,1,102.0,0,1,1,0,0,2,0,4,1,1,0,2,1,1,0,1,1,2,4,1,1,2,2,1,1,2,1,1,1,1
4,625,107.0,43,terminated,1,30,1,1,107.0,0,0,0,0,0,2,0,4,1,1,0,2,1,1,0,1,1,2,4,1,1,0,2,1,1,2,1,1,1,1
4,626,1290.0,160,terminated,2,0,0,0,1290.0,1,1,1,0,0,2,0,4,2,0,0,2,2,0,0,0,0,2,4,2,0,6,2,2,0,2,2,0,2,0
4,627,1254.0,196,terminated,1,0,0,1,1254.0,1,1,1,0,1,2,1,5,1,1,1,3,1,1,1,2,1,2,4,1,1,6,2,1,1,2,1,1,1,1
4,628,54.0,156,terminated,0,4,1,1,54.0,0,0,0,0,1,1,1,3,0,1,1,2,0,1,1,2,1,1,2,0,1,5,1,0,1,1,0,1,0,1
4,629,219.0,41,terminated,1,19,1,1,219.0,0,1,0,1,1,2,1,5,1,1,1,3,1,1,1,2,1,2,4,1,1,3,2,1,1,2,1,1,1,1
4,630,1290.0,160,terminated,1,0,0,1,1290.0,1,2,1,1,1,2,1,5,1,1,1,3,1,1,1,2,1,2,4,1,1,5,2,1,1,2,1,1,1,1
4,631,1369.0,281,terminated,2,0,0,1,1369.0,1,0,0,0,1,2,1,6,2,1,1,4,2,1,1,2,1,2,5,2,1,6,3,2,1,3,2,1,2,1
4,632,1296.0,154,terminated,1,0,0,1,1296.0,1,2,1,1,1,2,1,5,1,1,1,3,1,1,1,2,1,2,4,1,1,12,2,1,1,2,1,1,1,1
4,633,85.0,115,terminated,1,5,1,0,85.0,0,1,1,0,1,1,1,3,1,0,1,2,1,0,1,1,0,1,2,1,0,7,1,1,0,1,1,0,1,0
4,634,1425.0,225,terminated,2,0,0,1,1425.0,1,3,2,1,1,3,1,7,2,1,1,4,2,1,1,2,1,3,6,2,1,8,3,2,1,3,2,1,2,1
4,635,1332.0,118,terminated,1,0,0,1,1332.0,1,2,1,1,1,1,1,4,1,1,1,3,1,1,1,2,1,1,3,1,1,39,2,1,1,2,1,1,1,1
4,636,1140.0,110,terminated,1,0,0,0,1140.0,1,0,0,0,1,0,1,2,1,0,1,2,1,0,1,1,0,0,1,1,0,39,1,1,0,1,1,0,1,0
4,637,301.0,139,terminated,1,1,1,1,301.0,0,0,0,0,1,2,1,5,1,1,1,3,1,1,1,2,1,2,4,1,1,0,2,1,1,2,1,1,1,1
4,638,37.0,163,terminated,0,5,1,1,37.0,0,0,0,0,0,1,0,2,0,1,0,1,0,1,0,1,1,1,2,0,1,8,1,0,1,1,0,1,0,1
4,639,-172.0,52,terminated,0,17,1,0,-172.0,0,0,0,0,1,0,1,1,0,0,1,1,0,0,1,1,0,0,0,0,0,34,0,0,0,0,0,0,0,0
4,640,640.0,300,truncated,1,1,0,1,640.0,0,1,1,0,1,2,1,5,1,1,1,3,1,1,1,2,1,2,4,1,1,6,2,1,1,2,1,1,1,1
4,641,1206.0,244,terminated,1,0,0,1,1206.0,1,1,0,1,0,2,0,4,1,1,0,2,1,1,0,1,1,2,4,1,1,5,2,1,1,2,1,1,1,1
4,642,1311.0,139,terminated,2,0,0,0,1311.0,1,1,1,0,1,1,1,4,2,0,1,3,2,0,1,1,0,1,3,2,0,6,2,2,0,2,2,0,2,0
4,643,488.0,142,terminated,1,2,1,2,488.0,0,2,1,1,1,3,1,7,1,2,1,4,1,2,1,3,2,3,6,1,2,5,3,1,2,3,1,2,1,2
4,644,600.0,300,truncated,2,25,0,1,600.0,0,1,0,1,0,3,0,6,2,1,0,3,2,1,0,1,1,3,6,2,1,0,3,2,1,3,2,1,2,1
4,645,392.0,248,terminated,2,1,1,1,392.0,0,2,1,1,1,2,1,6,2,1,1,4,2,1,1,2,1,2,5,2,1,7,3,2,1,3,2,1,2,1
4,646,-75.0,235,terminated,0,9,1,1,-75.0,0,1,0,1,1,1,1,3,0,1,1,2,0,1,1,2,1,1,2,0,1,6,1,0,1,1,0,1,0,1
4,647,838.0,212,terminated,0,0,0,0,838.0,1,0,0,0,1,0,1,1,0,0,1,1,0,0,1,1,0,0,0,0,0,88,0,0,0,0,0,0,0,0
4,648,533.0,187,terminated,2,13,1,2,533.0,0,1,1,0,0,4,0,8,2,2,0,4,2,2,0,2,2,4,8,2,2,0,4,2,2,4,2,2,2,2
4,649,1081.0,169,terminated,0,0,0,1,1081.0,1,0,0,0,1,1,1,3,0,1,1,2,0,1,1,2,1,1,2,0,1,0,1,0,1,1,0,1,0,1
4,650,135.0,105,terminated,0,1,1,1,135.0,0,1,0,1,1,1,1,3,0,1,1,2,0,1,1,2,1,1,2,0,1,42,1,0,1,1,0,1,0,1
4,651,478.0,132,terminated,1,4,1,2,478.0,0,1,1,0,1,3,1,7,1,2,1,4,1,2,1,3,2,3,6,1,2,3,3,1,2,3,1,2,1,2
4,652,890.0,160,terminated,0,0,0,0,890.0,1,0,0,0,1,0,1,1,0,0,1,1,0,0,1,1,0,0,0,0,0,53,0,0,0,0,0,0,0,0
4,653,49.0,171,terminated,1,3,1,0,49.0,0,0,0,0,1,1,1,3,1,0,1,2,1,0,1,1,0,1,2,1,0,67,1,1,0,1,1,0,1,0
4,654,451.0,189,terminated,2,1,1,1,451.0,0,2,1,1,1,3,1,7,2,1,1,4,2,1,1,2,1,3,6,2,1,7,3,2,1,3,2,1,2,1
4,655,1306.0,144,terminated,1,0,0,1,1306.0,1,0,0,0,0,2,0,4,1,1,0,2,1,1,0,1,1,2,4,1,1,0,2,1,1,2,1,1,1,1
4,656,1299.0,151,terminated,1,0,0,1,1299.0,1,0,0,0,1,2,1,5,1,1,1,3,1,1,1,2,1,2,4,1,1,0,2,1,1,2,1,1,1,1
4,657,96.0,54,terminated,1,30,1,1,96.0,0,0,0,0,0,2,0,4,1,1,0,2,1,1,0,1,1,2,4,1,1,0,2,1,1,2,1,1,1,1
4,658,53.0,187,terminated,1,1,1,0,53.0,0,0,0,0,1,1,1,3,1,0,1,2,1,0,1,1,0,1,2,1,0,4,1,1,0,1,1,0,1,0
4,659,80.0,160,terminated,0,1,1,1,80.0,0,1,0,1,1,1,1,3,0,1,1,2,0,1,1,2,1,1,2,0,1,5,1,0,1,1,0,1,0,1
4,660,109.0,51,terminated,1,29,1,1,109.0,0,0,0,0,1,2,1,5,1,1,1,3,1,1,1,2,1,2,4,1,1,0,2,1,1,2,1,1,1,1
4,661,677.0,143,terminated,2,3,1,2,677.0,0,1,1,0,1,4,1,9,2,2,1,5,2,2,1,3,2,4,8,2,2,1,4,2,2,4,2,2,2,2
4,662,1475.0,175,terminated,2,0,0,1,1475.0,1,3,2,1,1,3,1,7,2,1,1,4,2,1,1,2,1,3,6,2,1,6,3,2,1,3,2,1,2,1
4,663,96.0,114,terminated,0,4,1,1,96.0,0,1,0,1,1,1,1,3,0,1,1,2,0,1,1,2,1,1,2,0,1,5,1,0,1,1,0,1,0,1
4,664,69.0,91,terminated,1,9,1,0,69.0,0,0,0,0,1,1,1,3,1,0,1,2,1,0,1,1,0,1,2,1,0,7,1,1,0,1,1,0,1,0
4,665,-150.0,20,terminated,0,38,1,1,-150.0,0,0,0,0,0,1,0,2,0,1,0,1,0,1,0,1,1,1,2,0,1,0,1,0,1,1,0,1,0,1
4,666,1453.0,197,terminated,2,0,0,1,1453.0,1,1,1,0,1,2,1,6,2,1,1,4,2,1,1,2,1,2,5,2,1,7,3,2,1,3,2,1,2,1
4,667,58.0,62,terminated,0,13,1,1,58.0,0,0,0,0,1,1,1,3,0,1,1,2,0,1,1,2,1,1,2,0,1,5,1,0,1,1,0,1,0,1
4,668,1048.0,202,terminated,1,0,0,0,1048.0,1,0,0,0,1,1,1,3,1,0,1,2,1,0,1,1,0,1,2,1,0,5,1,1,0,1,1,0,1,0
4,669,241.0,99,terminated,1,11,1,1,241.0,0,1,0,1,0,2,0,4,1,1,0,2,1,1,0,1,1,2,4,1,1,6,2,1,1,2,1,1,1,1
4,670,272.0,168,terminated,1,1,1,1,272.0,0,0,0,0,0,2,0,4,1,1,0,2,1,1,0,1,1,2,4,1,1,0,2,1,1,2,1,1,1,1
4,671,266.0,154,terminated,2,3,1,0,266.0,0,0,0,0,1,2,1,5,2,0,1,3,2,0,1,1,0,2,4,2,0,5,2,2,0,2,2,0,2,0
4,672,451.0,89,terminated,1,11,1,2,451.0,0,1,0,1,1,1,1,5,1,2,1,4,1,2,1,3,2,1,4,1,2,6,3,1,2,3,1,2,1,2
4,673,1260.0,190,terminated,1,0,0,1,1260.0,1,1,0,1,1,2,1,5,1,1,1,3,1,1,1,2,1,2,4,1,1,11,2,1,1,2,1,1,1,1
4,674,-149.0,249,terminated,1,15,1,0,-149.0,0,0,0,0,1,1,1,3,1,0,1,2,1,0,1,1,0,1,2,1,0,6,1,1,0,1,1,0,1,0
4,675,69.0,101,terminated,0,8,1,1,69.0,0,0,0,0,1,1,1,3,0,1,1,2,0,1,1,2,1,1,2,0,1,63,1,0,1,1,0,1,0,1
4,676,171.0,189,terminated,1,9,1,1,171.0,0,1,1,0,0,2,0,4,1,1,0,2,1,1,0,1,1,2,4,1,1,9,2,1,1,2,1,1,1,1
4,677,1093.0,157,terminated,0,0,0,1,1093.0,1,0,0,0,1,1,1,3,0,1,1,2,0,1,1,2,1,1,2,0,1,6,1,0,1,1,0,1,0,1
4,678,1311.0,139,terminated,1,0,0,1,1311.0,1,0,0,0,1,2,1,5,1,1,1,3,1,1,1,2,1,2,4,1,1,0,2,1,1,2,1,1,1,1
4,679,630.0,300,truncated,1,2,0,1,630.0,0,1,1,0,0,2,0,4,1,1,0,2,1,1,0,1,1,2,4,1,1,6,2,1,1,2,1,1,1,1
4,680,278.0,162,terminated,1,1,1,1,278.0,0,0,0,0,0,2,0,4,1,1,0,2,1,1,0,1,1,2,4,1,1,0,2,1,1,2,1,1,1,1
4,681,1280.0,170,terminated,1,0,0,1,1280.0,1,2,1,1,1,2,1,5,1,1,1,3,1,1,1,2,1,2,4,1,1,6,2,1,1,2,1,1,1,1
4,682,1311.0,139,terminated,1,0,0,1,1311.0,1,1,0,1,1,2,1,5,1,1,1,3,1,1,1,2,1,2,4,1,1,3,2,1,1,2,1,1,1,1
4,683,1341.0,109,terminated,2,0,0,0,1341.0,1,1,1,0,1,2,1,5,2,0,1,3,2,0,1,1,0,2,4,2,0,0,2,2,0,2,2,0,2,0
4,684,1507.0,143,terminated,1,0,0,2,1507.0,1,2,1,1,1,2,1,6,1,2,1,4,1,2,1,3,2,2,5,1,2,6,3,1,2,3,1,2,1,2
4,685,131.0,49,terminated,1,27,1,1,131.0,0,0,0,0,0,2,0,4,1,1,0,2,1,1,0,1,1,2,4,1,1,0,2,1,1,2,1,1,1,1
4,686,1317.0,133,terminated,2,0,0,0,1317.0,1,1,1,0,1,2,1,5,2,0,1,3,2,0,1,1,0,2,4,2,0,6,2,2,0,2,2,0,2,0
4,687,1229.0,221,terminated,2,0,0,0,1229.0,1,1,1,0,1,1,1,4,2,0,1,3,2,0,1,1,0,1,3,2,0,23,2,2,0,2,2,0,2,0
4,688,1344.0,106,terminated,0,0,0,2,1344.0,1,0,0,0,1,2,1,5,0,2,1,3,0,2,1,3,2,2,4,0,2,6,2,0,2,2,0,2,0,2
4,689,1514.0,136,terminated,2,0,0,1,1514.0,1,1,1,0,1,3,1,7,2,1,1,4,2,1,1,2,1,3,6,2,1,5,3,2,1,3,2,1,2,1
4,690,1323.0,127,terminated,2,0,0,0,1323.0,1,1,1,0,1,1,1,4,2,0,1,3,2,0,1,1,0,1,3,2,0,5,2,2,0,2,2,0,2,0
4,691,469.0,171,terminated,2,1,1,1,469.0,0,2,2,0,1,2,1,6,2,1,1,4,2,1,1,2,1,2,5,2,1,22,3,2,1,3,2,1,2,1
4,692,-141.0,21,terminated,0,37,1,1,-141.0,0,0,0,0,1,1,1,3,0,1,1,2,0,1,1,2,1,1,2,0,1,1,1,0,1,1,0,1,0,1
4,693,57.0,23,terminated,1,37,1,1,57.0,0,1,1,0,0,1,0,3,1,1,0,2,1,1,0,1,1,1,3,1,1,1,2,1,1,2,1,1,1,1
4,694,1427.0,223,terminated,2,0,0,1,1427.0,1,1,1,0,0,3,0,6,2,1,0,3,2,1,0,1,1,3,6,2,1,0,3,2,1,3,2,1,2,1
4,695,590.0,300,truncated,1,6,0,1,590.0,0,1,0,1,0,2,0,4,1,1,0,2,1,1,0,1,1,2,4,1,1,7,2,1,1,2,1,1,1,1
4,696,1468.0,182,terminated,1,0,0,2,1468.0,1,2,0,2,0,2,0,5,1,2,0,3,1,2,0,2,2,2,5,1,2,0,3,1,2,3,1,2,1,2
4,697,1263.0,187,terminated,1,0,0,1,1263.0,1,2,1,1,1,2,1,5,1,1,1,3,1,1,1,2,1,2,4,1,1,5,2,1,1,2,1,1,1,1
4,698,1388.0,262,terminated,2,0,0,1,1388.0,1,2,1,1,1,3,1,7,2,1,1,4,2,1,1,2,1,3,6,2,1,7,3,2,1,3,2,1,2,1
4,699,207.0,213,terminated,1,3,1,1,207.0,0,1,1,0,0,2,0,4,1,1,0,2,1,1,0,1,1,2,4,1,1,4,2,1,1,2,1,1,1,1
4,700,1508.0,142,terminated,1,0,0,2,1508.0,1,3,1,2,1,1,1,5,1,2,1,4,1,2,1,3,2,1,4,1,2,5,3,1,2,3,1,2,1,2
4,701,249.0,121,terminated,1,8,1,1,249.0,0,1,0,1,1,2,1,5,1,1,1,3,1,1,1,2,1,2,4,1,1,7,2,1,1,2,1,1,1,1
4,702,44.0,196,terminated,0,1,1,1,44.0,0,1,0,1,1,1,1,3,0,1,1,2,0,1,1,2,1,1,2,0,1,7,1,0,1,1,0,1,0,1
4,703,1283.0,167,terminated,1,0,0,1,1283.0,1,1,1,0,1,2,1,5,1,1,1,3,1,1,1,2,1,2,4,1,1,0,2,1,1,2,1,1,1,1
4,704,51.0,59,terminated,1,14,1,0,51.0,0,0,0,0,1,1,1,3,1,0,1,2,1,0,1,1,0,1,2,1,0,6,1,1,0,1,1,0,1,0
4,705,259.0,161,terminated,1,3,1,1,259.0,0,2,1,1,1,2,1,5,1,1,1,3,1,1,1,2,1,2,4,1,1,2,2,1,1,2,1,1,1,1
4,706,476.0,94,terminated,2,8,1,1,476.0,0,2,1,1,1,3,1,7,2,1,1,4,2,1,1,2,1,3,6,2,1,7,3,2,1,3,2,1,2,1
4,707,-161.0,21,terminated,1,39,1,0,-161.0,0,0,0,0,0,1,0,2,1,0,0,1,1,0,0,0,0,1,2,1,0,0,1,1,0,1,1,0,1,0
4,708,270.0,140,terminated,1,4,1,1,270.0,0,1,1,0,1,2,1,5,1,1,1,3,1,1,1,2,1,2,4,1,1,0,2,1,1,2,1,1,1,1
4,709,1139.0,111,terminated,1,0,0,0,1139.0,1,0,0,0,1,1,1,3,1,0,1,2,1,0,1,1,0,1,2,1,0,6,1,1,0,1,1,0,1,0
4,710,882.0,168,terminated,0,0,0,0,882.0,1,0,0,0,1,0,1,1,0,0,1,1,0,0,1,1,0,0,0,0,0,41,0,0,0,0,0,0,0,0
4,711,1488.0,162,terminated,1,0,0,2,1488.0,1,1,1,0,0,3,0,6,1,2,0,3,1,2,0,2,2,3,6,1,2,0,3,1,2,3,1,2,1,2
4,712,1537.0,113,terminated,2,0,0,1,1537.0,1,2,1,1,1,3,1,7,2,1,1,4,2,1,1,2,1,3,6,2,1,0,3,2,1,3,2,1,2,1
4,713,313.0,127,terminated,0,1,1,2,313.0,0,2,0,2,1,2,1,5,0,2,1,3,0,2,1,3,2,2,4,0,2,5,2,0,2,2,0,2,0,2
4,714,152.0,88,terminated,1,21,1,1,152.0,0,1,0,1,1,2,1,5,1,1,1,3,1,1,1,2,1,2,4,1,1,4,2,1,1,2,1,1,1,1
4,715,1286.0,164,terminated,2,0,0,0,1286.0,1,0,0,0,1,1,1,4,2,0,1,3,2,0,1,1,0,1,3,2,0,6,2,2,0,2,2,0,2,0
4,716,19.0,61,terminated,0,17,1,1,19.0,0,1,0,1,1,1,1,3,0,1,1,2,0,1,1,2,1,1,2,0,1,6,1,0,1,1,0,1,0,1
4,717,1140.0,110,terminated,0,0,0,1,1140.0,1,1,0,1,1,1,1,3,0,1,1,2,0,1,1,2,1,1,2,0,1,9,1,0,1,1,0,1,0,1
4,718,1515.0,135,terminated,2,0,0,1,1515.0,1,2,1,1,1,3,1,7,2,1,1,4,2,1,1,2,1,3,6,2,1,23,3,2,1,3,2,1,2,1
4,719,244.0,86,terminated,1,12,1,1,244.0,0,2,1,1,1,2,1,5,1,1,1,3,1,1,1,2,1,2,4,1,1,6,2,1,1,2,1,1,1,1
4,720,-159.0,19,terminated,0,39,1,1,-159.0,0,0,0,0,1,1,1,3,0,1,1,2,0,1,1,2,1,1,2,0,1,1,1,0,1,1,0,1,0,1
4,721,1448.0,202,terminated,2,0,0,1,1448.0,1,3,2,1,1,3,1,7,2,1,1,4,2,1,1,2,1,3,6,2,1,5,3,2,1,3,2,1,2,1
4,722,803.0,247,terminated,0,0,0,0,803.0,1,0,0,0,1,0,1,1,0,0,1,1,0,0,1,1,0,0,0,0,0,41,0,0,0,0,0,0,0,0
4,723,-69.0,209,terminated,0,11,1,1,-69.0,0,1,0,1,1,1,1,3,0,1,1,2,0,1,1,2,1,1,2,0,1,5,1,0,1,1,0,1,0,1
4,724,259.0,141,terminated,1,5,1,1,259.0,0,2,1,1,1,2,1,5,1,1,1,3,1,1,1,2,1,2,4,1,1,6,2,1,1,2,1,1,1,1
4,725,1494.0,156,terminated,1,0,0,2,1494.0,1,2,0,2,1,1,1,5,1,2,1,4,1,2,1,3,2,1,4,1,2,11,3,1,2,3,1,2,1,2
4,726,-8.0,148,terminated,0,11,1,1,-8.0,0,1,0,1,1,1,1,3,0,1,1,2,0,1,1,2,1,1,2,0,1,6,1,0,1,1,0,1,0,1
4,727,1486.0,164,terminated,1,0,0,2,1486.0,1,3,1,2,1,2,1,6,1,2,1,4,1,2,1,3,2,2,5,1,2,5,3,1,2,3,1,2,1,2
4,728,1434.0,216,terminated,1,0,0,2,1434.0,1,1,0,1,1,3,1,7,1,2,1,4,1,2,1,3,2,3,6,1,2,6,3,1,2,3,1,2,1,2
4,729,1342.0,108,terminated,1,0,0,1,1342.0,1,2,1,1,1,2,1,5,1,1,1,3,1,1,1,2,1,2,4,1,1,7,2,1,1,2,1,1,1,1
4,730,239.0,41,terminated,1,17,1,1,239.0,0,2,1,1,1,2,1,5,1,1,1,3,1,1,1,2,1,2,4,1,1,6,2,1,1,2,1,1,1,1
4,731,1067.0,183,terminated,1,0,0,0,1067.0,1,1,1,0,1,1,1,3,1,0,1,2,1,0,1,1,0,1,2,1,0,9,1,1,0,1,1,0,1,0
4,732,314.0,116,terminated,1,2,1,1,314.0,0,1,1,0,1,2,1,5,1,1,1,3,1,1,1,2,1,2,4,1,1,6,2,1,1,2,1,1,1,1
4,733,630.0,300,truncated,1,2,0,1,630.0,0,1,1,0,1,2,1,5,1,1,1,3,1,1,1,2,1,2,4,1,1,1,2,1,1,2,1,1,1,1
4,734,1288.0,162,terminated,1,0,0,1,1288.0,1,0,0,0,0,2,0,4,1,1,0,2,1,1,0,1,1,2,4,1,1,6,2,1,1,2,1,1,1,1
4,735,216.0,144,terminated,1,9,1,1,216.0,0,2,1,1,1,2,1,5,1,1,1,3,1,1,1,2,1,2,4,1,1,24,2,1,1,2,1,1,1,1
4,736,1033.0,217,terminated,0,0,0,1,1033.0,1,1,0,1,1,1,1,3,0,1,1,2,0,1,1,2,1,1,2,0,1,7,1,0,1,1,0,1,0,1
4,737,1317.0,133,terminated,1,0,0,1,1317.0,1,1,0,1,0,2,0,4,1,1,0,2,1,1,0,1,1,2,4,1,1,4,2,1,1,2,1,1,1,1
4,738,1238.0,212,terminated,2,0,0,0,1238.0,1,0,0,0,0,2,0,4,2,0,0,2,2,0,0,0,0,2,4,2,0,7,2,2,0,2,2,0,2,0
4,739,-126.0,96,terminated,0,8,1,0,-126.0,0,0,0,0,1,0,1,1,0,0,1,1,0,0,1,1,0,0,0,0,0,33,0,0,0,0,0,0,0,0
4,740,1288.0,162,terminated,2,0,0,0,1288.0,1,1,1,0,1,2,1,5,2,0,1,3,2,0,1,1,0,2,4,2,0,6,2,2,0,2,2,0,2,0
4,741,432.0,98,terminated,2,12,1,1,432.0,0,2,2,0,0,3,0,6,2,1,0,3,2,1,0,1,1,3,6,2,1,1,3,2,1,3,2,1,2,1
4,742,321.0,119,terminated,0,1,1,2,321.0,0,0,0,0,0,2,0,4,0,2,0,2,0,2,0,2,2,2,4,0,2,7,2,0,2,2,0,2,0,2
4,743,120.0,40,terminated,1,29,1,1,120.0,0,0,0,0,0,2,0,4,1,1,0,2,1,1,0,1,1,2,4,1,1,0,2,1,1,2,1,1,1,1
4,744,-159.0,19,terminated,0,39,1,1,-159.0,0,0,0,0,1,1,1,3,0,1,1,2,0,1,1,2,1,1,2,0,1,0,1,0,1,1,0,1,0,1
4,745,584.0,236,terminated,2,3,1,2,584.0,0,2,1,1,1,3,1,8,2,2,1,5,2,2,1,3,2,3,7,2,2,3,4,2,2,4,2,2,2,2
4,746,35.0,25,terminated,1,39,1,1,35.0,0,0,0,0,1,2,1,5,1,1,1,3,1,1,1,2,1,2,4,1,1,0,2,1,1,2,1,1,1,1
4,747,430.0,300,truncated,0,2,0,1,430.0,0,0,0,0,1,1,1,3,0,1,1,2,0,1,1,2,1,1,2,0,1,29,1,0,1,1,0,1,0,1
4,748,640.0,300,truncated,1,1,0,1,640.0,0,0,0,0,1,2,1,5,1,1,1,3,1,1,1,2,1,2,4,1,1,0,2,1,1,2,1,1,1,1
4,749,111.0,49,terminated,1,29,1,1,111.0,0,0,0,0,1,2,1,5,1,1,1,3,1,1,1,2,1,2,4,1,1,0,2,1,1,2,1,1,1,1
4,750,-215.0,95,terminated,0,17,1,0,-215.0,0,0,0,0,1,0,1,1,0,0,1,1,0,0,1,1,0,0,0,0,0,77,0,0,0,0,0,0,0,0
4,751,238.0,42,terminated,1,17,1,1,238.0,0,1,1,0,1,2,1,5,1,1,1,3,1,1,1,2,1,2,4,1,1,0,2,1,1,2,1,1,1,1
4,752,1138.0,112,terminated,1,0,0,0,1138.0,1,0,0,0,1,1,1,3,1,0,1,2,1,0,1,1,0,1,2,1,0,5,1,1,0,1,1,0,1,0
4,753,992.0,258,terminated,1,0,0,0,992.0,1,0,0,0,1,1,1,3,1,0,1,2,1,0,1,1,0,1,2,1,0,6,1,1,0,1,1,0,1,0
4,754,1110.0,140,terminated,0,0,0,1,1110.0,1,0,0,0,1,1,1,3,0,1,1,2,0,1,1,2,1,1,2,0,1,53,1,0,1,1,0,1,0,1
4,755,1533.0,117,terminated,1,0,0,2,1533.0,1,2,0,2,1,3,1,7,1,2,1,4,1,2,1,3,2,3,6,1,2,6,3,1,2,3,1,2,1,2
4,756,-25.0,225,terminated,0,5,1,1,-25.0,0,1,0,1,1,1,1,3,0,1,1,2,0,1,1,2,1,1,2,0,1,6,1,0,1,1,0,1,0,1
4,757,264.0,166,terminated,0,2,1,2,264.0,0,2,0,2,1,2,1,5,0,2,1,3,0,2,1,3,2,2,4,0,2,12,2,0,2,2,0,2,0,2
4,758,849.0,201,terminated,0,0,0,0,849.0,1,0,0,0,1,0,1,1,0,0,1,1,0,0,1,1,0,0,0,0,0,52,0,0,0,0,0,0,0,0
4,759,-14.0,64,terminated,1,20,1,0,-14.0,0,0,0,0,0,1,0,2,1,0,0,1,1,0,0,0,0,1,2,1,0,6,1,1,0,1,1,0,1,0
4,760,31.0,29,terminated,1,39,1,1,31.0,0,0,0,0,1,2,1,5,1,1,1,3,1,1,1,2,1,2,4,1,1,0,2,1,1,2,1,1,1,1
4,761,-151.0,21,terminated,0,38,1,1,-151.0,0,0,0,0,0,1,0,2,0,1,0,1,0,1,0,1,1,1,2,0,1,1,1,0,1,1,0,1,0,1
4,762,1290.0,160,terminated,1,0,0,1,1290.0,1,2,1,1,1,2,1,5,1,1,1,3,1,1,1,2,1,2,4,1,1,42,2,1,1,2,1,1,1,1
4,763,365.0,65,terminated,1,22,1,2,365.0,0,2,1,1,1,2,1,6,1,2,1,4,1,2,1,3,2,2,5,1,2,0,3,1,2,3,1,2,1,2
4,764,960.0,300,truncated,2,9,0,2,960.0,0,3,2,1,1,3,1,8,2,2,1,5,2,2,1,3,2,3,7,2,2,2,4,2,2,4,2,2,2,2
4,765,-305.0,265,terminated,0,9,1,0,-305.0,0,0,0,0,1,0,1,1,0,0,1,1,0,0,1,1,0,0,0,0,0,67,0,0,0,0,0,0,0,0
4,766,1300.0,150,terminated,1,0,0,1,1300.0,1,0,0,0,1,2,1,5,1,1,1,3,1,1,1,2,1,2,4,1,1,0,2,1,1,2,1,1,1,1
4,767,507.0,133,terminated,1,1,1,2,507.0,0,1,0,1,1,2,1,6,1,2,1,4,1,2,1,3,2,2,5,1,2,3,3,1,2,3,1,2,1,2
4,768,1488.0,162,terminated,1,0,0,2,1488.0,1,1,1,0,1,2,1,6,1,2,1,4,1,2,1,3,2,2,5,1,2,5,3,1,2,3,1,2,1,2
4,769,440.0,300,truncated,0,1,0,1,440.0,0,1,0,1,1,1,1,3,0,1,1,2,0,1,1,2,1,1,2,0,1,5,1,0,1,1,0,1,0,1
4,770,222.0,98,terminated,2,13,1,0,222.0,0,0,0,0,1,2,1,5,2,0,1,3,2,0,1,1,0,2,4,2,0,6,2,2,0,2,2,0,2,0
4,771,1511.0,139,terminated,2,0,0,1,1511.0,1,2,2,0,1,1,1,5,2,1,1,4,2,1,1,2,1,1,4,2,1,8,3,2,1,3,2,1,2,1
4,772,-125.0,155,terminated,0,2,1,0,-125.0,0,0,0,0,1,0,1,1,0,0,1,1,0,0,1,1,0,0,0,0,0,36,0,0,0,0,0,0,0,0
4,773,286.0,144,terminated,1,2,1,1,286.0,0,1,1,0,1,2,1,5,1,1,1,3,1,1,1,2,1,2,4,1,1,11,2,1,1,2,1,1,1,1
4,774,960.0,290,terminated,1,0,0,0,960.0,1,0,0,0,1,1,1,3,1,0,1,2,1,0,1,1,0,1,2,1,0,5,1,1,0,1,1,0,1,0
4,775,1297.0,153,terminated,1,0,0,1,1297.0,1,1,1,0,1,2,1,5,1,1,1,3,1,1,1,2,1,2,4,1,1,25,2,1,1,2,1,1,1,1
4,776,222.0,58,terminated,1,17,1,1,222.0,0,2,1,1,1,2,1,5,1,1,1,3,1,1,1,2,1,2,4,1,1,6,2,1,1,2,1,1,1,1
4,777,58.0,172,terminated,1,2,1,0,58.0,0,0,0,0,1,0,1,2,1,0,1,2,1,0,1,1,0,0,1,1,0,44,1,1,0,1,1,0,1,0
4,778,430.0,300,truncated,0,2,0,1,430.0,0,1,0,1,1,1,1,3,0,1,1,2,0,1,1,2,1,1,2,0,1,6,1,0,1,1,0,1,0,1
4,779,1483.0,167,terminated,1,0,0,2,1483.0,1,1,0,1,1,3,1,7,1,2,1,4,1,2,1,3,2,3,6,1,2,5,3,1,2,3,1,2,1,2
4,780,588.0,212,terminated,2,5,1,2,588.0,0,3,1,2,1,3,1,8,2,2,1,5,2,2,1,3,2,3,7,2,2,5,4,2,2,4,2,2,2,2
4,781,268.0,142,terminated,1,4,1,1,268.0,0,2,1,1,1,2,1,5,1,1,1,3,1,1,1,2,1,2,4,1,1,22,2,1,1,2,1,1,1,1
4,782,210.0,300,truncated,0,4,0,0,210.0,0,0,0,0,1,0,1,1,0,0,1,1,0,0,1,1,0,0,0,0,0,58,0,0,0,0,0,0,0,0
4,783,234.0,116,terminated,1,10,1,1,234.0,0,2,1,1,1,1,1,4,1,1,1,3,1,1,1,2,1,1,3,1,1,0,2,1,1,2,1,1,1,1
4,784,1305.0,145,terminated,1,0,0,1,1305.0,1,2,1,1,1,2,1,5,1,1,1,3,1,1,1,2,1,2,4,1,1,23,2,1,1,2,1,1,1,1
4,785,292.0,118,terminated,1,4,1,1,292.0,0,1,1,0,1,2,1,5,1,1,1,3,1,1,1,2,1,2,4,1,1,24,2,1,1,2,1,1,1,1
4,786,517.0,103,terminated,1,3,1,2,517.0,0,1,0,1,1,3,1,7,1,2,1,4,1,2,1,3,2,3,6,1,2,6,3,1,2,3,1,2,1,2
4,787,114.0,106,terminated,0,3,1,1,114.0,0,1,0,1,1,1,1,3,0,1,1,2,0,1,1,2,1,1,2,0,1,42,1,0,1,1,0,1,0,1
4,788,1150.0,100,terminated,0,0,0,1,1150.0,1,0,0,0,1,1,1,3,0,1,1,2,0,1,1,2,1,1,2,0,1,45,1,0,1,1,0,1,0,1
4,789,-151.0,171,terminated,0,3,1,0,-151.0,0,0,0,0,1,0,1,1,0,0,1,1,0,0,1,1,0,0,0,0,0,59,0,0,0,0,0,0,0,0
4,790,362.0,168,terminated,2,12,1,1,362.0,0,1,0,1,1,3,1,7,2,1,1,4,2,1,1,2,1,3,6,2,1,5,3,2,1,3,2,1,2,1
4,791,300.0,140,terminated,1,1,1,1,300.0,0,1,0,1,1,2,1,5,1,1,1,3,1,1,1,2,1,2,4,1,1,24,2,1,1,2,1,1,1,1
4,792,238.0,112,terminated,1,10,1,1,238.0,0,2,1,1,1,2,1,5,1,1,1,3,1,1,1,2,1,2,4,1,1,5,2,1,1,2,1,1,1,1
4,793,73.0,107,terminated,0,7,1,1,73.0,0,0,0,0,1,1,1,3,0,1,1,2,0,1,1,2,1,1,2,0,1,43,1,0,1,1,0,1,0,1
4,794,1099.0,151,terminated,1,0,0,0,1099.0,1,1,1,0,1,1,1,3,1,0,1,2,1,0,1,1,0,1,2,1,0,7,1,1,0,1,1,0,1,0
4,795,171.0,269,terminated,1,1,1,1,171.0,0,2,1,1,1,1,1,4,1,1,1,3,1,1,1,2,1,1,3,1,1,6,2,1,1,2,1,1,1,1
4,796,-268.0,78,terminated,0,24,1,0,-268.0,0,0,0,0,1,0,1,1,0,0,1,1,0,0,1,1,0,0,0,0,0,60,0,0,0,0,0,0,0,0
4,797,404.0,116,terminated,2,13,1,1,404.0,0,1,0,1,1,3,1,7,2,1,1,4,2,1,1,2,1,3,6,2,1,5,3,2,1,3,2,1,2,1
4,798,840.0,300,truncated,2,1,0,1,840.0,0,0,0,0,1,3,1,7,2,1,1,4,2,1,1,2,1,3,6,2,1,6,3,2,1,3,2,1,2,1
4,799,1269.0,181,terminated,1,0,0,1,1269.0,1,1,0,1,1,2,1,5,1,1,1,3,1,1,1,2,1,2,4,1,1,39,2,1,1,2,1,1,1,1
4,800,1438.0,212,terminated,2,0,0,1,1438.0,1,3,2,1,1,2,1,6,2,1,1,4,2,1,1,2,1,2,5,2,1,6,3,2,1,3,2,1,2,1
4,801,-149.0,19,terminated,0,38,1,1,-149.0,0,0,0,0,1,1,1,3,0,1,1,2,0,1,1,2,1,1,2,0,1,1,1,0,1,1,0,1,0,1
4,802,47.0,43,terminated,0,16,1,1,47.0,0,1,0,1,1,1,1,3,0,1,1,2,0,1,1,2,1,1,2,0,1,5,1,0,1,1,0,1,0,1
4,803,-141.0,21,terminated,0,37,1,1,-141.0,0,0,0,0,1,1,1,3,0,1,1,2,0,1,1,2,1,1,2,0,1,1,1,0,1,1,0,1,0,1
4,804,989.0,261,terminated,1,0,0,0,989.0,1,1,1,0,1,1,1,3,1,0,1,2,1,0,1,1,0,1,2,1,0,31,1,1,0,1,1,0,1,0
4,805,312.0,128,terminated,2,1,1,0,312.0,0,1,1,0,1,2,1,5,2,0,1,3,2,0,1,1,0,2,4,2,0,5,2,2,0,2,2,0,2,0
4,806,336.0,74,terminated,2,24,1,1,336.0,0,1,0,1,1,2,1,6,2,1,1,4,2,1,1,2,1,2,5,2,1,6,3,2,1,3,2,1,2,1
4,807,26.0,54,terminated,0,17,1,1,26.0,0,0,0,0,1,1,1,3,0,1,1,2,0,1,1,2,1,1,2,0,1,6,1,0,1,1,0,1,0,1
4,808,233.0,207,terminated,1,1,1,1,233.0,0,1,0,1,1,2,1,5,1,1,1,3,1,1,1,2,1,2,4,1,1,2,2,1,1,2,1,1,1,1
4,809,-180.0,130,terminated,0,10,1,0,-180.0,0,0,0,0,1,0,1,1,0,0,1,1,0,0,1,1,0,0,0,0,0,101,0,0,0,0,0,0,0,0
4,810,1435.0,215,terminated,1,0,0,2,1435.0,1,1,1,0,1,3,1,7,1,2,1,4,1,2,1,3,2,3,6,1,2,5,3,1,2,3,1,2,1,2
4,811,-156.0,56,terminated,0,15,1,0,-156.0,0,0,0,0,1,0,1,1,0,0,1,1,0,0,1,1,0,0,0,0,0,36,0,0,0,0,0,0,0,0
4,812,1212.0,238,terminated,0,0,0,2,1212.0,1,2,0,2,1,2,1,5,0,2,1,3,0,2,1,3,2,2,4,0,2,9,2,0,2,2,0,2,0,2
4,813,1486.0,164,terminated,1,0,0,2,1486.0,1,1,0,1,0,3,0,6,1,2,0,3,1,2,0,2,2,3,6,1,2,0,3,1,2,3,1,2,1,2
4,814,266.0,104,terminated,0,8,1,2,266.0,0,1,0,1,1,1,1,4,0,2,1,3,0,2,1,3,2,1,3,0,2,5,2,0,2,2,0,2,0,2
4,815,981.0,269,terminated,0,0,0,1,981.0,1,0,0,0,1,1,1,3,0,1,1,2,0,1,1,2,1,1,2,0,1,7,1,0,1,1,0,1,0,1
4,816,1237.0,213,terminated,1,0,0,1,1237.0,1,2,1,1,1,2,1,5,1,1,1,3,1,1,1,2,1,2,4,1,1,14,2,1,1,2,1,1,1,1
4,817,672.0,148,terminated,2,3,1,2,672.0,0,0,0,0,1,3,1,8,2,2,1,5,2,2,1,3,2,3,7,2,2,0,4,2,2,4,2,2,2,2
4,818,181.0,229,terminated,2,4,1,0,181.0,0,0,0,0,1,1,1,4,2,0,1,3,2,0,1,1,0,1,3,2,0,6,2,2,0,2,2,0,2,0
4,819,211.0,129,terminated,0,11,1,2,211.0,0,0,0,0,0,2,0,4,0,2,0,2,0,2,0,2,2,2,4,0,2,5,2,0,2,2,0,2,0,2
4,820,396.0,244,terminated,2,1,1,1,396.0,0,2,1,1,1,3,1,7,2,1,1,4,2,1,1,2,1,3,6,2,1,6,3,2,1,3,2,1,2,1
4,821,168.0,172,terminated,1,11,1,1,168.0,0,2,1,1,1,2,1,5,1,1,1,3,1,1,1,2,1,2,4,1,1,6,2,1,1,2,1,1,1,1
4,822,239.0,71,terminated,1,14,1,1,239.0,0,1,1,0,1,2,1,5,1,1,1,3,1,1,1,2,1,2,4,1,1,6,2,1,1,2,1,1,1,1
4,823,74.0,86,terminated,0,9,1,1,74.0,0,1,0,1,1,1,1,3,0,1,1,2,0,1,1,2,1,1,2,0,1,6,1,0,1,1,0,1,0,1
4,824,429.0,211,terminated,2,1,1,1,429.0,0,2,1,1,1,2,1,6,2,1,1,4,2,1,1,2,1,2,5,2,1,6,3,2,1,3,2,1,2,1
4,825,1078.0,172,terminated,0,0,0,1,1078.0,1,0,0,0,1,0,1,2,0,1,1,2,0,1,1,2,1,0,1,0,1,37,1,0,1,1,0,1,0,1
4,826,1075.0,175,terminated,0,0,0,1,1075.0,1,0,0,0,1,1,1,3,0,1,1,2,0,1,1,2,1,1,2,0,1,36,1,0,1,1,0,1,0,1
4,827,1520.0,130,terminated,1,0,0,2,1520.0,1,0,0,0,0,3,0,6,1,2,0,3,1,2,0,2,2,3,6,1,2,0,3,1,2,3,1,2,1,2
4,828,180.0,300,truncated,0,7,0,0,180.0,0,0,0,0,1,0,1,1,0,0,1,1,0,0,1,1,0,0,0,0,0,126,0,0,0,0,0,0,0,0
4,829,1482.0,168,terminated,1,0,0,2,1482.0,1,1,0,1,0,3,0,6,1,2,0,3,1,2,0,2,2,3,6,1,2,7,3,1,2,3,1,2,1,2
4,830,278.0,102,terminated,1,7,1,1,278.0,0,2,1,1,1,2,1,5,1,1,1,3,1,1,1,2,1,2,4,1,1,24,2,1,1,2,1,1,1,1
4,831,33.0,47,terminated,0,17,1,1,33.0,0,0,0,0,0,1,0,2,0,1,0,1,0,1,0,1,1,1,2,0,1,6,1,0,1,1,0,1,0,1
4,832,1470.0,180,terminated,1,0,0,2,1470.0,1,1,0,1,1,3,1,7,1,2,1,4,1,2,1,3,2,3,6,1,2,0,3,1,2,3,1,2,1,2
4,833,-158.0,18,terminated,0,39,1,1,-158.0,0,0,0,0,0,1,0,2,0,1,0,1,0,1,0,1,1,1,2,0,1,0,1,0,1,1,0,1,0,1
4,834,1029.0,221,terminated,1,0,0,0,1029.0,1,1,1,0,1,1,1,3,1,0,1,2,1,0,1,1,0,1,2,1,0,5,1,1,0,1,1,0,1,0
4,835,247.0,43,terminated,1,16,1,1,247.0,0,1,0,1,1,2,1,5,1,1,1,3,1,1,1,2,1,2,4,1,1,5,2,1,1,2,1,1,1,1
4,836,1061.0,189,terminated,1,0,0,0,1061.0,1,0,0,0,1,1,1,3,1,0,1,2,1,0,1,1,0,1,2,1,0,49,1,1,0,1,1,0,1,0
4,837,996.0,254,terminated,1,0,0,0,996.0,1,0,0,0,1,1,1,3,1,0,1,2,1,0,1,1,0,1,2,1,0,35,1,1,0,1,1,0,1,0
4,838,536.0,264,terminated,2,5,1,2,536.0,0,2,1,1,1,3,1,8,2,2,1,5,2,2,1,3,2,3,7,2,2,0,4,2,2,4,2,2,2,2
4,839,-138.0,48,terminated,0,14,1,0,-138.0,0,0,0,0,1,0,1,1,0,0,1,1,0,0,1,1,0,0,0,0,0,28,0,0,0,0,0,0,0,0
4,840,18.0,212,terminated,1,2,1,0,18.0,0,1,1,0,1,1,1,3,1,0,1,2,1,0,1,1,0,1,2,1,0,7,1,1,0,1,1,0,1,0
4,841,1519.0,131,terminated,1,0,0,2,1519.0,1,1,0,1,1,3,1,7,1,2,1,4,1,2,1,3,2,3,6,1,2,6,3,1,2,3,1,2,1,2
4,842,-190.0,50,terminated,0,19,1,0,-190.0,0,0,0,0,1,0,1,1,0,0,1,1,0,0,1,1,0,0,0,0,0,30,0,0,0,0,0,0,0,0
4,843,1010.0,240,terminated,1,0,0,0,1010.0,1,0,0,0,1,1,1,3,1,0,1,2,1,0,1,1,0,1,2,1,0,8,1,1,0,1,1,0,1,0
4,844,495.0,125,terminated,1,3,1,2,495.0,0,1,1,0,1,3,1,7,1,2,1,4,1,2,1,3,2,3,6,1,2,6,3,1,2,3,1,2,1,2
4,845,1036.0,214,terminated,1,0,0,0,1036.0,1,1,1,0,1,1,1,3,1,0,1,2,1,0,1,1,0,1,2,1,0,6,1,1,0,1,1,0,1,0
4,846,652.0,188,terminated,2,1,1,2,652.0,0,2,1,1,1,3,1,8,2,2,1,5,2,2,1,3,2,3,7,2,2,7,4,2,2,4,2,2,2,2
4,847,1259.0,191,terminated,0,0,0,2,1259.0,1,1,0,1,1,2,1,5,0,2,1,3,0,2,1,3,2,2,4,0,2,6,2,0,2,2,0,2,0,2
4,848,-181.0,81,terminated,0,35,1,1,-181.0,0,0,0,0,1,1,1,3,0,1,1,2,0,1,1,2,1,1,2,0,1,0,1,0,1,1,0,1,0,1
4,849,1411.0,239,terminated,1,0,0,2,1411.0,1,2,1,1,1,2,1,6,1,2,1,4,1,2,1,3,2,2,5,1,2,5,3,1,2,3,1,2,1,2
4,850,1166.0,284,terminated,1,0,0,1,1166.0,1,2,1,1,1,2,1,5,1,1,1,3,1,1,1,2,1,2,4,1,1,24,2,1,1,2,1,1,1,1
4,851,-7.0,57,terminated,1,20,1,0,-7.0,0,1,1,0,1,1,1,3,1,0,1,2,1,0,1,1,0,1,2,1,0,6,1,1,0,1,1,0,1,0
4,852,318.0,122,terminated,0,1,1,2,318.0,0,0,0,0,1,2,1,5,0,2,1,3,0,2,1,3,2,2,4,0,2,5,2,0,2,2,0,2,0,2
4,853,258.0,82,terminated,0,11,1,2,258.0,0,1,0,1,1,1,1,4,0,2,1,3,0,2,1,3,2,1,3,0,2,5,2,0,2,2,0,2,0,2
4,854,285.0,145,terminated,1,2,1,1,285.0,0,1,0,1,1,2,1,5,1,1,1,3,1,1,1,2,1,2,4,1,1,0,2,1,1,2,1,1,1,1
4,855,1287.0,163,terminated,0,0,0,2,1287.0,1,0,0,0,1,2,1,5,0,2,1,3,0,2,1,3,2,2,4,0,2,6,2,0,2,2,0,2,0,2
4,856,1095.0,155,terminated,0,0,0,1,1095.0,1,0,0,0,1,1,1,3,0,1,1,2,0,1,1,2,1,1,2,0,1,8,1,0,1,1,0,1,0,1
4,857,58.0,132,terminated,0,6,1,1,58.0,0,1,0,1,1,1,1,3,0,1,1,2,0,1,1,2,1,1,2,0,1,6,1,0,1,1,0,1,0,1
4,858,180.0,40,terminated,1,23,1,1,180.0,0,0,0,0,1,2,1,5,1,1,1,3,1,1,1,2,1,2,4,1,1,0,2,1,1,2,1,1,1,1
4,859,-2.0,42,terminated,0,21,1,1,-2.0,0,0,0,0,0,1,0,2,0,1,0,1,0,1,0,1,1,1,2,0,1,7,1,0,1,1,0,1,0,1
4,860,8.0,202,terminated,1,4,1,0,8.0,0,0,0,0,1,1,1,3,1,0,1,2,1,0,1,1,0,1,2,1,0,7,1,1,0,1,1,0,1,0
4,861,1448.0,202,terminated,1,0,0,2,1448.0,1,1,0,1,1,2,1,6,1,2,1,4,1,2,1,3,2,2,5,1,2,5,3,1,2,3,1,2,1,2
4,862,294.0,56,terminated,1,10,1,1,294.0,0,2,1,1,1,2,1,5,1,1,1,3,1,1,1,2,1,2,4,1,1,15,2,1,1,2,1,1,1,1
4,863,3.0,147,terminated,1,10,1,0,3.0,0,1,1,0,1,1,1,3,1,0,1,2,1,0,1,1,0,1,2,1,0,54,1,1,0,1,1,0,1,0
4,864,262.0,58,terminated,1,13,1,1,262.0,0,0,0,0,0,2,0,4,1,1,0,2,1,1,0,1,1,2,4,1,1,0,2,1,1,2,1,1,1,1
4,865,-160.0,20,terminated,1,39,1,0,-160.0,0,0,0,0,1,1,1,3,1,0,1,2,1,0,1,1,0,1,2,1,0,0,1,1,0,1,1,0,1,0
4,866,1310.0,140,terminated,1,0,0,1,1310.0,1,0,0,0,1,2,1,5,1,1,1,3,1,1,1,2,1,2,4,1,1,0,2,1,1,2,1,1,1,1
4,867,481.0,139,terminated,1,3,1,2,481.0,0,1,1,0,1,3,1,7,1,2,1,4,1,2,1,3,2,3,6,1,2,1,3,1,2,3,1,2,1,2
4,868,1233.0,217,terminated,1,0,0,1,1233.0,1,1,1,0,1,2,1,5,1,1,1,3,1,1,1,2,1,2,4,1,1,5,2,1,1,2,1,1,1,1
4,869,220.0,80,terminated,1,15,1,1,220.0,0,2,1,1,1,2,1,5,1,1,1,3,1,1,1,2,1,2,4,1,1,4,2,1,1,2,1,1,1,1
4,870,1294.0,156,terminated,1,0,0,1,1294.0,1,1,0,1,1,2,1,5,1,1,1,3,1,1,1,2,1,2,4,1,1,1,2,1,1,2,1,1,1,1
4,871,-203.0,233,terminated,0,2,1,0,-203.0,0,0,0,0,1,0,1,1,0,0,1,1,0,0,1,1,0,0,0,0,0,43,0,0,0,0,0,0,0,0
4,872,445.0,95,terminated,1,11,1,2,445.0,0,2,1,1,1,2,1,6,1,2,1,4,1,2,1,3,2,2,5,1,2,0,3,1,2,3,1,2,1,2
4,873,1466.0,184,terminated,1,0,0,2,1466.0,1,2,1,1,1,2,1,6,1,2,1,4,1,2,1,3,2,2,5,1,2,6,3,1,2,3,1,2,1,2
4,874,919.0,131,terminated,0,0,0,0,919.0,1,0,0,0,1,0,1,1,0,0,1,1,0,0,1,1,0,0,0,0,0,39,0,0,0,0,0,0,0,0
4,875,1254.0,196,terminated,1,0,0,1,1254.0,1,0,0,0,1,1,1,4,1,1,1,3,1,1,1,2,1,1,3,1,1,44,2,1,1,2,1,1,1,1
4,876,253.0,117,terminated,0,8,1,2,253.0,0,1,0,1,1,2,1,5,0,2,1,3,0,2,1,3,2,2,4,0,2,27,2,0,2,2,0,2,0,2
4,877,1122.0,128,terminated,1,0,0,0,1122.0,1,1,1,0,1,1,1,3,1,0,1,2,1,0,1,1,0,1,2,1,0,6,1,1,0,1,1,0,1,0
4,878,68.0,172,terminated,1,1,1,0,68.0,0,0,0,0,1,1,1,3,1,0,1,2,1,0,1,1,0,1,2,1,0,7,1,1,0,1,1,0,1,0
4,879,442.0,108,terminated,2,10,1,1,442.0,0,2,1,1,1,3,1,7,2,1,1,4,2,1,1,2,1,3,6,2,1,0,3,2,1,3,2,1,2,1
4,880,1326.0,124,terminated,1,0,0,1,1326.0,1,0,0,0,1,2,1,5,1,1,1,3,1,1,1,2,1,2,4,1,1,0,2,1,1,2,1,1,1,1
4,881,211.0,39,terminated,1,20,1,1,211.0,0,2,1,1,1,2,1,5,1,1,1,3,1,1,1,2,1,2,4,1,1,6,2,1,1,2,1,1,1,1
4,882,134.0,106,terminated,0,1,1,1,134.0,0,1,0,1,1,1,1,3,0,1,1,2,0,1,1,2,1,1,2,0,1,45,1,0,1,1,0,1,0,1
4,883,226.0,44,terminated,1,18,1,1,226.0,0,1,0,1,1,2,1,5,1,1,1,3,1,1,1,2,1,2,4,1,1,5,2,1,1,2,1,1,1,1
4,884,-77.0,267,terminated,0,6,1,1,-77.0,0,0,0,0,1,1,1,3,0,1,1,2,0,1,1,2,1,1,2,0,1,33,1,0,1,1,0,1,0,1
4,885,1007.0,243,terminated,1,0,0,0,1007.0,1,0,0,0,0,1,0,2,1,0,0,1,1,0,0,0,0,1,2,1,0,6,1,1,0,1,1,0,1,0
4,886,-208.0,48,terminated,0,21,1,0,-208.0,0,0,0,0,1,0,1,1,0,0,1,1,0,0,1,1,0,0,0,0,0,30,0,0,0,0,0,0,0,0
4,887,1541.0,109,terminated,1,0,0,2,1541.0,1,1,0,1,0,3,0,6,1,2,0,3,1,2,0,2,2,3,6,1,2,0,3,1,2,3,1,2,1,2
4,888,1509.0,141,terminated,1,0,0,2,1509.0,1,1,0,1,1,3,1,7,1,2,1,4,1,2,1,3,2,3,6,1,2,5,3,1,2,3,1,2,1,2
4,889,172.0,138,terminated,1,14,1,1,172.0,0,2,1,1,1,2,1,5,1,1,1,3,1,1,1,2,1,2,4,1,1,6,2,1,1,2,1,1,1,1
4,890,914.0,136,terminated,0,0,0,0,914.0,1,0,0,0,1,0,1,1,0,0,1,1,0,0,1,1,0,0,0,0,0,30,0,0,0,0,0,0,0,0
4,891,-116.0,136,terminated,0,3,1,0,-116.0,0,0,0,0,1,0,1,1,0,0,1,1,0,0,1,1,0,0,0,0,0,40,0,0,0,0,0,0,0,0
4,892,1497.0,153,terminated,1,0,0,2,1497.0,1,1,0,1,0,2,0,5,1,2,0,3,1,2,0,2,2,2,5,1,2,0,3,1,2,3,1,2,1,2
4,893,-151.0,21,terminated,1,38,1,0,-151.0,0,0,0,0,1,1,1,3,1,0,1,2,1,0,1,1,0,1,2,1,0,1,1,1,0,1,1,0,1,0
4,894,67.0,113,terminated,1,7,1,0,67.0,0,0,0,0,0,1,0,2,1,0,0,1,1,0,0,0,0,1,2,1,0,7,1,1,0,1,1,0,1,0
4,895,380.0,300,truncated,0,7,0,1,380.0,0,1,0,1,1,1,1,3,0,1,1,2,0,1,1,2,1,1,2,0,1,5,1,0,1,1,0,1,0,1
4,896,107.0,113,terminated,0,3,1,1,107.0,0,0,0,0,1,1,1,3,0,1,1,2,0,1,1,2,1,1,2,0,1,7,1,0,1,1,0,1,0,1
4,897,-5.0,225,terminated,0,3,1,1,-5.0,0,0,0,0,1,1,1,3,0,1,1,2,0,1,1,2,1,1,2,0,1,6,1,0,1,1,0,1,0,1
4,898,126.0,174,terminated,1,15,1,1,126.0,0,0,0,0,1,2,1,5,1,1,1,3,1,1,1,2,1,2,4,1,1,0,2,1,1,2,1,1,1,1
4,899,1136.0,114,terminated,1,0,0,0,1136.0,1,0,0,0,1,1,1,3,1,0,1,2,1,0,1,1,0,1,2,1,0,7,1,1,0,1,1,0,1,0
4,900,13.0,47,terminated,0,19,1,1,13.0,0,1,0,1,1,1,1,3,0,1,1,2,0,1,1,2,1,1,2,0,1,20,1,0,1,1,0,1,0,1
4,901,38.0,82,terminated,1,13,1,0,38.0,0,0,0,0,1,1,1,3,1,0,1,2,1,0,1,1,0,1,2,1,0,5,1,1,0,1,1,0,1,0
4,902,491.0,129,terminated,2,3,1,1,491.0,0,2,2,0,1,2,1,6,2,1,1,4,2,1,1,2,1,2,5,2,1,6,3,2,1,3,2,1,2,1
4,903,1502.0,148,terminated,1,0,0,2,1502.0,1,1,0,1,1,3,1,7,1,2,1,4,1,2,1,3,2,3,6,1,2,2,3,1,2,3,1,2,1,2
4,904,1540.0,110,terminated,1,0,0,2,1540.0,1,2,0,2,1,3,1,7,1,2,1,4,1,2,1,3,2,3,6,1,2,5,3,1,2,3,1,2,1,2
4,905,1127.0,123,terminated,0,0,0,1,1127.0,1,1,0,1,1,1,1,3,0,1,1,2,0,1,1,2,1,1,2,0,1,14,1,0,1,1,0,1,0,1
4,906,372.0,168,terminated,1,11,1,2,372.0,0,3,1,2,1,2,1,6,1,2,1,4,1,2,1,3,2,2,5,1,2,23,3,1,2,3,1,2,1,2
4,907,32.0,48,terminated,1,17,1,0,32.0,0,0,0,0,1,1,1,3,1,0,1,2,1,0,1,1,0,1,2,1,0,4,1,1,0,1,1,0,1,0
4,908,1318.0,132,terminated,0,0,0,2,1318.0,1,1,0,1,1,1,1,4,0,2,1,3,0,2,1,3,2,1,3,0,2,6,2,0,2,2,0,2,0,2
4,909,-141.0,21,terminated,1,37,1,0,-141.0,0,0,0,0,0,1,0,2,1,0,0,1,1,0,0,0,0,1,2,1,0,1,1,1,0,1,1,0,1,0
4,910,482.0,128,terminated,1,4,1,2,482.0,0,1,0,1,1,3,1,7,1,2,1,4,1,2,1,3,2,3,6,1,2,7,3,1,2,3,1,2,1,2
4,911,1210.0,240,terminated,1,0,0,1,1210.0,1,1,1,0,0,2,0,4,1,1,0,2,1,1,0,1,1,2,4,1,1,7,2,1,1,2,1,1,1,1
4,912,755.0,295,terminated,0,0,0,0,755.0,1,0,0,0,1,0,1,1,0,0,1,1,0,0,1,1,0,0,0,0,0,31,0,0,0,0,0,0,0,0
4,913,445.0,145,terminated,2,6,1,1,445.0,0,1,0,1,1,3,1,7,2,1,1,4,2,1,1,2,1,3,6,2,1,5,3,2,1,3,2,1,2,1
4,914,225.0,205,terminated,2,2,1,0,225.0,0,1,1,0,1,2,1,5,2,0,1,3,2,0,1,1,0,2,4,2,0,5,2,2,0,2,2,0,2,0
4,915,159.0,281,terminated,1,1,1,1,159.0,0,1,1,0,1,2,1,5,1,1,1,3,1,1,1,2,1,2,4,1,1,5,2,1,1,2,1,1,1,1
4,916,1526.0,124,terminated,2,0,0,1,1526.0,1,1,0,1,1,2,1,6,2,1,1,4,2,1,1,2,1,2,5,2,1,7,3,2,1,3,2,1,2,1
4,917,277.0,113,terminated,1,6,1,1,277.0,0,1,0,1,1,2,1,5,1,1,1,3,1,1,1,2,1,2,4,1,1,42,2,1,1,2,1,1,1,1
4,918,-160.0,20,terminated,1,39,1,0,-160.0,0,0,0,0,1,1,1,3,1,0,1,2,1,0,1,1,0,1,2,1,0,0,1,1,0,1,1,0,1,0
4,919,1264.0,186,terminated,1,0,0,1,1264.0,1,0,0,0,0,2,0,4,1,1,0,2,1,1,0,1,1,2,4,1,1,0,2,1,1,2,1,1,1,1
4,920,-1.0,61,terminated,0,19,1,1,-1.0,0,1,0,1,1,1,1,3,0,1,1,2,0,1,1,2,1,1,2,0,1,6,1,0,1,1,0,1,0,1
4,921,101.0,39,terminated,1,31,1,1,101.0,0,0,0,0,1,1,1,4,1,1,1,3,1,1,1,2,1,1,3,1,1,0,2,1,1,2,1,1,1,1
4,922,-159.0,19,terminated,0,39,1,1,-159.0,0,0,0,0,0,1,0,2,0,1,0,1,0,1,0,1,1,1,2,0,1,1,1,0,1,1,0,1,0,1
4,923,11.0,179,terminated,0,6,1,1,11.0,0,0,0,0,1,1,1,3,0,1,1,2,0,1,1,2,1,1,2,0,1,4,1,0,1,1,0,1,0,1
4,924,-12.0,112,terminated,0,15,1,1,-12.0,0,0,0,0,0,1,0,2,0,1,0,1,0,1,0,1,1,1,2,0,1,7,1,0,1,1,0,1,0,1
4,925,1319.0,131,terminated,1,0,0,1,1319.0,1,1,0,1,1,2,1,5,1,1,1,3,1,1,1,2,1,2,4,1,1,4,2,1,1,2,1,1,1,1
4,926,288.0,132,terminated,2,3,1,0,288.0,0,0,0,0,1,2,1,5,2,0,1,3,2,0,1,1,0,2,4,2,0,6,2,2,0,2,2,0,2,0
4,927,1480.0,170,terminated,1,0,0,2,1480.0,1,3,1,2,1,3,1,7,1,2,1,4,1,2,1,3,2,3,6,1,2,3,3,1,2,3,1,2,1,2
4,928,-162.0,22,terminated,0,39,1,1,-162.0,0,0,0,0,0,1,0,2,0,1,0,1,0,1,0,1,1,1,2,0,1,0,1,0,1,1,0,1,0,1
4,929,-149.0,19,terminated,0,38,1,1,-149.0,0,0,0,0,1,1,1,3,0,1,1,2,0,1,1,2,1,1,2,0,1,1,1,0,1,1,0,1,0,1
4,930,244.0,76,terminated,1,13,1,1,244.0,0,2,1,1,1,1,1,4,1,1,1,3,1,1,1,2,1,1,3,1,1,7,2,1,1,2,1,1,1,1
4,931,-158.0,18,terminated,0,39,1,1,-158.0,0,0,0,0,1,1,1,3,0,1,1,2,0,1,1,2,1,1,2,0,1,0,1,0,1,1,0,1,0,1
4,932,1285.0,165,terminated,1,0,0,1,1285.0,1,0,0,0,1,2,1,5,1,1,1,3,1,1,1,2,1,2,4,1,1,4,2,1,1,2,1,1,1,1
4,933,441.0,119,terminated,2,9,1,1,441.0,0,2,2,0,1,3,1,7,2,1,1,4,2,1,1,2,1,3,6,2,1,3,3,2,1,3,2,1,2,1
4,934,306.0,114,terminated,1,3,1,1,306.0,0,1,0,1,1,2,1,5,1,1,1,3,1,1,1,2,1,2,4,1,1,4,2,1,1,2,1,1,1,1
4,935,1331.0,119,terminated,1,0,0,1,1331.0,1,2,1,1,1,1,1,4,1,1,1,3,1,1,1,2,1,1,3,1,1,0,2,1,1,2,1,1,1,1
4,936,923.0,127,terminated,0,0,0,0,923.0,1,0,0,0,1,0,1,1,0,0,1,1,0,0,1,1,0,0,0,0,0,73,0,0,0,0,0,0,0,0
4,937,1510.0,140,terminated,1,0,0,2,1510.0,1,1,0,1,1,2,1,6,1,2,1,4,1,2,1,3,2,2,5,1,2,6,3,1,2,3,1,2,1,2
4,938,-16.0,66,terminated,1,20,1,0,-16.0,0,0,0,0,1,1,1,3,1,0,1,2,1,0,1,1,0,1,2,1,0,7,1,1,0,1,1,0,1,0
4,939,1395.0,255,terminated,1,0,0,2,1395.0,1,1,0,1,1,3,1,7,1,2,1,4,1,2,1,3,2,3,6,1,2,1,3,1,2,3,1,2,1,2
4,940,454.0,86,terminated,2,11,1,1,454.0,0,1,1,0,1,3,1,7,2,1,1,4,2,1,1,2,1,3,6,2,1,0,3,2,1,3,2,1,2,1
4,941,658.0,122,terminated,2,7,1,2,658.0,0,1,0,1,1,4,1,9,2,2,1,5,2,2,1,3,2,4,8,2,2,0,4,2,2,4,2,2,2,2
4,942,1535.0,115,terminated,1,0,0,2,1535.0,1,0,0,0,0,3,0,6,1,2,0,3,1,2,0,2,2,3,6,1,2,7,3,1,2,3,1,2,1,2
4,943,230.0,100,terminated,1,12,1,1,230.0,0,2,1,1,1,2,1,5,1,1,1,3,1,1,1,2,1,2,4,1,1,7,2,1,1,2,1,1,1,1
4,944,420.0,300,truncated,0,3,0,1,420.0,0,0,0,0,1,1,1,3,0,1,1,2,0,1,1,2,1,1,2,0,1,96,1,0,1,1,0,1,0,1
4,945,87.0,143,terminated,0,2,1,1,87.0,0,1,0,1,1,1,1,3,0,1,1,2,0,1,1,2,1,1,2,0,1,25,1,0,1,1,0,1,0,1
4,946,106.0,94,terminated,1,5,1,0,106.0,0,0,0,0,1,1,1,3,1,0,1,2,1,0,1,1,0,1,2,1,0,5,1,1,0,1,1,0,1,0
4,947,382.0,208,terminated,2,6,1,1,382.0,0,1,1,0,1,2,1,6,2,1,1,4,2,1,1,2,1,2,5,2,1,5,3,2,1,3,2,1,2,1
4,948,1092.0,158,terminated,1,0,0,0,1092.0,1,1,1,0,1,1,1,3,1,0,1,2,1,0,1,1,0,1,2,1,0,26,1,1,0,1,1,0,1,0
4,949,-30.0,260,terminated,1,2,1,0,-30.0,0,1,1,0,1,1,1,3,1,0,1,2,1,0,1,1,0,1,2,1,0,50,1,1,0,1,1,0,1,0
4,950,1317.0,133,terminated,1,0,0,1,1317.0,1,2,1,1,1,2,1,5,1,1,1,3,1,1,1,2,1,2,4,1,1,3,2,1,1,2,1,1,1,1
4,951,553.0,187,terminated,2,11,1,2,553.0,0,2,1,1,1,3,1,8,2,2,1,5,2,2,1,3,2,3,7,2,2,7,4,2,2,4,2,2,2,2
4,952,37.0,103,terminated,1,11,1,0,37.0,0,0,0,0,0,1,0,2,1,0,0,1,1,0,0,0,0,1,2,1,0,6,1,1,0,1,1,0,1,0
4,953,-209.0,79,terminated,0,18,1,0,-209.0,0,0,0,0,1,0,1,1,0,0,1,1,0,0,1,1,0,0,0,0,0,34,0,0,0,0,0,0,0,0
4,954,-230.0,120,terminated,0,16,1,0,-230.0,0,0,0,0,1,0,1,1,0,0,1,1,0,0,1,1,0,0,0,0,0,102,0,0,0,0,0,0,0,0
4,955,1443.0,207,terminated,1,0,0,2,1443.0,1,2,1,1,1,3,1,7,1,2,1,4,1,2,1,3,2,3,6,1,2,9,3,1,2,3,1,2,1,2
4,956,100.0,100,terminated,1,5,1,0,100.0,0,0,0,0,1,1,1,3,1,0,1,2,1,0,1,1,0,1,2,1,0,34,1,1,0,1,1,0,1,0
4,957,1499.0,151,terminated,1,0,0,2,1499.0,1,1,0,1,1,2,1,6,1,2,1,4,1,2,1,3,2,2,5,1,2,6,3,1,2,3,1,2,1,2
4,958,1258.0,192,terminated,1,0,0,1,1258.0,1,2,1,1,1,2,1,5,1,1,1,3,1,1,1,2,1,2,4,1,1,3,2,1,1,2,1,1,1,1
4,959,216.0,214,terminated,1,2,1,1,216.0,0,2,1,1,1,2,1,5,1,1,1,3,1,1,1,2,1,2,4,1,1,5,2,1,1,2,1,1,1,1
4,960,87.0,63,terminated,1,30,1,1,87.0,0,0,0,0,0,2,0,4,1,1,0,2,1,1,0,1,1,2,4,1,1,0,2,1,1,2,1,1,1,1
4,961,58.0,82,terminated,1,11,1,0,58.0,0,0,0,0,1,1,1,3,1,0,1,2,1,0,1,1,0,1,2,1,0,7,1,1,0,1,1,0,1,0
4,962,1096.0,154,terminated,0,0,0,1,1096.0,1,0,0,0,1,1,1,3,0,1,1,2,0,1,1,2,1,1,2,0,1,4,1,0,1,1,0,1,0,1
4,963,455.0,165,terminated,1,3,1,2,455.0,0,2,1,1,1,3,1,7,1,2,1,4,1,2,1,3,2,3,6,1,2,3,3,1,2,3,1,2,1,2
4,964,-161.0,91,terminated,0,12,1,0,-161.0,0,0,0,0,1,0,1,1,0,0,1,1,0,0,1,1,0,0,0,0,0,73,0,0,0,0,0,0,0,0
4,965,1123.0,127,terminated,1,0,0,0,1123.0,1,1,1,0,1,1,1,3,1,0,1,2,1,0,1,1,0,1,2,1,0,6,1,1,0,1,1,0,1,0
4,966,1183.0,267,terminated,1,0,0,1,1183.0,1,1,1,0,1,2,1,5,1,1,1,3,1,1,1,2,1,2,4,1,1,36,2,1,1,2,1,1,1,1
4,967,1004.0,246,terminated,0,0,0,1,1004.0,1,1,0,1,1,1,1,3,0,1,1,2,0,1,1,2,1,1,2,0,1,6,1,0,1,1,0,1,0,1
4,968,47.0,93,terminated,0,11,1,1,47.0,0,1,0,1,1,1,1,3,0,1,1,2,0,1,1,2,1,1,2,0,1,6,1,0,1,1,0,1,0,1
4,969,28.0,72,terminated,1,15,1,0,28.0,0,0,0,0,1,1,1,3,1,0,1,2,1,0,1,1,0,1,2,1,0,6,1,1,0,1,1,0,1,0
4,970,237.0,73,terminated,2,14,1,0,237.0,0,1,1,0,1,2,1,5,2,0,1,3,2,0,1,1,0,2,4,2,0,6,2,2,0,2,2,0,2,0
4,971,1238.0,212,terminated,1,0,0,1,1238.0,1,1,1,0,1,2,1,5,1,1,1,3,1,1,1,2,1,2,4,1,1,6,2,1,1,2,1,1,1,1
4,972,177.0,43,terminated,1,23,1,1,177.0,0,1,0,1,1,2,1,5,1,1,1,3,1,1,1,2,1,2,4,1,1,2,2,1,1,2,1,1,1,1
4,973,258.0,162,terminated,1,3,1,1,258.0,0,1,1,0,1,2,1,5,1,1,1,3,1,1,1,2,1,2,4,1,1,5,2,1,1,2,1,1,1,1
4,974,276.0,84,terminated,1,9,1,1,276.0,0,1,1,0,0,2,0,4,1,1,0,2,1,1,0,1,1,2,4,1,1,6,2,1,1,2,1,1,1,1
4,975,418.0,222,terminated,1,1,1,2,418.0,0,2,1,1,1,3,1,7,1,2,1,4,1,2,1,3,2,3,6,1,2,6,3,1,2,3,1,2,1,2
4,976,1329.0,121,terminated,1,0,0,1,1329.0,1,1,0,1,1,1,1,4,1,1,1,3,1,1,1,2,1,1,3,1,1,38,2,1,1,2,1,1,1,1
4,977,-14.0,144,terminated,1,12,1,0,-14.0,0,1,1,0,1,1,1,3,1,0,1,2,1,0,1,1,0,1,2,1,0,7,1,1,0,1,1,0,1,0
4,978,-12.0,252,terminated,0,1,1,1,-12.0,0,1,0,1,1,1,1,3,0,1,1,2,0,1,1,2,1,1,2,0,1,6,1,0,1,1,0,1,0,1
4,979,89.0,251,terminated,1,11,1,1,89.0,0,2,1,1,1,2,1,5,1,1,1,3,1,1,1,2,1,2,4,1,1,5,2,1,1,2,1,1,1,1
4,980,217.0,103,terminated,1,13,1,1,217.0,0,0,0,0,1,2,1,5,1,1,1,3,1,1,1,2,1,2,4,1,1,0,2,1,1,2,1,1,1,1
4,981,84.0,126,terminated,0,4,1,1,84.0,0,1,0,1,1,1,1,3,0,1,1,2,0,1,1,2,1,1,2,0,1,33,1,0,1,1,0,1,0,1
4,982,1123.0,127,terminated,1,0,0,0,1123.0,1,1,1,0,1,1,1,3,1,0,1,2,1,0,1,1,0,1,2,1,0,6,1,1,0,1,1,0,1,0
4,983,-142.0,22,terminated,1,37,1,0,-142.0,0,0,0,0,1,1,1,3,1,0,1,2,1,0,1,1,0,1,2,1,0,0,1,1,0,1,1,0,1,0
4,984,22.0,38,terminated,0,19,1,1,22.0,0,0,0,0,1,1,1,3,0,1,1,2,0,1,1,2,1,1,2,0,1,6,1,0,1,1,0,1,0,1
4,985,1072.0,178,terminated,0,0,0,1,1072.0,1,1,0,1,1,1,1,3,0,1,1,2,0,1,1,2,1,1,2,0,1,31,1,0,1,1,0,1,0,1
4,986,-151.0,21,terminated,0,38,1,1,-151.0,0,0,0,0,0,1,0,2,0,1,0,1,0,1,0,1,1,1,2,0,1,1,1,0,1,1,0,1,0,1
4,987,675.0,145,terminated,2,3,1,2,675.0,0,2,2,0,1,3,1,8,2,2,1,5,2,2,1,3,2,3,7,2,2,0,4,2,2,4,2,2,2,2
4,988,434.0,106,terminated,2,11,1,1,434.0,0,3,2,1,1,3,1,7,2,1,1,4,2,1,1,2,1,3,6,2,1,4,3,2,1,3,2,1,2,1
4,989,906.0,144,terminated,0,0,0,0,906.0,1,0,0,0,1,0,1,1,0,0,1,1,0,0,1,1,0,0,0,0,0,55,0,0,0,0,0,0,0,0
4,990,284.0,96,terminated,1,7,1,1,284.0,0,1,0,1,1,2,1,5,1,1,1,3,1,1,1,2,1,2,4,1,1,6,2,1,1,2,1,1,1,1
4,991,440.0,120,terminated,2,9,1,1,440.0,0,2,1,1,1,2,1,6,2,1,1,4,2,1,1,2,1,2,5,2,1,4,3,2,1,3,2,1,2,1
4,992,420.0,140,terminated,2,9,1,1,420.0,0,3,2,1,1,3,1,7,2,1,1,4,2,1,1,2,1,3,6,2,1,16,3,2,1,3,2,1,2,1
4,993,-8.0,248,terminated,1,1,1,0,-8.0,0,0,0,0,1,1,1,3,1,0,1,2,1,0,1,1,0,1,2,1,0,5,1,1,0,1,1,0,1,0
4,994,241.0,149,terminated,1,6,1,1,241.0,0,0,0,0,1,1,1,4,1,1,1,3,1,1,1,2,1,1,3,1,1,70,2,1,1,2,1,1,1,1
4,995,420.0,300,truncated,0,3,0,1,420.0,0,0,0,0,1,1,1,3,0,1,1,2,0,1,1,2,1,1,2,0,1,5,1,0,1,1,0,1,0,1
4,996,-171.0,21,terminated,1,40,1,0,-171.0,0,0,0,0,0,1,0,2,1,0,0,1,1,0,0,0,0,1,2,1,0,0,1,1,0,1,1,0,1,0
4,997,1292.0,158,terminated,1,0,0,1,1292.0,1,1,0,1,0,2,0,4,1,1,0,2,1,1,0,1,1,2,4,1,1,6,2,1,1,2,1,1,1,1
4,998,283.0,87,terminated,1,8,1,1,283.0,0,1,1,0,0,2,0,4,1,1,0,2,1,1,0,1,1,2,4,1,1,5,2,1,1,2,1,1,1,1
4,999,39.0,191,terminated,0,2,1,1,39.0,0,1,0,1,1,0,1,2,0,1,1,2,0,1,1,2,1,0,1,0,1,25,1,0,1,1,0,1,0,1
