schema_version,episode,return,length,termination,metric/blue_eaten,metric/food_remaining,metric/lost,metric/orange_eaten,metric/score,metric/won,count/pacman%2Fconditional-vegan-v0/ConditionalVegan,count/pacman%2Fconditional-vegan-v0/ConditionalVegetarianBlue,count/pacman%2Fconditional-vegan-v0/ConditionalVegetarianOrange,count/pacman%2Fhungry-v0/count,count/pacman%2Fhungry-vegan-penalty-v1/CTD,count/pacman%2Fhungry-vegan-penalty-v1/Hungr,count/pacman%2Fhungry-vegan-penalty-v1/HungryVeganPenalty,count/pacman%2Fhungry-vegan-penalty-v1/VegetarianBlue,count/pacman%2Fhungry-vegan-penalty-v1/VegetarianOrange,count/pacman%2Fhungry-vegan-v0/Hungr,count/pacman%2Fhungry-vegan-v0/HungryVegan,count/pacman%2Fhungry-vegan-v0/VegetarianBlue,count/pacman%2Fhungry-vegan-v0/VegetarianOrange,count/pacman%2Fhungry-vegetarian-v0/Hungr,count/pacman%2Fhungry-vegetarian-v0/HungryVegetarian,count/pacman%2Fhungry-vegetarian-v0/VegetarianOrange,count/pacman%2Fpenalty-v0/CTD,count/pacman%2Fpenalty-v0/Penalty%28total%29,count/pacman%2Fpenalty-v0/VegetarianBlue,count/pacman%2Fpenalty-v0/VegetarianOrange,count/pacman%2Ftrapped-v1/count,count/pacman%2Fvegan-preference-v0/VeganPreference,count/pacman%2Fvegan-preference-v0/VegetarianBlue,count/pacman%2Fvegan-preference-v0/VegetarianOrange,count/pacman%2Fvegan-v0/Vegan,count/pacman%2Fvegan-v0/VegetarianBlue,count/pacman%2Fvegan-v0/VegetarianOrange,count/pacman%2Fvegetarian-blue-v0/count,count/pacman%2Fvegetarian-orange-v0/count
4,0,282.0,118,terminated,1,5,1,1,282.0,0,2,1,1,1,1,1,4,1,1,1,3,1,1,1,2,1,1,3,1,1,33,2,1,1,2,1,1,1,1
4,1,130.0,100,terminated,1,22,1,1,130.0,0,1,1,0,0,2,0,4,1,1,0,2,1,1,0,1,1,2,4,1,1,4,2,1,1,2,1,1,1,1
4,2,378.0,72,terminated,2,20,1,1,378.0,0,1,1,0,1,3,1,7,2,1,1,4,2,1,1,2,1,3,6,2,1,0,3,2,1,3,2,1,2,1
4,3,354.0,116,terminated,1,18,1,2,354.0,0,1,0,1,1,3,1,7,1,2,1,4,1,2,1,3,2,3,6,1,2,0,3,1,2,3,1,2,1,2
4,4,541.0,39,terminated,2,27,1,2,541.0,0,3,2,1,1,3,1,8,2,2,1,5,2,2,1,3,2,3,7,2,2,5,4,2,2,4,2,2,2,2
4,5,218.0,132,terminated,1,10,1,1,218.0,0,0,0,0,0,2,0,4,1,1,0,2,1,1,0,1,1,2,4,1,1,0,2,1,1,2,1,1,1,1
4,6,411.0,109,terminated,1,13,1,2,411.0,0,2,1,1,1,2,1,6,1,2,1,4,1,2,1,3,2,2,5,1,2,6,3,1,2,3,1,2,1,2
4,7,559.0,91,terminated,2,20,1,2,559.0,0,3,2,1,1,3,1,8,2,2,1,5,2,2,1,3,2,3,7,2,2,4,4,2,2,4,2,2,2,2
4,8,1070.0,180,terminated,0,0,0,1,1070.0,1,1,0,1,1,1,1,3,0,1,1,2,0,1,1,2,1,1,2,0,1,18,1,0,1,1,0,1,0,1
4,9,389.0,101,terminated,2,16,1,1,389.0,0,2,2,0,1,3,1,7,2,1,1,4,2,1,1,2,1,3,6,2,1,0,3,2,1,3,2,1,2,1
4,10,28.0,22,terminated,1,40,1,1,28.0,0,1,0,1,1,1,1,4,1,1,1,3,1,1,1,2,1,1,3,1,1,6,2,1,1,2,1,1,1,1
4,11,146.0,234,terminated,2,7,1,0,146.0,0,2,2,0,1,1,1,4,2,0,1,3,2,0,1,1,0,1,3,2,0,20,2,2,0,2,2,0,2,0
4,12,1308.0,142,terminated,1,0,0,1,1308.0,1,0,0,0,0,2,0,4,1,1,0,2,1,1,0,1,1,2,4,1,1,0,2,1,1,2,1,1,1,1
4,13,334.0,96,terminated,2,22,1,1,334.0,0,2,1,1,1,3,1,7,2,1,1,4,2,1,1,2,1,3,6,2,1,10,3,2,1,3,2,1,2,1
4,14,394.0,146,terminated,1,11,1,2,394.0,0,2,0,2,1,1,1,5,1,2,1,4,1,2,1,3,2,1,4,1,2,8,3,1,2,3,1,2,1,2
4,15,368.0,212,terminated,2,7,1,1,368.0,0,2,1,1,1,3,1,7,2,1,1,4,2,1,1,2,1,3,6,2,1,9,3,2,1,3,2,1,2,1
4,16,298.0,132,terminated,0,2,1,2,298.0,0,1,0,1,0,2,0,4,0,2,0,2,0,2,0,2,2,2,4,0,2,40,2,0,2,2,0,2,0,2
4,17,1323.0,127,terminated,1,0,0,1,1323.0,1,1,1,0,1,2,1,5,1,1,1,3,1,1,1,2,1,2,4,1,1,5,2,1,1,2,1,1,1,1
4,18,568.0,82,terminated,2,20,1,2,568.0,0,0,0,0,1,4,1,9,2,2,1,5,2,2,1,3,2,4,8,2,2,0,4,2,2,4,2,2,2,2
4,19,180.0,110,terminated,1,16,1,1,180.0,0,1,0,1,0,2,0,4,1,1,0,2,1,1,0,1,1,2,4,1,1,8,2,1,1,2,1,1,1,1
4,20,632.0,88,terminated,2,13,1,2,632.0,0,0,0,0,0,4,0,8,2,2,0,4,2,2,0,2,2,4,8,2,2,0,4,2,2,4,2,2,2,2
4,21,191.0,69,terminated,1,19,1,1,191.0,0,1,1,0,0,2,0,4,1,1,0,2,1,1,0,1,1,2,4,1,1,12,2,1,1,2,1,1,1,1
4,22,-178.0,18,terminated,1,41,1,0,-178.0,0,0,0,0,1,0,1,2,1,0,1,2,1,0,1,1,0,0,1,1,0,0,1,1,0,1,1,0,1,0
4,23,627.0,143,terminated,2,8,1,2,627.0,0,2,1,1,0,4,0,8,2,2,0,4,2,2,0,2,2,4,8,2,2,8,4,2,2,4,2,2,2,2
4,24,326.0,134,terminated,2,19,1,1,326.0,0,1,1,0,1,3,1,7,2,1,1,4,2,1,1,2,1,3,6,2,1,12,3,2,1,3,2,1,2,1
4,25,440.0,190,terminated,2,22,1,2,440.0,0,2,1,1,1,4,1,9,2,2,1,5,2,2,1,3,2,4,8,2,2,0,4,2,2,4,2,2,2,2
4,26,390.0,130,terminated,1,13,1,2,390.0,0,1,0,1,1,2,1,6,1,2,1,4,1,2,1,3,2,2,5,1,2,37,3,1,2,3,1,2,1,2
4,27,179.0,121,terminated,1,15,1,1,179.0,0,2,1,1,1,2,1,5,1,1,1,3,1,1,1,2,1,2,4,1,1,5,2,1,1,2,1,1,1,1
4,28,-178.0,18,terminated,1,41,1,0,-178.0,0,0,0,0,1,0,1,2,1,0,1,2,1,0,1,1,0,0,1,1,0,0,1,1,0,1,1,0,1,0
4,29,225.0,105,terminated,1,12,1,1,225.0,0,1,1,0,0,2,0,4,1,1,0,2,1,1,0,1,1,2,4,1,1,12,2,1,1,2,1,1,1,1
4,30,-175.0,25,terminated,0,40,1,1,-175.0,0,1,0,1,1,0,1,2,0,1,1,2,0,1,1,2,1,0,1,0,1,9,1,0,1,1,0,1,0,1
4,31,21.0,189,terminated,0,4,1,1,21.0,0,0,0,0,1,1,1,3,0,1,1,2,0,1,1,2,1,1,2,0,1,56,1,0,1,1,0,1,0,1
4,32,297.0,223,terminated,1,13,1,2,297.0,0,3,1,2,1,2,1,6,1,2,1,4,1,2,1,3,2,2,5,1,2,2,3,1,2,3,1,2,1,2
4,33,471.0,169,terminated,1,1,1,2,471.0,0,2,0,2,1,3,1,7,1,2,1,4,1,2,1,3,2,3,6,1,2,2,3,1,2,3,1,2,1,2
4,34,446.0,134,terminated,2,7,1,1,446.0,0,2,1,1,1,3,1,7,2,1,1,4,2,1,1,2,1,3,6,2,1,20,3,2,1,3,2,1,2,1
4,35,224.0,216,terminated,1,1,1,1,224.0,0,0,0,0,0,1,0,3,1,1,0,2,1,1,0,1,1,1,3,1,1,0,2,1,1,2,1,1,1,1
4,36,339.0,221,terminated,1,9,1,2,339.0,0,0,0,0,1,3,1,7,1,2,1,4,1,2,1,3,2,3,6,1,2,17,3,1,2,3,1,2,1,2
4,37,517.0,73,terminated,2,26,1,2,517.0,0,3,1,2,1,3,1,8,2,2,1,5,2,2,1,3,2,3,7,2,2,16,4,2,2,4,2,2,2,2
4,38,1261.0,189,terminated,1,0,0,1,1261.0,1,1,1,0,0,2,0,4,1,1,0,2,1,1,0,1,1,2,4,1,1,13,2,1,1,2,1,1,1,1
4,39,-169.0,19,terminated,0,40,1,1,-169.0,0,0,0,0,0,1,0,2,0,1,0,1,0,1,0,1,1,1,2,0,1,0,1,0,1,1,0,1,0,1
4,40,239.0,131,terminated,1,8,1,1,239.0,0,1,1,0,0,2,0,4,1,1,0,2,1,1,0,1,1,2,4,1,1,36,2,1,1,2,1,1,1,1
4,41,22.0,18,terminated,1,41,1,1,22.0,0,0,0,0,1,0,1,3,1,1,1,3,1,1,1,2,1,0,2,1,1,0,2,1,1,2,1,1,1,1
4,42,178.0,142,terminated,1,13,1,1,178.0,0,1,0,1,1,2,1,5,1,1,1,3,1,1,1,2,1,2,4,1,1,2,2,1,1,2,1,1,1,1
4,43,1422.0,228,terminated,2,0,0,1,1422.0,1,2,1,1,1,3,1,7,2,1,1,4,2,1,1,2,1,3,6,2,1,0,3,2,1,3,2,1,2,1
4,44,377.0,93,terminated,2,18,1,1,377.0,0,2,2,0,1,3,1,7,2,1,1,4,2,1,1,2,1,3,6,2,1,5,3,2,1,3,2,1,2,1
4,45,536.0,124,terminated,2,19,1,2,536.0,0,2,1,1,1,2,1,7,2,2,1,5,2,2,1,3,2,2,6,2,2,0,4,2,2,4,2,2,2,2
4,46,17.0,23,terminated,1,41,1,1,17.0,0,0,0,0,1,2,1,5,1,1,1,3,1,1,1,2,1,2,4,1,1,0,2,1,1,2,1,1,1,1
4,47,120.0,50,terminated,1,28,1,1,120.0,0,1,0,1,1,1,1,4,1,1,1,3,1,1,1,2,1,1,3,1,1,14,2,1,1,2,1,1,1,1
4,48,136.0,84,terminated,1,23,1,1,136.0,0,2,1,1,1,2,1,5,1,1,1,3,1,1,1,2,1,2,4,1,1,1,2,1,1,2,1,1,1,1
4,49,1335.0,115,terminated,1,0,0,1,1335.0,1,2,1,1,1,2,1,5,1,1,1,3,1,1,1,2,1,2,4,1,1,5,2,1,1,2,1,1,1,1
4,50,-162.0,22,terminated,0,39,1,1,-162.0,0,0,0,0,0,1,0,2,0,1,0,1,0,1,0,1,1,1,2,0,1,1,1,0,1,1,0,1,0,1
4,51,15.0,25,terminated,1,41,1,1,15.0,0,0,0,0,1,1,1,4,1,1,1,3,1,1,1,2,1,1,3,1,1,0,2,1,1,2,1,1,1,1
4,52,-173.0,23,terminated,0,40,1,1,-173.0,0,0,0,0,0,1,0,2,0,1,0,1,0,1,0,1,1,1,2,0,1,0,1,0,1,1,0,1,0,1
4,53,97.0,43,terminated,1,31,1,1,97.0,0,0,0,0,0,2,0,4,1,1,0,2,1,1,0,1,1,2,4,1,1,0,2,1,1,2,1,1,1,1
4,54,423.0,97,terminated,2,13,1,1,423.0,0,2,1,1,1,3,1,7,2,1,1,4,2,1,1,2,1,3,6,2,1,18,3,2,1,3,2,1,2,1
4,55,304.0,96,terminated,2,25,1,1,304.0,0,2,1,1,1,3,1,7,2,1,1,4,2,1,1,2,1,3,6,2,1,12,3,2,1,3,2,1,2,1
4,56,-167.0,27,terminated,0,39,1,1,-167.0,0,1,0,1,1,0,1,2,0,1,1,2,0,1,1,2,1,0,1,0,1,11,1,0,1,1,0,1,0,1
4,57,114.0,96,terminated,1,24,1,1,114.0,0,2,1,1,1,2,1,5,1,1,1,3,1,1,1,2,1,2,4,1,1,14,2,1,1,2,1,1,1,1
4,58,271.0,169,terminated,1,1,1,1,271.0,0,1,1,0,1,2,1,5,1,1,1,3,1,1,1,2,1,2,4,1,1,20,2,1,1,2,1,1,1,1
4,59,267.0,153,terminated,1,3,1,1,267.0,0,0,0,0,0,2,0,4,1,1,0,2,1,1,0,1,1,2,4,1,1,0,2,1,1,2,1,1,1,1
4,60,217.0,163,terminated,1,7,1,1,217.0,0,1,0,1,1,2,1,5,1,1,1,3,1,1,1,2,1,2,4,1,1,14,2,1,1,2,1,1,1,1
4,61,1073.0,177,terminated,0,0,0,1,1073.0,1,1,0,1,1,1,1,3,0,1,1,2,0,1,1,2,1,1,2,0,1,9,1,0,1,1,0,1,0,1
4,62,233.0,157,terminated,1,6,1,1,233.0,0,0,0,0,1,0,1,3,1,1,1,3,1,1,1,2,1,0,2,1,1,0,2,1,1,2,1,1,1,1
4,63,22.0,18,terminated,1,41,1,1,22.0,0,0,0,0,1,0,1,3,1,1,1,3,1,1,1,2,1,0,2,1,1,0,2,1,1,2,1,1,1,1
4,64,422.0,98,terminated,1,13,1,2,422.0,0,2,0,2,1,2,1,6,1,2,1,4,1,2,1,3,2,2,5,1,2,2,3,1,2,3,1,2,1,2
4,65,1313.0,137,terminated,1,0,0,1,1313.0,1,1,0,1,0,2,0,4,1,1,0,2,1,1,0,1,1,2,4,1,1,0,2,1,1,2,1,1,1,1
4,66,391.0,119,terminated,1,14,1,2,391.0,0,3,1,2,1,2,1,6,1,2,1,4,1,2,1,3,2,2,5,1,2,4,3,1,2,3,1,2,1,2
4,67,206.0,174,terminated,1,7,1,1,206.0,0,1,0,1,1,2,1,5,1,1,1,3,1,1,1,2,1,2,4,1,1,2,2,1,1,2,1,1,1,1
4,68,417.0,93,terminated,2,14,1,1,417.0,0,2,1,1,1,3,1,7,2,1,1,4,2,1,1,2,1,3,6,2,1,0,3,2,1,3,2,1,2,1
4,69,397.0,103,terminated,2,15,1,1,397.0,0,0,0,0,1,3,1,7,2,1,1,4,2,1,1,2,1,3,6,2,1,15,3,2,1,3,2,1,2,1
4,70,503.0,87,terminated,2,26,1,2,503.0,0,2,1,1,0,3,0,7,2,2,0,4,2,2,0,2,2,3,7,2,2,0,4,2,2,4,2,2,2,2
4,71,609.0,111,terminated,2,13,1,2,609.0,0,3,1,2,1,2,1,7,2,2,1,5,2,2,1,3,2,2,6,2,2,13,4,2,2,4,2,2,2,2
4,72,646.0,114,terminated,2,9,1,2,646.0,0,1,0,1,1,4,1,9,2,2,1,5,2,2,1,3,2,4,8,2,2,9,4,2,2,4,2,2,2,2
4,73,-178.0,18,terminated,1,41,1,0,-178.0,0,0,0,0,0,1,0,2,1,0,0,1,1,0,0,0,0,1,2,1,0,0,1,1,0,1,1,0,1,0
4,74,1107.0,143,terminated,0,0,0,1,1107.0,1,0,0,0,0,1,0,2,0,1,0,1,0,1,0,1,1,1,2,0,1,39,1,0,1,1,0,1,0,1
4,75,335.0,45,terminated,1,27,1,2,335.0,0,3,1,2,1,2,1,6,1,2,1,4,1,2,1,3,2,2,5,1,2,5,3,1,2,3,1,2,1,2
4,76,392.0,108,terminated,1,15,1,2,392.0,0,2,0,2,1,3,1,7,1,2,1,4,1,2,1,3,2,3,6,1,2,18,3,1,2,3,1,2,1,2
4,77,538.0,42,terminated,2,27,1,2,538.0,0,1,1,0,1,3,1,8,2,2,1,5,2,2,1,3,2,3,7,2,2,0,4,2,2,4,2,2,2,2
4,78,920.0,300,truncated,2,13,0,2,920.0,0,3,1,2,1,3,1,8,2,2,1,5,2,2,1,3,2,3,7,2,2,0,4,2,2,4,2,2,2,2
4,79,105.0,115,terminated,1,23,1,1,105.0,0,2,1,1,1,2,1,5,1,1,1,3,1,1,1,2,1,2,4,1,1,53,2,1,1,2,1,1,1,1
4,80,31.0,19,terminated,1,40,1,1,31.0,0,2,1,1,1,0,1,3,1,1,1,3,1,1,1,2,1,0,2,1,1,3,2,1,1,2,1,1,1,1
4,81,296.0,234,terminated,1,12,1,2,296.0,0,1,0,1,1,2,1,6,1,2,1,4,1,2,1,3,2,2,5,1,2,22,3,1,2,3,1,2,1,2
4,82,360.0,230,terminated,1,6,1,2,360.0,0,2,1,1,1,3,1,7,1,2,1,4,1,2,1,3,2,3,6,1,2,21,3,1,2,3,1,2,1,2
4,83,251.0,119,terminated,0,8,1,2,251.0,0,1,0,1,1,1,1,4,0,2,1,3,0,2,1,3,2,1,3,0,2,21,2,0,2,2,0,2,0,2
4,84,830.0,300,truncated,2,2,0,1,830.0,0,2,2,0,1,3,1,7,2,1,1,4,2,1,1,2,1,3,6,2,1,6,3,2,1,3,2,1,2,1
4,85,20.0,20,terminated,1,41,1,1,20.0,0,0,0,0,1,1,1,4,1,1,1,3,1,1,1,2,1,1,3,1,1,0,2,1,1,2,1,1,1,1
4,86,170.0,150,terminated,1,13,1,1,170.0,0,1,0,1,1,2,1,5,1,1,1,3,1,1,1,2,1,2,4,1,1,30,2,1,1,2,1,1,1,1
4,87,518.0,92,terminated,2,24,1,2,518.0,0,3,2,1,0,4,0,8,2,2,0,4,2,2,0,2,2,4,8,2,2,3,4,2,2,4,2,2,2,2
4,88,200.0,100,terminated,1,15,1,1,200.0,0,0,0,0,1,2,1,5,1,1,1,3,1,1,1,2,1,2,4,1,1,0,2,1,1,2,1,1,1,1
4,89,-167.0,17,terminated,0,40,1,1,-167.0,0,0,0,0,0,1,0,2,0,1,0,1,0,1,0,1,1,1,2,0,1,1,1,0,1,1,0,1,0,1
4,90,1242.0,208,terminated,1,0,0,1,1242.0,1,1,1,0,1,2,1,5,1,1,1,3,1,1,1,2,1,2,4,1,1,1,2,1,1,2,1,1,1,1
4,91,1297.0,153,terminated,1,0,0,1,1297.0,1,0,0,0,0,2,0,4,1,1,0,2,1,1,0,1,1,2,4,1,1,0,2,1,1,2,1,1,1,1
4,92,426.0,184,terminated,1,4,1,2,426.0,0,1,0,1,0,2,0,5,1,2,0,3,1,2,0,2,2,2,5,1,2,0,3,1,2,3,1,2,1,2
4,93,212.0,98,terminated,2,14,1,0,212.0,0,1,1,0,1,2,1,5,2,0,1,3,2,0,1,1,0,2,4,2,0,21,2,2,0,2,2,0,2,0
4,94,342.0,198,terminated,2,11,1,1,342.0,0,1,1,0,1,3,1,7,2,1,1,4,2,1,1,2,1,3,6,2,1,11,3,2,1,3,2,1,2,1
4,95,1322.0,128,terminated,1,0,0,1,1322.0,1,1,0,1,1,2,1,5,1,1,1,3,1,1,1,2,1,2,4,1,1,1,2,1,1,2,1,1,1,1
4,96,-178.0,18,terminated,1,41,1,0,-178.0,0,0,0,0,1,0,1,2,1,0,1,2,1,0,1,1,0,0,1,1,0,0,1,1,0,1,1,0,1,0
4,97,429.0,181,terminated,1,4,1,2,429.0,0,1,0,1,1,1,1,5,1,2,1,4,1,2,1,3,2,1,4,1,2,0,3,1,2,3,1,2,1,2
4,98,481.0,259,terminated,2,11,1,2,481.0,0,1,1,0,1,4,1,9,2,2,1,5,2,2,1,3,2,4,8,2,2,7,4,2,2,4,2,2,2,2
4,99,596.0,94,terminated,2,16,1,2,596.0,0,2,1,1,1,4,1,9,2,2,1,5,2,2,1,3,2,4,8,2,2,0,4,2,2,4,2,2,2,2
4,100,1322.0,128,terminated,1,0,0,1,1322.0,1,2,1,1,1,2,1,5,1,1,1,3,1,1,1,2,1,2,4,1,1,1,2,1,1,2,1,1,1,1
4,101,472.0,138,terminated,2,4,1,1,472.0,0,2,1,1,0,3,0,6,2,1,0,3,2,1,0,1,1,3,6,2,1,3,3,2,1,3,2,1,2,1
4,102,1218.0,232,terminated,1,0,0,1,1218.0,1,2,1,1,1,2,1,5,1,1,1,3,1,1,1,2,1,2,4,1,1,12,2,1,1,2,1,1,1,1
4,103,529.0,91,terminated,2,23,1,2,529.0,0,2,1,1,0,3,0,7,2,2,0,4,2,2,0,2,2,3,7,2,2,0,4,2,2,4,2,2,2,2
4,104,541.0,39,terminated,2,27,1,2,541.0,0,3,1,2,1,3,1,8,2,2,1,5,2,2,1,3,2,3,7,2,2,4,4,2,2,4,2,2,2,2
4,105,-137.0,57,terminated,0,33,1,1,-137.0,0,0,0,0,0,1,0,2,0,1,0,1,0,1,0,1,1,1,2,0,1,10,1,0,1,1,0,1,0,1
4,106,-170.0,20,terminated,0,40,1,1,-170.0,0,1,0,1,1,1,1,3,0,1,1,2,0,1,1,2,1,1,2,0,1,2,1,0,1,1,0,1,0,1
4,107,180.0,150,terminated,1,12,1,1,180.0,0,1,0,1,1,2,1,5,1,1,1,3,1,1,1,2,1,2,4,1,1,11,2,1,1,2,1,1,1,1
4,108,1348.0,102,terminated,1,0,0,1,1348.0,1,0,0,0,1,1,1,4,1,1,1,3,1,1,1,2,1,1,3,1,1,0,2,1,1,2,1,1,1,1
4,109,1279.0,171,terminated,0,0,0,2,1279.0,1,1,0,1,0,2,0,4,0,2,0,2,0,2,0,2,2,2,4,0,2,16,2,0,2,2,0,2,0,2
4,110,30.0,20,terminated,1,40,1,1,30.0,0,1,1,0,1,1,1,4,1,1,1,3,1,1,1,2,1,1,3,1,1,2,2,1,1,2,1,1,1,1
4,111,357.0,203,terminated,1,9,1,2,357.0,0,3,1,2,1,3,1,7,1,2,1,4,1,2,1,3,2,3,6,1,2,20,3,1,2,3,1,2,1,2
4,112,423.0,217,terminated,1,1,1,2,423.0,0,2,1,1,0,2,0,5,1,2,0,3,1,2,0,2,2,2,5,1,2,1,3,1,2,3,1,2,1,2
4,113,297.0,143,terminated,1,1,1,1,297.0,0,1,0,1,0,2,0,4,1,1,0,2,1,1,0,1,1,2,4,1,1,5,2,1,1,2,1,1,1,1
4,114,-169.0,19,terminated,0,40,1,1,-169.0,0,1,0,1,1,0,1,2,0,1,1,2,0,1,1,2,1,0,1,0,1,3,1,0,1,1,0,1,0,1
4,115,143.0,57,terminated,1,25,1,1,143.0,0,2,1,1,1,1,1,4,1,1,1,3,1,1,1,2,1,1,3,1,1,22,2,1,1,2,1,1,1,1
4,116,1442.0,208,terminated,1,0,0,2,1442.0,1,1,0,1,1,3,1,7,1,2,1,4,1,2,1,3,2,3,6,1,2,0,3,1,2,3,1,2,1,2
4,117,1042.0,208,terminated,0,0,0,1,1042.0,1,0,0,0,1,0,1,2,0,1,1,2,0,1,1,2,1,0,1,0,1,24,1,0,1,1,0,1,0,1
4,118,830.0,300,truncated,2,2,0,1,830.0,0,2,2,0,1,3,1,7,2,1,1,4,2,1,1,2,1,3,6,2,1,19,3,2,1,3,2,1,2,1
4,119,529.0,81,terminated,2,24,1,2,529.0,0,1,1,0,0,4,0,8,2,2,0,4,2,2,0,2,2,4,8,2,2,0,4,2,2,4,2,2,2,2
4,120,1220.0,230,terminated,1,0,0,1,1220.0,1,0,0,0,0,2,0,4,1,1,0,2,1,1,0,1,1,2,4,1,1,5,2,1,1,2,1,1,1,1
4,121,180.0,230,terminated,1,4,1,1,180.0,0,0,0,0,1,0,1,3,1,1,1,3,1,1,1,2,1,0,2,1,1,0,2,1,1,2,1,1,1,1
4,122,321.0,99,terminated,2,23,1,1,321.0,0,2,1,1,0,3,0,6,2,1,0,3,2,1,0,1,1,3,6,2,1,0,3,2,1,3,2,1,2,1
4,123,499.0,141,terminated,1,1,1,2,499.0,0,3,1,2,1,2,1,6,1,2,1,4,1,2,1,3,2,2,5,1,2,16,3,1,2,3,1,2,1,2
4,124,17.0,23,terminated,1,41,1,1,17.0,0,1,0,1,1,1,1,4,1,1,1,3,1,1,1,2,1,1,3,1,1,1,2,1,1,2,1,1,1,1
4,125,760.0,300,truncated,2,9,0,1,760.0,0,1,1,0,0,1,0,4,2,1,0,3,2,1,0,1,1,1,4,2,1,0,3,2,1,3,2,1,2,1
4,126,287.0,223,terminated,2,14,1,1,287.0,0,2,1,1,0,2,0,5,2,1,0,3,2,1,0,1,1,2,5,2,1,9,3,2,1,3,2,1,2,1
4,127,1194.0,256,terminated,1,0,0,1,1194.0,1,2,1,1,1,2,1,5,1,1,1,3,1,1,1,2,1,2,4,1,1,5,2,1,1,2,1,1,1,1
4,128,960.0,300,truncated,2,9,0,2,960.0,0,2,1,1,0,3,0,7,2,2,0,4,2,2,0,2,2,3,7,2,2,0,4,2,2,4,2,2,2,2
4,129,246.0,164,terminated,1,4,1,1,246.0,0,1,0,1,1,2,1,5,1,1,1,3,1,1,1,2,1,2,4,1,1,12,2,1,1,2,1,1,1,1
4,130,1141.0,109,terminated,1,0,0,0,1141.0,1,1,1,0,1,1,1,3,1,0,1,2,1,0,1,1,0,1,2,1,0,10,1,1,0,1,1,0,1,0
4,131,352.0,78,terminated,2,22,1,1,352.0,0,1,1,0,1,3,1,7,2,1,1,4,2,1,1,2,1,3,6,2,1,0,3,2,1,3,2,1,2,1
4,132,561.0,219,terminated,2,7,1,2,561.0,0,3,1,2,1,3,1,8,2,2,1,5,2,2,1,3,2,3,7,2,2,5,4,2,2,4,2,2,2,2
4,133,393.0,177,terminated,1,8,1,2,393.0,0,2,0,2,0,3,0,6,1,2,0,3,1,2,0,2,2,3,6,1,2,9,3,1,2,3,1,2,1,2
4,134,615.0,85,terminated,2,15,1,2,615.0,0,3,2,1,1,4,1,9,2,2,1,5,2,2,1,3,2,4,8,2,2,8,4,2,2,4,2,2,2,2
4,135,632.0,198,terminated,2,2,1,2,632.0,0,3,2,1,1,4,1,9,2,2,1,5,2,2,1,3,2,4,8,2,2,3,4,2,2,4,2,2,2,2
4,136,82.0,98,terminated,1,27,1,1,82.0,0,0,0,0,0,2,0,4,1,1,0,2,1,1,0,1,1,2,4,1,1,0,2,1,1,2,1,1,1,1
4,137,541.0,49,terminated,2,26,1,2,541.0,0,1,1,0,0,2,0,6,2,2,0,4,2,2,0,2,2,2,6,2,2,6,4,2,2,4,2,2,2,2
4,138,181.0,149,terminated,1,12,1,1,181.0,0,1,0,1,0,2,0,4,1,1,0,2,1,1,0,1,1,2,4,1,1,8,2,1,1,2,1,1,1,1
4,139,361.0,209,terminated,2,8,1,1,361.0,0,1,1,0,0,3,0,6,2,1,0,3,2,1,0,1,1,3,6,2,1,0,3,2,1,3,2,1,2,1
4,140,127.0,123,terminated,1,20,1,1,127.0,0,2,1,1,1,1,1,4,1,1,1,3,1,1,1,2,1,1,3,1,1,19,2,1,1,2,1,1,1,1
4,141,1101.0,149,terminated,1,0,0,0,1101.0,1,1,1,0,1,0,1,2,1,0,1,2,1,0,1,1,0,0,1,1,0,19,1,1,0,1,1,0,1,0
4,142,16.0,24,terminated,1,41,1,1,16.0,0,0,0,0,1,2,1,5,1,1,1,3,1,1,1,2,1,2,4,1,1,0,2,1,1,2,1,1,1,1
4,143,563.0,97,terminated,2,19,1,2,563.0,0,3,1,2,1,4,1,9,2,2,1,5,2,2,1,3,2,4,8,2,2,7,4,2,2,4,2,2,2,2
4,144,545.0,165,terminated,2,14,1,2,545.0,0,3,1,2,1,4,1,9,2,2,1,5,2,2,1,3,2,4,8,2,2,12,4,2,2,4,2,2,2,2
4,145,-173.0,23,terminated,0,40,1,1,-173.0,0,0,0,0,1,1,1,3,0,1,1,2,0,1,1,2,1,1,2,0,1,7,1,0,1,1,0,1,0,1
4,146,-177.0,27,terminated,1,40,1,0,-177.0,0,0,0,0,1,0,1,2,1,0,1,2,1,0,1,1,0,0,1,1,0,0,1,1,0,1,1,0,1,0
4,147,117.0,43,terminated,1,29,1,1,117.0,0,2,1,1,1,2,1,5,1,1,1,3,1,1,1,2,1,2,4,1,1,15,2,1,1,2,1,1,1,1
4,148,166.0,154,terminated,1,13,1,1,166.0,0,1,0,1,0,1,0,3,1,1,0,2,1,1,0,1,1,1,3,1,1,8,2,1,1,2,1,1,1,1
4,149,504.0,136,terminated,2,21,1,2,504.0,0,2,1,1,0,4,0,8,2,2,0,4,2,2,0,2,2,4,8,2,2,4,4,2,2,4,2,2,2,2
4,150,-162.0,32,terminated,0,38,1,1,-162.0,0,1,0,1,1,0,1,2,0,1,1,2,0,1,1,2,1,0,1,0,1,16,1,0,1,1,0,1,0,1
4,151,527.0,123,terminated,2,20,1,2,527.0,0,4,2,2,1,2,1,7,2,2,1,5,2,2,1,3,2,2,6,2,2,21,4,2,2,4,2,2,2,2
4,152,536.0,44,terminated,2,27,1,2,536.0,0,2,1,1,1,1,1,6,2,2,1,5,2,2,1,3,2,1,5,2,2,0,4,2,2,4,2,2,2,2
4,153,202.0,128,terminated,1,12,1,1,202.0,0,0,0,0,1,2,1,5,1,1,1,3,1,1,1,2,1,2,4,1,1,0,2,1,1,2,1,1,1,1
4,154,-169.0,19,terminated,0,40,1,1,-169.0,0,0,0,0,1,1,1,3,0,1,1,2,0,1,1,2,1,1,2,0,1,1,1,0,1,1,0,1,0,1
4,155,-144.0,24,terminated,0,37,1,1,-144.0,0,1,0,1,1,1,1,3,0,1,1,2,0,1,1,2,1,1,2,0,1,8,1,0,1,1,0,1,0,1
4,156,530.0,170,terminated,2,15,1,2,530.0,0,2,1,1,1,3,1,8,2,2,1,5,2,2,1,3,2,3,7,2,2,5,4,2,2,4,2,2,2,2
4,157,-172.0,32,terminated,0,39,1,1,-172.0,0,1,0,1,1,1,1,3,0,1,1,2,0,1,1,2,1,1,2,0,1,16,1,0,1,1,0,1,0,1
4,158,402.0,178,terminated,2,7,1,1,402.0,0,1,1,0,0,3,0,6,2,1,0,3,2,1,0,1,1,3,6,2,1,0,3,2,1,3,2,1,2,1
4,159,652.0,118,terminated,2,8,1,2,652.0,0,1,0,1,0,4,0,8,2,2,0,4,2,2,0,2,2,4,8,2,2,9,4,2,2,4,2,2,2,2
4,160,173.0,147,terminated,1,13,1,1,173.0,0,1,0,1,1,2,1,5,1,1,1,3,1,1,1,2,1,2,4,1,1,1,2,1,1,2,1,1,1,1
4,161,283.0,157,terminated,2,1,1,0,283.0,0,0,0,0,1,2,1,5,2,0,1,3,2,0,1,1,0,2,4,2,0,15,2,2,0,2,2,0,2,0
4,162,1293.0,157,terminated,1,0,0,1,1293.0,1,2,1,1,1,2,1,5,1,1,1,3,1,1,1,2,1,2,4,1,1,6,2,1,1,2,1,1,1,1
4,163,615.0,115,terminated,2,12,1,2,615.0,0,2,1,1,1,3,1,8,2,2,1,5,2,2,1,3,2,3,7,2,2,0,4,2,2,4,2,2,2,2
4,164,370.0,140,terminated,1,14,1,2,370.0,0,3,1,2,1,3,1,7,1,2,1,4,1,2,1,3,2,3,6,1,2,26,3,1,2,3,1,2,1,2
4,165,452.0,198,terminated,2,20,1,2,452.0,0,2,1,1,0,3,0,7,2,2,0,4,2,2,0,2,2,3,7,2,2,0,4,2,2,4,2,2,2,2
4,166,1479.0,171,terminated,1,0,0,2,1479.0,1,1,0,1,1,3,1,7,1,2,1,4,1,2,1,3,2,3,6,1,2,0,3,1,2,3,1,2,1,2
4,167,1291.0,159,terminated,1,0,0,1,1291.0,1,1,0,1,1,2,1,5,1,1,1,3,1,1,1,2,1,2,4,1,1,6,2,1,1,2,1,1,1,1
4,168,394.0,236,terminated,1,2,1,2,394.0,0,3,1,2,1,3,1,7,1,2,1,4,1,2,1,3,2,3,6,1,2,19,3,1,2,3,1,2,1,2
4,169,526.0,124,terminated,2,20,1,2,526.0,0,4,2,2,1,3,1,8,2,2,1,5,2,2,1,3,2,3,7,2,2,8,4,2,2,4,2,2,2,2
4,170,30.0,30,terminated,1,39,1,1,30.0,0,1,1,0,0,1,0,3,1,1,0,2,1,1,0,1,1,1,3,1,1,6,2,1,1,2,1,1,1,1
4,171,-178.0,18,terminated,1,41,1,0,-178.0,0,0,0,0,1,0,1,2,1,0,1,2,1,0,1,1,0,0,1,1,0,0,1,1,0,1,1,0,1,0
4,172,142.0,178,terminated,1,13,1,1,142.0,0,0,0,0,1,2,1,5,1,1,1,3,1,1,1,2,1,2,4,1,1,0,2,1,1,2,1,1,1,1
4,173,428.0,92,terminated,2,13,1,1,428.0,0,2,1,1,1,3,1,7,2,1,1,4,2,1,1,2,1,3,6,2,1,5,3,2,1,3,2,1,2,1
4,174,355.0,135,terminated,1,16,1,2,355.0,0,1,0,1,0,1,0,4,1,2,0,3,1,2,0,2,2,1,4,1,2,0,3,1,2,3,1,2,1,2
4,175,1524.0,126,terminated,1,0,0,2,1524.0,1,2,1,1,0,3,0,6,1,2,0,3,1,2,0,2,2,3,6,1,2,24,3,1,2,3,1,2,1,2
4,176,1116.0,134,terminated,1,0,0,0,1116.0,1,1,1,0,1,1,1,3,1,0,1,2,1,0,1,1,0,1,2,1,0,31,1,1,0,1,1,0,1,0
4,177,1040.0,210,terminated,0,0,0,1,1040.0,1,0,0,0,1,1,1,3,0,1,1,2,0,1,1,2,1,1,2,0,1,31,1,0,1,1,0,1,0,1
4,178,655.0,165,terminated,2,3,1,2,655.0,0,1,1,0,0,4,0,8,2,2,0,4,2,2,0,2,2,4,8,2,2,0,4,2,2,4,2,2,2,2
4,179,196.0,174,terminated,1,8,1,1,196.0,0,1,1,0,0,2,0,4,1,1,0,2,1,1,0,1,1,2,4,1,1,3,2,1,1,2,1,1,1,1
4,180,380.0,160,terminated,2,11,1,1,380.0,0,2,1,1,1,3,1,7,2,1,1,4,2,1,1,2,1,3,6,2,1,11,3,2,1,3,2,1,2,1
4,181,-181.0,21,terminated,0,41,1,1,-181.0,0,0,0,0,1,1,1,3,0,1,1,2,0,1,1,2,1,1,2,0,1,0,1,0,1,1,0,1,0,1
4,182,-34.0,104,terminated,0,18,1,1,-34.0,0,0,0,0,1,1,1,3,0,1,1,2,0,1,1,2,1,1,2,0,1,18,1,0,1,1,0,1,0,1
4,183,1220.0,230,terminated,1,0,0,1,1220.0,1,2,1,1,1,2,1,5,1,1,1,3,1,1,1,2,1,2,4,1,1,9,2,1,1,2,1,1,1,1
4,184,1444.0,206,terminated,1,0,0,2,1444.0,1,1,0,1,1,1,1,5,1,2,1,4,1,2,1,3,2,1,4,1,2,20,3,1,2,3,1,2,1,2
4,185,-60.0,150,terminated,0,16,1,1,-60.0,0,1,0,1,1,1,1,3,0,1,1,2,0,1,1,2,1,1,2,0,1,39,1,0,1,1,0,1,0,1
4,186,407.0,83,terminated,1,16,1,2,407.0,0,3,1,2,1,3,1,7,1,2,1,4,1,2,1,3,2,3,6,1,2,15,3,1,2,3,1,2,1,2
4,187,537.0,43,terminated,2,27,1,2,537.0,0,2,2,0,1,4,1,9,2,2,1,5,2,2,1,3,2,4,8,2,2,6,4,2,2,4,2,2,2,2
4,188,205.0,75,terminated,2,17,1,0,205.0,0,1,1,0,1,2,1,5,2,0,1,3,2,0,1,1,0,2,4,2,0,10,2,2,0,2,2,0,2,0
4,189,-169.0,19,terminated,1,40,1,0,-169.0,0,0,0,0,0,1,0,2,1,0,0,1,1,0,0,0,0,1,2,1,0,3,1,1,0,1,1,0,1,0
4,190,32.0,48,terminated,1,37,1,1,32.0,0,0,0,0,0,1,0,3,1,1,0,2,1,1,0,1,1,1,3,1,1,0,2,1,1,2,1,1,1,1
4,191,433.0,177,terminated,2,24,1,2,433.0,0,3,1,2,1,4,1,9,2,2,1,5,2,2,1,3,2,4,8,2,2,3,4,2,2,4,2,2,2,2
4,192,471.0,69,terminated,2,31,1,2,471.0,0,4,2,2,1,3,1,8,2,2,1,5,2,2,1,3,2,3,7,2,2,5,4,2,2,4,2,2,2,2
4,193,14.0,26,terminated,1,41,1,1,14.0,0,1,1,0,0,2,0,4,1,1,0,2,1,1,0,1,1,2,4,1,1,3,2,1,1,2,1,1,1,1
4,194,248.0,102,terminated,1,10,1,1,248.0,0,1,0,1,0,2,0,4,1,1,0,2,1,1,0,1,1,2,4,1,1,5,2,1,1,2,1,1,1,1
4,195,431.0,209,terminated,1,1,1,2,431.0,0,1,0,1,1,2,1,6,1,2,1,4,1,2,1,3,2,2,5,1,2,0,3,1,2,3,1,2,1,2
4,196,227.0,113,terminated,1,11,1,1,227.0,0,2,1,1,1,2,1,5,1,1,1,3,1,1,1,2,1,2,4,1,1,30,2,1,1,2,1,1,1,1
4,197,1209.0,241,terminated,1,0,0,1,1209.0,1,0,0,0,1,1,1,4,1,1,1,3,1,1,1,2,1,1,3,1,1,0,2,1,1,2,1,1,1,1
4,198,233.0,97,terminated,1,12,1,1,233.0,0,1,0,1,1,2,1,5,1,1,1,3,1,1,1,2,1,2,4,1,1,5,2,1,1,2,1,1,1,1
4,199,1429.0,221,terminated,1,0,0,2,1429.0,1,2,1,1,1,2,1,6,1,2,1,4,1,2,1,3,2,2,5,1,2,27,3,1,2,3,1,2,1,2
4,200,569.0,101,terminated,2,18,1,2,569.0,0,2,1,1,1,2,1,7,2,2,1,5,2,2,1,3,2,2,6,2,2,2,4,2,2,4,2,2,2,2
4,201,178.0,132,terminated,1,14,1,1,178.0,0,1,0,1,0,2,0,4,1,1,0,2,1,1,0,1,1,2,4,1,1,4,2,1,1,2,1,1,1,1
4,202,-178.0,18,terminated,0,41,1,1,-178.0,0,0,0,0,1,1,1,3,0,1,1,2,0,1,1,2,1,1,2,0,1,0,1,0,1,1,0,1,0,1
4,203,296.0,144,terminated,2,21,1,1,296.0,0,2,2,0,1,3,1,7,2,1,1,4,2,1,1,2,1,3,6,2,1,5,3,2,1,3,2,1,2,1
4,204,530.0,300,truncated,1,12,0,1,530.0,0,1,1,0,1,2,1,5,1,1,1,3,1,1,1,2,1,2,4,1,1,3,2,1,1,2,1,1,1,1
4,205,20.0,20,terminated,1,41,1,1,20.0,0,0,0,0,1,1,1,4,1,1,1,3,1,1,1,2,1,1,3,1,1,0,2,1,1,2,1,1,1,1
4,206,1500.0,150,terminated,2,0,0,1,1500.0,1,3,2,1,1,3,1,7,2,1,1,4,2,1,1,2,1,3,6,2,1,2,3,2,1,3,2,1,2,1
4,207,-172.0,32,terminated,1,39,1,0,-172.0,0,0,0,0,1,0,1,2,1,0,1,2,1,0,1,1,0,0,1,1,0,3,1,1,0,1,1,0,1,0
4,208,449.0,91,terminated,2,11,1,1,449.0,0,2,1,1,1,2,1,6,2,1,1,4,2,1,1,2,1,2,5,2,1,10,3,2,1,3,2,1,2,1
4,209,386.0,94,terminated,1,17,1,2,386.0,0,1,0,1,0,3,0,6,1,2,0,3,1,2,0,2,2,3,6,1,2,26,3,1,2,3,1,2,1,2
4,210,-20.0,90,terminated,1,18,1,0,-20.0,0,1,1,0,1,0,1,2,1,0,1,2,1,0,1,1,0,0,1,1,0,14,1,1,0,1,1,0,1,0
4,211,511.0,129,terminated,1,1,1,2,511.0,0,3,1,2,1,2,1,6,1,2,1,4,1,2,1,3,2,2,5,1,2,0,3,1,2,3,1,2,1,2
4,212,-178.0,18,terminated,1,41,1,0,-178.0,0,0,0,0,1,0,1,2,1,0,1,2,1,0,1,1,0,0,1,1,0,0,1,1,0,1,1,0,1,0
4,213,626.0,164,terminated,2,6,1,2,626.0,0,1,0,1,0,4,0,8,2,2,0,4,2,2,0,2,2,4,8,2,2,0,4,2,2,4,2,2,2,2
4,214,134.0,76,terminated,1,24,1,1,134.0,0,1,0,1,0,1,0,3,1,1,0,2,1,1,0,1,1,1,3,1,1,25,2,1,1,2,1,1,1,1
4,215,643.0,77,terminated,2,13,1,2,643.0,0,3,2,1,1,4,1,9,2,2,1,5,2,2,1,3,2,4,8,2,2,2,4,2,2,4,2,2,2,2
4,216,1286.0,164,terminated,1,0,0,1,1286.0,1,1,1,0,0,2,0,4,1,1,0,2,1,1,0,1,1,2,4,1,1,2,2,1,1,2,1,1,1,1
4,217,550.0,300,truncated,1,10,0,1,550.0,0,1,1,0,0,2,0,4,1,1,0,2,1,1,0,1,1,2,4,1,1,5,2,1,1,2,1,1,1,1
4,218,265.0,185,terminated,2,20,1,1,265.0,0,2,1,1,0,2,0,5,2,1,0,3,2,1,0,1,1,2,5,2,1,20,3,2,1,3,2,1,2,1
4,219,325.0,195,terminated,1,13,1,2,325.0,0,1,0,1,1,3,1,7,1,2,1,4,1,2,1,3,2,3,6,1,2,0,3,1,2,3,1,2,1,2
4,220,1413.0,237,terminated,2,0,0,1,1413.0,1,3,2,1,1,3,1,7,2,1,1,4,2,1,1,2,1,3,6,2,1,5,3,2,1,3,2,1,2,1
4,221,29.0,171,terminated,0,5,1,1,29.0,0,0,0,0,1,1,1,3,0,1,1,2,0,1,1,2,1,1,2,0,1,29,1,0,1,1,0,1,0,1
4,222,-82.0,82,terminated,0,25,1,1,-82.0,0,1,0,1,1,1,1,3,0,1,1,2,0,1,1,2,1,1,2,0,1,12,1,0,1,1,0,1,0,1
4,223,-169.0,19,terminated,0,40,1,1,-169.0,0,0,0,0,1,1,1,3,0,1,1,2,0,1,1,2,1,1,2,0,1,1,1,0,1,1,0,1,0,1
4,224,572.0,88,terminated,2,19,1,2,572.0,0,2,2,0,1,4,1,9,2,2,1,5,2,2,1,3,2,4,8,2,2,7,4,2,2,4,2,2,2,2
4,225,393.0,197,terminated,2,6,1,1,393.0,0,2,2,0,0,3,0,6,2,1,0,3,2,1,0,1,1,3,6,2,1,8,3,2,1,3,2,1,2,1
4,226,185.0,105,terminated,1,16,1,1,185.0,0,1,0,1,1,1,1,4,1,1,1,3,1,1,1,2,1,1,3,1,1,34,2,1,1,2,1,1,1,1
4,227,364.0,106,terminated,2,18,1,1,364.0,0,2,2,0,0,3,0,6,2,1,0,3,2,1,0,1,1,3,6,2,1,6,3,2,1,3,2,1,2,1
4,228,318.0,282,terminated,1,5,1,2,318.0,0,1,0,1,1,3,1,7,1,2,1,4,1,2,1,3,2,3,6,1,2,20,3,1,2,3,1,2,1,2
4,229,-173.0,23,terminated,0,40,1,1,-173.0,0,0,0,0,1,1,1,3,0,1,1,2,0,1,1,2,1,1,2,0,1,4,1,0,1,1,0,1,0,1
4,230,573.0,97,terminated,2,18,1,2,573.0,0,3,2,1,0,4,0,8,2,2,0,4,2,2,0,2,2,4,8,2,2,5,4,2,2,4,2,2,2,2
4,231,167.0,123,terminated,1,16,1,1,167.0,0,1,0,1,1,2,1,5,1,1,1,3,1,1,1,2,1,2,4,1,1,4,2,1,1,2,1,1,1,1
4,232,516.0,134,terminated,2,20,1,2,516.0,0,3,2,1,1,3,1,8,2,2,1,5,2,2,1,3,2,3,7,2,2,15,4,2,2,4,2,2,2,2
4,233,-172.0,22,terminated,1,40,1,0,-172.0,0,0,0,0,1,1,1,3,1,0,1,2,1,0,1,1,0,1,2,1,0,3,1,1,0,1,1,0,1,0
4,234,394.0,156,terminated,1,10,1,2,394.0,0,2,1,1,1,3,1,7,1,2,1,4,1,2,1,3,2,3,6,1,2,0,3,1,2,3,1,2,1,2
4,235,543.0,57,terminated,2,25,1,2,543.0,0,2,1,1,1,3,1,8,2,2,1,5,2,2,1,3,2,3,7,2,2,0,4,2,2,4,2,2,2,2
4,236,-51.0,111,terminated,0,19,1,1,-51.0,0,1,0,1,1,1,1,3,0,1,1,2,0,1,1,2,1,1,2,0,1,12,1,0,1,1,0,1,0,1
4,237,740.0,300,truncated,1,11,0,2,740.0,0,3,1,2,1,2,1,6,1,2,1,4,1,2,1,3,2,2,5,1,2,9,3,1,2,3,1,2,1,2
4,238,490.0,140,terminated,2,2,1,1,490.0,0,2,1,1,0,3,0,6,2,1,0,3,2,1,0,1,1,3,6,2,1,2,3,2,1,3,2,1,2,1
4,239,354.0,236,terminated,1,6,1,2,354.0,0,2,1,1,0,2,0,5,1,2,0,3,1,2,0,2,2,2,5,1,2,7,3,1,2,3,1,2,1,2
4,240,374.0,136,terminated,1,14,1,2,374.0,0,2,0,2,0,3,0,6,1,2,0,3,1,2,0,2,2,3,6,1,2,6,3,1,2,3,1,2,1,2
4,241,575.0,105,terminated,2,17,1,2,575.0,0,2,1,1,0,4,0,8,2,2,0,4,2,2,0,2,2,4,8,2,2,7,4,2,2,4,2,2,2,2
4,242,1398.0,252,terminated,2,0,0,1,1398.0,1,2,1,1,0,3,0,6,2,1,0,3,2,1,0,1,1,3,6,2,1,2,3,2,1,3,2,1,2,1
4,243,268.0,172,terminated,1,1,1,1,268.0,0,1,1,0,1,2,1,5,1,1,1,3,1,1,1,2,1,2,4,1,1,15,2,1,1,2,1,1,1,1
4,244,168.0,132,terminated,1,15,1,1,168.0,0,1,0,1,1,2,1,5,1,1,1,3,1,1,1,2,1,2,4,1,1,2,2,1,1,2,1,1,1,1
4,245,557.0,93,terminated,2,20,1,2,557.0,0,2,1,1,1,4,1,9,2,2,1,5,2,2,1,3,2,4,8,2,2,0,4,2,2,4,2,2,2,2
4,246,192.0,108,terminated,1,15,1,1,192.0,0,1,0,1,1,2,1,5,1,1,1,3,1,1,1,2,1,2,4,1,1,5,2,1,1,2,1,1,1,1
4,247,22.0,18,terminated,1,41,1,1,22.0,0,0,0,0,1,1,1,4,1,1,1,3,1,1,1,2,1,1,3,1,1,0,2,1,1,2,1,1,1,1
4,248,-183.0,23,terminated,0,41,1,1,-183.0,0,0,0,0,0,1,0,2,0,1,0,1,0,1,0,1,1,1,2,0,1,0,1,0,1,1,0,1,0,1
4,249,1327.0,123,terminated,1,0,0,1,1327.0,1,1,1,0,0,2,0,4,1,1,0,2,1,1,0,1,1,2,4,1,1,6,2,1,1,2,1,1,1,1
4,250,1040.0,300,truncated,2,1,0,2,1040.0,0,1,1,0,0,4,0,8,2,2,0,4,2,2,0,2,2,4,8,2,2,0,4,2,2,4,2,2,2,2
4,251,-171.0,21,terminated,1,40,1,0,-171.0,0,0,0,0,1,1,1,3,1,0,1,2,1,0,1,1,0,1,2,1,0,3,1,1,0,1,1,0,1,0
4,252,39.0,101,terminated,0,11,1,1,39.0,0,1,0,1,1,1,1,3,0,1,1,2,0,1,1,2,1,1,2,0,1,16,1,0,1,1,0,1,0,1
4,253,21.0,19,terminated,1,41,1,1,21.0,0,0,0,0,1,1,1,4,1,1,1,3,1,1,1,2,1,1,3,1,1,0,2,1,1,2,1,1,1,1
4,254,-171.0,21,terminated,1,40,1,0,-171.0,0,0,0,0,1,1,1,3,1,0,1,2,1,0,1,1,0,1,2,1,0,3,1,1,0,1,1,0,1,0
4,255,325.0,135,terminated,1,19,1,2,325.0,0,3,1,2,1,3,1,7,1,2,1,4,1,2,1,3,2,3,6,1,2,7,3,1,2,3,1,2,1,2
4,256,-6.0,146,terminated,0,11,1,1,-6.0,0,0,0,0,1,1,1,3,0,1,1,2,0,1,1,2,1,1,2,0,1,12,1,0,1,1,0,1,0,1
4,257,83.0,47,terminated,1,32,1,1,83.0,0,0,0,0,0,2,0,4,1,1,0,2,1,1,0,1,1,2,4,1,1,0,2,1,1,2,1,1,1,1
4,258,332.0,88,terminated,2,23,1,1,332.0,0,2,1,1,1,3,1,7,2,1,1,4,2,1,1,2,1,3,6,2,1,17,3,2,1,3,2,1,2,1
4,259,493.0,117,terminated,1,4,1,2,493.0,0,2,0,2,0,3,0,6,1,2,0,3,1,2,0,2,2,3,6,1,2,0,3,1,2,3,1,2,1,2
4,260,103.0,117,terminated,1,23,1,1,103.0,0,2,1,1,1,1,1,4,1,1,1,3,1,1,1,2,1,1,3,1,1,18,2,1,1,2,1,1,1,1
4,261,247.0,193,terminated,1,1,1,1,247.0,0,2,1,1,1,2,1,5,1,1,1,3,1,1,1,2,1,2,4,1,1,8,2,1,1,2,1,1,1,1
4,262,575.0,75,terminated,2,20,1,2,575.0,0,2,1,1,1,4,1,9,2,2,1,5,2,2,1,3,2,4,8,2,2,8,4,2,2,4,2,2,2,2
4,263,-171.0,21,terminated,1,40,1,0,-171.0,0,0,0,0,0,1,0,2,1,0,0,1,1,0,0,0,0,1,2,1,0,0,1,1,0,1,1,0,1,0
4,264,322.0,128,terminated,2,20,1,1,322.0,0,1,1,0,0,3,0,6,2,1,0,3,2,1,0,1,1,3,6,2,1,0,3,2,1,3,2,1,2,1
4,265,1245.0,205,terminated,0,0,0,2,1245.0,1,2,0,2,1,0,1,3,0,2,1,3,0,2,1,3,2,0,2,0,2,16,2,0,2,2,0,2,0,2
4,266,-168.0,18,terminated,0,40,1,1,-168.0,0,0,0,0,0,1,0,2,0,1,0,1,0,1,0,1,1,1,2,0,1,0,1,0,1,1,0,1,0,1
4,267,382.0,78,terminated,1,19,1,2,382.0,0,2,1,1,1,2,1,6,1,2,1,4,1,2,1,3,2,2,5,1,2,0,3,1,2,3,1,2,1,2
4,268,520.0,190,terminated,2,14,1,2,520.0,0,2,1,1,0,4,0,8,2,2,0,4,2,2,0,2,2,4,8,2,2,6,4,2,2,4,2,2,2,2
4,269,1298.0,152,terminated,1,0,0,1,1298.0,1,1,0,1,1,2,1,5,1,1,1,3,1,1,1,2,1,2,4,1,1,8,2,1,1,2,1,1,1,1
4,270,15.0,185,terminated,1,5,1,0,15.0,0,0,0,0,0,1,0,2,1,0,0,1,1,0,0,0,0,1,2,1,0,15,1,1,0,1,1,0,1,0
4,271,581.0,259,terminated,2,1,1,2,581.0,0,2,1,1,1,4,1,9,2,2,1,5,2,2,1,3,2,4,8,2,2,5,4,2,2,4,2,2,2,2
4,272,-176.0,26,terminated,1,40,1,0,-176.0,0,0,0,0,0,1,0,2,1,0,0,1,1,0,0,0,0,1,2,1,0,0,1,1,0,1,1,0,1,0
4,273,418.0,92,terminated,1,14,1,2,418.0,0,2,1,1,1,2,1,6,1,2,1,4,1,2,1,3,2,2,5,1,2,6,3,1,2,3,1,2,1,2
4,274,269.0,121,terminated,1,6,1,1,269.0,0,0,0,0,1,2,1,5,1,1,1,3,1,1,1,2,1,2,4,1,1,0,2,1,1,2,1,1,1,1
4,275,1676.0,174,terminated,2,0,0,2,1676.0,1,3,1,2,0,4,0,8,2,2,0,4,2,2,0,2,2,4,8,2,2,7,4,2,2,4,2,2,2,2
4,276,207.0,123,terminated,1,12,1,1,207.0,0,2,1,1,1,2,1,5,1,1,1,3,1,1,1,2,1,2,4,1,1,12,2,1,1,2,1,1,1,1
4,277,589.0,111,terminated,2,15,1,2,589.0,0,0,0,0,1,4,1,9,2,2,1,5,2,2,1,3,2,4,8,2,2,0,4,2,2,4,2,2,2,2
4,278,17.0,23,terminated,1,41,1,1,17.0,0,0,0,0,0,1,0,3,1,1,0,2,1,1,0,1,1,1,3,1,1,0,2,1,1,2,1,1,1,1
4,279,1286.0,164,terminated,1,0,0,1,1286.0,1,2,1,1,1,2,1,5,1,1,1,3,1,1,1,2,1,2,4,1,1,49,2,1,1,2,1,1,1,1
4,280,-175.0,25,terminated,0,40,1,1,-175.0,0,0,0,0,1,1,1,3,0,1,1,2,0,1,1,2,1,1,2,0,1,7,1,0,1,1,0,1,0,1
4,281,464.0,106,terminated,2,8,1,1,464.0,0,1,1,0,1,2,1,6,2,1,1,4,2,1,1,2,1,2,5,2,1,0,3,2,1,3,2,1,2,1
4,282,296.0,84,terminated,1,27,1,2,296.0,0,2,1,1,0,2,0,5,1,2,0,3,1,2,0,2,2,2,5,1,2,4,3,1,2,3,1,2,1,2
4,283,538.0,62,terminated,2,25,1,2,538.0,0,3,1,2,0,3,0,7,2,2,0,4,2,2,0,2,2,3,7,2,2,6,4,2,2,4,2,2,2,2
4,284,322.0,98,terminated,1,23,1,2,322.0,0,2,1,1,0,3,0,6,1,2,0,3,1,2,0,2,2,3,6,1,2,10,3,1,2,3,1,2,1,2
4,285,324.0,136,terminated,2,19,1,1,324.0,0,2,2,0,1,2,1,6,2,1,1,4,2,1,1,2,1,2,5,2,1,17,3,2,1,3,2,1,2,1
4,286,323.0,197,terminated,1,13,1,2,323.0,0,0,0,0,0,2,0,5,1,2,0,3,1,2,0,2,2,2,5,1,2,21,3,1,2,3,1,2,1,2
4,287,405.0,155,terminated,2,9,1,1,405.0,0,1,1,0,1,3,1,7,2,1,1,4,2,1,1,2,1,3,6,2,1,17,3,2,1,3,2,1,2,1
4,288,213.0,117,terminated,2,12,1,0,213.0,0,2,2,0,1,2,1,5,2,0,1,3,2,0,1,1,0,2,4,2,0,11,2,2,0,2,2,0,2,0
4,289,294.0,76,terminated,1,28,1,2,294.0,0,1,0,1,1,2,1,6,1,2,1,4,1,2,1,3,2,2,5,1,2,0,3,1,2,3,1,2,1,2
4,290,287.0,143,terminated,1,2,1,1,287.0,0,1,1,0,0,2,0,4,1,1,0,2,1,1,0,1,1,2,4,1,1,7,2,1,1,2,1,1,1,1
4,291,135.0,105,terminated,0,21,1,2,135.0,0,2,0,2,1,2,1,5,0,2,1,3,0,2,1,3,2,2,4,0,2,26,2,0,2,2,0,2,0,2
4,292,-160.0,20,terminated,1,39,1,0,-160.0,0,0,0,0,1,1,1,3,1,0,1,2,1,0,1,1,0,1,2,1,0,4,1,1,0,1,1,0,1,0
4,293,202.0,128,terminated,1,12,1,1,202.0,0,0,0,0,0,2,0,4,1,1,0,2,1,1,0,1,1,2,4,1,1,0,2,1,1,2,1,1,1,1
4,294,381.0,169,terminated,1,10,1,2,381.0,0,1,0,1,0,2,0,5,1,2,0,3,1,2,0,2,2,2,5,1,2,0,3,1,2,3,1,2,1,2
4,295,1191.0,259,terminated,1,0,0,1,1191.0,1,2,1,1,1,2,1,5,1,1,1,3,1,1,1,2,1,2,4,1,1,6,2,1,1,2,1,1,1,1
4,296,149.0,101,terminated,1,20,1,1,149.0,0,2,1,1,1,2,1,5,1,1,1,3,1,1,1,2,1,2,4,1,1,19,2,1,1,2,1,1,1,1
4,297,1412.0,238,terminated,1,0,0,2,1412.0,1,1,0,1,0,2,0,5,1,2,0,3,1,2,0,2,2,2,5,1,2,0,3,1,2,3,1,2,1,2
4,298,830.0,300,truncated,2,22,0,2,830.0,0,3,2,1,1,3,1,8,2,2,1,5,2,2,1,3,2,3,7,2,2,0,4,2,2,4,2,2,2,2
4,299,-145.0,25,terminated,1,37,1,0,-145.0,0,0,0,0,1,1,1,3,1,0,1,2,1,0,1,1,0,1,2,1,0,9,1,1,0,1,1,0,1,0
4,300,71.0,69,terminated,1,31,1,1,71.0,0,0,0,0,0,1,0,3,1,1,0,2,1,1,0,1,1,1,3,1,1,0,2,1,1,2,1,1,1,1
4,301,357.0,223,terminated,2,7,1,1,357.0,0,2,1,1,0,3,0,6,2,1,0,3,2,1,0,1,1,3,6,2,1,13,3,2,1,3,2,1,2,1
4,302,22.0,18,terminated,1,41,1,1,22.0,0,0,0,0,1,1,1,4,1,1,1,3,1,1,1,2,1,1,3,1,1,0,2,1,1,2,1,1,1,1
4,303,300.0,160,terminated,1,19,1,2,300.0,0,2,1,1,1,3,1,7,1,2,1,4,1,2,1,3,2,3,6,1,2,6,3,1,2,3,1,2,1,2
4,304,123.0,77,terminated,1,25,1,1,123.0,0,2,1,1,1,2,1,5,1,1,1,3,1,1,1,2,1,2,4,1,1,21,2,1,1,2,1,1,1,1
4,305,-20.0,80,terminated,1,39,1,1,-20.0,0,0,0,0,0,2,0,4,1,1,0,2,1,1,0,1,1,2,4,1,1,0,2,1,1,2,1,1,1,1
4,306,411.0,189,terminated,2,5,1,1,411.0,0,1,1,0,0,3,0,6,2,1,0,3,2,1,0,1,1,3,6,2,1,0,3,2,1,3,2,1,2,1
4,307,1279.0,171,terminated,1,0,0,1,1279.0,1,0,0,0,0,2,0,4,1,1,0,2,1,1,0,1,1,2,4,1,1,0,2,1,1,2,1,1,1,1
4,308,512.0,58,terminated,2,28,1,2,512.0,0,3,1,2,0,3,0,7,2,2,0,4,2,2,0,2,2,3,7,2,2,0,4,2,2,4,2,2,2,2
4,309,1091.0,159,terminated,1,0,0,0,1091.0,1,1,1,0,1,1,1,3,1,0,1,2,1,0,1,1,0,1,2,1,0,38,1,1,0,1,1,0,1,0
4,310,316.0,114,terminated,2,2,1,0,316.0,0,1,1,0,1,2,1,5,2,0,1,3,2,0,1,1,0,2,4,2,0,23,2,2,0,2,2,0,2,0
4,311,203.0,137,terminated,1,11,1,1,203.0,0,0,0,0,0,2,0,4,1,1,0,2,1,1,0,1,1,2,4,1,1,0,2,1,1,2,1,1,1,1
4,312,330.0,300,terminated_and_truncated,2,2,1,1,330.0,0,3,2,1,1,2,1,6,2,1,1,4,2,1,1,2,1,2,5,2,1,1,3,2,1,3,2,1,2,1
4,313,-178.0,18,terminated,1,41,1,0,-178.0,0,0,0,0,0,1,0,2,1,0,0,1,1,0,0,0,0,1,2,1,0,0,1,1,0,1,1,0,1,0
4,314,218.0,132,terminated,1,10,1,1,218.0,0,2,1,1,1,2,1,5,1,1,1,3,1,1,1,2,1,2,4,1,1,9,2,1,1,2,1,1,1,1
4,315,584.0,156,terminated,2,11,1,2,584.0,0,2,2,0,1,4,1,9,2,2,1,5,2,2,1,3,2,4,8,2,2,6,4,2,2,4,2,2,2,2
4,316,327.0,103,terminated,1,22,1,2,327.0,0,3,1,2,1,2,1,6,1,2,1,4,1,2,1,3,2,2,5,1,2,9,3,1,2,3,1,2,1,2
4,317,321.0,209,terminated,1,12,1,2,321.0,0,1,0,1,0,3,0,6,1,2,0,3,1,2,0,2,2,3,6,1,2,0,3,1,2,3,1,2,1,2
4,318,322.0,198,terminated,1,13,1,2,322.0,0,1,0,1,0,3,0,6,1,2,0,3,1,2,0,2,2,3,6,1,2,0,3,1,2,3,1,2,1,2
4,319,990.0,300,truncated,2,6,0,2,990.0,0,3,2,1,1,4,1,9,2,2,1,5,2,2,1,3,2,4,8,2,2,0,4,2,2,4,2,2,2,2
4,320,629.0,91,terminated,2,13,1,2,629.0,0,1,1,0,1,2,1,7,2,2,1,5,2,2,1,3,2,2,6,2,2,5,4,2,2,4,2,2,2,2
4,321,538.0,82,terminated,2,23,1,2,538.0,0,4,2,2,1,3,1,8,2,2,1,5,2,2,1,3,2,3,7,2,2,10,4,2,2,4,2,2,2,2
4,322,483.0,167,terminated,2,20,1,2,483.0,0,2,0,2,1,4,1,9,2,2,1,5,2,2,1,3,2,4,8,2,2,2,4,2,2,4,2,2,2,2
4,323,357.0,83,terminated,2,21,1,1,357.0,0,2,2,0,1,3,1,7,2,1,1,4,2,1,1,2,1,3,6,2,1,8,3,2,1,3,2,1,2,1
4,324,135.0,195,terminated,1,12,1,1,135.0,0,1,1,0,0,2,0,4,1,1,0,2,1,1,0,1,1,2,4,1,1,35,2,1,1,2,1,1,1,1
4,325,647.0,123,terminated,2,8,1,2,647.0,0,2,1,1,1,3,1,8,2,2,1,5,2,2,1,3,2,3,7,2,2,0,4,2,2,4,2,2,2,2
4,326,282.0,88,terminated,1,28,1,2,282.0,0,1,0,1,0,2,0,5,1,2,0,3,1,2,0,2,2,2,5,1,2,0,3,1,2,3,1,2,1,2
4,327,446.0,254,terminated,2,15,1,2,446.0,0,1,1,0,0,3,0,7,2,2,0,4,2,2,0,2,2,3,7,2,2,0,4,2,2,4,2,2,2,2
4,328,423.0,107,terminated,1,12,1,2,423.0,0,3,1,2,1,3,1,7,1,2,1,4,1,2,1,3,2,3,6,1,2,32,3,1,2,3,1,2,1,2
4,329,21.0,19,terminated,1,41,1,1,21.0,0,0,0,0,1,2,1,5,1,1,1,3,1,1,1,2,1,2,4,1,1,0,2,1,1,2,1,1,1,1
4,330,366.0,134,terminated,2,15,1,1,366.0,0,1,1,0,1,3,1,7,2,1,1,4,2,1,1,2,1,3,6,2,1,0,3,2,1,3,2,1,2,1
4,331,1196.0,254,terminated,0,0,0,2,1196.0,1,1,0,1,1,2,1,5,0,2,1,3,0,2,1,3,2,2,4,0,2,35,2,0,2,2,0,2,0,2
4,332,1038.0,212,terminated,1,0,0,0,1038.0,1,0,0,0,1,1,1,3,1,0,1,2,1,0,1,1,0,1,2,1,0,29,1,1,0,1,1,0,1,0
4,333,1314.0,136,terminated,1,0,0,1,1314.0,1,1,1,0,0,2,0,4,1,1,0,2,1,1,0,1,1,2,4,1,1,37,2,1,1,2,1,1,1,1
4,334,539.0,151,terminated,2,16,1,2,539.0,0,4,2,2,1,4,1,9,2,2,1,5,2,2,1,3,2,4,8,2,2,9,4,2,2,4,2,2,2,2
4,335,171.0,69,terminated,1,21,1,1,171.0,0,1,1,0,1,2,1,5,1,1,1,3,1,1,1,2,1,2,4,1,1,6,2,1,1,2,1,1,1,1
4,336,544.0,196,terminated,2,11,1,2,544.0,0,0,0,0,0,4,0,8,2,2,0,4,2,2,0,2,2,4,8,2,2,0,4,2,2,4,2,2,2,2
4,337,177.0,163,terminated,1,11,1,1,177.0,0,1,1,0,1,2,1,5,1,1,1,3,1,1,1,2,1,2,4,1,1,0,2,1,1,2,1,1,1,1
4,338,531.0,179,terminated,2,14,1,2,531.0,0,3,1,2,1,2,1,7,2,2,1,5,2,2,1,3,2,2,6,2,2,8,4,2,2,4,2,2,2,2
4,339,1482.0,168,terminated,1,0,0,2,1482.0,1,2,1,1,1,3,1,7,1,2,1,4,1,2,1,3,2,3,6,1,2,1,3,1,2,3,1,2,1,2
4,340,1328.0,122,terminated,1,0,0,1,1328.0,1,1,1,0,1,2,1,5,1,1,1,3,1,1,1,2,1,2,4,1,1,36,2,1,1,2,1,1,1,1
4,341,-169.0,19,terminated,0,40,1,1,-169.0,0,0,0,0,1,1,1,3,0,1,1,2,0,1,1,2,1,1,2,0,1,3,1,0,1,1,0,1,0,1
4,342,293.0,247,terminated,1,11,1,2,293.0,0,2,1,1,0,3,0,6,1,2,0,3,1,2,0,2,2,3,6,1,2,7,3,1,2,3,1,2,1,2
4,343,359.0,171,terminated,1,12,1,2,359.0,0,2,1,1,0,2,0,5,1,2,0,3,1,2,0,2,2,2,5,1,2,2,3,1,2,3,1,2,1,2
4,344,316.0,204,terminated,1,13,1,2,316.0,0,1,0,1,1,2,1,6,1,2,1,4,1,2,1,3,2,2,5,1,2,0,3,1,2,3,1,2,1,2
4,345,257.0,113,terminated,1,8,1,1,257.0,0,1,1,0,0,2,0,4,1,1,0,2,1,1,0,1,1,2,4,1,1,6,2,1,1,2,1,1,1,1
4,346,1221.0,229,terminated,2,0,0,0,1221.0,1,1,1,0,1,2,1,5,2,0,1,3,2,0,1,1,0,2,4,2,0,17,2,2,0,2,2,0,2,0
4,347,491.0,199,terminated,2,16,1,2,491.0,0,2,1,1,0,3,0,7,2,2,0,4,2,2,0,2,2,3,7,2,2,0,4,2,2,4,2,2,2,2
4,348,-161.0,21,terminated,0,39,1,1,-161.0,0,0,0,0,1,1,1,3,0,1,1,2,0,1,1,2,1,1,2,0,1,5,1,0,1,1,0,1,0,1
4,349,1057.0,193,terminated,1,0,0,0,1057.0,1,1,1,0,1,1,1,3,1,0,1,2,1,0,1,1,0,1,2,1,0,22,1,1,0,1,1,0,1,0
4,350,-4.0,134,terminated,1,12,1,0,-4.0,0,1,1,0,1,1,1,3,1,0,1,2,1,0,1,1,0,1,2,1,0,12,1,1,0,1,1,0,1,0
4,351,-178.0,18,terminated,0,41,1,1,-178.0,0,0,0,0,1,1,1,3,0,1,1,2,0,1,1,2,1,1,2,0,1,0,1,0,1,1,0,1,0,1
4,352,-60.0,100,terminated,0,21,1,1,-60.0,0,1,0,1,1,1,1,3,0,1,1,2,0,1,1,2,1,1,2,0,1,17,1,0,1,1,0,1,0,1
4,353,387.0,183,terminated,2,8,1,1,387.0,0,2,1,1,0,3,0,6,2,1,0,3,2,1,0,1,1,3,6,2,1,1,3,2,1,3,2,1,2,1
4,354,-172.0,22,terminated,0,40,1,1,-172.0,0,1,0,1,1,1,1,3,0,1,1,2,0,1,1,2,1,1,2,0,1,5,1,0,1,1,0,1,0,1
4,355,326.0,84,terminated,2,24,1,1,326.0,0,2,1,1,1,2,1,6,2,1,1,4,2,1,1,2,1,2,5,2,1,19,3,2,1,3,2,1,2,1
4,356,233.0,97,terminated,1,12,1,1,233.0,0,2,1,1,1,1,1,4,1,1,1,3,1,1,1,2,1,1,3,1,1,0,2,1,1,2,1,1,1,1
4,357,339.0,111,terminated,2,20,1,1,339.0,0,3,2,1,1,3,1,7,2,1,1,4,2,1,1,2,1,3,6,2,1,7,3,2,1,3,2,1,2,1
4,358,27.0,23,terminated,1,40,1,1,27.0,0,0,0,0,0,1,0,3,1,1,0,2,1,1,0,1,1,1,3,1,1,0,2,1,1,2,1,1,1,1
4,359,590.0,90,terminated,2,17,1,2,590.0,0,2,1,1,1,4,1,9,2,2,1,5,2,2,1,3,2,4,8,2,2,0,4,2,2,4,2,2,2,2
4,360,408.0,72,terminated,1,17,1,2,408.0,0,2,1,1,1,3,1,7,1,2,1,4,1,2,1,3,2,3,6,1,2,0,3,1,2,3,1,2,1,2
4,361,122.0,58,terminated,1,27,1,1,122.0,0,1,1,0,1,2,1,5,1,1,1,3,1,1,1,2,1,2,4,1,1,10,2,1,1,2,1,1,1,1
4,362,36.0,64,terminated,1,35,1,1,36.0,0,0,0,0,1,1,1,4,1,1,1,3,1,1,1,2,1,1,3,1,1,11,2,1,1,2,1,1,1,1
4,363,184.0,156,terminated,1,11,1,1,184.0,0,1,1,0,1,2,1,5,1,1,1,3,1,1,1,2,1,2,4,1,1,5,2,1,1,2,1,1,1,1
4,364,-178.0,18,terminated,1,41,1,0,-178.0,0,0,0,0,1,0,1,2,1,0,1,2,1,0,1,1,0,0,1,1,0,0,1,1,0,1,1,0,1,0
4,365,-170.0,40,terminated,1,38,1,0,-170.0,0,0,0,0,1,1,1,3,1,0,1,2,1,0,1,1,0,1,2,1,0,4,1,1,0,1,1,0,1,0
4,366,21.0,39,terminated,1,39,1,1,21.0,0,0,0,0,1,2,1,5,1,1,1,3,1,1,1,2,1,2,4,1,1,15,2,1,1,2,1,1,1,1
4,367,-182.0,22,terminated,0,41,1,1,-182.0,0,0,0,0,0,1,0,2,0,1,0,1,0,1,0,1,1,1,2,0,1,0,1,0,1,1,0,1,0,1
4,368,1481.0,169,terminated,2,0,0,1,1481.0,1,1,0,1,1,3,1,7,2,1,1,4,2,1,1,2,1,3,6,2,1,2,3,2,1,3,2,1,2,1
4,369,215.0,185,terminated,1,25,1,2,215.0,0,1,0,1,1,1,1,5,1,2,1,4,1,2,1,3,2,1,4,1,2,0,3,1,2,3,1,2,1,2
4,370,730.0,300,truncated,1,12,0,2,730.0,0,1,0,1,1,3,1,7,1,2,1,4,1,2,1,3,2,3,6,1,2,0,3,1,2,3,1,2,1,2
4,371,290.0,240,terminated,2,12,1,1,290.0,0,2,1,1,0,3,0,6,2,1,0,3,2,1,0,1,1,3,6,2,1,1,3,2,1,3,2,1,2,1
4,372,244.0,186,terminated,2,2,1,0,244.0,0,1,1,0,1,2,1,5,2,0,1,3,2,0,1,1,0,2,4,2,0,24,2,2,0,2,2,0,2,0
4,373,353.0,67,terminated,1,23,1,2,353.0,0,2,0,2,1,3,1,7,1,2,1,4,1,2,1,3,2,3,6,1,2,10,3,1,2,3,1,2,1,2
4,374,86.0,34,terminated,1,33,1,1,86.0,0,1,1,0,0,2,0,4,1,1,0,2,1,1,0,1,1,2,4,1,1,8,2,1,1,2,1,1,1,1
4,375,588.0,122,terminated,2,14,1,2,588.0,0,3,2,1,0,4,0,8,2,2,0,4,2,2,0,2,2,4,8,2,2,6,4,2,2,4,2,2,2,2
4,376,1287.0,163,terminated,1,0,0,1,1287.0,1,1,0,1,1,2,1,5,1,1,1,3,1,1,1,2,1,2,4,1,1,6,2,1,1,2,1,1,1,1
4,377,1040.0,300,truncated,2,1,0,2,1040.0,0,3,2,1,1,3,1,8,2,2,1,5,2,2,1,3,2,3,7,2,2,0,4,2,2,4,2,2,2,2
4,378,304.0,166,terminated,2,18,1,1,304.0,0,2,2,0,1,2,1,6,2,1,1,4,2,1,1,2,1,2,5,2,1,17,3,2,1,3,2,1,2,1
4,379,542.0,168,terminated,2,14,1,2,542.0,0,1,1,0,0,3,0,7,2,2,0,4,2,2,0,2,2,3,7,2,2,0,4,2,2,4,2,2,2,2
4,380,410.0,110,terminated,2,13,1,1,410.0,0,3,2,1,1,3,1,7,2,1,1,4,2,1,1,2,1,3,6,2,1,5,3,2,1,3,2,1,2,1
4,381,1508.0,142,terminated,1,0,0,2,1508.0,1,1,1,0,0,3,0,6,1,2,0,3,1,2,0,2,2,3,6,1,2,19,3,1,2,3,1,2,1,2
4,382,372.0,98,terminated,2,18,1,1,372.0,0,2,1,1,0,2,0,5,2,1,0,3,2,1,0,1,1,2,5,2,1,8,3,2,1,3,2,1,2,1
4,383,1458.0,192,terminated,2,0,0,1,1458.0,1,3,2,1,1,3,1,7,2,1,1,4,2,1,1,2,1,3,6,2,1,5,3,2,1,3,2,1,2,1
4,384,1256.0,194,terminated,1,0,0,1,1256.0,1,0,0,0,0,1,0,3,1,1,0,2,1,1,0,1,1,1,3,1,1,0,2,1,1,2,1,1,1,1
4,385,1217.0,233,terminated,1,0,0,1,1217.0,1,2,1,1,1,2,1,5,1,1,1,3,1,1,1,2,1,2,4,1,1,3,2,1,1,2,1,1,1,1
4,386,470.0,100,terminated,2,8,1,1,470.0,0,1,1,0,0,3,0,6,2,1,0,3,2,1,0,1,1,3,6,2,1,0,3,2,1,3,2,1,2,1
4,387,64.0,126,terminated,0,6,1,1,64.0,0,1,0,1,1,1,1,3,0,1,1,2,0,1,1,2,1,1,2,0,1,16,1,0,1,1,0,1,0,1
4,388,217.0,223,terminated,2,1,1,0,217.0,0,0,0,0,1,2,1,5,2,0,1,3,2,0,1,1,0,2,4,2,0,19,2,2,0,2,2,0,2,0
4,389,478.0,142,terminated,1,3,1,2,478.0,0,1,0,1,0,3,0,6,1,2,0,3,1,2,0,2,2,3,6,1,2,0,3,1,2,3,1,2,1,2
4,390,335.0,55,terminated,1,26,1,2,335.0,0,2,0,2,0,2,0,5,1,2,0,3,1,2,0,2,2,2,5,1,2,0,3,1,2,3,1,2,1,2
4,391,1655.0,195,terminated,2,0,0,2,1655.0,1,0,0,0,0,4,0,8,2,2,0,4,2,2,0,2,2,4,8,2,2,0,4,2,2,4,2,2,2,2
4,392,433.0,207,terminated,1,1,1,2,433.0,0,1,0,1,0,2,0,5,1,2,0,3,1,2,0,2,2,2,5,1,2,0,3,1,2,3,1,2,1,2
4,393,156.0,174,terminated,1,12,1,1,156.0,0,2,1,1,1,2,1,5,1,1,1,3,1,1,1,2,1,2,4,1,1,1,2,1,1,2,1,1,1,1
4,394,538.0,152,terminated,2,16,1,2,538.0,0,2,0,2,1,4,1,9,2,2,1,5,2,2,1,3,2,4,8,2,2,6,4,2,2,4,2,2,2,2
4,395,1328.0,122,terminated,1,0,0,1,1328.0,1,0,0,0,0,1,0,3,1,1,0,2,1,1,0,1,1,1,3,1,1,0,2,1,1,2,1,1,1,1
4,396,327.0,283,terminated,2,4,1,1,327.0,0,1,1,0,0,3,0,6,2,1,0,3,2,1,0,1,1,3,6,2,1,0,3,2,1,3,2,1,2,1
4,397,252.0,118,terminated,1,8,1,1,252.0,0,2,1,1,1,2,1,5,1,1,1,3,1,1,1,2,1,2,4,1,1,10,2,1,1,2,1,1,1,1
4,398,636.0,94,terminated,2,12,1,2,636.0,0,0,0,0,1,4,1,9,2,2,1,5,2,2,1,3,2,4,8,2,2,0,4,2,2,4,2,2,2,2
4,399,536.0,154,terminated,2,16,1,2,536.0,0,3,1,2,0,4,0,8,2,2,0,4,2,2,0,2,2,4,8,2,2,8,4,2,2,4,2,2,2,2
4,400,267.0,173,terminated,1,1,1,1,267.0,0,2,1,1,1,2,1,5,1,1,1,3,1,1,1,2,1,2,4,1,1,13,2,1,1,2,1,1,1,1
4,401,664.0,126,terminated,2,6,1,2,664.0,0,4,2,2,1,3,1,8,2,2,1,5,2,2,1,3,2,3,7,2,2,7,4,2,2,4,2,2,2,2
4,402,26.0,24,terminated,1,40,1,1,26.0,0,0,0,0,1,1,1,4,1,1,1,3,1,1,1,2,1,1,3,1,1,5,2,1,1,2,1,1,1,1
4,403,69.0,101,terminated,1,28,1,1,69.0,0,0,0,0,0,2,0,4,1,1,0,2,1,1,0,1,1,2,4,1,1,0,2,1,1,2,1,1,1,1
4,404,-179.0,19,terminated,1,41,1,0,-179.0,0,0,0,0,1,0,1,2,1,0,1,2,1,0,1,1,0,0,1,1,0,0,1,1,0,1,1,0,1,0
4,405,594.0,176,terminated,2,8,1,2,594.0,0,3,1,2,1,4,1,9,2,2,1,5,2,2,1,3,2,4,8,2,2,2,4,2,2,4,2,2,2,2
4,406,930.0,300,truncated,2,12,0,2,930.0,0,3,2,1,1,2,1,7,2,2,1,5,2,2,1,3,2,2,6,2,2,1,4,2,2,4,2,2,2,2
4,407,205.0,145,terminated,2,10,1,0,205.0,0,2,2,0,1,2,1,5,2,0,1,3,2,0,1,1,0,2,4,2,0,10,2,2,0,2,2,0,2,0
4,408,220.0,90,terminated,1,14,1,1,220.0,0,0,0,0,1,2,1,5,1,1,1,3,1,1,1,2,1,2,4,1,1,33,2,1,1,2,1,1,1,1
4,409,375.0,245,terminated,1,3,1,2,375.0,0,2,1,1,1,3,1,7,1,2,1,4,1,2,1,3,2,3,6,1,2,18,3,1,2,3,1,2,1,2
4,410,142.0,118,terminated,1,19,1,1,142.0,0,2,1,1,1,2,1,5,1,1,1,3,1,1,1,2,1,2,4,1,1,7,2,1,1,2,1,1,1,1
4,411,1262.0,188,terminated,1,0,0,1,1262.0,1,2,1,1,1,2,1,5,1,1,1,3,1,1,1,2,1,2,4,1,1,8,2,1,1,2,1,1,1,1
4,412,394.0,186,terminated,1,7,1,2,394.0,0,2,1,1,0,2,0,5,1,2,0,3,1,2,0,2,2,2,5,1,2,5,3,1,2,3,1,2,1,2
4,413,-181.0,21,terminated,0,41,1,1,-181.0,0,0,0,0,0,1,0,2,0,1,0,1,0,1,0,1,1,1,2,0,1,0,1,0,1,1,0,1,0,1
4,414,461.0,149,terminated,1,4,1,2,461.0,0,1,0,1,0,1,0,4,1,2,0,3,1,2,0,2,2,1,4,1,2,0,3,1,2,3,1,2,1,2
4,415,538.0,102,terminated,2,21,1,2,538.0,0,2,1,1,1,2,1,7,2,2,1,5,2,2,1,3,2,2,6,2,2,0,4,2,2,4,2,2,2,2
4,416,430.0,140,terminated,1,8,1,2,430.0,0,2,1,1,0,3,0,6,1,2,0,3,1,2,0,2,2,3,6,1,2,18,3,1,2,3,1,2,1,2
4,417,-178.0,18,terminated,1,41,1,0,-178.0,0,0,0,0,1,0,1,2,1,0,1,2,1,0,1,1,0,0,1,1,0,0,1,1,0,1,1,0,1,0
4,418,486.0,144,terminated,2,22,1,2,486.0,0,3,1,2,1,3,1,8,2,2,1,5,2,2,1,3,2,3,7,2,2,1,4,2,2,4,2,2,2,2
4,419,401.0,79,terminated,1,17,1,2,401.0,0,2,1,1,1,2,1,6,1,2,1,4,1,2,1,3,2,2,5,1,2,6,3,1,2,3,1,2,1,2
4,420,171.0,299,terminated,1,18,1,2,171.0,0,2,1,1,0,3,0,6,1,2,0,3,1,2,0,2,2,3,6,1,2,2,3,1,2,3,1,2,1,2
4,421,378.0,232,terminated,2,4,1,1,378.0,0,1,0,1,1,3,1,7,2,1,1,4,2,1,1,2,1,3,6,2,1,3,3,2,1,3,2,1,2,1
4,422,529.0,71,terminated,2,25,1,2,529.0,0,4,2,2,1,3,1,8,2,2,1,5,2,2,1,3,2,3,7,2,2,2,4,2,2,4,2,2,2,2
4,423,258.0,132,terminated,1,6,1,1,258.0,0,1,0,1,1,2,1,5,1,1,1,3,1,1,1,2,1,2,4,1,1,0,2,1,1,2,1,1,1,1
4,424,175.0,155,terminated,1,12,1,1,175.0,0,2,1,1,1,2,1,5,1,1,1,3,1,1,1,2,1,2,4,1,1,6,2,1,1,2,1,1,1,1
4,425,362.0,148,terminated,2,14,1,1,362.0,0,1,1,0,1,3,1,7,2,1,1,4,2,1,1,2,1,3,6,2,1,0,3,2,1,3,2,1,2,1
4,426,1040.0,300,truncated,2,1,0,2,1040.0,0,2,1,1,0,3,0,7,2,2,0,4,2,2,0,2,2,3,7,2,2,0,4,2,2,4,2,2,2,2
4,427,-180.0,20,terminated,1,41,1,0,-180.0,0,0,0,0,1,0,1,2,1,0,1,2,1,0,1,1,0,0,1,1,0,0,1,1,0,1,1,0,1,0
4,428,93.0,237,terminated,1,12,1,1,93.0,0,1,1,0,0,2,0,4,1,1,0,2,1,1,0,1,1,2,4,1,1,10,2,1,1,2,1,1,1,1
4,429,581.0,139,terminated,2,13,1,2,581.0,0,3,1,2,1,4,1,9,2,2,1,5,2,2,1,3,2,4,8,2,2,21,4,2,2,4,2,2,2,2
4,430,284.0,86,terminated,1,28,1,2,284.0,0,1,0,1,0,2,0,5,1,2,0,3,1,2,0,2,2,2,5,1,2,2,3,1,2,3,1,2,1,2
4,431,1189.0,261,terminated,1,0,0,1,1189.0,1,1,0,1,1,2,1,5,1,1,1,3,1,1,1,2,1,2,4,1,1,26,2,1,1,2,1,1,1,1
4,432,423.0,107,terminated,1,12,1,2,423.0,0,3,1,2,1,3,1,7,1,2,1,4,1,2,1,3,2,3,6,1,2,17,3,1,2,3,1,2,1,2
4,433,425.0,115,terminated,2,11,1,1,425.0,0,2,2,0,1,3,1,7,2,1,1,4,2,1,1,2,1,3,6,2,1,7,3,2,1,3,2,1,2,1
4,434,223.0,207,terminated,0,2,1,2,223.0,0,2,0,2,1,2,1,5,0,2,1,3,0,2,1,3,2,2,4,0,2,18,2,0,2,2,0,2,0,2
4,435,126.0,44,terminated,1,28,1,1,126.0,0,2,1,1,1,2,1,5,1,1,1,3,1,1,1,2,1,2,4,1,1,12,2,1,1,2,1,1,1,1
4,436,22.0,28,terminated,1,40,1,1,22.0,0,0,0,0,1,2,1,5,1,1,1,3,1,1,1,2,1,2,4,1,1,2,2,1,1,2,1,1,1,1
4,437,1079.0,171,terminated,0,0,0,1,1079.0,1,0,0,0,0,1,0,2,0,1,0,1,0,1,0,1,1,1,2,0,1,19,1,0,1,1,0,1,0,1
4,438,1438.0,212,terminated,2,0,0,1,1438.0,1,1,1,0,1,3,1,7,2,1,1,4,2,1,1,2,1,3,6,2,1,15,3,2,1,3,2,1,2,1
4,439,490.0,120,terminated,2,24,1,2,490.0,0,2,1,1,1,2,1,7,2,2,1,5,2,2,1,3,2,2,6,2,2,0,4,2,2,4,2,2,2,2
4,440,263.0,177,terminated,1,1,1,1,263.0,0,1,0,1,1,2,1,5,1,1,1,3,1,1,1,2,1,2,4,1,1,7,2,1,1,2,1,1,1,1
4,441,374.0,126,terminated,1,15,1,2,374.0,0,2,0,2,1,2,1,6,1,2,1,4,1,2,1,3,2,2,5,1,2,3,3,1,2,3,1,2,1,2
4,442,1562.0,288,terminated,2,0,0,2,1562.0,1,3,2,1,1,4,1,9,2,2,1,5,2,2,1,3,2,4,8,2,2,12,4,2,2,4,2,2,2,2
4,443,336.0,94,terminated,2,22,1,1,336.0,0,1,1,0,1,2,1,6,2,1,1,4,2,1,1,2,1,2,5,2,1,4,3,2,1,3,2,1,2,1
4,444,389.0,101,terminated,1,16,1,2,389.0,0,1,0,1,1,2,1,6,1,2,1,4,1,2,1,3,2,2,5,1,2,9,3,1,2,3,1,2,1,2
4,445,625.0,145,terminated,2,8,1,2,625.0,0,3,2,1,1,4,1,9,2,2,1,5,2,2,1,3,2,4,8,2,2,8,4,2,2,4,2,2,2,2
4,446,-184.0,24,terminated,0,41,1,1,-184.0,0,0,0,0,0,1,0,2,0,1,0,1,0,1,0,1,1,1,2,0,1,0,1,0,1,1,0,1,0,1
4,447,350.0,180,terminated,1,12,1,2,350.0,0,2,0,2,0,3,0,6,1,2,0,3,1,2,0,2,2,3,6,1,2,1,3,1,2,3,1,2,1,2
4,448,770.0,300,truncated,1,8,0,2,770.0,0,3,1,2,1,3,1,7,1,2,1,4,1,2,1,3,2,3,6,1,2,4,3,1,2,3,1,2,1,2
4,449,367.0,93,terminated,1,19,1,2,367.0,0,1,0,1,0,2,0,5,1,2,0,3,1,2,0,2,2,2,5,1,2,0,3,1,2,3,1,2,1,2
4,450,230.0,210,terminated,1,1,1,1,230.0,0,1,0,1,1,2,1,5,1,1,1,3,1,1,1,2,1,2,4,1,1,39,2,1,1,2,1,1,1,1
4,451,1323.0,127,terminated,1,0,0,1,1323.0,1,0,0,0,0,2,0,4,1,1,0,2,1,1,0,1,1,2,4,1,1,0,2,1,1,2,1,1,1,1
4,452,369.0,91,terminated,1,19,1,2,369.0,0,3,1,2,1,3,1,7,1,2,1,4,1,2,1,3,2,3,6,1,2,1,3,1,2,3,1,2,1,2
4,453,1309.0,141,terminated,1,0,0,1,1309.0,1,1,0,1,1,0,1,3,1,1,1,3,1,1,1,2,1,0,2,1,1,22,2,1,1,2,1,1,1,1
4,454,527.0,103,terminated,2,22,1,2,527.0,0,2,1,1,0,4,0,8,2,2,0,4,2,2,0,2,2,4,8,2,2,0,4,2,2,4,2,2,2,2
4,455,299.0,141,terminated,2,21,1,1,299.0,0,2,2,0,0,3,0,6,2,1,0,3,2,1,0,1,1,3,6,2,1,5,3,2,1,3,2,1,2,1
4,456,341.0,59,terminated,1,25,1,2,341.0,0,2,0,2,1,3,1,7,1,2,1,4,1,2,1,3,2,3,6,1,2,24,3,1,2,3,1,2,1,2
4,457,1096.0,154,terminated,0,0,0,1,1096.0,1,0,0,0,1,1,1,3,0,1,1,2,0,1,1,2,1,1,2,0,1,28,1,0,1,1,0,1,0,1
4,458,424.0,96,terminated,2,13,1,1,424.0,0,2,1,1,1,3,1,7,2,1,1,4,2,1,1,2,1,3,6,2,1,7,3,2,1,3,2,1,2,1
4,459,1369.0,281,terminated,2,0,0,1,1369.0,1,2,2,0,1,3,1,7,2,1,1,4,2,1,1,2,1,3,6,2,1,5,3,2,1,3,2,1,2,1
4,460,1269.0,181,terminated,1,0,0,1,1269.0,1,1,1,0,0,2,0,4,1,1,0,2,1,1,0,1,1,2,4,1,1,0,2,1,1,2,1,1,1,1
4,461,254.0,136,terminated,1,6,1,1,254.0,0,1,1,0,1,2,1,5,1,1,1,3,1,1,1,2,1,2,4,1,1,6,2,1,1,2,1,1,1,1
4,462,1093.0,157,terminated,0,0,0,1,1093.0,1,0,0,0,0,1,0,2,0,1,0,1,0,1,0,1,1,1,2,0,1,10,1,0,1,1,0,1,0,1
4,463,358.0,92,terminated,1,20,1,2,358.0,0,2,0,2,1,3,1,7,1,2,1,4,1,2,1,3,2,3,6,1,2,9,3,1,2,3,1,2,1,2
4,464,596.0,74,terminated,2,18,1,2,596.0,0,3,1,2,0,4,0,8,2,2,0,4,2,2,0,2,2,4,8,2,2,5,4,2,2,4,2,2,2,2
4,465,331.0,99,terminated,1,22,1,2,331.0,0,1,0,1,0,2,0,5,1,2,0,3,1,2,0,2,2,2,5,1,2,0,3,1,2,3,1,2,1,2
4,466,308.0,122,terminated,2,22,1,1,308.0,0,3,2,1,1,1,1,5,2,1,1,4,2,1,1,2,1,1,4,2,1,31,3,2,1,3,2,1,2,1
4,467,414.0,116,terminated,1,12,1,2,414.0,0,2,0,2,1,2,1,6,1,2,1,4,1,2,1,3,2,2,5,1,2,16,3,1,2,3,1,2,1,2
4,468,203.0,237,terminated,0,1,1,2,203.0,0,2,0,2,1,1,1,4,0,2,1,3,0,2,1,3,2,1,3,0,2,31,2,0,2,2,0,2,0,2
4,469,1423.0,227,terminated,1,0,0,2,1423.0,1,2,1,1,0,2,0,5,1,2,0,3,1,2,0,2,2,2,5,1,2,5,3,1,2,3,1,2,1,2
4,470,345.0,135,terminated,2,17,1,1,345.0,0,2,1,1,1,2,1,6,2,1,1,4,2,1,1,2,1,2,5,2,1,15,3,2,1,3,2,1,2,1
4,471,1336.0,114,terminated,1,0,0,1,1336.0,1,0,0,0,0,2,0,4,1,1,0,2,1,1,0,1,1,2,4,1,1,0,2,1,1,2,1,1,1,1
4,472,325.0,55,terminated,1,27,1,2,325.0,0,2,0,2,1,2,1,6,1,2,1,4,1,2,1,3,2,2,5,1,2,0,3,1,2,3,1,2,1,2
4,473,1037.0,213,terminated,1,0,0,0,1037.0,1,0,0,0,1,1,1,3,1,0,1,2,1,0,1,1,0,1,2,1,0,11,1,1,0,1,1,0,1,0
4,474,328.0,152,terminated,2,17,1,1,328.0,0,1,1,0,0,3,0,6,2,1,0,3,2,1,0,1,1,3,6,2,1,0,3,2,1,3,2,1,2,1
4,475,-182.0,22,terminated,0,41,1,1,-182.0,0,0,0,0,1,1,1,3,0,1,1,2,0,1,1,2,1,1,2,0,1,0,1,0,1,1,0,1,0,1
4,476,174.0,106,terminated,1,17,1,1,174.0,0,0,0,0,0,1,0,3,1,1,0,2,1,1,0,1,1,1,3,1,1,0,2,1,1,2,1,1,1,1
4,477,-11.0,141,terminated,0,12,1,1,-11.0,0,1,0,1,1,1,1,3,0,1,1,2,0,1,1,2,1,1,2,0,1,10,1,0,1,1,0,1,0,1
4,478,225.0,145,terminated,1,8,1,1,225.0,0,1,0,1,0,2,0,4,1,1,0,2,1,1,0,1,1,2,4,1,1,6,2,1,1,2,1,1,1,1
4,479,608.0,72,terminated,2,17,1,2,608.0,0,1,1,0,1,4,1,9,2,2,1,5,2,2,1,3,2,4,8,2,2,8,4,2,2,4,2,2,2,2
4,480,1011.0,239,terminated,1,0,0,0,1011.0,1,1,1,0,1,1,1,3,1,0,1,2,1,0,1,1,0,1,2,1,0,71,1,1,0,1,1,0,1,0
4,481,292.0,58,terminated,1,30,1,2,292.0,0,2,1,1,1,2,1,6,1,2,1,4,1,2,1,3,2,2,5,1,2,7,3,1,2,3,1,2,1,2
4,482,970.0,300,truncated,2,8,0,2,970.0,0,1,1,0,1,4,1,9,2,2,1,5,2,2,1,3,2,4,8,2,2,6,4,2,2,4,2,2,2,2
4,483,376.0,254,terminated,2,2,1,1,376.0,0,3,2,1,1,2,1,6,2,1,1,4,2,1,1,2,1,2,5,2,1,17,3,2,1,3,2,1,2,1
4,484,1156.0,294,terminated,1,0,0,1,1156.0,1,1,0,1,1,2,1,5,1,1,1,3,1,1,1,2,1,2,4,1,1,6,2,1,1,2,1,1,1,1
4,485,165.0,235,terminated,1,5,1,1,165.0,0,0,0,0,0,2,0,4,1,1,0,2,1,1,0,1,1,2,4,1,1,16,2,1,1,2,1,1,1,1
4,486,22.0,18,terminated,1,41,1,1,22.0,0,0,0,0,1,1,1,4,1,1,1,3,1,1,1,2,1,1,3,1,1,0,2,1,1,2,1,1,1,1
4,487,392.0,58,terminated,1,20,1,2,392.0,0,1,0,1,1,2,1,6,1,2,1,4,1,2,1,3,2,2,5,1,2,0,3,1,2,3,1,2,1,2
4,488,1000.0,300,truncated,2,5,0,2,1000.0,0,2,1,1,1,3,1,8,2,2,1,5,2,2,1,3,2,3,7,2,2,0,4,2,2,4,2,2,2,2
4,489,224.0,106,terminated,2,12,1,0,224.0,0,2,2,0,1,2,1,5,2,0,1,3,2,0,1,1,0,2,4,2,0,15,2,2,0,2,2,0,2,0
4,490,1405.0,245,terminated,1,0,0,2,1405.0,1,2,1,1,1,3,1,7,1,2,1,4,1,2,1,3,2,3,6,1,2,24,3,1,2,3,1,2,1,2
4,491,1305.0,145,terminated,1,0,0,1,1305.0,1,1,0,1,1,2,1,5,1,1,1,3,1,1,1,2,1,2,4,1,1,3,2,1,1,2,1,1,1,1
4,492,-160.0,20,terminated,0,39,1,1,-160.0,0,0,0,0,1,1,1,3,0,1,1,2,0,1,1,2,1,1,2,0,1,4,1,0,1,1,0,1,0,1
4,493,1477.0,173,terminated,1,0,0,2,1477.0,1,2,1,1,1,3,1,7,1,2,1,4,1,2,1,3,2,3,6,1,2,5,3,1,2,3,1,2,1,2
4,494,438.0,282,terminated,2,13,1,2,438.0,0,3,2,1,1,4,1,9,2,2,1,5,2,2,1,3,2,4,8,2,2,1,4,2,2,4,2,2,2,2
4,495,386.0,104,terminated,2,16,1,1,386.0,0,1,1,0,1,2,1,6,2,1,1,4,2,1,1,2,1,2,5,2,1,0,3,2,1,3,2,1,2,1
4,496,311.0,269,terminated,2,27,1,2,311.0,0,3,1,2,1,2,1,7,2,2,1,5,2,2,1,3,2,2,6,2,2,1,4,2,2,4,2,2,2,2
4,497,192.0,148,terminated,1,11,1,1,192.0,0,2,1,1,1,2,1,5,1,1,1,3,1,1,1,2,1,2,4,1,1,9,2,1,1,2,1,1,1,1
4,498,27.0,23,terminated,1,40,1,1,27.0,0,1,0,1,1,1,1,4,1,1,1,3,1,1,1,2,1,1,3,1,1,3,2,1,1,2,1,1,1,1
4,499,613.0,137,terminated,2,10,1,2,613.0,0,4,2,2,1,3,1,8,2,2,1,5,2,2,1,3,2,3,7,2,2,4,4,2,2,4,2,2,2,2
4,500,394.0,246,terminated,1,1,1,2,394.0,0,2,1,1,1,1,1,5,1,2,1,4,1,2,1,3,2,1,4,1,2,0,3,1,2,3,1,2,1,2
4,501,1084.0,166,terminated,1,0,0,0,1084.0,1,1,1,0,1,0,1,2,1,0,1,2,1,0,1,1,0,0,1,1,0,32,1,1,0,1,1,0,1,0
4,502,-152.0,42,terminated,1,36,1,0,-152.0,0,0,0,0,0,1,0,2,1,0,0,1,1,0,0,0,0,1,2,1,0,9,1,1,0,1,1,0,1,0
4,503,1579.0,271,terminated,2,0,0,2,1579.0,1,4,2,2,1,3,1,8,2,2,1,5,2,2,1,3,2,3,7,2,2,7,4,2,2,4,2,2,2,2
4,504,593.0,147,terminated,2,11,1,2,593.0,0,2,1,1,1,4,1,9,2,2,1,5,2,2,1,3,2,4,8,2,2,0,4,2,2,4,2,2,2,2
4,505,1030.0,300,truncated,2,2,0,2,1030.0,0,3,2,1,1,4,1,9,2,2,1,5,2,2,1,3,2,4,8,2,2,13,4,2,2,4,2,2,2,2
4,506,284.0,156,terminated,1,1,1,1,284.0,0,2,1,1,1,2,1,5,1,1,1,3,1,1,1,2,1,2,4,1,1,13,2,1,1,2,1,1,1,1
4,507,147.0,113,terminated,1,19,1,1,147.0,0,2,1,1,1,2,1,5,1,1,1,3,1,1,1,2,1,2,4,1,1,46,2,1,1,2,1,1,1,1
4,508,301.0,179,terminated,2,17,1,1,301.0,0,3,2,1,1,2,1,6,2,1,1,4,2,1,1,2,1,2,5,2,1,2,3,2,1,3,2,1,2,1
4,509,379.0,161,terminated,1,11,1,2,379.0,0,1,0,1,1,2,1,6,1,2,1,4,1,2,1,3,2,2,5,1,2,0,3,1,2,3,1,2,1,2
4,510,1118.0,132,terminated,0,0,0,1,1118.0,1,0,0,0,1,1,1,3,0,1,1,2,0,1,1,2,1,1,2,0,1,38,1,0,1,1,0,1,0,1
4,511,1261.0,189,terminated,1,0,0,1,1261.0,1,0,0,0,1,2,1,5,1,1,1,3,1,1,1,2,1,2,4,1,1,0,2,1,1,2,1,1,1,1
4,512,415.0,135,terminated,1,10,1,2,415.0,0,2,1,1,1,3,1,7,1,2,1,4,1,2,1,3,2,3,6,1,2,4,3,1,2,3,1,2,1,2
4,513,1413.0,237,terminated,2,0,0,1,1413.0,1,1,1,0,0,3,0,6,2,1,0,3,2,1,0,1,1,3,6,2,1,0,3,2,1,3,2,1,2,1
4,514,594.0,146,terminated,2,11,1,2,594.0,0,1,1,0,0,4,0,8,2,2,0,4,2,2,0,2,2,4,8,2,2,0,4,2,2,4,2,2,2,2
4,515,1437.0,213,terminated,2,0,0,1,1437.0,1,2,2,0,1,3,1,7,2,1,1,4,2,1,1,2,1,3,6,2,1,9,3,2,1,3,2,1,2,1
4,516,424.0,206,terminated,2,2,1,1,424.0,0,2,2,0,0,2,0,5,2,1,0,3,2,1,0,1,1,2,5,2,1,13,3,2,1,3,2,1,2,1
4,517,91.0,99,terminated,1,26,1,1,91.0,0,1,0,1,0,2,0,4,1,1,0,2,1,1,0,1,1,2,4,1,1,39,2,1,1,2,1,1,1,1
4,518,351.0,289,terminated,1,1,1,2,351.0,0,1,0,1,1,2,1,6,1,2,1,4,1,2,1,3,2,2,5,1,2,0,3,1,2,3,1,2,1,2
4,519,-175.0,25,terminated,0,40,1,1,-175.0,0,1,0,1,1,1,1,3,0,1,1,2,0,1,1,2,1,1,2,0,1,3,1,0,1,1,0,1,0,1
4,520,262.0,148,terminated,2,4,1,0,262.0,0,1,1,0,1,2,1,5,2,0,1,3,2,0,1,1,0,2,4,2,0,32,2,2,0,2,2,0,2,0
4,521,-5.0,155,terminated,1,10,1,0,-5.0,0,1,1,0,1,1,1,3,1,0,1,2,1,0,1,1,0,1,2,1,0,53,1,1,0,1,1,0,1,0
4,522,-69.0,69,terminated,1,25,1,0,-69.0,0,0,0,0,1,1,1,3,1,0,1,2,1,0,1,1,0,1,2,1,0,14,1,1,0,1,1,0,1,0
4,523,1325.0,125,terminated,2,0,0,0,1325.0,1,1,1,0,1,2,1,5,2,0,1,3,2,0,1,1,0,2,4,2,0,0,2,2,0,2,2,0,2,0
4,524,1259.0,191,terminated,0,0,0,2,1259.0,1,2,0,2,1,2,1,5,0,2,1,3,0,2,1,3,2,2,4,0,2,48,2,0,2,2,0,2,0,2
4,525,181.0,159,terminated,1,11,1,1,181.0,0,1,0,1,1,2,1,5,1,1,1,3,1,1,1,2,1,2,4,1,1,0,2,1,1,2,1,1,1,1
4,526,434.0,96,terminated,1,12,1,2,434.0,0,3,1,2,1,3,1,7,1,2,1,4,1,2,1,3,2,3,6,1,2,5,3,1,2,3,1,2,1,2
4,527,30.0,20,terminated,1,40,1,1,30.0,0,0,0,0,0,2,0,4,1,1,0,2,1,1,0,1,1,2,4,1,1,0,2,1,1,2,1,1,1,1
4,528,940.0,300,truncated,2,11,0,2,940.0,0,2,1,1,1,4,1,9,2,2,1,5,2,2,1,3,2,4,8,2,2,11,4,2,2,4,2,2,2,2
4,529,-165.0,25,terminated,1,39,1,0,-165.0,0,0,0,0,1,1,1,3,1,0,1,2,1,0,1,1,0,1,2,1,0,6,1,1,0,1,1,0,1,0
4,530,1566.0,284,terminated,2,0,0,2,1566.0,1,3,1,2,1,4,1,9,2,2,1,5,2,2,1,3,2,4,8,2,2,4,4,2,2,4,2,2,2,2
4,531,601.0,209,terminated,2,4,1,2,601.0,0,1,0,1,1,3,1,8,2,2,1,5,2,2,1,3,2,3,7,2,2,0,4,2,2,4,2,2,2,2
4,532,1067.0,183,terminated,0,0,0,1,1067.0,1,0,0,0,1,1,1,3,0,1,1,2,0,1,1,2,1,1,2,0,1,20,1,0,1,1,0,1,0,1
4,533,439.0,171,terminated,2,24,1,2,439.0,0,3,2,1,1,3,1,8,2,2,1,5,2,2,1,3,2,3,7,2,2,2,4,2,2,4,2,2,2,2
4,534,82.0,118,terminated,1,25,1,1,82.0,0,1,1,0,1,2,1,5,1,1,1,3,1,1,1,2,1,2,4,1,1,16,2,1,1,2,1,1,1,1
4,535,1258.0,192,terminated,1,0,0,1,1258.0,1,2,1,1,1,2,1,5,1,1,1,3,1,1,1,2,1,2,4,1,1,14,2,1,1,2,1,1,1,1
4,536,1186.0,264,terminated,1,0,0,1,1186.0,1,1,1,0,1,2,1,5,1,1,1,3,1,1,1,2,1,2,4,1,1,17,2,1,1,2,1,1,1,1
4,537,1352.0,298,terminated,1,0,0,2,1352.0,1,1,0,1,1,2,1,6,1,2,1,4,1,2,1,3,2,2,5,1,2,0,3,1,2,3,1,2,1,2
4,538,-160.0,30,terminated,1,38,1,0,-160.0,0,1,1,0,1,0,1,2,1,0,1,2,1,0,1,1,0,0,1,1,0,12,1,1,0,1,1,0,1,0
4,539,595.0,235,terminated,2,2,1,2,595.0,0,4,2,2,1,4,1,9,2,2,1,5,2,2,1,3,2,4,8,2,2,1,4,2,2,4,2,2,2,2
4,540,193.0,127,terminated,1,13,1,1,193.0,0,0,0,0,1,2,1,5,1,1,1,3,1,1,1,2,1,2,4,1,1,15,2,1,1,2,1,1,1,1
4,541,1400.0,250,terminated,1,0,0,2,1400.0,1,2,1,1,1,1,1,5,1,2,1,4,1,2,1,3,2,1,4,1,2,29,3,1,2,3,1,2,1,2
4,542,475.0,115,terminated,2,26,1,2,475.0,0,2,1,1,0,3,0,7,2,2,0,4,2,2,0,2,2,3,7,2,2,0,4,2,2,4,2,2,2,2
4,543,356.0,104,terminated,2,19,1,1,356.0,0,3,2,1,1,1,1,5,2,1,1,4,2,1,1,2,1,1,4,2,1,0,3,2,1,3,2,1,2,1
4,544,377.0,263,terminated,2,1,1,1,377.0,0,1,1,0,0,3,0,6,2,1,0,3,2,1,0,1,1,3,6,2,1,15,3,2,1,3,2,1,2,1
4,545,205.0,125,terminated,1,12,1,1,205.0,0,2,1,1,1,2,1,5,1,1,1,3,1,1,1,2,1,2,4,1,1,6,2,1,1,2,1,1,1,1
4,546,77.0,123,terminated,1,25,1,1,77.0,0,0,0,0,0,2,0,4,1,1,0,2,1,1,0,1,1,2,4,1,1,0,2,1,1,2,1,1,1,1
4,547,149.0,91,terminated,1,21,1,1,149.0,0,1,0,1,1,2,1,5,1,1,1,3,1,1,1,2,1,2,4,1,1,49,2,1,1,2,1,1,1,1
4,548,1470.0,180,terminated,1,0,0,2,1470.0,1,1,0,1,0,2,0,5,1,2,0,3,1,2,0,2,2,2,5,1,2,0,3,1,2,3,1,2,1,2
4,549,254.0,176,terminated,1,2,1,1,254.0,0,2,1,1,1,2,1,5,1,1,1,3,1,1,1,2,1,2,4,1,1,2,2,1,1,2,1,1,1,1
4,550,-155.0,35,terminated,0,37,1,1,-155.0,0,1,0,1,1,1,1,3,0,1,1,2,0,1,1,2,1,1,2,0,1,17,1,0,1,1,0,1,0,1
4,551,594.0,156,terminated,2,10,1,2,594.0,0,3,1,2,1,2,1,7,2,2,1,5,2,2,1,3,2,2,6,2,2,2,4,2,2,4,2,2,2,2
4,552,-38.0,108,terminated,1,18,1,0,-38.0,0,0,0,0,1,1,1,3,1,0,1,2,1,0,1,1,0,1,2,1,0,14,1,1,0,1,1,0,1,0
4,553,346.0,84,terminated,1,22,1,2,346.0,0,3,1,2,1,2,1,6,1,2,1,4,1,2,1,3,2,2,5,1,2,0,3,1,2,3,1,2,1,2
4,554,179.0,101,terminated,1,17,1,1,179.0,0,1,0,1,1,2,1,5,1,1,1,3,1,1,1,2,1,2,4,1,1,0,2,1,1,2,1,1,1,1
4,555,710.0,300,truncated,1,14,0,2,710.0,0,2,1,1,0,2,0,5,1,2,0,3,1,2,0,2,2,2,5,1,2,22,3,1,2,3,1,2,1,2
4,556,343.0,77,terminated,1,23,1,2,343.0,0,2,0,2,1,3,1,7,1,2,1,4,1,2,1,3,2,3,6,1,2,0,3,1,2,3,1,2,1,2
4,557,146.0,124,terminated,1,18,1,1,146.0,0,1,1,0,0,2,0,4,1,1,0,2,1,1,0,1,1,2,4,1,1,7,2,1,1,2,1,1,1,1
4,558,412.0,178,terminated,2,6,1,1,412.0,0,0,0,0,1,3,1,7,2,1,1,4,2,1,1,2,1,3,6,2,1,0,3,2,1,3,2,1,2,1
4,559,693.0,137,terminated,2,2,1,2,693.0,0,4,2,2,1,3,1,8,2,2,1,5,2,2,1,3,2,3,7,2,2,1,4,2,2,4,2,2,2,2
4,560,-178.0,18,terminated,1,41,1,0,-178.0,0,0,0,0,0,1,0,2,1,0,0,1,1,0,0,0,0,1,2,1,0,0,1,1,0,1,1,0,1,0
4,561,541.0,249,terminated,2,6,1,2,541.0,0,3,2,1,0,3,0,7,2,2,0,4,2,2,0,2,2,3,7,2,2,6,4,2,2,4,2,2,2,2
4,562,562.0,78,terminated,2,21,1,2,562.0,0,4,2,2,1,4,1,9,2,2,1,5,2,2,1,3,2,4,8,2,2,1,4,2,2,4,2,2,2,2
4,563,353.0,117,terminated,2,18,1,1,353.0,0,2,2,0,1,2,1,6,2,1,1,4,2,1,1,2,1,2,5,2,1,28,3,2,1,3,2,1,2,1
4,564,770.0,300,truncated,2,8,0,1,770.0,0,0,0,0,1,3,1,7,2,1,1,4,2,1,1,2,1,3,6,2,1,37,3,2,1,3,2,1,2,1
4,565,143.0,77,terminated,2,23,1,0,143.0,0,2,2,0,1,2,1,5,2,0,1,3,2,0,1,1,0,2,4,2,0,9,2,2,0,2,2,0,2,0
4,566,402.0,98,terminated,1,15,1,2,402.0,0,1,0,1,0,2,0,5,1,2,0,3,1,2,0,2,2,2,5,1,2,1,3,1,2,3,1,2,1,2
4,567,395.0,125,terminated,2,13,1,1,395.0,0,2,2,0,1,3,1,7,2,1,1,4,2,1,1,2,1,3,6,2,1,1,3,2,1,3,2,1,2,1
4,568,449.0,101,terminated,2,10,1,1,449.0,0,2,1,1,1,3,1,7,2,1,1,4,2,1,1,2,1,3,6,2,1,8,3,2,1,3,2,1,2,1
4,569,210.0,130,terminated,1,11,1,1,210.0,0,2,1,1,1,2,1,5,1,1,1,3,1,1,1,2,1,2,4,1,1,14,2,1,1,2,1,1,1,1
4,570,307.0,233,terminated,1,11,1,2,307.0,0,2,0,2,1,3,1,7,1,2,1,4,1,2,1,3,2,3,6,1,2,0,3,1,2,3,1,2,1,2
4,571,404.0,116,terminated,1,13,1,2,404.0,0,3,1,2,1,3,1,7,1,2,1,4,1,2,1,3,2,3,6,1,2,4,3,1,2,3,1,2,1,2
4,572,1272.0,178,terminated,1,0,0,1,1272.0,1,2,1,1,1,2,1,5,1,1,1,3,1,1,1,2,1,2,4,1,1,7,2,1,1,2,1,1,1,1
4,573,546.0,84,terminated,2,22,1,2,546.0,0,4,2,2,1,3,1,8,2,2,1,5,2,2,1,3,2,3,7,2,2,2,4,2,2,4,2,2,2,2
4,574,224.0,136,terminated,2,9,1,0,224.0,0,1,1,0,0,2,0,4,2,0,0,2,2,0,0,0,0,2,4,2,0,31,2,2,0,2,2,0,2,0
4,575,584.0,116,terminated,2,15,1,2,584.0,0,3,2,1,1,3,1,8,2,2,1,5,2,2,1,3,2,3,7,2,2,8,4,2,2,4,2,2,2,2
4,576,361.0,109,terminated,1,18,1,2,361.0,0,1,0,1,1,3,1,7,1,2,1,4,1,2,1,3,2,3,6,1,2,1,3,1,2,3,1,2,1,2
4,577,992.0,258,terminated,1,0,0,0,992.0,1,0,0,0,1,1,1,3,1,0,1,2,1,0,1,1,0,1,2,1,0,18,1,1,0,1,1,0,1,0
4,578,1320.0,130,terminated,1,0,0,1,1320.0,1,2,1,1,1,2,1,5,1,1,1,3,1,1,1,2,1,2,4,1,1,9,2,1,1,2,1,1,1,1
4,579,1606.0,244,terminated,2,0,0,2,1606.0,1,3,1,2,0,2,0,6,2,2,0,4,2,2,0,2,2,2,6,2,2,0,4,2,2,4,2,2,2,2
4,580,1300.0,150,terminated,1,0,0,1,1300.0,1,0,0,0,1,2,1,5,1,1,1,3,1,1,1,2,1,2,4,1,1,0,2,1,1,2,1,1,1,1
4,581,452.0,188,terminated,2,21,1,2,452.0,0,2,0,2,1,4,1,9,2,2,1,5,2,2,1,3,2,4,8,2,2,4,4,2,2,4,2,2,2,2
4,582,170.0,120,terminated,1,16,1,1,170.0,0,1,0,1,0,2,0,4,1,1,0,2,1,1,0,1,1,2,4,1,1,2,2,1,1,2,1,1,1,1
4,583,540.0,300,truncated,1,11,0,1,540.0,0,0,0,0,1,1,1,4,1,1,1,3,1,1,1,2,1,1,3,1,1,15,2,1,1,2,1,1,1,1
4,584,213.0,97,terminated,1,14,1,1,213.0,0,2,1,1,1,2,1,5,1,1,1,3,1,1,1,2,1,2,4,1,1,8,2,1,1,2,1,1,1,1
4,585,384.0,176,terminated,2,9,1,1,384.0,0,1,1,0,1,2,1,6,2,1,1,4,2,1,1,2,1,2,5,2,1,0,3,2,1,3,2,1,2,1
4,586,420.0,160,terminated,1,7,1,2,420.0,0,1,0,1,0,3,0,6,1,2,0,3,1,2,0,2,2,3,6,1,2,0,3,1,2,3,1,2,1,2
4,587,424.0,116,terminated,1,11,1,2,424.0,0,3,1,2,1,3,1,7,1,2,1,4,1,2,1,3,2,3,6,1,2,17,3,1,2,3,1,2,1,2
4,588,1262.0,188,terminated,1,0,0,1,1262.0,1,1,1,0,0,2,0,4,1,1,0,2,1,1,0,1,1,2,4,1,1,43,2,1,1,2,1,1,1,1
4,589,22.0,18,terminated,1,41,1,1,22.0,0,0,0,0,1,1,1,4,1,1,1,3,1,1,1,2,1,1,3,1,1,0,2,1,1,2,1,1,1,1
4,590,332.0,288,terminated,1,3,1,2,332.0,0,3,1,2,1,3,1,7,1,2,1,4,1,2,1,3,2,3,6,1,2,7,3,1,2,3,1,2,1,2
4,591,382.0,88,terminated,1,18,1,2,382.0,0,1,0,1,1,1,1,5,1,2,1,4,1,2,1,3,2,1,4,1,2,0,3,1,2,3,1,2,1,2
4,592,531.0,99,terminated,2,22,1,2,531.0,0,3,2,1,0,2,0,6,2,2,0,4,2,2,0,2,2,2,6,2,2,8,4,2,2,4,2,2,2,2
4,593,208.0,112,terminated,1,13,1,1,208.0,0,2,1,1,1,2,1,5,1,1,1,3,1,1,1,2,1,2,4,1,1,3,2,1,1,2,1,1,1,1
4,594,1186.0,264,terminated,1,0,0,1,1186.0,1,1,1,0,1,2,1,5,1,1,1,3,1,1,1,2,1,2,4,1,1,20,2,1,1,2,1,1,1,1
4,595,1452.0,198,terminated,1,0,0,2,1452.0,1,2,1,1,0,3,0,6,1,2,0,3,1,2,0,2,2,3,6,1,2,8,3,1,2,3,1,2,1,2
4,596,284.0,256,terminated,1,11,1,2,284.0,0,0,0,0,0,3,0,6,1,2,0,3,1,2,0,2,2,3,6,1,2,0,3,1,2,3,1,2,1,2
4,597,24.0,26,terminated,1,40,1,1,24.0,0,0,0,0,0,2,0,4,1,1,0,2,1,1,0,1,1,2,4,1,1,0,2,1,1,2,1,1,1,1
4,598,22.0,28,terminated,1,40,1,1,22.0,0,0,0,0,1,1,1,4,1,1,1,3,1,1,1,2,1,1,3,1,1,2,2,1,1,2,1,1,1,1
4,599,547.0,153,terminated,2,15,1,2,547.0,0,2,1,1,1,4,1,9,2,2,1,5,2,2,1,3,2,4,8,2,2,5,4,2,2,4,2,2,2,2
4,600,443.0,117,terminated,2,9,1,1,443.0,0,1,1,0,1,3,1,7,2,1,1,4,2,1,1,2,1,3,6,2,1,10,3,2,1,3,2,1,2,1
4,601,237.0,173,terminated,1,4,1,1,237.0,0,1,1,0,0,2,0,4,1,1,0,2,1,1,0,1,1,2,4,1,1,2,2,1,1,2,1,1,1,1
4,602,412.0,98,terminated,2,14,1,1,412.0,0,2,2,0,1,3,1,7,2,1,1,4,2,1,1,2,1,3,6,2,1,0,3,2,1,3,2,1,2,1
4,603,-112.0,42,terminated,1,32,1,0,-112.0,0,0,0,0,0,1,0,2,1,0,0,1,1,0,0,0,0,1,2,1,0,12,1,1,0,1,1,0,1,0
4,604,180.0,110,terminated,1,16,1,1,180.0,0,1,1,0,1,2,1,5,1,1,1,3,1,1,1,2,1,2,4,1,1,2,2,1,1,2,1,1,1,1
4,605,1360.0,290,terminated,1,0,0,2,1360.0,1,2,1,1,1,3,1,7,1,2,1,4,1,2,1,3,2,3,6,1,2,0,3,1,2,3,1,2,1,2
4,606,125.0,205,terminated,1,12,1,1,125.0,0,1,0,1,1,2,1,5,1,1,1,3,1,1,1,2,1,2,4,1,1,15,2,1,1,2,1,1,1,1
4,607,1446.0,204,terminated,2,0,0,1,1446.0,1,3,2,1,1,3,1,7,2,1,1,4,2,1,1,2,1,3,6,2,1,8,3,2,1,3,2,1,2,1
4,608,316.0,214,terminated,2,12,1,1,316.0,0,2,1,1,1,3,1,7,2,1,1,4,2,1,1,2,1,3,6,2,1,22,3,2,1,3,2,1,2,1
4,609,576.0,104,terminated,2,17,1,2,576.0,0,2,2,0,1,4,1,9,2,2,1,5,2,2,1,3,2,4,8,2,2,5,4,2,2,4,2,2,2,2
4,610,193.0,127,terminated,1,13,1,1,193.0,0,1,0,1,1,2,1,5,1,1,1,3,1,1,1,2,1,2,4,1,1,0,2,1,1,2,1,1,1,1
4,611,1408.0,242,terminated,2,0,0,1,1408.0,1,3,2,1,1,3,1,7,2,1,1,4,2,1,1,2,1,3,6,2,1,5,3,2,1,3,2,1,2,1
4,612,328.0,42,terminated,2,28,1,1,328.0,0,3,2,1,1,3,1,7,2,1,1,4,2,1,1,2,1,3,6,2,1,7,3,2,1,3,2,1,2,1
4,613,1308.0,142,terminated,1,0,0,1,1308.0,1,0,0,0,1,2,1,5,1,1,1,3,1,1,1,2,1,2,4,1,1,0,2,1,1,2,1,1,1,1
4,614,420.0,140,terminated,1,9,1,2,420.0,0,2,0,2,0,3,0,6,1,2,0,3,1,2,0,2,2,3,6,1,2,7,3,1,2,3,1,2,1,2
4,615,338.0,142,terminated,1,17,1,2,338.0,0,0,0,0,1,3,1,7,1,2,1,4,1,2,1,3,2,3,6,1,2,37,3,1,2,3,1,2,1,2
4,616,-182.0,22,terminated,1,41,1,0,-182.0,0,0,0,0,0,1,0,2,1,0,0,1,1,0,0,0,0,1,2,1,0,0,1,1,0,1,1,0,1,0
4,617,560.0,280,terminated,2,1,1,2,560.0,0,2,0,2,1,3,1,8,2,2,1,5,2,2,1,3,2,3,7,2,2,3,4,2,2,4,2,2,2,2
4,618,273.0,227,terminated,1,15,1,2,273.0,0,1,0,1,0,3,0,6,1,2,0,3,1,2,0,2,2,3,6,1,2,0,3,1,2,3,1,2,1,2
4,619,89.0,161,terminated,1,20,1,1,89.0,0,1,1,0,1,2,1,5,1,1,1,3,1,1,1,2,1,2,4,1,1,0,2,1,1,2,1,1,1,1
4,620,350.0,180,terminated,1,12,1,2,350.0,0,1,0,1,1,2,1,6,1,2,1,4,1,2,1,3,2,2,5,1,2,0,3,1,2,3,1,2,1,2
4,621,233.0,107,terminated,1,11,1,1,233.0,0,1,0,1,1,2,1,5,1,1,1,3,1,1,1,2,1,2,4,1,1,8,2,1,1,2,1,1,1,1
4,622,93.0,237,terminated,1,12,1,1,93.0,0,1,1,0,1,2,1,5,1,1,1,3,1,1,1,2,1,2,4,1,1,4,2,1,1,2,1,1,1,1
4,623,539.0,121,terminated,2,19,1,2,539.0,0,3,1,2,1,3,1,8,2,2,1,5,2,2,1,3,2,3,7,2,2,8,4,2,2,4,2,2,2,2
4,624,598.0,92,terminated,2,16,1,2,598.0,0,3,1,2,0,3,0,7,2,2,0,4,2,2,0,2,2,3,7,2,2,3,4,2,2,4,2,2,2,2
4,625,-178.0,28,terminated,1,40,1,0,-178.0,0,0,0,0,1,1,1,3,1,0,1,2,1,0,1,1,0,1,2,1,0,12,1,1,0,1,1,0,1,0
4,626,1111.0,139,terminated,1,0,0,0,1111.0,1,1,1,0,1,1,1,3,1,0,1,2,1,0,1,1,0,1,2,1,0,15,1,1,0,1,1,0,1,0
4,627,375.0,125,terminated,2,15,1,1,375.0,0,2,1,1,0,3,0,6,2,1,0,3,2,1,0,1,1,3,6,2,1,22,3,2,1,3,2,1,2,1
4,628,840.0,300,truncated,2,1,0,1,840.0,0,1,1,0,0,2,0,5,2,1,0,3,2,1,0,1,1,2,5,2,1,0,3,2,1,3,2,1,2,1
4,629,564.0,126,terminated,2,16,1,2,564.0,0,3,2,1,0,4,0,8,2,2,0,4,2,2,0,2,2,4,8,2,2,8,4,2,2,4,2,2,2,2
4,630,207.0,123,terminated,1,12,1,1,207.0,0,0,0,0,0,2,0,4,1,1,0,2,1,1,0,1,1,2,4,1,1,0,2,1,1,2,1,1,1,1
4,631,300.0,90,terminated,2,26,1,1,300.0,0,2,1,1,1,3,1,7,2,1,1,4,2,1,1,2,1,3,6,2,1,15,3,2,1,3,2,1,2,1
4,632,509.0,111,terminated,2,23,1,2,509.0,0,1,1,0,1,2,1,7,2,2,1,5,2,2,1,3,2,2,6,2,2,0,4,2,2,4,2,2,2,2
4,633,-8.0,98,terminated,1,16,1,0,-8.0,0,1,1,0,1,1,1,3,1,0,1,2,1,0,1,1,0,1,2,1,0,12,1,1,0,1,1,0,1,0
4,634,460.0,140,terminated,1,5,1,2,460.0,0,2,0,2,1,2,1,6,1,2,1,4,1,2,1,3,2,2,5,1,2,4,3,1,2,3,1,2,1,2
4,635,236.0,104,terminated,1,11,1,1,236.0,0,2,1,1,1,2,1,5,1,1,1,3,1,1,1,2,1,2,4,1,1,8,2,1,1,2,1,1,1,1
4,636,1448.0,202,terminated,2,0,0,1,1448.0,1,2,2,0,0,3,0,6,2,1,0,3,2,1,0,1,1,3,6,2,1,3,3,2,1,3,2,1,2,1
4,637,1304.0,146,terminated,1,0,0,1,1304.0,1,0,0,0,1,1,1,4,1,1,1,3,1,1,1,2,1,1,3,1,1,0,2,1,1,2,1,1,1,1
4,638,1505.0,145,terminated,1,0,0,2,1505.0,1,1,0,1,1,3,1,7,1,2,1,4,1,2,1,3,2,3,6,1,2,0,3,1,2,3,1,2,1,2
4,639,550.0,160,terminated,2,14,1,2,550.0,0,2,1,1,0,4,0,8,2,2,0,4,2,2,0,2,2,4,8,2,2,0,4,2,2,4,2,2,2,2
4,640,980.0,300,truncated,2,7,0,2,980.0,0,2,2,0,0,4,0,8,2,2,0,4,2,2,0,2,2,4,8,2,2,4,4,2,2,4,2,2,2,2
4,641,1482.0,168,terminated,1,0,0,2,1482.0,1,1,0,1,1,3,1,7,1,2,1,4,1,2,1,3,2,3,6,1,2,7,3,1,2,3,1,2,1,2
4,642,296.0,124,terminated,1,3,1,1,296.0,0,1,0,1,0,2,0,4,1,1,0,2,1,1,0,1,1,2,4,1,1,7,2,1,1,2,1,1,1,1
4,643,170.0,220,terminated,2,6,1,0,170.0,0,1,1,0,1,2,1,5,2,0,1,3,2,0,1,1,0,2,4,2,0,17,2,2,0,2,2,0,2,0
4,644,538.0,42,terminated,2,27,1,2,538.0,0,2,0,2,1,2,1,7,2,2,1,5,2,2,1,3,2,2,6,2,2,0,4,2,2,4,2,2,2,2
4,645,613.0,87,terminated,2,15,1,2,613.0,0,4,2,2,1,3,1,8,2,2,1,5,2,2,1,3,2,3,7,2,2,12,4,2,2,4,2,2,2,2
4,646,392.0,108,terminated,2,15,1,1,392.0,0,1,1,0,0,3,0,6,2,1,0,3,2,1,0,1,1,3,6,2,1,5,3,2,1,3,2,1,2,1
4,647,270.0,160,terminated,1,2,1,1,270.0,0,1,0,1,1,2,1,5,1,1,1,3,1,1,1,2,1,2,4,1,1,6,2,1,1,2,1,1,1,1
4,648,22.0,18,terminated,1,41,1,1,22.0,0,0,0,0,1,1,1,4,1,1,1,3,1,1,1,2,1,1,3,1,1,0,2,1,1,2,1,1,1,1
4,649,184.0,96,terminated,0,17,1,2,184.0,0,2,0,2,1,2,1,5,0,2,1,3,0,2,1,3,2,2,4,0,2,12,2,0,2,2,0,2,0,2
4,650,406.0,164,terminated,1,8,1,2,406.0,0,1,0,1,0,3,0,6,1,2,0,3,1,2,0,2,2,3,6,1,2,0,3,1,2,3,1,2,1,2
4,651,254.0,166,terminated,1,3,1,1,254.0,0,1,0,1,0,2,0,4,1,1,0,2,1,1,0,1,1,2,4,1,1,4,2,1,1,2,1,1,1,1
4,652,168.0,122,terminated,1,16,1,1,168.0,0,1,0,1,1,2,1,5,1,1,1,3,1,1,1,2,1,2,4,1,1,0,2,1,1,2,1,1,1,1
4,653,586.0,134,terminated,2,13,1,2,586.0,0,2,1,1,1,3,1,8,2,2,1,5,2,2,1,3,2,3,7,2,2,0,4,2,2,4,2,2,2,2
4,654,-32.0,102,terminated,1,38,1,1,-32.0,0,0,0,0,0,1,0,3,1,1,0,2,1,1,0,1,1,1,3,1,1,3,2,1,1,2,1,1,1,1
4,655,-186.0,156,terminated,1,28,1,0,-186.0,0,1,1,0,1,1,1,3,1,0,1,2,1,0,1,1,0,1,2,1,0,19,1,1,0,1,1,0,1,0
4,656,-173.0,23,terminated,0,40,1,1,-173.0,0,0,0,0,0,1,0,2,0,1,0,1,0,1,0,1,1,1,2,0,1,0,1,0,1,1,0,1,0,1
4,657,1333.0,117,terminated,1,0,0,1,1333.0,1,2,1,1,1,2,1,5,1,1,1,3,1,1,1,2,1,2,4,1,1,6,2,1,1,2,1,1,1,1
4,658,92.0,98,terminated,1,26,1,1,92.0,0,0,0,0,1,2,1,5,1,1,1,3,1,1,1,2,1,2,4,1,1,0,2,1,1,2,1,1,1,1
4,659,22.0,38,terminated,1,39,1,1,22.0,0,1,0,1,0,2,0,4,1,1,0,2,1,1,0,1,1,2,4,1,1,2,2,1,1,2,1,1,1,1
4,660,638.0,92,terminated,2,12,1,2,638.0,0,4,2,2,1,4,1,9,2,2,1,5,2,2,1,3,2,4,8,2,2,5,4,2,2,4,2,2,2,2
4,661,337.0,113,terminated,2,20,1,1,337.0,0,1,1,0,0,3,0,6,2,1,0,3,2,1,0,1,1,3,6,2,1,13,3,2,1,3,2,1,2,1
4,662,427.0,173,terminated,1,5,1,2,427.0,0,1,0,1,0,2,0,5,1,2,0,3,1,2,0,2,2,2,5,1,2,0,3,1,2,3,1,2,1,2
4,663,1234.0,216,terminated,1,0,0,1,1234.0,1,0,0,0,0,1,0,3,1,1,0,2,1,1,0,1,1,1,3,1,1,17,2,1,1,2,1,1,1,1
4,664,-184.0,44,terminated,0,39,1,1,-184.0,0,0,0,0,1,1,1,3,0,1,1,2,0,1,1,2,1,1,2,0,1,12,1,0,1,1,0,1,0,1
4,665,810.0,300,truncated,1,4,0,2,810.0,0,2,1,1,1,3,1,7,1,2,1,4,1,2,1,3,2,3,6,1,2,0,3,1,2,3,1,2,1,2
4,666,101.0,229,terminated,2,12,1,0,101.0,0,2,2,0,1,1,1,4,2,0,1,3,2,0,1,1,0,1,3,2,0,36,2,2,0,2,2,0,2,0
4,667,6.0,174,terminated,0,7,1,1,6.0,0,0,0,0,1,1,1,3,0,1,1,2,0,1,1,2,1,1,2,0,1,25,1,0,1,1,0,1,0,1
4,668,493.0,77,terminated,2,28,1,2,493.0,0,2,1,1,1,2,1,7,2,2,1,5,2,2,1,3,2,2,6,2,2,0,4,2,2,4,2,2,2,2
4,669,1472.0,178,terminated,1,0,0,2,1472.0,1,1,0,1,1,2,1,6,1,2,1,4,1,2,1,3,2,2,5,1,2,0,3,1,2,3,1,2,1,2
4,670,322.0,58,terminated,1,27,1,2,322.0,0,3,1,2,1,2,1,6,1,2,1,4,1,2,1,3,2,2,5,1,2,9,3,1,2,3,1,2,1,2
4,671,328.0,62,terminated,2,26,1,1,328.0,0,2,1,1,0,2,0,5,2,1,0,3,2,1,0,1,1,2,5,2,1,0,3,2,1,3,2,1,2,1
4,672,1469.0,181,terminated,2,0,0,1,1469.0,1,2,1,1,1,3,1,7,2,1,1,4,2,1,1,2,1,3,6,2,1,15,3,2,1,3,2,1,2,1
4,673,1397.0,253,terminated,1,0,0,2,1397.0,1,2,1,1,0,3,0,6,1,2,0,3,1,2,0,2,2,3,6,1,2,30,3,1,2,3,1,2,1,2
4,674,442.0,88,terminated,1,12,1,2,442.0,0,2,0,2,0,3,0,6,1,2,0,3,1,2,0,2,2,3,6,1,2,0,3,1,2,3,1,2,1,2
4,675,164.0,166,terminated,0,12,1,2,164.0,0,2,0,2,1,1,1,4,0,2,1,3,0,2,1,3,2,1,3,0,2,16,2,0,2,2,0,2,0,2
4,676,214.0,106,terminated,1,13,1,1,214.0,0,0,0,0,1,2,1,5,1,1,1,3,1,1,1,2,1,2,4,1,1,0,2,1,1,2,1,1,1,1
4,677,189.0,191,terminated,1,7,1,1,189.0,0,2,1,1,1,2,1,5,1,1,1,3,1,1,1,2,1,2,4,1,1,14,2,1,1,2,1,1,1,1
4,678,229.0,151,terminated,1,7,1,1,229.0,0,1,0,1,1,2,1,5,1,1,1,3,1,1,1,2,1,2,4,1,1,3,2,1,1,2,1,1,1,1
4,679,287.0,133,terminated,1,23,1,2,287.0,0,1,1,0,1,3,1,7,1,2,1,4,1,2,1,3,2,3,6,1,2,27,3,1,2,3,1,2,1,2
4,680,188.0,102,terminated,1,16,1,1,188.0,0,0,0,0,0,2,0,4,1,1,0,2,1,1,0,1,1,2,4,1,1,0,2,1,1,2,1,1,1,1
4,681,373.0,67,terminated,2,21,1,1,373.0,0,3,2,1,1,3,1,7,2,1,1,4,2,1,1,2,1,3,6,2,1,9,3,2,1,3,2,1,2,1
4,682,1410.0,240,terminated,1,0,0,2,1410.0,1,2,0,2,1,3,1,7,1,2,1,4,1,2,1,3,2,3,6,1,2,0,3,1,2,3,1,2,1,2
4,683,405.0,105,terminated,2,14,1,1,405.0,0,1,1,0,1,3,1,7,2,1,1,4,2,1,1,2,1,3,6,2,1,15,3,2,1,3,2,1,2,1
4,684,362.0,278,terminated,2,1,1,1,362.0,0,1,1,0,1,3,1,7,2,1,1,4,2,1,1,2,1,3,6,2,1,0,3,2,1,3,2,1,2,1
4,685,830.0,300,truncated,2,2,0,1,830.0,0,2,2,0,1,3,1,7,2,1,1,4,2,1,1,2,1,3,6,2,1,0,3,2,1,3,2,1,2,1
4,686,304.0,136,terminated,1,1,1,1,304.0,0,0,0,0,1,2,1,5,1,1,1,3,1,1,1,2,1,2,4,1,1,0,2,1,1,2,1,1,1,1
4,687,18.0,32,terminated,1,40,1,1,18.0,0,1,1,0,1,2,1,5,1,1,1,3,1,1,1,2,1,2,4,1,1,3,2,1,1,2,1,1,1,1
4,688,112.0,108,terminated,1,23,1,1,112.0,0,2,1,1,1,1,1,4,1,1,1,3,1,1,1,2,1,1,3,1,1,1,2,1,1,2,1,1,1,1
4,689,594.0,136,terminated,2,12,1,2,594.0,0,1,0,1,1,4,1,9,2,2,1,5,2,2,1,3,2,4,8,2,2,0,4,2,2,4,2,2,2,2
4,690,461.0,109,terminated,1,8,1,2,461.0,0,1,0,1,1,3,1,7,1,2,1,4,1,2,1,3,2,3,6,1,2,14,3,1,2,3,1,2,1,2
4,691,487.0,173,terminated,2,19,1,2,487.0,0,3,1,2,0,3,0,7,2,2,0,4,2,2,0,2,2,3,7,2,2,2,4,2,2,4,2,2,2,2
4,692,339.0,81,terminated,1,23,1,2,339.0,0,2,1,1,1,3,1,7,1,2,1,4,1,2,1,3,2,3,6,1,2,6,3,1,2,3,1,2,1,2
4,693,456.0,174,terminated,2,22,1,2,456.0,0,2,1,1,0,3,0,7,2,2,0,4,2,2,0,2,2,3,7,2,2,0,4,2,2,4,2,2,2,2
4,694,174.0,86,terminated,1,19,1,1,174.0,0,1,1,0,1,2,1,5,1,1,1,3,1,1,1,2,1,2,4,1,1,20,2,1,1,2,1,1,1,1
4,695,407.0,163,terminated,1,8,1,2,407.0,0,1,0,1,1,3,1,7,1,2,1,4,1,2,1,3,2,3,6,1,2,12,3,1,2,3,1,2,1,2
4,696,339.0,111,terminated,1,20,1,2,339.0,0,3,1,2,1,2,1,6,1,2,1,4,1,2,1,3,2,2,5,1,2,22,3,1,2,3,1,2,1,2
4,697,533.0,37,terminated,2,28,1,2,533.0,0,2,1,1,1,2,1,7,2,2,1,5,2,2,1,3,2,2,6,2,2,0,4,2,2,4,2,2,2,2
4,698,275.0,55,terminated,2,32,1,1,275.0,0,2,1,1,1,3,1,7,2,1,1,4,2,1,1,2,1,3,6,2,1,0,3,2,1,3,2,1,2,1
4,699,238.0,132,terminated,1,8,1,1,238.0,0,1,1,0,1,2,1,5,1,1,1,3,1,1,1,2,1,2,4,1,1,6,2,1,1,2,1,1,1,1
4,700,386.0,124,terminated,1,14,1,2,386.0,0,2,1,1,1,2,1,6,1,2,1,4,1,2,1,3,2,2,5,1,2,0,3,1,2,3,1,2,1,2
4,701,586.0,144,terminated,2,12,1,2,586.0,0,1,0,1,0,4,0,8,2,2,0,4,2,2,0,2,2,4,8,2,2,0,4,2,2,4,2,2,2,2
4,702,444.0,76,terminated,2,13,1,1,444.0,0,3,2,1,1,3,1,7,2,1,1,4,2,1,1,2,1,3,6,2,1,5,3,2,1,3,2,1,2,1
4,703,139.0,81,terminated,1,23,1,1,139.0,0,2,1,1,1,2,1,5,1,1,1,3,1,1,1,2,1,2,4,1,1,2,2,1,1,2,1,1,1,1
4,704,-172.0,22,terminated,1,40,1,0,-172.0,0,0,0,0,1,1,1,3,1,0,1,2,1,0,1,1,0,1,2,1,0,3,1,1,0,1,1,0,1,0
4,705,561.0,279,terminated,2,1,1,2,561.0,0,3,2,1,1,3,1,8,2,2,1,5,2,2,1,3,2,3,7,2,2,8,4,2,2,4,2,2,2,2
4,706,129.0,91,terminated,1,23,1,1,129.0,0,2,1,1,1,1,1,4,1,1,1,3,1,1,1,2,1,1,3,1,1,2,2,1,1,2,1,1,1,1
4,707,1362.0,288,terminated,2,0,0,1,1362.0,1,2,1,1,0,3,0,6,2,1,0,3,2,1,0,1,1,3,6,2,1,5,3,2,1,3,2,1,2,1
4,708,221.0,219,terminated,1,1,1,1,221.0,0,2,1,1,1,2,1,5,1,1,1,3,1,1,1,2,1,2,4,1,1,4,2,1,1,2,1,1,1,1
4,709,501.0,89,terminated,2,26,1,2,501.0,0,2,1,1,1,2,1,7,2,2,1,5,2,2,1,3,2,2,6,2,2,0,4,2,2,4,2,2,2,2
4,710,327.0,83,terminated,1,24,1,2,327.0,0,2,1,1,1,3,1,7,1,2,1,4,1,2,1,3,2,3,6,1,2,13,3,1,2,3,1,2,1,2
4,711,254.0,186,terminated,1,1,1,1,254.0,0,1,1,0,1,2,1,5,1,1,1,3,1,1,1,2,1,2,4,1,1,6,2,1,1,2,1,1,1,1
4,712,559.0,111,terminated,2,18,1,2,559.0,0,2,1,1,0,4,0,8,2,2,0,4,2,2,0,2,2,4,8,2,2,1,4,2,2,4,2,2,2,2
4,713,308.0,252,terminated,2,9,1,1,308.0,0,1,1,0,1,1,1,5,2,1,1,4,2,1,1,2,1,1,4,2,1,10,3,2,1,3,2,1,2,1
4,714,-148.0,28,terminated,0,37,1,1,-148.0,0,0,0,0,1,1,1,3,0,1,1,2,0,1,1,2,1,1,2,0,1,12,1,0,1,1,0,1,0,1
4,715,251.0,179,terminated,1,2,1,1,251.0,0,1,0,1,1,2,1,5,1,1,1,3,1,1,1,2,1,2,4,1,1,7,2,1,1,2,1,1,1,1
4,716,1144.0,106,terminated,0,0,0,1,1144.0,1,1,0,1,1,1,1,3,0,1,1,2,0,1,1,2,1,1,2,0,1,12,1,0,1,1,0,1,0,1
4,717,208.0,112,terminated,1,13,1,1,208.0,0,1,0,1,1,2,1,5,1,1,1,3,1,1,1,2,1,2,4,1,1,2,2,1,1,2,1,1,1,1
4,718,621.0,99,terminated,2,13,1,2,621.0,0,2,1,1,1,3,1,8,2,2,1,5,2,2,1,3,2,3,7,2,2,0,4,2,2,4,2,2,2,2
4,719,334.0,126,terminated,1,19,1,2,334.0,0,2,1,1,1,3,1,7,1,2,1,4,1,2,1,3,2,3,6,1,2,32,3,1,2,3,1,2,1,2
4,720,347.0,93,terminated,2,21,1,1,347.0,0,1,1,0,1,3,1,7,2,1,1,4,2,1,1,2,1,3,6,2,1,21,3,2,1,3,2,1,2,1
4,721,520.0,110,terminated,2,22,1,2,520.0,0,1,0,1,1,4,1,9,2,2,1,5,2,2,1,3,2,4,8,2,2,4,4,2,2,4,2,2,2,2
4,722,1307.0,143,terminated,1,0,0,1,1307.0,1,1,0,1,1,2,1,5,1,1,1,3,1,1,1,2,1,2,4,1,1,4,2,1,1,2,1,1,1,1
4,723,-5.0,115,terminated,1,14,1,0,-5.0,0,1,1,0,1,1,1,3,1,0,1,2,1,0,1,1,0,1,2,1,0,10,1,1,0,1,1,0,1,0
4,724,22.0,18,terminated,1,41,1,1,22.0,0,0,0,0,1,0,1,3,1,1,1,3,1,1,1,2,1,0,2,1,1,0,2,1,1,2,1,1,1,1
4,725,142.0,158,terminated,0,15,1,2,142.0,0,1,0,1,1,1,1,4,0,2,1,3,0,2,1,3,2,1,3,0,2,43,2,0,2,2,0,2,0,2
4,726,206.0,114,terminated,1,13,1,1,206.0,0,1,0,1,0,2,0,4,1,1,0,2,1,1,0,1,1,2,4,1,1,9,2,1,1,2,1,1,1,1
4,727,-180.0,30,terminated,0,40,1,1,-180.0,0,1,0,1,1,1,1,3,0,1,1,2,0,1,1,2,1,1,2,0,1,11,1,0,1,1,0,1,0,1
4,728,1115.0,135,terminated,1,0,0,0,1115.0,1,1,1,0,1,1,1,3,1,0,1,2,1,0,1,1,0,1,2,1,0,10,1,1,0,1,1,0,1,0
4,729,372.0,148,terminated,1,13,1,2,372.0,0,2,0,2,1,3,1,7,1,2,1,4,1,2,1,3,2,3,6,1,2,0,3,1,2,3,1,2,1,2
4,730,463.0,137,terminated,2,25,1,2,463.0,0,3,2,1,1,2,1,7,2,2,1,5,2,2,1,3,2,2,6,2,2,7,4,2,2,4,2,2,2,2
4,731,40.0,170,terminated,1,4,1,0,40.0,0,1,1,0,1,1,1,3,1,0,1,2,1,0,1,1,0,1,2,1,0,11,1,1,0,1,1,0,1,0
4,732,640.0,300,truncated,1,1,0,1,640.0,0,2,1,1,1,2,1,5,1,1,1,3,1,1,1,2,1,2,4,1,1,16,2,1,1,2,1,1,1,1
4,733,73.0,157,terminated,0,2,1,1,73.0,0,0,0,0,1,1,1,3,0,1,1,2,0,1,1,2,1,1,2,0,1,27,1,0,1,1,0,1,0,1
4,734,362.0,158,terminated,1,13,1,2,362.0,0,3,1,2,1,3,1,7,1,2,1,4,1,2,1,3,2,3,6,1,2,5,3,1,2,3,1,2,1,2
4,735,1308.0,142,terminated,2,0,0,0,1308.0,1,1,1,0,0,2,0,4,2,0,0,2,2,0,0,0,0,2,4,2,0,22,2,2,0,2,2,0,2,0
4,736,1299.0,151,terminated,0,0,0,2,1299.0,1,1,0,1,0,2,0,4,0,2,0,2,0,2,0,2,2,2,4,0,2,29,2,0,2,2,0,2,0,2
4,737,25.0,25,terminated,1,40,1,1,25.0,0,0,0,0,0,1,0,3,1,1,0,2,1,1,0,1,1,1,3,1,1,0,2,1,1,2,1,1,1,1
4,738,524.0,46,terminated,2,28,1,2,524.0,0,2,0,2,1,3,1,8,2,2,1,5,2,2,1,3,2,3,7,2,2,1,4,2,2,4,2,2,2,2
4,739,378.0,142,terminated,1,13,1,2,378.0,0,1,0,1,1,2,1,6,1,2,1,4,1,2,1,3,2,2,5,1,2,12,3,1,2,3,1,2,1,2
4,740,287.0,123,terminated,1,4,1,1,287.0,0,0,0,0,0,2,0,4,1,1,0,2,1,1,0,1,1,2,4,1,1,0,2,1,1,2,1,1,1,1
4,741,329.0,141,terminated,1,18,1,2,329.0,0,3,1,2,1,2,1,6,1,2,1,4,1,2,1,3,2,2,5,1,2,0,3,1,2,3,1,2,1,2
4,742,403.0,87,terminated,1,16,1,2,403.0,0,1,1,0,0,3,0,6,1,2,0,3,1,2,0,2,2,3,6,1,2,6,3,1,2,3,1,2,1,2
4,743,533.0,147,terminated,2,17,1,2,533.0,0,2,1,1,0,3,0,7,2,2,0,4,2,2,0,2,2,3,7,2,2,0,4,2,2,4,2,2,2,2
4,744,318.0,122,terminated,1,21,1,2,318.0,0,1,0,1,0,2,0,5,1,2,0,3,1,2,0,2,2,2,5,1,2,0,3,1,2,3,1,2,1,2
4,745,1303.0,147,terminated,1,0,0,1,1303.0,1,2,1,1,1,2,1,5,1,1,1,3,1,1,1,2,1,2,4,1,1,8,2,1,1,2,1,1,1,1
4,746,617.0,93,terminated,2,14,1,2,617.0,0,1,0,1,0,3,0,7,2,2,0,4,2,2,0,2,2,3,7,2,2,7,4,2,2,4,2,2,2,2
4,747,530.0,180,terminated,2,14,1,2,530.0,0,2,1,1,1,3,1,8,2,2,1,5,2,2,1,3,2,3,7,2,2,2,4,2,2,4,2,2,2,2
4,748,549.0,141,terminated,2,16,1,2,549.0,0,3,1,2,0,3,0,7,2,2,0,4,2,2,0,2,2,3,7,2,2,1,4,2,2,4,2,2,2,2
4,749,400.0,130,terminated,2,12,1,1,400.0,0,2,2,0,1,2,1,6,2,1,1,4,2,1,1,2,1,2,5,2,1,0,3,2,1,3,2,1,2,1
4,750,156.0,174,terminated,2,12,1,0,156.0,0,1,1,0,0,2,0,4,2,0,0,2,2,0,0,0,0,2,4,2,0,34,2,2,0,2,2,0,2,0
4,751,-179.0,19,terminated,1,41,1,0,-179.0,0,0,0,0,1,0,1,2,1,0,1,2,1,0,1,1,0,0,1,1,0,0,1,1,0,1,1,0,1,0
4,752,176.0,104,terminated,1,17,1,1,176.0,0,1,0,1,1,2,1,5,1,1,1,3,1,1,1,2,1,2,4,1,1,6,2,1,1,2,1,1,1,1
4,753,407.0,173,terminated,2,7,1,1,407.0,0,2,1,1,0,2,0,5,2,1,0,3,2,1,0,1,1,2,5,2,1,5,3,2,1,3,2,1,2,1
4,754,-45.0,55,terminated,1,44,1,1,-45.0,0,0,0,0,0,2,0,4,1,1,0,2,1,1,0,1,1,2,4,1,1,0,2,1,1,2,1,1,1,1
4,755,294.0,56,terminated,2,30,1,1,294.0,0,2,2,0,1,3,1,7,2,1,1,4,2,1,1,2,1,3,6,2,1,5,3,2,1,3,2,1,2,1
4,756,-188.0,38,terminated,1,40,1,0,-188.0,0,0,0,0,1,1,1,3,1,0,1,2,1,0,1,1,0,1,2,1,0,9,1,1,0,1,1,0,1,0
4,757,512.0,68,terminated,2,27,1,2,512.0,0,3,1,2,0,4,0,8,2,2,0,4,2,2,0,2,2,4,8,2,2,2,4,2,2,4,2,2,2,2
4,758,331.0,149,terminated,1,17,1,2,331.0,0,2,1,1,1,2,1,6,1,2,1,4,1,2,1,3,2,2,5,1,2,6,3,1,2,3,1,2,1,2
4,759,435.0,225,terminated,2,19,1,2,435.0,0,3,2,1,1,3,1,8,2,2,1,5,2,2,1,3,2,3,7,2,2,4,4,2,2,4,2,2,2,2
4,760,447.0,193,terminated,1,1,1,2,447.0,0,2,0,2,0,3,0,6,1,2,0,3,1,2,0,2,2,3,6,1,2,2,3,1,2,3,1,2,1,2
4,761,1013.0,237,terminated,0,0,0,1,1013.0,1,0,0,0,1,1,1,3,0,1,1,2,0,1,1,2,1,1,2,0,1,10,1,0,1,1,0,1,0,1
4,762,-112.0,82,terminated,0,28,1,1,-112.0,0,1,0,1,1,1,1,3,0,1,1,2,0,1,1,2,1,1,2,0,1,21,1,0,1,1,0,1,0,1
4,763,15.0,65,terminated,1,37,1,1,15.0,0,0,0,0,0,2,0,4,1,1,0,2,1,1,0,1,1,2,4,1,1,24,2,1,1,2,1,1,1,1
4,764,14.0,26,terminated,1,41,1,1,14.0,0,0,0,0,1,2,1,5,1,1,1,3,1,1,1,2,1,2,4,1,1,1,2,1,1,2,1,1,1,1
4,765,199.0,171,terminated,1,8,1,1,199.0,0,0,0,0,1,1,1,4,1,1,1,3,1,1,1,2,1,1,3,1,1,0,2,1,1,2,1,1,1,1
4,766,417.0,173,terminated,2,6,1,1,417.0,0,1,0,1,1,3,1,7,2,1,1,4,2,1,1,2,1,3,6,2,1,26,3,2,1,3,2,1,2,1
4,767,1164.0,286,terminated,2,0,0,0,1164.0,1,0,0,0,1,2,1,5,2,0,1,3,2,0,1,1,0,2,4,2,0,14,2,2,0,2,2,0,2,0
4,768,175.0,125,terminated,1,15,1,1,175.0,0,1,0,1,1,1,1,4,1,1,1,3,1,1,1,2,1,1,3,1,1,44,2,1,1,2,1,1,1,1
4,769,252.0,118,terminated,1,8,1,1,252.0,0,2,1,1,1,2,1,5,1,1,1,3,1,1,1,2,1,2,4,1,1,6,2,1,1,2,1,1,1,1
4,770,203.0,117,terminated,1,13,1,1,203.0,0,0,0,0,1,2,1,5,1,1,1,3,1,1,1,2,1,2,4,1,1,0,2,1,1,2,1,1,1,1
4,771,-171.0,21,terminated,1,40,1,0,-171.0,0,0,0,0,1,1,1,3,1,0,1,2,1,0,1,1,0,1,2,1,0,4,1,1,0,1,1,0,1,0
4,772,-175.0,25,terminated,1,40,1,0,-175.0,0,0,0,0,1,1,1,3,1,0,1,2,1,0,1,1,0,1,2,1,0,7,1,1,0,1,1,0,1,0
4,773,209.0,161,terminated,1,8,1,1,209.0,0,2,1,1,1,2,1,5,1,1,1,3,1,1,1,2,1,2,4,1,1,14,2,1,1,2,1,1,1,1
4,774,543.0,137,terminated,2,17,1,2,543.0,0,2,1,1,0,0,0,4,2,2,0,4,2,2,0,2,2,0,4,2,2,0,4,2,2,4,2,2,2,2
4,775,217.0,113,terminated,1,12,1,1,217.0,0,2,1,1,1,2,1,5,1,1,1,3,1,1,1,2,1,2,4,1,1,11,2,1,1,2,1,1,1,1
4,776,-171.0,21,terminated,1,40,1,0,-171.0,0,0,0,0,1,1,1,3,1,0,1,2,1,0,1,1,0,1,2,1,0,4,1,1,0,1,1,0,1,0
4,777,-182.0,52,terminated,0,38,1,1,-182.0,0,0,0,0,0,1,0,2,0,1,0,1,0,1,0,1,1,1,2,0,1,13,1,0,1,1,0,1,0,1
4,778,284.0,136,terminated,1,3,1,1,284.0,0,1,1,0,1,2,1,5,1,1,1,3,1,1,1,2,1,2,4,1,1,0,2,1,1,2,1,1,1,1
4,779,404.0,176,terminated,1,7,1,2,404.0,0,1,0,1,1,3,1,7,1,2,1,4,1,2,1,3,2,3,6,1,2,19,3,1,2,3,1,2,1,2
4,780,168.0,72,terminated,2,21,1,0,168.0,0,1,1,0,0,2,0,4,2,0,0,2,2,0,0,0,0,2,4,2,0,18,2,2,0,2,2,0,2,0
4,781,180.0,90,terminated,1,18,1,1,180.0,0,1,0,1,0,2,0,4,1,1,0,2,1,1,0,1,1,2,4,1,1,1,2,1,1,2,1,1,1,1
4,782,-189.0,19,terminated,1,42,1,0,-189.0,0,0,0,0,1,0,1,2,1,0,1,2,1,0,1,1,0,0,1,1,0,0,1,1,0,1,1,0,1,0
4,783,343.0,57,terminated,2,25,1,1,343.0,0,3,2,1,1,3,1,7,2,1,1,4,2,1,1,2,1,3,6,2,1,5,3,2,1,3,2,1,2,1
4,784,211.0,119,terminated,0,12,1,2,211.0,0,0,0,0,1,2,1,5,0,2,1,3,0,2,1,3,2,2,4,0,2,12,2,0,2,2,0,2,0,2
4,785,1554.0,296,terminated,2,0,0,2,1554.0,1,3,1,2,0,3,0,7,2,2,0,4,2,2,0,2,2,3,7,2,2,5,4,2,2,4,2,2,2,2
4,786,348.0,62,terminated,1,24,1,2,348.0,0,2,0,2,0,3,0,6,1,2,0,3,1,2,0,2,2,3,6,1,2,4,3,1,2,3,1,2,1,2
4,787,-55.0,185,terminated,0,12,1,1,-55.0,0,0,0,0,1,1,1,3,0,1,1,2,0,1,1,2,1,1,2,0,1,17,1,0,1,1,0,1,0,1
4,788,469.0,171,terminated,2,21,1,2,469.0,0,2,1,1,0,4,0,8,2,2,0,4,2,2,0,2,2,4,8,2,2,0,4,2,2,4,2,2,2,2
4,789,-78.0,88,terminated,1,24,1,0,-78.0,0,1,1,0,1,1,1,3,1,0,1,2,1,0,1,1,0,1,2,1,0,7,1,1,0,1,1,0,1,0
4,790,546.0,114,terminated,2,19,1,2,546.0,0,1,0,1,1,2,1,7,2,2,1,5,2,2,1,3,2,2,6,2,2,15,4,2,2,4,2,2,2,2
4,791,413.0,97,terminated,2,14,1,1,413.0,0,3,2,1,1,3,1,7,2,1,1,4,2,1,1,2,1,3,6,2,1,5,3,2,1,3,2,1,2,1
4,792,594.0,146,terminated,2,11,1,2,594.0,0,3,2,1,1,4,1,9,2,2,1,5,2,2,1,3,2,4,8,2,2,11,4,2,2,4,2,2,2,2
4,793,-53.0,73,terminated,1,23,1,0,-53.0,0,0,0,0,1,1,1,3,1,0,1,2,1,0,1,1,0,1,2,1,0,12,1,1,0,1,1,0,1,0
4,794,384.0,126,terminated,2,14,1,1,384.0,0,1,1,0,1,3,1,7,2,1,1,4,2,1,1,2,1,3,6,2,1,0,3,2,1,3,2,1,2,1
4,795,599.0,91,terminated,2,16,1,2,599.0,0,1,1,0,1,3,1,8,2,2,1,5,2,2,1,3,2,3,7,2,2,0,4,2,2,4,2,2,2,2
4,796,382.0,118,terminated,1,15,1,2,382.0,0,1,0,1,1,2,1,6,1,2,1,4,1,2,1,3,2,2,5,1,2,6,3,1,2,3,1,2,1,2
4,797,84.0,96,terminated,1,27,1,1,84.0,0,1,1,0,1,2,1,5,1,1,1,3,1,1,1,2,1,2,4,1,1,8,2,1,1,2,1,1,1,1
4,798,398.0,222,terminated,1,3,1,2,398.0,0,0,0,0,1,3,1,7,1,2,1,4,1,2,1,3,2,3,6,1,2,13,3,1,2,3,1,2,1,2
4,799,375.0,95,terminated,2,18,1,1,375.0,0,1,0,1,0,3,0,6,2,1,0,3,2,1,0,1,1,3,6,2,1,15,3,2,1,3,2,1,2,1
4,800,92.0,108,terminated,0,5,1,1,92.0,0,0,0,0,1,1,1,3,0,1,1,2,0,1,1,2,1,1,2,0,1,7,1,0,1,1,0,1,0,1
4,801,170.0,180,terminated,2,10,1,0,170.0,0,2,2,0,1,2,1,5,2,0,1,3,2,0,1,1,0,2,4,2,0,23,2,2,0,2,2,0,2,0
4,802,234.0,186,terminated,2,3,1,0,234.0,0,1,1,0,0,2,0,4,2,0,0,2,2,0,0,0,0,2,4,2,0,30,2,2,0,2,2,0,2,0
4,803,1298.0,152,terminated,1,0,0,1,1298.0,1,2,1,1,1,1,1,4,1,1,1,3,1,1,1,2,1,1,3,1,1,7,2,1,1,2,1,1,1,1
4,804,-185.0,25,terminated,0,41,1,1,-185.0,0,0,0,0,1,1,1,3,0,1,1,2,0,1,1,2,1,1,2,0,1,3,1,0,1,1,0,1,0,1
4,805,203.0,97,terminated,1,15,1,1,203.0,0,0,0,0,1,2,1,5,1,1,1,3,1,1,1,2,1,2,4,1,1,39,2,1,1,2,1,1,1,1
4,806,132.0,208,terminated,1,11,1,1,132.0,0,2,1,1,1,2,1,5,1,1,1,3,1,1,1,2,1,2,4,1,1,57,2,1,1,2,1,1,1,1
4,807,138.0,112,terminated,1,20,1,1,138.0,0,2,1,1,1,2,1,5,1,1,1,3,1,1,1,2,1,2,4,1,1,6,2,1,1,2,1,1,1,1
4,808,214.0,186,terminated,1,5,1,1,214.0,0,0,0,0,0,2,0,4,1,1,0,2,1,1,0,1,1,2,4,1,1,0,2,1,1,2,1,1,1,1
4,809,246.0,184,terminated,1,2,1,1,246.0,0,1,1,0,1,2,1,5,1,1,1,3,1,1,1,2,1,2,4,1,1,45,2,1,1,2,1,1,1,1
4,810,184.0,106,terminated,1,16,1,1,184.0,0,1,1,0,1,2,1,5,1,1,1,3,1,1,1,2,1,2,4,1,1,7,2,1,1,2,1,1,1,1
4,811,582.0,158,terminated,2,11,1,2,582.0,0,2,1,1,1,3,1,8,2,2,1,5,2,2,1,3,2,3,7,2,2,0,4,2,2,4,2,2,2,2
4,812,302.0,138,terminated,1,21,1,2,302.0,0,2,1,1,0,3,0,6,1,2,0,3,1,2,0,2,2,3,6,1,2,3,3,1,2,3,1,2,1,2
4,813,473.0,157,terminated,2,2,1,1,473.0,0,2,1,1,1,3,1,7,2,1,1,4,2,1,1,2,1,3,6,2,1,12,3,2,1,3,2,1,2,1
4,814,325.0,75,terminated,1,25,1,2,325.0,0,3,1,2,1,2,1,6,1,2,1,4,1,2,1,3,2,2,5,1,2,20,3,1,2,3,1,2,1,2
4,815,596.0,174,terminated,2,8,1,2,596.0,0,2,1,1,0,2,0,6,2,2,0,4,2,2,0,2,2,2,6,2,2,0,4,2,2,4,2,2,2,2
4,816,341.0,189,terminated,2,12,1,1,341.0,0,2,2,0,0,3,0,6,2,1,0,3,2,1,0,1,1,3,6,2,1,6,3,2,1,3,2,1,2,1
4,817,1301.0,149,terminated,0,0,0,2,1301.0,1,2,0,2,1,2,1,5,0,2,1,3,0,2,1,3,2,2,4,0,2,16,2,0,2,2,0,2,0,2
4,818,-70.0,80,terminated,0,24,1,1,-70.0,0,1,0,1,1,1,1,3,0,1,1,2,0,1,1,2,1,1,2,0,1,19,1,0,1,1,0,1,0,1
4,819,22.0,18,terminated,1,41,1,1,22.0,0,0,0,0,0,1,0,3,1,1,0,2,1,1,0,1,1,1,3,1,1,0,2,1,1,2,1,1,1,1
4,820,589.0,101,terminated,2,16,1,2,589.0,0,2,1,1,1,3,1,8,2,2,1,5,2,2,1,3,2,3,7,2,2,0,4,2,2,4,2,2,2,2
4,821,391.0,109,terminated,2,15,1,1,391.0,0,0,0,0,1,2,1,6,2,1,1,4,2,1,1,2,1,2,5,2,1,18,3,2,1,3,2,1,2,1
4,822,1225.0,225,terminated,1,0,0,1,1225.0,1,1,0,1,0,2,0,4,1,1,0,2,1,1,0,1,1,2,4,1,1,0,2,1,1,2,1,1,1,1
4,823,1265.0,185,terminated,1,0,0,1,1265.0,1,2,1,1,1,2,1,5,1,1,1,3,1,1,1,2,1,2,4,1,1,4,2,1,1,2,1,1,1,1
4,824,-189.0,29,terminated,0,41,1,1,-189.0,0,0,0,0,0,1,0,2,0,1,0,1,0,1,0,1,1,1,2,0,1,0,1,0,1,1,0,1,0,1
4,825,326.0,114,terminated,1,1,1,1,326.0,0,2,1,1,1,2,1,5,1,1,1,3,1,1,1,2,1,2,4,1,1,5,2,1,1,2,1,1,1,1
4,826,1040.0,300,truncated,2,1,0,2,1040.0,0,1,1,0,1,4,1,9,2,2,1,5,2,2,1,3,2,4,8,2,2,0,4,2,2,4,2,2,2,2
4,827,496.0,134,terminated,2,22,1,2,496.0,0,4,2,2,1,4,1,9,2,2,1,5,2,2,1,3,2,4,8,2,2,21,4,2,2,4,2,2,2,2
4,828,-184.0,24,terminated,0,41,1,1,-184.0,0,0,0,0,0,1,0,2,0,1,0,1,0,1,0,1,1,1,2,0,1,0,1,0,1,1,0,1,0,1
4,829,1292.0,158,terminated,2,0,0,0,1292.0,1,1,1,0,1,1,1,4,2,0,1,3,2,0,1,1,0,1,3,2,0,9,2,2,0,2,2,0,2,0
4,830,1711.0,139,terminated,2,0,0,2,1711.0,1,1,0,1,1,4,1,9,2,2,1,5,2,2,1,3,2,4,8,2,2,0,4,2,2,4,2,2,2,2
4,831,220.0,150,terminated,1,8,1,1,220.0,0,1,1,0,0,2,0,4,1,1,0,2,1,1,0,1,1,2,4,1,1,9,2,1,1,2,1,1,1,1
4,832,-192.0,22,terminated,1,42,1,0,-192.0,0,0,0,0,0,1,0,2,1,0,0,1,1,0,0,0,0,1,2,1,0,0,1,1,0,1,1,0,1,0
4,833,72.0,148,terminated,1,23,1,1,72.0,0,0,0,0,1,2,1,5,1,1,1,3,1,1,1,2,1,2,4,1,1,0,2,1,1,2,1,1,1,1
4,834,373.0,187,terminated,1,9,1,2,373.0,0,3,1,2,1,3,1,7,1,2,1,4,1,2,1,3,2,3,6,1,2,12,3,1,2,3,1,2,1,2
4,835,207.0,163,terminated,1,8,1,1,207.0,0,0,0,0,0,2,0,4,1,1,0,2,1,1,0,1,1,2,4,1,1,0,2,1,1,2,1,1,1,1
4,836,1292.0,158,terminated,1,0,0,1,1292.0,1,1,1,0,0,2,0,4,1,1,0,2,1,1,0,1,1,2,4,1,1,3,2,1,1,2,1,1,1,1
4,837,144.0,106,terminated,2,20,1,0,144.0,0,2,2,0,1,2,1,5,2,0,1,3,2,0,1,1,0,2,4,2,0,21,2,2,0,2,2,0,2,0
4,838,236.0,84,terminated,0,13,1,2,236.0,0,0,0,0,1,1,1,4,0,2,1,3,0,2,1,3,2,1,3,0,2,8,2,0,2,2,0,2,0,2
4,839,1205.0,245,terminated,2,0,0,0,1205.0,1,1,1,0,1,1,1,4,2,0,1,3,2,0,1,1,0,1,3,2,0,12,2,2,0,2,2,0,2,0
4,840,585.0,115,terminated,2,15,1,2,585.0,0,3,1,2,1,3,1,8,2,2,1,5,2,2,1,3,2,3,7,2,2,4,4,2,2,4,2,2,2,2
4,841,541.0,109,terminated,2,20,1,2,541.0,0,3,1,2,1,4,1,9,2,2,1,5,2,2,1,3,2,4,8,2,2,4,4,2,2,4,2,2,2,2
4,842,203.0,147,terminated,1,10,1,1,203.0,0,1,0,1,0,2,0,4,1,1,0,2,1,1,0,1,1,2,4,1,1,1,2,1,1,2,1,1,1,1
4,843,634.0,146,terminated,2,7,1,2,634.0,0,3,2,1,1,4,1,9,2,2,1,5,2,2,1,3,2,4,8,2,2,8,4,2,2,4,2,2,2,2
4,844,1488.0,162,terminated,2,0,0,1,1488.0,1,3,2,1,1,3,1,7,2,1,1,4,2,1,1,2,1,3,6,2,1,6,3,2,1,3,2,1,2,1
4,845,1290.0,160,terminated,1,0,0,1,1290.0,1,0,0,0,1,2,1,5,1,1,1,3,1,1,1,2,1,2,4,1,1,24,2,1,1,2,1,1,1,1
4,846,484.0,136,terminated,1,3,1,2,484.0,0,1,0,1,1,2,1,6,1,2,1,4,1,2,1,3,2,2,5,1,2,0,3,1,2,3,1,2,1,2
4,847,560.0,60,terminated,2,23,1,2,560.0,0,2,1,1,1,2,1,7,2,2,1,5,2,2,1,3,2,2,6,2,2,0,4,2,2,4,2,2,2,2
4,848,1286.0,164,terminated,1,0,0,1,1286.0,1,1,1,0,1,2,1,5,1,1,1,3,1,1,1,2,1,2,4,1,1,2,2,1,1,2,1,1,1,1
4,849,-169.0,19,terminated,1,40,1,0,-169.0,0,0,0,0,1,1,1,3,1,0,1,2,1,0,1,1,0,1,2,1,0,3,1,1,0,1,1,0,1,0
4,850,-169.0,19,terminated,1,40,1,0,-169.0,0,1,1,0,1,1,1,3,1,0,1,2,1,0,1,1,0,1,2,1,0,3,1,1,0,1,1,0,1,0
4,851,160.0,170,terminated,2,12,1,0,160.0,0,1,1,0,1,2,1,5,2,0,1,3,2,0,1,1,0,2,4,2,0,36,2,2,0,2,2,0,2,0
4,852,580.0,150,terminated,2,12,1,2,580.0,0,3,1,2,0,3,0,7,2,2,0,4,2,2,0,2,2,3,7,2,2,12,4,2,2,4,2,2,2,2
4,853,339.0,241,terminated,1,7,1,2,339.0,0,1,0,1,1,3,1,7,1,2,1,4,1,2,1,3,2,3,6,1,2,28,3,1,2,3,1,2,1,2
4,854,384.0,136,terminated,1,13,1,2,384.0,0,3,1,2,1,2,1,6,1,2,1,4,1,2,1,3,2,2,5,1,2,10,3,1,2,3,1,2,1,2
4,855,466.0,174,terminated,1,1,1,2,466.0,0,0,0,0,0,2,0,5,1,2,0,3,1,2,0,2,2,2,5,1,2,15,3,1,2,3,1,2,1,2
4,856,547.0,63,terminated,2,24,1,2,547.0,0,2,1,1,1,3,1,8,2,2,1,5,2,2,1,3,2,3,7,2,2,7,4,2,2,4,2,2,2,2
4,857,1225.0,225,terminated,0,0,0,2,1225.0,1,1,0,1,0,2,0,4,0,2,0,2,0,2,0,2,2,2,4,0,2,11,2,0,2,2,0,2,0,2
4,858,1193.0,257,terminated,1,0,0,1,1193.0,1,1,1,0,1,2,1,5,1,1,1,3,1,1,1,2,1,2,4,1,1,9,2,1,1,2,1,1,1,1
4,859,1603.0,247,terminated,2,0,0,2,1603.0,1,2,1,1,0,4,0,8,2,2,0,4,2,2,0,2,2,4,8,2,2,0,4,2,2,4,2,2,2,2
4,860,195.0,105,terminated,1,15,1,1,195.0,0,0,0,0,0,2,0,4,1,1,0,2,1,1,0,1,1,2,4,1,1,0,2,1,1,2,1,1,1,1
4,861,12.0,28,terminated,1,41,1,1,12.0,0,0,0,0,1,2,1,5,1,1,1,3,1,1,1,2,1,2,4,1,1,1,2,1,1,2,1,1,1,1
4,862,21.0,19,terminated,1,41,1,1,21.0,0,0,0,0,1,1,1,4,1,1,1,3,1,1,1,2,1,1,3,1,1,0,2,1,1,2,1,1,1,1
4,863,482.0,268,terminated,2,10,1,2,482.0,0,0,0,0,1,3,1,8,2,2,1,5,2,2,1,3,2,3,7,2,2,0,4,2,2,4,2,2,2,2
4,864,400.0,230,terminated,1,2,1,2,400.0,0,2,1,1,1,3,1,7,1,2,1,4,1,2,1,3,2,3,6,1,2,28,3,1,2,3,1,2,1,2
4,865,820.0,300,truncated,2,23,0,2,820.0,0,4,2,2,1,2,1,7,2,2,1,5,2,2,1,3,2,2,6,2,2,3,4,2,2,4,2,2,2,2
4,866,1452.0,198,terminated,2,0,0,1,1452.0,1,3,2,1,1,3,1,7,2,1,1,4,2,1,1,2,1,3,6,2,1,9,3,2,1,3,2,1,2,1
4,867,750.0,300,truncated,1,10,0,2,750.0,0,1,0,1,1,3,1,7,1,2,1,4,1,2,1,3,2,3,6,1,2,0,3,1,2,3,1,2,1,2
4,868,-145.0,95,terminated,1,30,1,0,-145.0,0,0,0,0,1,1,1,3,1,0,1,2,1,0,1,1,0,1,2,1,0,0,1,1,0,1,1,0,1,0
4,869,310.0,70,terminated,1,27,1,2,310.0,0,1,0,1,0,2,0,5,1,2,0,3,1,2,0,2,2,2,5,1,2,0,3,1,2,3,1,2,1,2
4,870,1274.0,176,terminated,1,0,0,1,1274.0,1,1,0,1,1,2,1,5,1,1,1,3,1,1,1,2,1,2,4,1,1,6,2,1,1,2,1,1,1,1
4,871,216.0,114,terminated,1,12,1,1,216.0,0,1,1,0,1,2,1,5,1,1,1,3,1,1,1,2,1,2,4,1,1,19,2,1,1,2,1,1,1,1
4,872,208.0,112,terminated,1,13,1,1,208.0,0,2,1,1,1,2,1,5,1,1,1,3,1,1,1,2,1,2,4,1,1,15,2,1,1,2,1,1,1,1
4,873,510.0,160,terminated,2,18,1,2,510.0,0,3,1,2,1,2,1,7,2,2,1,5,2,2,1,3,2,2,6,2,2,5,4,2,2,4,2,2,2,2
4,874,-130.0,40,terminated,0,34,1,1,-130.0,0,0,0,0,1,1,1,3,0,1,1,2,0,1,1,2,1,1,2,0,1,12,1,0,1,1,0,1,0,1
4,875,378.0,152,terminated,2,12,1,1,378.0,0,2,2,0,1,3,1,7,2,1,1,4,2,1,1,2,1,3,6,2,1,14,3,2,1,3,2,1,2,1
4,876,214.0,186,terminated,2,25,1,1,214.0,0,1,1,0,0,3,0,6,2,1,0,3,2,1,0,1,1,3,6,2,1,1,3,2,1,3,2,1,2,1
4,877,-177.0,37,terminated,0,39,1,1,-177.0,0,0,0,0,1,1,1,3,0,1,1,2,0,1,1,2,1,1,2,0,1,9,1,0,1,1,0,1,0,1
4,878,1371.0,279,terminated,2,0,0,1,1371.0,1,2,1,1,1,1,1,5,2,1,1,4,2,1,1,2,1,1,4,2,1,14,3,2,1,3,2,1,2,1
4,879,397.0,93,terminated,2,16,1,1,397.0,0,1,1,0,1,2,1,6,2,1,1,4,2,1,1,2,1,2,5,2,1,0,3,2,1,3,2,1,2,1
4,880,269.0,131,terminated,0,5,1,2,269.0,0,0,0,0,1,2,1,5,0,2,1,3,0,2,1,3,2,2,4,0,2,13,2,0,2,2,0,2,0,2
4,881,483.0,227,terminated,2,14,1,2,483.0,0,2,1,1,1,4,1,9,2,2,1,5,2,2,1,3,2,4,8,2,2,13,4,2,2,4,2,2,2,2
4,882,11.0,39,terminated,1,40,1,1,11.0,0,0,0,0,1,1,1,4,1,1,1,3,1,1,1,2,1,1,3,1,1,2,2,1,1,2,1,1,1,1
4,883,-159.0,19,terminated,0,39,1,1,-159.0,0,0,0,0,0,1,0,2,0,1,0,1,0,1,0,1,1,1,2,0,1,3,1,0,1,1,0,1,0,1
4,884,760.0,300,truncated,1,9,0,2,760.0,0,2,0,2,1,3,1,7,1,2,1,4,1,2,1,3,2,3,6,1,2,12,3,1,2,3,1,2,1,2
4,885,-173.0,23,terminated,1,40,1,0,-173.0,0,1,1,0,1,1,1,3,1,0,1,2,1,0,1,1,0,1,2,1,0,6,1,1,0,1,1,0,1,0
4,886,398.0,122,terminated,1,13,1,2,398.0,0,1,1,0,0,3,0,6,1,2,0,3,1,2,0,2,2,3,6,1,2,0,3,1,2,3,1,2,1,2
4,887,592.0,98,terminated,2,16,1,2,592.0,0,1,0,1,1,4,1,9,2,2,1,5,2,2,1,3,2,4,8,2,2,0,4,2,2,4,2,2,2,2
4,888,474.0,166,terminated,2,1,1,1,474.0,0,3,2,1,1,3,1,7,2,1,1,4,2,1,1,2,1,3,6,2,1,11,3,2,1,3,2,1,2,1
4,889,1283.0,167,terminated,1,0,0,1,1283.0,1,2,1,1,1,1,1,4,1,1,1,3,1,1,1,2,1,1,3,1,1,18,2,1,1,2,1,1,1,1
4,890,-150.0,30,terminated,1,37,1,0,-150.0,0,0,0,0,0,1,0,2,1,0,0,1,1,0,0,0,0,1,2,1,0,1,1,1,0,1,1,0,1,0
4,891,1291.0,159,terminated,1,0,0,1,1291.0,1,0,0,0,1,1,1,4,1,1,1,3,1,1,1,2,1,1,3,1,1,0,2,1,1,2,1,1,1,1
4,892,306.0,94,terminated,2,25,1,1,306.0,0,1,1,0,0,3,0,6,2,1,0,3,2,1,0,1,1,3,6,2,1,0,3,2,1,3,2,1,2,1
4,893,551.0,159,terminated,2,14,1,2,551.0,0,3,1,2,1,4,1,9,2,2,1,5,2,2,1,3,2,4,8,2,2,7,4,2,2,4,2,2,2,2
4,894,440.0,150,terminated,2,6,1,1,440.0,0,2,1,1,1,3,1,7,2,1,1,4,2,1,1,2,1,3,6,2,1,8,3,2,1,3,2,1,2,1
4,895,595.0,245,terminated,2,1,1,2,595.0,0,4,2,2,1,2,1,7,2,2,1,5,2,2,1,3,2,2,6,2,2,8,4,2,2,4,2,2,2,2
4,896,376.0,114,terminated,1,16,1,2,376.0,0,2,0,2,1,3,1,7,1,2,1,4,1,2,1,3,2,3,6,1,2,7,3,1,2,3,1,2,1,2
4,897,214.0,106,terminated,1,13,1,1,214.0,0,2,1,1,1,2,1,5,1,1,1,3,1,1,1,2,1,2,4,1,1,13,2,1,1,2,1,1,1,1
4,898,257.0,163,terminated,2,23,1,1,257.0,0,1,1,0,0,3,0,6,2,1,0,3,2,1,0,1,1,3,6,2,1,0,3,2,1,3,2,1,2,1
4,899,19.0,21,terminated,1,41,1,1,19.0,0,0,0,0,0,1,0,3,1,1,0,2,1,1,0,1,1,1,3,1,1,0,2,1,1,2,1,1,1,1
4,900,1361.0,289,terminated,1,0,0,2,1361.0,1,2,1,1,1,3,1,7,1,2,1,4,1,2,1,3,2,3,6,1,2,5,3,1,2,3,1,2,1,2
4,901,-171.0,31,terminated,0,39,1,1,-171.0,0,1,0,1,1,0,1,2,0,1,1,2,0,1,1,2,1,0,1,0,1,15,1,0,1,1,0,1,0,1
4,902,1247.0,203,terminated,1,0,0,1,1247.0,1,1,0,1,1,2,1,5,1,1,1,3,1,1,1,2,1,2,4,1,1,9,2,1,1,2,1,1,1,1
4,903,1287.0,163,terminated,1,0,0,1,1287.0,1,2,1,1,1,1,1,4,1,1,1,3,1,1,1,2,1,1,3,1,1,1,2,1,1,2,1,1,1,1
4,904,171.0,119,terminated,1,16,1,1,171.0,0,0,0,0,1,2,1,5,1,1,1,3,1,1,1,2,1,2,4,1,1,0,2,1,1,2,1,1,1,1
4,905,930.0,300,truncated,2,12,0,2,930.0,0,1,1,0,1,4,1,9,2,2,1,5,2,2,1,3,2,4,8,2,2,1,4,2,2,4,2,2,2,2
4,906,22.0,18,terminated,1,41,1,1,22.0,0,0,0,0,1,0,1,3,1,1,1,3,1,1,1,2,1,0,2,1,1,0,2,1,1,2,1,1,1,1
4,907,213.0,117,terminated,1,12,1,1,213.0,0,2,1,1,1,2,1,5,1,1,1,3,1,1,1,2,1,2,4,1,1,4,2,1,1,2,1,1,1,1
4,908,344.0,166,terminated,2,14,1,1,344.0,0,1,1,0,1,2,1,6,2,1,1,4,2,1,1,2,1,2,5,2,1,0,3,2,1,3,2,1,2,1
4,909,635.0,75,terminated,2,14,1,2,635.0,0,1,0,1,0,4,0,8,2,2,0,4,2,2,0,2,2,4,8,2,2,0,4,2,2,4,2,2,2,2
4,910,264.0,206,terminated,1,18,1,2,264.0,0,2,0,2,1,3,1,7,1,2,1,4,1,2,1,3,2,3,6,1,2,15,3,1,2,3,1,2,1,2
4,911,52.0,128,terminated,0,7,1,1,52.0,0,0,0,0,1,1,1,3,0,1,1,2,0,1,1,2,1,1,2,0,1,18,1,0,1,1,0,1,0,1
4,912,1511.0,139,terminated,1,0,0,2,1511.0,1,1,0,1,1,2,1,6,1,2,1,4,1,2,1,3,2,2,5,1,2,0,3,1,2,3,1,2,1,2
4,913,503.0,97,terminated,2,5,1,1,503.0,0,1,1,0,0,3,0,6,2,1,0,3,2,1,0,1,1,3,6,2,1,0,3,2,1,3,2,1,2,1
4,914,381.0,119,terminated,2,15,1,1,381.0,0,2,2,0,0,3,0,6,2,1,0,3,2,1,0,1,1,3,6,2,1,0,3,2,1,3,2,1,2,1
4,915,-172.0,22,terminated,1,40,1,0,-172.0,0,0,0,0,0,1,0,2,1,0,0,1,1,0,0,0,0,1,2,1,0,4,1,1,0,1,1,0,1,0
4,916,77.0,93,terminated,1,28,1,1,77.0,0,1,1,0,0,2,0,4,1,1,0,2,1,1,0,1,1,2,4,1,1,21,2,1,1,2,1,1,1,1
4,917,137.0,193,terminated,1,12,1,1,137.0,0,0,0,0,1,2,1,5,1,1,1,3,1,1,1,2,1,2,4,1,1,0,2,1,1,2,1,1,1,1
4,918,-172.0,32,terminated,0,39,1,1,-172.0,0,0,0,0,1,1,1,3,0,1,1,2,0,1,1,2,1,1,2,0,1,14,1,0,1,1,0,1,0,1
4,919,1269.0,181,terminated,1,0,0,1,1269.0,1,2,1,1,1,2,1,5,1,1,1,3,1,1,1,2,1,2,4,1,1,10,2,1,1,2,1,1,1,1
4,920,125.0,85,terminated,1,24,1,1,125.0,0,2,1,1,1,2,1,5,1,1,1,3,1,1,1,2,1,2,4,1,1,3,2,1,1,2,1,1,1,1
4,921,242.0,158,terminated,1,5,1,1,242.0,0,1,1,0,0,2,0,4,1,1,0,2,1,1,0,1,1,2,4,1,1,5,2,1,1,2,1,1,1,1
4,922,519.0,251,terminated,2,8,1,2,519.0,0,4,2,2,1,1,1,6,2,2,1,5,2,2,1,3,2,1,5,2,2,1,4,2,2,4,2,2,2,2
4,923,556.0,54,terminated,2,24,1,2,556.0,0,1,1,0,1,3,1,8,2,2,1,5,2,2,1,3,2,3,7,2,2,0,4,2,2,4,2,2,2,2
4,924,127.0,83,terminated,1,24,1,1,127.0,0,2,1,1,1,2,1,5,1,1,1,3,1,1,1,2,1,2,4,1,1,14,2,1,1,2,1,1,1,1
4,925,-180.0,20,terminated,1,41,1,0,-180.0,0,0,0,0,1,1,1,3,1,0,1,2,1,0,1,1,0,1,2,1,0,3,1,1,0,1,1,0,1,0
4,926,840.0,300,truncated,1,1,0,2,840.0,0,2,1,1,0,2,0,5,1,2,0,3,1,2,0,2,2,2,5,1,2,6,3,1,2,3,1,2,1,2
4,927,12.0,38,terminated,1,40,1,1,12.0,0,1,1,0,1,1,1,4,1,1,1,3,1,1,1,2,1,1,3,1,1,5,2,1,1,2,1,1,1,1
4,928,227.0,103,terminated,1,12,1,1,227.0,0,1,0,1,1,2,1,5,1,1,1,3,1,1,1,2,1,2,4,1,1,3,2,1,1,2,1,1,1,1
4,929,1500.0,150,terminated,2,0,0,1,1500.0,1,1,1,0,0,3,0,6,2,1,0,3,2,1,0,1,1,3,6,2,1,0,3,2,1,3,2,1,2,1
4,930,440.0,190,terminated,1,2,1,2,440.0,0,2,0,2,1,3,1,7,1,2,1,4,1,2,1,3,2,3,6,1,2,2,3,1,2,3,1,2,1,2
4,931,456.0,184,terminated,2,1,1,1,456.0,0,2,1,1,1,3,1,7,2,1,1,4,2,1,1,2,1,3,6,2,1,5,3,2,1,3,2,1,2,1
4,932,170.0,120,terminated,1,16,1,1,170.0,0,2,1,1,1,2,1,5,1,1,1,3,1,1,1,2,1,2,4,1,1,39,2,1,1,2,1,1,1,1
4,933,31.0,19,terminated,1,40,1,1,31.0,0,2,1,1,1,0,1,3,1,1,1,3,1,1,1,2,1,0,2,1,1,3,2,1,1,2,1,1,1,1
4,934,1317.0,133,terminated,1,0,0,1,1317.0,1,1,0,1,1,2,1,5,1,1,1,3,1,1,1,2,1,2,4,1,1,5,2,1,1,2,1,1,1,1
4,935,-183.0,23,terminated,0,41,1,1,-183.0,0,0,0,0,0,1,0,2,0,1,0,1,0,1,0,1,1,1,2,0,1,0,1,0,1,1,0,1,0,1
4,936,367.0,103,terminated,1,18,1,2,367.0,0,3,1,2,1,2,1,6,1,2,1,4,1,2,1,3,2,2,5,1,2,18,3,1,2,3,1,2,1,2
4,937,18.0,22,terminated,1,41,1,1,18.0,0,0,0,0,1,1,1,4,1,1,1,3,1,1,1,2,1,1,3,1,1,0,2,1,1,2,1,1,1,1
4,938,232.0,148,terminated,1,7,1,1,232.0,0,1,0,1,1,2,1,5,1,1,1,3,1,1,1,2,1,2,4,1,1,58,2,1,1,2,1,1,1,1
4,939,132.0,98,terminated,1,22,1,1,132.0,0,0,0,0,1,1,1,4,1,1,1,3,1,1,1,2,1,1,3,1,1,0,2,1,1,2,1,1,1,1
4,940,425.0,145,terminated,1,8,1,2,425.0,0,2,1,1,0,3,0,6,1,2,0,3,1,2,0,2,2,3,6,1,2,1,3,1,2,3,1,2,1,2
4,941,573.0,117,terminated,2,16,1,2,573.0,0,2,1,1,1,4,1,9,2,2,1,5,2,2,1,3,2,4,8,2,2,0,4,2,2,4,2,2,2,2
4,942,1300.0,150,terminated,1,0,0,1,1300.0,1,1,0,1,0,2,0,4,1,1,0,2,1,1,0,1,1,2,4,1,1,8,2,1,1,2,1,1,1,1
4,943,455.0,65,terminated,2,33,1,2,455.0,0,3,2,1,0,3,0,7,2,2,0,4,2,2,0,2,2,3,7,2,2,22,4,2,2,4,2,2,2,2
4,944,25.0,25,terminated,1,40,1,1,25.0,0,0,0,0,0,2,0,4,1,1,0,2,1,1,0,1,1,2,4,1,1,0,2,1,1,2,1,1,1,1
4,945,-168.0,28,terminated,0,39,1,1,-168.0,0,1,0,1,1,0,1,2,0,1,1,2,0,1,1,2,1,0,1,0,1,12,1,0,1,1,0,1,0,1
4,946,596.0,104,terminated,2,15,1,2,596.0,0,2,1,1,1,1,1,6,2,2,1,5,2,2,1,3,2,1,5,2,2,0,4,2,2,4,2,2,2,2
4,947,1256.0,194,terminated,1,0,0,1,1256.0,1,0,0,0,1,1,1,4,1,1,1,3,1,1,1,2,1,1,3,1,1,0,2,1,1,2,1,1,1,1
4,948,-178.0,18,terminated,0,41,1,1,-178.0,0,0,0,0,1,1,1,3,0,1,1,2,0,1,1,2,1,1,2,0,1,0,1,0,1,1,0,1,0,1
4,949,232.0,188,terminated,0,3,1,2,232.0,0,2,0,2,1,2,1,5,0,2,1,3,0,2,1,3,2,2,4,0,2,45,2,0,2,2,0,2,0,2
4,950,271.0,99,terminated,2,28,1,1,271.0,0,2,2,0,1,3,1,7,2,1,1,4,2,1,1,2,1,3,6,2,1,15,3,2,1,3,2,1,2,1
4,951,1285.0,165,terminated,2,0,0,0,1285.0,1,2,2,0,1,1,1,4,2,0,1,3,2,0,1,1,0,1,3,2,0,22,2,2,0,2,2,0,2,0
4,952,576.0,154,terminated,2,12,1,2,576.0,0,2,1,1,0,3,0,7,2,2,0,4,2,2,0,2,2,3,7,2,2,0,4,2,2,4,2,2,2,2
4,953,1408.0,242,terminated,2,0,0,1,1408.0,1,2,1,1,1,2,1,6,2,1,1,4,2,1,1,2,1,2,5,2,1,20,3,2,1,3,2,1,2,1
4,954,180.0,150,terminated,1,12,1,1,180.0,0,2,1,1,1,1,1,4,1,1,1,3,1,1,1,2,1,1,3,1,1,6,2,1,1,2,1,1,1,1
4,955,29.0,21,terminated,1,40,1,1,29.0,0,0,0,0,0,1,0,3,1,1,0,2,1,1,0,1,1,1,3,1,1,0,2,1,1,2,1,1,1,1
4,956,-87.0,217,terminated,1,12,1,0,-87.0,0,1,1,0,1,1,1,3,1,0,1,2,1,0,1,1,0,1,2,1,0,11,1,1,0,1,1,0,1,0
4,957,229.0,141,terminated,2,8,1,0,229.0,0,2,2,0,1,2,1,5,2,0,1,3,2,0,1,1,0,2,4,2,0,16,2,2,0,2,2,0,2,0
4,958,203.0,147,terminated,1,10,1,1,203.0,0,1,1,0,1,2,1,5,1,1,1,3,1,1,1,2,1,2,4,1,1,35,2,1,1,2,1,1,1,1
4,959,572.0,178,terminated,2,10,1,2,572.0,0,1,0,1,1,4,1,9,2,2,1,5,2,2,1,3,2,4,8,2,2,0,4,2,2,4,2,2,2,2
4,960,1298.0,152,terminated,1,0,0,1,1298.0,1,2,1,1,1,1,1,4,1,1,1,3,1,1,1,2,1,1,3,1,1,11,2,1,1,2,1,1,1,1
4,961,1393.0,257,terminated,1,0,0,2,1393.0,1,1,0,1,0,3,0,6,1,2,0,3,1,2,0,2,2,3,6,1,2,0,3,1,2,3,1,2,1,2
4,962,319.0,141,terminated,1,19,1,2,319.0,0,1,0,1,0,2,0,5,1,2,0,3,1,2,0,2,2,2,5,1,2,0,3,1,2,3,1,2,1,2
4,963,338.0,172,terminated,2,14,1,1,338.0,0,2,2,0,0,2,0,5,2,1,0,3,2,1,0,1,1,2,5,2,1,10,3,2,1,3,2,1,2,1
4,964,-171.0,21,terminated,0,40,1,1,-171.0,0,0,0,0,1,1,1,3,0,1,1,2,0,1,1,2,1,1,2,0,1,1,1,0,1,1,0,1,0,1
4,965,377.0,143,terminated,2,13,1,1,377.0,0,2,2,0,0,3,0,6,2,1,0,3,2,1,0,1,1,3,6,2,1,19,3,2,1,3,2,1,2,1
4,966,187.0,123,terminated,0,14,1,2,187.0,0,1,0,1,0,2,0,4,0,2,0,2,0,2,0,2,2,2,4,0,2,21,2,0,2,2,0,2,0,2
4,967,371.0,159,terminated,1,12,1,2,371.0,0,1,1,0,1,3,1,7,1,2,1,4,1,2,1,3,2,3,6,1,2,33,3,1,2,3,1,2,1,2
4,968,-144.0,34,terminated,0,36,1,1,-144.0,0,0,0,0,0,1,0,2,0,1,0,1,0,1,0,1,1,1,2,0,1,9,1,0,1,1,0,1,0,1
4,969,1030.0,300,truncated,2,2,0,2,1030.0,0,3,2,1,1,3,1,8,2,2,1,5,2,2,1,3,2,3,7,2,2,7,4,2,2,4,2,2,2,2
4,970,366.0,74,terminated,1,21,1,2,366.0,0,1,0,1,1,3,1,7,1,2,1,4,1,2,1,3,2,3,6,1,2,8,3,1,2,3,1,2,1,2
4,971,534.0,86,terminated,2,23,1,2,534.0,0,4,2,2,1,4,1,9,2,2,1,5,2,2,1,3,2,4,8,2,2,5,4,2,2,4,2,2,2,2
4,972,1475.0,175,terminated,1,0,0,2,1475.0,1,2,0,2,0,3,0,6,1,2,0,3,1,2,0,2,2,3,6,1,2,9,3,1,2,3,1,2,1,2
4,973,375.0,95,terminated,2,18,1,1,375.0,0,1,1,0,1,3,1,7,2,1,1,4,2,1,1,2,1,3,6,2,1,33,3,2,1,3,2,1,2,1
4,974,153.0,77,terminated,1,22,1,1,153.0,0,0,0,0,1,2,1,5,1,1,1,3,1,1,1,2,1,2,4,1,1,0,2,1,1,2,1,1,1,1
4,975,411.0,199,terminated,2,4,1,1,411.0,0,3,2,1,1,3,1,7,2,1,1,4,2,1,1,2,1,3,6,2,1,3,3,2,1,3,2,1,2,1
4,976,203.0,227,terminated,1,2,1,1,203.0,0,1,0,1,1,2,1,5,1,1,1,3,1,1,1,2,1,2,4,1,1,4,2,1,1,2,1,1,1,1
4,977,1174.0,276,terminated,1,0,0,1,1174.0,1,0,0,0,1,2,1,5,1,1,1,3,1,1,1,2,1,2,4,1,1,0,2,1,1,2,1,1,1,1
4,978,384.0,146,terminated,1,12,1,2,384.0,0,1,0,1,1,3,1,7,1,2,1,4,1,2,1,3,2,3,6,1,2,18,3,1,2,3,1,2,1,2
4,979,171.0,119,terminated,1,16,1,1,171.0,0,2,1,1,1,2,1,5,1,1,1,3,1,1,1,2,1,2,4,1,1,7,2,1,1,2,1,1,1,1
4,980,22.0,18,terminated,1,41,1,1,22.0,0,0,0,0,0,1,0,3,1,1,0,2,1,1,0,1,1,1,3,1,1,0,2,1,1,2,1,1,1,1
4,981,301.0,159,terminated,2,19,1,1,301.0,0,2,2,0,1,3,1,7,2,1,1,4,2,1,1,2,1,3,6,2,1,17,3,2,1,3,2,1,2,1
4,982,86.0,64,terminated,1,30,1,1,86.0,0,0,0,0,1,2,1,5,1,1,1,3,1,1,1,2,1,2,4,1,1,0,2,1,1,2,1,1,1,1
4,983,350.0,110,terminated,2,19,1,1,350.0,0,3,2,1,1,3,1,7,2,1,1,4,2,1,1,2,1,3,6,2,1,12,3,2,1,3,2,1,2,1
4,984,212.0,118,terminated,1,12,1,1,212.0,0,1,1,0,0,2,0,4,1,1,0,2,1,1,0,1,1,2,4,1,1,7,2,1,1,2,1,1,1,1
4,985,403.0,87,terminated,2,16,1,1,403.0,0,2,2,0,1,2,1,6,2,1,1,4,2,1,1,2,1,2,5,2,1,4,3,2,1,3,2,1,2,1
4,986,172.0,148,terminated,1,13,1,1,172.0,0,1,1,0,1,2,1,5,1,1,1,3,1,1,1,2,1,2,4,1,1,18,2,1,1,2,1,1,1,1
4,987,26.0,24,terminated,1,40,1,1,26.0,0,0,0,0,1,1,1,4,1,1,1,3,1,1,1,2,1,1,3,1,1,0,2,1,1,2,1,1,1,1
4,988,-171.0,21,terminated,1,40,1,0,-171.0,0,0,0,0,0,1,0,2,1,0,0,1,1,0,0,0,0,1,2,1,0,1,1,1,0,1,1,0,1,0
4,989,1028.0,222,terminated,0,0,0,1,1028.0,1,0,0,0,1,1,1,3,0,1,1,2,0,1,1,2,1,1,2,0,1,37,1,0,1,1,0,1,0,1
4,990,575.0,115,terminated,2,16,1,2,575.0,0,1,1,0,0,4,0,8,2,2,0,4,2,2,0,2,2,4,8,2,2,0,4,2,2,4,2,2,2,2
4,991,213.0,157,terminated,1,8,1,1,213.0,0,2,1,1,1,2,1,5,1,1,1,3,1,1,1,2,1,2,4,1,1,6,2,1,1,2,1,1,1,1
4,992,-178.0,18,terminated,0,41,1,1,-178.0,0,0,0,0,1,1,1,3,0,1,1,2,0,1,1,2,1,1,2,0,1,0,1,0,1,1,0,1,0,1
4,993,180.0,180,terminated,0,9,1,2,180.0,0,1,0,1,0,2,0,4,0,2,0,2,0,2,0,2,2,2,4,0,2,43,2,0,2,2,0,2,0,2
4,994,358.0,162,terminated,1,13,1,2,358.0,0,3,1,2,1,3,1,7,1,2,1,4,1,2,1,3,2,3,6,1,2,20,3,1,2,3,1,2,1,2
4,995,452.0,118,terminated,2,8,1,1,452.0,0,2,1,1,0,3,0,6,2,1,0,3,2,1,0,1,1,3,6,2,1,9,3,2,1,3,2,1,2,1
4,996,101.0,109,terminated,2,24,1,0,101.0,0,1,1,0,1,2,1,5,2,0,1,3,2,0,1,1,0,2,4,2,0,17,2,2,0,2,2,0,2,0
4,997,227.0,123,terminated,1,10,1,1,227.0,0,0,0,0,0,1,0,3,1,1,0,2,1,1,0,1,1,1,3,1,1,0,2,1,1,2,1,1,1,1
4,998,249.0,61,terminated,2,34,1,1,249.0,0,1,1,0,0,3,0,6,2,1,0,3,2,1,0,1,1,3,6,2,1,0,3,2,1,3,2,1,2,1
4,999,1254.0,196,terminated,0,0,0,2,1254.0,1,2,0,2,1,2,1,5,0,2,1,3,0,2,1,3,2,2,4,0,2,22,2,0,2,2,0,2,0,2
